fragment,idyom probability,idyom probability,idyom probability,idyom probability,idyom probability,idyom probability,idyom probability,idyom probability,idyom probability,idyom probability,idyom probability,idyom probability,idyom probability,idyom probability,idyom probability
1,0.001314362,0.00041406255,0.0005067662,0.00016112332,0.016011322,0.044161715,0.32392794,0.13204798,0.21415065,0.040850848,0.0006511469,0.016943572,0.003175473,9.000003e-05,0.0015068785
2,0.0051552774,0.0001899359,0.0051571783,0.025698535,0.0015387296,0.019424288,0.24807239,0.187095,0.016202468,0.01798771,0.020563377,0.000103248116,0.00012040581,0.00038965847,1.1037033e-05
3,0.0014665178,0.0021841673,0.026479915,0.034661185,0.004000468,0.09437195,0.24518512,0.12984072,0.021086255,0.3446128,0.03632813,0.0023325903,0.004287643,0.00035635973,0.0028338884
4,0.0005301292,0.0039762636,0.0037483757,0.0041897316,0.011688629,0.0877326,0.12852366,0.22552441,0.36715725,0.06013437,0.024984851,0.010154258,0.022267302,0.0022391835,0.0030754947
5,0.0013277862,0.0029236714,0.003461124,0.0037835154,0.0070399465,0.15576309,0.00831645,0.18268378,0.23886056,0.07101989,0.14347087,0.053531565,0.07522887,0.0035588986,0.0029054598
6,0.00035577762,0.00028935028,0.0022844889,0.0050679636,0.005621447,0.28290936,0.21311076,0.273204,0.048870165,0.047651824,0.012001809,0.001988178,0.0008941516,0.00031857405,0.0001739665
7,0.0003409179,0.00054510677,0.0043006362,0.005562389,0.0053151026,0.027782852,0.10980329,0.2835448,0.045530528,0.045522206,0.04127924,0.017049197,0.012556202,0.011390682,0.006412954
8,0.0024600741,0.0019373803,0.0034473834,0.0078102024,0.010020368,0.07927103,0.049176663,0.53670526,0.07981613,0.0053350097,0.007577974,0.0012132922,0.00015242597,0.00028614156,6.472561e-06
