fragment,idyom probability,idyom probability,idyom probability,idyom probability,idyom probability,idyom probability,idyom probability,idyom probability,idyom probability,idyom probability,idyom probability,idyom probability,idyom probability,idyom probability,idyom probability
1,0.00041759078,0.0032376696,0.0030246582,0.0040967073,0.008911549,0.11679696,0.47174093,0.15282165,0.11799629,0.017755847,0.00054825714,0.004964582,0.0030819476,0.00012647218,0.0016494885
2,0.000803275,8.7168475e-05,0.0014776279,0.03553068,0.00015909011,0.0047833323,0.24718724,0.18380474,0.055225376,0.028652208,0.032712664,0.00023004776,8.7168475e-05,0.0018494885,0.0006463144
3,0.00075431657,0.00017620201,0.008671997,0.0033912223,0.0018445415,0.13260901,0.2783724,0.13962422,0.13155586,0.22567636,0.03014366,0.002389578,0.022138065,0.00042145967,0.0052808137
4,0.00082563504,0.00021633296,0.0050758887,0.017821219,0.0026285392,0.044052195,0.29256782,0.1733987,0.39282534,0.03219612,0.0082636895,0.0053724535,0.00082563504,0.00021633296,0.00021633296
5,0.0007598032,0.0016137843,0.002466503,0.004595242,0.006721261,0.04260042,0.052456368,0.65522736,0.111343406,0.0016137843,0.017330889,0.0033184227,0.0011870025,0.00033192575,0.0011870025
6,0.00021522152,0.0008001116,0.0067631295,0.0038706413,0.0107345935,0.14132479,0.39278632,0.3211728,0.06426523,0.022102239,0.011825765,0.0019573139,0.00539365,0.000605932,0.0011870756
7,0.00043870005,0.0015787923,0.0023369025,0.007626763,0.010265689,0.033755545,0.4722576,0.11775888,0.24940893,0.033005133,0.023431437,0.0038506542,0.0106424615,0.001199274,0.0023369025
8,0.0018360968,0.003786946,0.005693043,0.010352347,0.014919167,0.08741497,0.29129583,0.27613363,0.14611782,0.003786946,0.037074998,0.007571335,0.0028189956,0.000828426,0.0028189956
