fragment,idyom probability,idyom probability,idyom probability,idyom probability,idyom probability,idyom probability,idyom probability,idyom probability,idyom probability,idyom probability,idyom probability,idyom probability,idyom probability,idyom probability,idyom probability
1,0.0012933946,0.0028908153,0.0043917866,0.00232245,0.020144371,0.06995713,0.29557452,0.21232533,0.2174387,0.035974775,0.0007731381,0.011435365,0.003578441,0.00016736377,0.0018734118
2,0.0018264706,0.00030863637,0.0015697117,0.02130345,0.0009964975,0.040240325,0.21674086,0.17067951,0.018463027,0.011292293,0.013831003,0.00016345449,5.649562e-05,0.00039163762,4.250623e-05
3,0.0017815786,0.0012271579,0.011563495,0.011903487,0.007658409,0.068152644,0.1566799,0.17813163,0.1389286,0.2863605,0.044980958,0.007319376,0.0132964235,0.0021686605,0.0038613314
4,0.0008542179,0.0011755653,0.005398414,0.004528437,0.012918218,0.09725126,0.31043464,0.22192603,0.20001514,0.053892806,0.018996522,0.00919242,0.009076116,0.0018268807,0.0016141031
5,0.00011302333,0.00020231304,0.00038603527,0.00037232979,0.0009547754,0.033984043,0.033124533,0.48608837,0.1671392,0.016242148,0.1431743,0.018312996,0.017682396,0.0044477484,0.008459375
6,0.001419469,0.0020981128,0.0043185893,0.0061327307,0.022842245,0.20064345,0.37073252,0.27789655,0.044407632,0.029104186,0.0052836086,0.0023288238,0.00066535897,0.0002506612,0.00047327814
7,0.00030388057,0.00050586194,0.0008456137,0.002106788,0.0017469985,0.0065033687,0.28055933,0.20575511,0.21337001,0.06038961,0.061650466,0.021979373,0.03524796,0.018794496,0.013978806
8,0.003876718,0.019648708,0.017392283,0.012478393,0.015262449,0.22139406,0.05880184,0.30210954,0.06806361,0.006562209,0.0009586816,0.0025827987,7.450445e-05,6.577369e-05,4.3055265e-05
