0,1,2,3,4,5,6,7,8,9,10,11,12,13,14,15,16,17,18,19,20,21,22,23,24,25,26,27,28,29,30,31,32,33,34,35,36,37,38,39,40,41,42,43,44,45,46,47,48,49,50,51,52,53,54,55,56,57,58,59,60,61,62,63,64,65,66,67,68,69,70,71,72,73,74,75,76,77,78,79,80,81,82,83,84,85,86,87,88,89,90,91,92,93,94,95,96,97,98,99,100,101,102,103,104,105,106,107,108,109,110,111,112,113,114,115,116,117,118,119,120,121,122,123,124,125,126,127
4.8520303,4.8520303,4.8520303,4.8520303,4.8520303,4.8520303,4.8520303,4.8520303,4.8520303,4.8520303,4.8520303,4.8520303,4.8520303,4.8520303,4.8520303,4.8520303,4.8520303,4.8520303,4.8520303,4.8520303,4.8520303,4.8520303,4.8520303,4.8520303,4.8520303,4.8520303,4.8520303,4.8520303,4.8520303,4.8520303,4.8520303,4.8520303,4.8520303,4.8520303,4.8520303,4.8520303,4.8520303,4.8520303,4.8520303,4.8520303,4.8520303,4.8520303,4.8520303,4.8520303,4.8520303,4.8520303,4.8520303,4.8520303,4.8520303,4.8520303,4.8520303,4.8520303,4.8520303,4.8520303,4.8520303,4.8520303,4.8520303,4.8520303,4.8520303,4.8520303,4.8520303,4.8520303,4.8520303,4.8520303,4.8520303,4.8520303,4.8520303,4.8520303,4.8520303,4.8520303,4.8520303,4.8520303,4.8520303,4.8520303,4.8520303,4.8520303,4.8520303,4.8520303,4.8520303,4.8520303,4.8520303,4.8520303,4.8520303,4.8520303,4.8520303,4.8520303,4.8520303,4.8520303,4.8520303,4.8520303,4.8520303,4.8520303,4.8520303,4.8520303,4.8520303,4.8520303,4.8520303,4.8520303,4.8520303,4.8520303,4.8520303,4.8520303,4.8520303,4.8520303,4.8520303,4.8520303,4.8520303,4.8520303,4.8520303,4.8520303,4.8520303,4.8520303,4.8520303,4.8520303,4.8520303,4.8520303,4.8520303,4.8520303,4.8520303,4.8520303,4.8520303,4.8520303,4.8520303,4.8520303,4.8520303,4.8520303,4.8520303,4.8520303
22.458303,22.406527,22.438198,22.33932,22.467615,22.498556,22.441652,22.472254,22.42336,22.51486,22.379877,22.47011,22.410255,22.434896,22.369265,22.431334,22.42682,22.504332,22.469849,22.362455,22.440985,22.08996,21.258207,20.914469,21.909714,21.76742,21.281828,21.183104,21.615307,21.483797,21.032759,20.777643,21.43635,21.14699,21.074846,20.63432,21.01526,20.761938,20.429947,21.256954,20.337078,20.670317,20.892818,20.524168,21.396467,20.952145,20.81938,13.820528,8.985252,12.331532,8.153353,11.530663,8.358029,7.762385,7.536412,6.4702916,10.9662485,5.194962,5.954391,4.6766753,2.7821755,5.929849,1.9459382,5.4611936,1.7577652,2.4842901,3.4947417,1.235636,6.584269,2.6688056,3.5014234,3.3976097,3.1623366,6.27109,4.5603895,7.957244,6.973367,8.527226,9.313658,8.242807,11.501442,11.002958,11.915091,11.759502,20.198145,20.962282,21.428385,20.439045,20.58045,20.594023,20.527233,21.400892,22.071682,20.67909,20.85692,20.581217,21.047718,21.405241,21.043772,21.452303,21.299374,21.607172,21.339502,21.63214,22.126616,21.649748,21.840893,21.469236,22.29006,22.432686,22.491053,22.54707,22.398705,22.35787,22.408026,22.413485,22.416828,22.507044,22.46885,22.381056,22.395182,22.487726,22.404102,22.426098,22.556118,22.39546,22.38909,22.44351
26.271591,26.339754,26.316751,26.287783,26.332895,26.364815,26.256828,26.396246,26.288404,26.326254,26.329824,26.335855,26.263914,26.331615,26.20477,26.293228,26.273705,26.361616,26.251982,26.30863,26.27297,24.751394,25.040453,24.077038,25.027739,23.940996,23.94502,24.14766,24.168827,23.699339,23.83947,23.821066,23.543547,23.39897,23.980043,23.081358,22.851805,22.446081,23.507437,23.313543,23.442015,22.819422,22.697916,23.382788,23.008059,23.214565,23.587702,15.326897,10.893795,13.670143,11.305623,13.784192,11.545691,10.3083,9.341605,9.024648,11.971484,8.026787,8.384029,7.299617,4.1476927,6.796276,2.3712788,5.278146,1.5943818,1.2253573,1.8003697,1.9893469,6.187913,2.9541411,5.4632964,4.7262907,4.4690576,6.4654837,5.701537,8.730081,7.9717865,8.99399,10.217375,9.476371,11.651577,13.402929,14.420967,13.959403,22.299837,22.900215,24.052427,22.804663,23.116903,22.302967,22.43973,23.721144,24.08411,23.178988,23.94203,23.697554,23.204987,24.129585,24.117804,23.020632,23.9908,23.275322,22.968428,24.21931,24.112423,24.148424,24.736557,25.147928,25.723574,26.27199,26.371052,26.442242,26.240171,26.213747,26.260479,26.263132,26.280823,26.34588,26.338488,26.299269,26.259537,26.32388,26.309683,26.331846,26.361906,26.242048,26.321259,26.267017
25.532244,25.491274,25.515722,25.536348,25.48268,25.568253,25.54807,25.57607,25.511475,25.499002,25.527174,25.521414,25.506176,25.489424,25.468481,25.546078,25.478642,25.560469,25.547426,25.451601,25.506378,24.597162,24.760551,24.3208,24.925827,24.419752,24.089106,24.5658,24.83531,24.596188,24.936771,24.13162,24.178362,23.869862,24.570297,24.095499,24.165756,24.443106,24.374208,24.228682,23.735254,24.177422,23.933197,24.231592,24.524706,24.477823,24.644415,15.6722355,11.527447,15.445274,10.976466,13.191321,10.502324,11.780553,10.332886,8.312306,11.804472,8.036973,8.558016,7.110478,5.8159246,7.5289316,2.5556955,5.030345,2.520719,4.157042,3.4646413,0.72203887,3.6826105,1.7439767,4.827708,3.2425437,4.2053723,5.176895,3.5862155,7.7560925,6.5393667,9.137626,9.101213,9.101029,12.195575,12.957915,15.698137,14.89862,24.200296,24.315042,24.926386,24.193283,24.336477,24.752983,23.90558,24.56191,24.87734,23.997524,24.883186,24.667316,24.529242,24.95188,24.308561,24.54539,24.639116,24.498625,24.254297,24.102903,24.206694,24.655123,24.229765,24.69657,25.118612,25.493114,25.522766,25.546358,25.462114,25.487112,25.488443,25.491798,25.467047,25.540445,25.525055,25.464823,25.467236,25.570528,25.412462,25.552244,25.570148,25.498121,25.494963,25.548178
25.635641,25.561018,25.590132,25.670187,25.608976,25.66813,25.670927,25.713926,25.649755,25.601809,25.601156,25.656084,25.636919,25.589392,25.600325,25.662619,25.571745,25.697416,25.675203,25.532488,25.611593,25.31013,25.022326,25.036425,25.285448,25.067537,24.601835,24.831732,25.393858,24.957415,25.412992,24.657393,24.9475,24.385958,24.633085,24.907873,24.595697,25.105593,25.063227,24.650198,23.923765,24.730276,24.397131,24.772913,24.933138,25.002443,24.95725,16.443155,12.026234,15.403306,11.702574,13.20207,10.289507,12.681956,10.124628,8.39505,12.003097,8.241754,8.93988,7.0965567,6.5736394,8.02698,2.9004445,4.8752484,1.7154822,4.675755,3.0825953,0.7378369,3.8189876,2.1770482,4.924787,3.3448515,4.6845455,5.0896792,3.7121377,7.361755,6.116596,9.553329,8.556558,8.997808,12.227308,12.762784,15.200652,14.55749,24.250105,24.62987,24.94443,24.344934,24.401602,25.172941,24.388609,24.6211,25.353384,24.118296,24.952269,25.25171,24.721373,25.116407,24.465223,24.679422,24.439432,24.79727,24.893545,24.215803,25.093344,25.151617,24.502817,24.887625,25.31764,25.611467,25.643526,25.693327,25.566439,25.594164,25.658102,25.621058,25.602327,25.624117,25.665709,25.609507,25.63735,25.70215,25.542257,25.69465,25.712336,25.626318,25.577269,25.725801
20.105198,20.13025,20.017292,20.191975,19.979156,20.110394,20.03019,20.299185,20.082901,20.145744,20.05525,20.148678,20.042145,20.046375,20.115475,20.035278,20.149837,20.11054,20.175995,20.016773,19.952429,19.58876,20.300623,19.486921,20.418646,19.163115,20.61715,19.731968,20.394693,19.675026,20.330723,19.545036,19.889236,19.347988,19.277822,19.22237,20.107025,19.758747,20.027164,19.881474,19.116825,19.74641,19.287725,20.02674,19.793695,19.784008,19.71172,10.907822,6.9465923,8.732862,7.027853,7.1291885,6.052952,6.465517,5.465851,5.066019,6.8800735,5.0176907,4.1970825,4.87097,4.841483,4.4762917,3.1676958,2.4594142,1.9660405,3.0115414,4.137285,1.7662315,3.506872,2.428624,2.782194,2.9944494,3.7482316,2.666542,2.6733434,4.4642677,4.424423,5.6087837,5.236084,5.548189,7.6205654,8.759039,9.264732,10.0323105,18.98875,18.659641,19.301228,19.682037,19.026016,19.20464,18.856407,18.913301,19.595783,18.281498,19.097946,19.272024,18.771294,18.755241,19.02181,19.093014,19.02506,18.690666,18.61306,19.591667,20.135944,19.975897,18.8891,19.771622,19.941862,20.059566,20.132065,20.106373,20.009155,20.02724,20.134106,20.080906,20.05173,20.149212,20.141766,20.08814,20.109112,20.140226,20.03943,20.136612,20.252296,20.024944,20.090591,20.17306
25.323812,25.288,25.324266,25.376162,25.345255,25.376612,25.306597,25.399961,25.319006,25.31352,25.35113,25.349691,25.298414,25.327974,25.286287,25.390226,25.263342,25.385965,25.305502,25.25839,25.3184,23.671854,23.596727,23.732107,24.588747,23.735231,23.51444,23.632051,23.819502,23.592264,24.029135,23.479998,23.604776,22.907288,23.084475,23.169844,23.044914,23.32018,23.055914,23.28214,22.896856,22.929758,22.944056,23.133768,23.23963,23.10515,23.028465,15.728556,12.986211,14.325158,10.7230835,13.736556,9.84392,12.128554,8.833431,8.498673,10.532161,6.625974,8.577609,5.439752,6.3289227,4.9015155,1.6886556,4.9788966,1.2762324,4.8099947,1.4131266,2.5382142,4.3100433,2.2473774,6.073628,3.7245975,5.885999,4.0362587,4.3512683,7.4006457,5.6922956,10.405604,8.491304,9.501709,11.002798,11.132164,13.552089,13.950855,22.533983,22.483587,22.847265,22.841013,23.058016,23.450857,22.870039,23.32712,23.730524,22.61207,23.450499,23.668123,23.41266,23.012018,23.202665,23.01113,23.092607,23.440237,23.310934,23.231009,23.83594,23.765799,23.829016,24.095781,24.798227,25.264544,25.380636,25.433645,25.258986,25.289007,25.317266,25.307703,25.298933,25.3043,25.34717,25.324945,25.310251,25.364138,25.304861,25.37208,25.401663,25.336916,25.298609,25.358965
23.731773,23.69345,23.771927,23.735962,23.724045,23.77251,23.708801,23.757175,23.762266,23.6671,23.731411,23.781567,23.734262,23.716227,23.73912,23.781773,23.684172,23.78722,23.807085,23.674414,23.76595,22.223398,21.919664,21.966585,23.088226,22.424835,21.945063,22.368448,22.612541,22.271526,22.269236,21.532923,22.229229,21.986797,21.807606,22.425177,21.881504,21.842134,22.057917,22.256615,21.770874,21.56032,21.936583,22.022842,21.912722,21.899742,21.941254,14.37408,10.504135,11.7068205,7.733325,12.444446,7.175804,9.851734,6.8384852,6.0818305,8.410318,4.397621,8.021755,4.430815,5.164463,3.1212816,1.8292326,6.046397,1.1438645,5.1225986,1.9913424,2.6083586,4.58975,2.0852494,5.951904,3.5621123,5.2608333,3.5285523,3.9951577,8.358682,5.572086,9.841741,7.88358,8.372546,10.88554,9.464864,12.849359,13.064843,21.632256,21.344809,22.121494,22.576077,22.317791,22.539186,21.962381,22.456245,22.802992,21.5126,22.434595,22.459408,22.302975,21.804369,21.884268,22.54961,21.776882,22.425928,22.638485,22.164713,22.206785,22.446264,22.728413,22.530388,23.295341,23.692005,23.780449,23.819357,23.728128,23.743404,23.721548,23.703356,23.747643,23.701649,23.740847,23.724026,23.68797,23.741146,23.665384,23.738676,23.77964,23.753155,23.684605,23.732813
23.140282,23.135818,23.18483,23.179817,23.12629,23.195877,23.173077,23.184471,23.16082,23.1235,23.148075,23.129364,23.173405,23.136908,23.15432,23.204836,23.103928,23.188414,23.192917,23.085266,23.1363,22.335115,22.514027,22.205132,22.842533,22.300652,22.266912,22.755764,22.927044,22.307125,22.267525,22.031796,22.362862,22.085571,22.082516,22.64639,22.224518,21.985699,22.447289,22.525612,21.910042,21.92973,22.335266,22.014526,21.802227,22.245384,22.311745,15.679267,12.567973,12.753952,10.042952,13.873746,9.495663,11.659625,9.268789,8.512326,10.278303,8.00368,10.448857,7.7102537,8.6397705,7.4479265,4.6303864,8.369882,3.3944423,5.649017,3.3353384,2.2483425,3.4757001,0.9354638,4.3030605,2.0439806,3.4170086,2.370301,2.3131921,7.1893578,4.1392508,7.6509614,7.261986,8.578042,10.567477,9.8831415,13.439937,14.0805,22.022243,21.49297,22.295527,22.382328,22.126759,21.897463,21.977715,22.480022,22.533401,21.666336,22.200478,22.298546,22.212025,21.80986,21.997353,22.314568,21.759212,21.74416,21.937845,21.996662,22.02182,22.213976,22.245674,22.296925,22.742008,23.110165,23.143593,23.157757,23.123337,23.150478,23.146585,23.157818,23.094997,23.112621,23.157187,23.159527,23.135433,23.168007,23.13789,23.188354,23.213036,23.167519,23.13126,23.154854
24.288105,24.269533,24.380445,24.420965,24.352598,24.464155,24.316395,24.351511,24.350561,24.306515,24.281622,24.24359,24.294945,24.319664,24.34779,24.341593,24.284685,24.317492,24.396788,24.2307,24.29288,23.005291,23.633894,23.06513,24.323711,23.68641,23.625158,23.851591,24.530693,23.756197,23.597448,22.748037,23.512087,22.984638,22.790335,23.803083,23.504343,23.17673,23.571672,23.394423,23.274717,23.15357,23.115051,23.278742,23.0623,23.358385,23.26428,16.215439,12.066731,12.850571,9.540895,12.510636,9.802709,11.594212,9.182091,8.928303,11.373255,7.9024005,9.5515,8.467168,8.941444,7.9631934,5.094907,8.458184,4.617352,6.6008754,4.5214305,3.1465015,5.435476,1.4475334,3.4842422,2.5073423,2.5000808,2.4623203,1.0202069,5.264755,3.2638695,6.516052,6.537895,6.891343,11.216019,8.857482,12.419044,14.5875225,23.18928,22.709475,23.161736,23.50273,23.20674,23.41582,22.99874,23.878702,23.809797,22.309467,22.921862,23.4578,23.064386,22.497934,22.995853,23.450155,22.812704,23.515749,23.180834,23.147089,23.663752,23.709293,23.401346,23.612352,24.184065,24.244013,24.291883,24.296814,24.325813,24.320639,24.32406,24.36713,24.24584,24.244705,24.335062,24.334612,24.299006,24.352383,24.321222,24.314367,24.43577,24.338402,24.207556,24.36408
23.384697,23.258335,23.433079,23.427647,23.423435,23.547718,23.39019,23.405277,23.43415,23.366581,23.312763,23.318436,23.3553,23.381279,23.419376,23.405384,23.329136,23.409767,23.458958,23.313496,23.380798,22.757893,23.414284,22.845005,24.234142,23.69786,23.631882,24.105457,24.399406,23.621475,23.408974,22.907597,23.921494,23.19484,22.67403,23.645756,23.543758,23.304897,23.989635,23.795155,23.430542,23.471783,23.52642,23.24899,23.308067,23.447426,23.360577,16.184698,11.793604,12.422574,9.667515,13.44172,9.708202,11.79238,9.0004835,8.774967,11.478726,7.636091,10.13286,8.314048,8.889666,7.6373467,5.3497686,9.637938,4.52362,6.907357,4.493086,3.2761033,5.6562653,1.6326127,3.9538882,2.476629,2.2110574,1.7312918,1.3129007,5.852844,2.716569,6.6379156,6.000652,6.3138256,11.029899,8.731244,12.080706,13.864375,22.963203,22.46545,23.138706,23.66056,23.17397,23.58596,22.904762,23.700554,24.161137,21.81498,22.782738,23.426586,22.888092,22.366974,23.01558,23.680542,22.333897,23.34031,23.273449,23.01173,23.76921,23.67997,23.170609,23.133827,23.486408,23.32726,23.36304,23.334202,23.405922,23.360638,23.374058,23.411438,23.339024,23.297626,23.418716,23.396004,23.359604,23.433193,23.44286,23.379189,23.467743,23.398724,23.29123,23.414532
25.105625,25.104046,25.156044,25.167336,25.142841,25.211102,25.11245,25.144447,25.143612,25.09232,25.091488,25.039772,25.048607,25.08437,25.08879,25.1185,25.012169,25.080112,25.10376,25.050423,25.09385,23.60437,24.444004,24.077488,25.350021,24.115948,24.731457,24.586132,25.341331,24.793346,24.556217,23.681648,24.901478,24.029984,23.79079,25.238445,25.192657,24.048306,25.019524,24.564362,24.586792,24.54316,24.297974,24.07861,24.39904,24.376518,24.137295,17.405165,13.625035,12.818793,10.981257,13.130541,10.0650835,13.246413,10.484929,10.465493,12.515813,8.536032,11.306268,9.448199,11.609384,8.500589,7.0102754,9.845766,5.5076966,8.0432415,5.3355927,4.3827763,6.646683,1.3234372,4.536064,2.1607878,4.2234087,1.4112301,1.3358432,5.6246295,2.8813095,7.3848195,6.7687693,8.113015,12.110883,9.297617,13.082778,15.565991,24.624584,23.410606,24.130905,24.629627,24.393913,24.372223,24.476303,24.948433,25.596577,23.191956,24.087788,24.566254,25.00224,23.229553,24.24273,24.268581,24.084454,24.229588,24.391106,24.145012,24.678955,24.39244,24.178474,24.243694,24.729462,25.052921,25.08173,25.088154,25.112179,25.102428,25.104553,25.133343,25.088524,25.056828,25.100002,25.035255,25.078285,25.146317,25.14281,25.118046,25.17052,25.141258,25.02354,25.119072
24.66231,24.567125,24.685053,24.633429,24.68939,24.752665,24.647738,24.650583,24.664194,24.64134,24.612535,24.595114,24.6645,24.610235,24.652182,24.648367,24.547735,24.710302,24.703756,24.516756,24.615366,24.21514,23.663313,23.613081,24.408438,24.03406,23.761438,24.493273,24.615831,24.904696,24.403315,24.152891,24.588675,23.822226,23.267786,23.975672,24.21564,24.270304,24.28486,24.694174,24.162199,24.36305,24.767488,24.023912,23.740797,23.803736,23.258936,16.245672,12.842803,12.95415,10.795995,14.421936,10.21576,12.925633,10.370377,9.427615,11.838819,7.8673744,10.532221,8.756395,9.335479,7.7946496,6.1150675,10.153611,4.8917627,7.346922,5.2871404,2.8793066,4.84083,0.658736,3.7778788,2.7327178,2.9309566,2.1301157,2.082948,7.6854615,4.227401,7.503767,7.3388233,7.1940885,11.309014,9.912448,12.951668,13.997525,23.40294,23.17977,23.778887,24.336576,23.777292,23.839949,23.561789,23.903437,24.277449,22.354677,22.72804,23.8733,23.254854,23.188871,23.528933,24.637728,23.18918,24.176416,24.333437,23.641817,24.474321,24.328562,23.926733,24.11204,24.349169,24.61004,24.624025,24.657763,24.67269,24.626001,24.622465,24.640188,24.616678,24.620016,24.645773,24.607622,24.660875,24.693613,24.658129,24.685907,24.67653,24.645117,24.650118,24.665335
24.17385,24.065884,24.177412,24.139473,24.20626,24.149021,24.17741,24.132381,24.140656,24.111378,24.175457,24.114143,24.098679,24.11835,24.174763,24.147045,24.017384,24.201427,24.203926,24.02347,24.154049,22.356697,22.498283,22.540012,22.794426,22.768312,22.6236,23.26569,24.104523,23.477766,23.5663,23.038818,23.404709,22.67109,22.066004,23.131702,22.717144,22.976852,23.428898,22.979305,22.718494,22.767872,23.212461,22.598782,22.5854,22.23497,22.311556,14.912695,10.458258,10.92009,8.667027,11.84338,8.456491,10.300085,8.418323,7.7690163,10.195787,7.107383,9.047424,7.4899564,7.838358,6.887212,4.728247,7.919128,3.2970428,4.5654697,3.3741324,2.3009005,4.3709407,0.8726898,3.0857399,2.68678,3.2128215,2.4914687,2.1996448,5.970568,3.9805622,6.3037295,6.186333,6.5452504,10.083164,8.668277,11.131224,13.558979,22.130203,22.15416,22.65193,22.82233,22.92596,22.445984,22.369751,22.455187,22.668598,21.427622,22.118027,22.654522,22.114254,21.686996,22.058556,22.864582,21.690815,22.192719,22.354359,21.852875,22.17372,22.839027,22.431034,22.783344,23.477007,24.100426,24.141064,24.193237,24.210583,24.15895,24.134949,24.09243,24.098337,24.11176,24.191677,24.09673,24.121782,24.17025,24.11927,24.178902,24.24789,24.055904,24.140713,24.162457
25.262728,25.21921,25.282717,25.26415,25.301176,25.340815,25.274218,25.306957,25.263008,25.282167,25.301683,25.221056,25.225107,25.265867,25.294106,25.2852,25.160458,25.31928,25.277487,25.109758,25.185125,25.145014,24.881021,24.213491,24.468527,25.082499,24.459085,25.189983,25.212523,24.530409,24.969633,24.866417,24.759676,24.749516,24.207457,24.35932,24.144876,25.058811,24.597141,24.708345,23.77805,23.97188,24.551908,24.05616,24.001272,24.554548,24.092058,17.13852,13.691954,14.805248,12.43632,14.821942,12.107157,13.028948,12.017599,10.560722,13.398978,12.041985,11.721392,10.64216,10.1807785,11.263408,6.70378,9.492273,5.5226893,5.020511,4.373622,1.1002238,3.6037261,1.867246,2.0494285,2.256473,2.69708,4.0502877,2.007787,6.796701,5.338585,6.5029497,7.661229,8.342282,10.680296,11.864185,12.937965,14.835549,23.63449,23.817291,23.664333,23.9571,23.98411,23.761717,23.522045,23.77622,23.801252,23.602251,23.703493,23.386763,23.516966,23.426357,23.46815,24.024439,23.442238,23.340158,23.131823,23.745852,23.814407,24.437262,23.626652,24.386255,24.822626,25.218828,25.214903,25.240381,25.194555,25.219988,25.217651,25.26914,25.138857,25.267654,25.31862,25.300032,25.284033,25.28481,25.240713,25.333487,25.384079,25.306936,25.298054,25.288252
26.254576,26.197134,26.329733,26.3492,26.378878,26.430506,26.331232,26.317934,26.257544,26.35869,26.461359,26.282942,26.26541,26.34857,26.359186,26.25862,26.243834,26.322493,26.35348,26.127413,26.262655,24.778112,24.719572,23.834711,24.189615,24.991682,24.208601,24.811487,25.571173,24.472898,24.913942,24.930407,24.52614,24.88159,24.129812,24.297419,23.606928,24.906092,24.70001,24.349794,23.556566,23.878489,24.651743,24.228857,24.387026,24.464617,24.564795,17.37501,13.518042,15.009871,12.458803,14.1009035,12.209773,12.139825,11.311889,10.200065,13.112277,11.333652,10.474006,9.869669,8.021737,9.9842005,5.613917,7.6796684,4.3078637,3.6044574,3.7645612,0.9654819,3.7561078,1.9205718,1.7660863,2.7729535,2.34543,4.2372866,3.437399,6.609523,6.3720574,6.6989594,7.9314957,8.278194,10.751642,11.331986,12.786759,15.261423,22.932402,23.62174,23.80195,23.194262,23.916739,23.605616,23.386034,24.11661,23.73969,23.657995,23.750967,23.789442,23.625132,23.42298,23.754393,24.02371,23.671904,23.61297,23.548609,23.78079,23.832796,24.703382,24.118235,24.437643,25.78028,26.265348,26.354837,26.359404,26.27688,26.262262,26.278414,26.319246,26.229986,26.366526,26.35678,26.376703,26.37906,26.341078,26.286863,26.395464,26.483423,26.323671,26.296331,26.415545
24.50629,24.46257,24.549486,24.558407,24.506115,24.617485,24.521162,24.547909,24.527729,24.498066,24.496918,24.376673,24.449947,24.48246,24.516977,24.535625,24.457602,24.49627,24.537933,24.461393,24.43089,23.128242,23.720932,23.51612,24.697916,23.942932,24.035387,24.07031,24.780025,24.296047,24.180695,23.581106,23.660702,23.673506,23.302225,24.107822,24.271503,23.983776,23.974335,24.013172,23.74565,23.706936,23.677143,23.445673,23.164135,23.712227,23.336983,15.979187,12.626056,13.181323,9.842184,12.625792,10.412673,12.04857,10.242296,10.047362,11.991974,9.298295,10.416322,9.585626,10.401938,9.055327,5.7873325,9.263328,5.5115075,6.5291643,4.7132397,3.3029685,5.018529,1.5583727,3.720348,2.4431915,2.7315345,2.325346,1.0181898,5.242738,2.5479507,6.012404,5.6115603,5.8489423,10.066676,8.590508,11.781348,14.299537,23.607327,23.082449,23.504772,23.574831,23.254372,23.312187,23.068829,23.86702,23.635084,22.672596,23.034502,23.343822,23.158094,22.805063,23.00455,23.68185,23.2767,23.529644,23.142044,23.246391,23.630194,23.652637,23.139896,23.522514,24.165306,24.417873,24.449612,24.481794,24.48356,24.43811,24.420212,24.533104,24.412292,24.450886,24.488976,24.47074,24.442413,24.54427,24.517437,24.549858,24.59942,24.502182,24.428085,24.511467
24.519392,24.45859,24.563646,24.504534,24.527102,24.54791,24.50847,24.53948,24.503214,24.511625,24.483248,24.46889,24.466879,24.500269,24.529982,24.558985,24.42914,24.555674,24.521257,24.445047,24.445292,23.848558,23.861067,23.543413,24.564798,24.106962,23.811758,24.575808,24.6023,23.82353,24.086824,23.670374,23.946459,23.578497,23.370066,23.87908,23.736444,23.714853,23.574026,24.122648,23.41963,23.139997,23.759863,23.274454,23.239313,23.64329,23.361673,16.462513,12.991529,13.341545,10.518559,14.2794075,10.885269,12.152024,10.171631,9.414628,11.810913,9.687652,11.589985,9.524319,9.872815,9.342827,5.3774133,9.555622,4.892832,5.2170024,3.391371,1.7764646,3.964277,1.3093395,3.8955708,2.39668,3.0414252,2.907016,1.3759921,6.6543097,4.0171933,6.3540287,6.3005347,7.1709585,10.550627,10.3594475,13.14729,14.362176,23.107807,22.606684,23.2407,23.385984,23.34852,22.806097,22.545633,23.39854,23.644434,22.902994,23.547613,23.47148,23.318033,23.04365,22.936617,23.440615,22.929579,22.49737,22.914751,23.445902,23.251432,23.46459,23.198427,23.608984,24.027159,24.452646,24.483664,24.525866,24.490026,24.487257,24.462015,24.49315,24.414476,24.497072,24.537859,24.491476,24.482592,24.525015,24.518354,24.530909,24.60401,24.51452,24.526606,24.534822
25.751085,25.702253,25.801905,25.764612,25.822298,25.837225,25.728464,25.758615,25.721445,25.708971,25.773558,25.6597,25.687906,25.771624,25.742342,25.790285,25.654299,25.767698,25.777777,25.671194,25.733778,24.468657,24.466711,24.458765,24.901598,24.828798,24.49695,24.987139,25.661795,24.847551,25.167158,24.582853,24.789083,24.576685,23.970003,24.800768,24.158487,24.271547,24.28615,24.463522,24.103529,23.900919,24.413809,23.866617,24.002645,23.96554,23.723227,16.996336,12.7482815,13.605994,10.559587,13.790037,11.2365465,12.664008,10.613873,10.143395,13.104279,9.974892,10.792406,9.787014,9.571965,9.43013,5.497224,9.327483,4.8798475,4.9631014,3.29819,2.0527654,4.813537,0.7744731,2.7999787,2.4430063,2.9472218,3.7567492,2.2716112,6.686456,4.1799836,6.5392256,6.894097,7.291306,11.223867,10.228451,12.55385,15.379138,23.788443,23.30203,24.155233,23.874552,24.013514,23.948755,23.50321,24.11529,24.235617,23.54334,23.912844,24.380007,24.09529,23.849646,24.020163,24.524355,23.966375,23.642687,23.638845,23.984758,24.051626,24.306917,23.752142,24.49988,25.07681,25.702467,25.70722,25.788572,25.725328,25.693296,25.661345,25.719858,25.66118,25.712175,25.761309,25.713247,25.725943,25.78211,25.745302,25.77117,25.859636,25.768831,25.714182,25.770716
25.993643,25.86527,26.061419,25.920843,26.006998,25.991137,25.874113,25.954988,25.972544,25.947805,25.927309,25.942873,25.935293,26.008799,25.986456,25.967089,25.88125,26.033037,26.029215,25.920183,25.929247,24.9386,24.312208,24.508326,24.875097,24.837938,24.343222,24.729086,25.533865,25.351976,25.561853,25.038584,25.382856,24.807318,24.420835,25.210634,24.686342,24.781523,24.876093,25.453375,25.385546,24.475023,25.796778,24.836157,25.428286,24.409132,24.333994,17.355234,12.236332,13.493029,10.430576,14.679575,10.211219,10.631126,9.514593,8.759134,12.813095,8.164426,9.723339,8.090397,6.43048,7.6630716,4.0573397,7.892899,2.3889105,2.8588333,2.186097,1.651897,6.1394167,0.91317177,4.1118274,3.4829397,3.3940058,4.4789634,3.72505,7.21039,5.2897854,7.6313286,8.804848,8.522345,12.606274,11.383184,13.851654,15.820161,24.277876,23.697878,25.122541,24.53893,24.49335,24.416162,23.538553,24.680185,25.452387,23.906225,24.032667,24.668818,24.630175,24.370142,24.902254,24.751955,24.216959,24.070005,24.317049,24.567518,24.263361,24.295347,24.714163,25.188673,25.492994,25.940237,25.957293,26.040403,25.942625,25.925032,25.927248,25.840887,25.927614,25.925589,25.941004,25.929708,25.925688,25.983751,25.978075,26.014517,26.016268,26.023844,25.960909,25.978495
4.8520303,4.8520303,4.8520303,4.8520303,4.8520303,4.8520303,4.8520303,4.8520303,4.8520303,4.8520303,4.8520303,4.8520303,4.8520303,4.8520303,4.8520303,4.8520303,4.8520303,4.8520303,4.8520303,4.8520303,4.8520303,4.8520303,4.8520303,4.8520303,4.8520303,4.8520303,4.8520303,4.8520303,4.8520303,4.8520303,4.8520303,4.8520303,4.8520303,4.8520303,4.8520303,4.8520303,4.8520303,4.8520303,4.8520303,4.8520303,4.8520303,4.8520303,4.8520303,4.8520303,4.8520303,4.8520303,4.8520303,4.8520303,4.8520303,4.8520303,4.8520303,4.8520303,4.8520303,4.8520303,4.8520303,4.8520303,4.8520303,4.8520303,4.8520303,4.8520303,4.8520303,4.8520303,4.8520303,4.8520303,4.8520303,4.8520303,4.8520303,4.8520303,4.8520303,4.8520303,4.8520303,4.8520303,4.8520303,4.8520303,4.8520303,4.8520303,4.8520303,4.8520303,4.8520303,4.8520303,4.8520303,4.8520303,4.8520303,4.8520303,4.8520303,4.8520303,4.8520303,4.8520303,4.8520303,4.8520303,4.8520303,4.8520303,4.8520303,4.8520303,4.8520303,4.8520303,4.8520303,4.8520303,4.8520303,4.8520303,4.8520303,4.8520303,4.8520303,4.8520303,4.8520303,4.8520303,4.8520303,4.8520303,4.8520303,4.8520303,4.8520303,4.8520303,4.8520303,4.8520303,4.8520303,4.8520303,4.8520303,4.8520303,4.8520303,4.8520303,4.8520303,4.8520303,4.8520303,4.8520303,4.8520303,4.8520303,4.8520303,4.8520303
25.254913,25.208208,25.247414,25.139372,25.157747,25.276207,25.19897,25.252182,25.248192,25.153683,25.1287,25.240555,25.23713,25.20121,25.142084,25.210342,25.213493,25.252586,25.26194,25.116972,25.222963,24.162472,23.716103,24.130184,23.572327,24.033224,23.737034,23.66569,24.16155,23.233234,24.126472,23.89721,23.757206,23.465393,23.42697,23.788681,23.724937,23.427847,23.147686,23.42485,22.84839,23.552853,23.296,23.634338,23.651648,23.608494,23.531673,15.403403,10.125375,13.973178,10.993726,10.963604,10.105367,9.235317,10.076406,8.146383,12.110517,7.0202365,5.136594,8.643813,3.6695962,9.780906,3.5286803,3.4217415,3.2549198,1.0168061,6.3603206,2.1320062,6.382602,2.375516,1.4605914,5.6572638,3.4152365,7.964356,4.248465,5.4450245,7.5503135,6.461279,10.696893,9.148139,12.568126,12.319634,12.340184,14.981391,23.561283,23.757183,24.197691,23.557083,23.493443,23.630257,23.53878,24.170292,24.400278,22.533089,23.177881,23.991367,24.052557,24.239735,23.250015,23.712029,23.449821,23.562584,23.502872,22.996172,24.40777,23.817303,23.871471,24.273762,24.524162,25.275124,25.233469,25.291264,25.16188,25.16641,25.24807,25.173994,25.094852,25.178505,25.293804,25.194715,25.217566,25.2491,25.228203,25.240305,25.258131,25.145958,25.141891,25.231956
23.997047,23.926456,24.00153,23.950829,23.976639,24.074783,23.923836,24.054802,23.993011,23.976086,23.930683,23.939487,24.001694,23.967503,23.826359,23.915016,23.966076,24.010033,24.030396,23.855595,23.882553,23.406513,22.888256,22.886345,22.84827,23.294556,23.008358,22.578941,24.054337,22.2681,23.370735,23.010983,23.549606,22.369068,23.277466,23.629826,23.536911,23.188904,22.761692,23.000065,22.835793,23.379375,22.760277,23.419174,23.400406,22.747498,23.047482,15.008278,9.806218,13.488772,10.027963,8.736509,10.047494,8.126528,9.885,7.4528165,10.516143,6.942547,3.546258,8.560704,3.393533,9.518576,3.2945795,2.6189108,6.3020506,1.9541906,7.63319,2.9431,5.0041943,3.3461914,0.86549824,5.9682093,2.3521369,7.1411123,3.024698,4.255175,9.010528,5.538693,10.469077,8.2434435,11.336159,11.823206,11.446183,13.915198,22.543503,23.094524,23.134407,22.353546,23.500484,22.900204,22.598969,23.472721,23.206997,21.364208,23.133446,22.839397,22.733253,23.394535,22.08194,22.198952,22.978779,23.27206,22.853497,22.704605,23.782322,23.542881,23.214546,23.616695,23.411777,23.943218,23.988594,24.124153,23.92965,23.928143,23.882248,23.940845,23.818333,23.92873,24.016163,23.86808,23.992737,23.986889,23.960903,24.004646,24.007446,23.912193,23.835232,23.94754
25.289425,25.26104,25.239536,25.337982,25.260088,25.262705,25.223585,25.34615,25.291828,25.301517,25.30043,25.142614,25.253601,25.23216,25.227562,25.315056,25.210257,25.222317,25.232208,25.15494,25.175781,22.616842,22.778725,22.954395,22.776625,22.117731,23.520826,22.320992,23.34006,22.686352,22.445494,22.824266,22.534481,21.42445,22.336246,23.118904,22.508606,22.161726,22.452627,22.211624,22.717485,22.530355,22.0722,22.633207,22.820183,21.455845,21.704105,13.892722,8.653969,11.86841,10.378614,9.063597,9.476562,7.944147,8.887074,7.0683136,9.452368,5.2494383,3.1324701,6.4556656,1.6797708,4.7977777,2.8777947,2.2371392,4.355034,1.7409339,5.9256644,2.6681762,5.122672,2.5898619,1.7873585,5.659552,2.831405,5.446618,4.9927583,5.1897435,7.810497,6.547451,8.776996,8.241772,10.382074,10.504142,11.394319,14.139144,21.964767,21.344248,22.54258,21.81091,22.49284,21.98225,21.31166,22.835691,22.524324,21.026413,21.946821,22.66801,22.167273,22.064125,23.367947,21.939125,22.766447,23.409975,22.68901,22.782743,23.112411,23.040255,23.248928,24.268959,24.745573,25.222652,25.270058,25.4029,25.223364,25.21273,25.120287,25.208157,25.129114,25.286404,25.26187,25.125294,25.236328,25.221045,25.247168,25.194857,25.25373,25.149185,25.181953,25.192295
19.586285,19.65755,19.583096,19.774426,19.480156,19.618832,19.538979,19.862072,19.71571,19.666485,19.53204,19.631016,19.641758,19.525295,19.681602,19.608074,19.659775,19.65337,19.678223,19.534748,19.545994,18.718529,19.339619,18.941742,18.821815,18.600517,18.704464,18.028915,19.597725,17.910168,19.044643,18.954357,18.94049,19.2085,19.00201,18.793262,19.19188,19.652287,19.05584,18.51128,18.603142,18.441952,18.467136,19.256454,19.323135,19.27607,19.30846,11.587044,7.5083156,11.104019,8.182407,6.0728583,8.021553,5.8434734,7.2597933,5.0841527,7.108882,5.881165,2.5810564,6.9333205,3.8585985,7.101981,4.041081,1.4271123,4.590894,2.5539043,6.031036,1.7279869,3.9656932,3.4740055,1.8212229,4.835195,2.9633338,5.3182836,3.0950916,3.782537,6.8234982,4.7117915,7.1653233,5.681806,8.401489,9.656977,9.08326,11.423897,18.283653,17.979832,18.348125,18.769917,18.60923,18.44714,17.68713,18.12619,18.450558,17.786457,17.80769,18.092514,17.403145,18.214226,18.360775,18.35704,18.583424,18.33125,18.661457,18.31155,19.037811,18.773598,17.852173,18.65662,19.010777,19.661804,19.60228,19.626156,19.60376,19.594276,19.565983,19.61884,19.511814,19.66188,19.710754,19.572056,19.673431,19.701828,19.643322,19.671196,19.727936,19.499496,19.56102,19.632755
23.034632,23.09432,23.047903,23.169737,22.965511,23.107424,22.988049,23.287935,23.12831,23.097666,22.951838,23.072502,23.083166,22.988218,23.130804,23.077202,23.112715,23.102194,23.144007,22.9886,23.030739,21.74365,22.288092,21.946096,21.941702,22.094538,22.062914,21.17147,22.962019,21.44893,22.295916,22.098085,22.239676,22.390211,22.086954,21.879274,22.291168,22.81099,22.417593,21.291925,21.953508,21.700897,21.454782,22.506474,22.303333,22.311281,22.208948,13.9215,9.404826,13.077647,9.885184,6.596083,10.240666,7.6099253,8.409911,5.555472,7.4801188,6.6533494,1.9198763,8.068741,4.48895,8.456149,4.873545,1.2100003,6.3696065,2.9461453,6.9544797,1.8136538,4.486096,4.3127856,1.5730015,6.203166,3.587075,7.050232,3.8152454,3.946715,8.881572,5.46379,9.534476,6.904748,9.968305,12.021474,10.672217,13.654237,21.14594,20.96763,21.346869,21.150862,21.65963,21.437788,20.710703,20.885904,21.439564,20.70167,21.079983,21.066832,20.618776,21.790064,21.06204,21.415876,21.891136,21.36788,21.854963,21.50382,21.888887,22.209936,20.887499,22.10853,22.452345,23.136621,23.035257,23.129725,23.063532,23.075077,23.06699,23.113419,22.978083,23.083319,23.159418,22.985796,23.136583,23.149817,23.119059,23.164465,23.18825,22.995317,23.025057,23.14805
20.514736,20.503033,20.49511,20.552677,20.399593,20.571068,20.479652,20.681606,20.536346,20.520496,20.375607,20.552715,20.560272,20.421772,20.481396,20.519585,20.530777,20.598255,20.601337,20.488632,20.563347,19.816689,20.323994,19.836311,19.558151,19.894283,19.968132,19.104797,21.2695,19.159382,20.224018,20.109745,20.765793,20.211563,20.185238,20.083893,20.162292,20.587387,20.50412,19.525494,20.251514,20.149776,20.042606,20.92038,20.829636,21.12473,20.655567,12.584548,8.195565,10.567256,8.798317,6.0774646,9.213789,6.6445994,7.7698665,6.177339,7.8040576,7.1447444,3.0324416,7.028499,4.2614436,8.024179,4.9471335,1.8799903,5.241672,2.2124245,6.1511407,1.7964213,4.493709,4.1046634,1.1036047,5.358928,2.9820254,6.295758,3.8481135,3.3491082,7.8042645,4.5379043,8.252473,6.470674,8.882168,10.295079,9.529514,11.136298,19.569046,19.510654,20.026173,19.914318,19.877178,20.243816,19.43586,19.634857,20.302494,19.002823,19.496067,19.795288,19.357811,19.770771,19.244019,19.253456,19.371841,19.641548,20.049057,19.807964,20.709167,20.532448,18.813492,20.071735,20.012543,20.604519,20.477886,20.589489,20.473999,20.536747,20.635422,20.507072,20.441395,20.49693,20.624722,20.482956,20.577736,20.660252,20.594112,20.602222,20.612358,20.422161,20.428719,20.573914
23.204384,23.153372,23.170164,23.205513,23.18623,23.24877,23.170485,23.237644,23.170717,23.210361,23.152391,23.19191,23.155437,23.174772,23.112103,23.212593,23.107588,23.249916,23.203484,23.08991,23.248951,22.422102,22.436247,22.21322,22.010057,22.17871,22.506605,22.202269,23.203257,22.386078,21.915886,22.70365,22.567293,21.985588,22.48961,22.156683,22.60385,22.156584,21.93087,22.32254,22.326038,22.68584,21.975546,22.430874,22.250492,22.19576,22.236559,15.818935,11.637007,14.063451,11.309852,9.298104,13.091933,8.595269,11.6036625,7.506114,9.100299,8.843682,2.3745856,9.497583,3.3345327,8.176194,3.5743494,2.1959481,8.435802,1.4321156,8.1899,2.391165,4.5191345,5.7729564,1.1692042,8.101281,2.943615,7.6970677,4.637698,4.634355,11.264622,6.137823,12.028589,9.207729,12.166498,14.556445,12.391546,14.294417,21.521654,21.588991,21.608974,21.450535,22.426592,21.636925,22.01555,21.832674,21.977072,21.42206,22.045187,22.169443,21.591028,22.0463,21.07216,21.416382,22.232729,22.161049,22.078325,21.504856,21.852009,22.910566,21.758984,22.923042,22.882633,23.141874,23.21096,23.320782,23.151693,23.23656,23.110207,23.186987,23.067154,23.206675,23.254719,23.120579,23.180895,23.240824,23.20728,23.226963,23.215967,23.169407,23.137775,23.200033
25.888926,25.858252,25.834929,25.860893,25.838858,25.841017,25.794628,25.872202,25.839483,25.836744,25.860212,25.728937,25.778246,25.811686,25.811394,25.907818,25.787588,25.763588,25.794817,25.74489,25.846817,22.891613,23.133913,23.261168,22.886889,22.546358,23.661783,22.984808,23.817072,23.625658,22.666086,23.408411,22.98077,21.95226,22.794655,23.417326,22.489073,22.671389,22.902029,22.932678,23.226858,23.20505,22.425543,22.944454,22.969103,22.390562,22.021456,15.436662,10.083945,13.45037,10.623958,9.067546,10.777777,8.592397,9.373602,6.238848,8.295423,5.010769,1.8729827,7.128885,1.7131417,5.3905964,2.722593,2.2079623,6.175078,1.8953456,6.0260706,2.1567209,5.005205,3.918937,2.0429027,7.294201,3.226301,6.8248744,5.576136,5.7487526,10.275596,7.716874,11.806624,9.448543,11.918658,13.196059,12.434901,15.251658,21.983315,21.757252,22.55322,22.136074,22.9024,22.617739,22.274048,23.144049,23.149115,22.237246,23.135485,23.611383,22.774641,22.725214,23.07327,22.757853,23.31553,23.576456,23.149746,22.93122,23.114996,23.786589,23.157778,24.724417,25.42415,25.835478,25.794409,25.953867,25.777348,25.856487,25.712572,25.801043,25.714308,25.886782,25.82995,25.708878,25.812662,25.818476,25.841791,25.770391,25.840952,25.737524,25.770649,25.83805
14.636322,14.617235,14.605003,14.692339,14.529833,14.616669,14.558134,14.793064,14.69623,14.60169,14.501131,14.697874,14.649281,14.575811,14.652754,14.597006,14.665247,14.648365,14.740044,14.589697,14.619997,14.284422,14.566429,14.210953,13.7106495,13.475637,14.117542,13.329258,15.17095,13.538767,14.75485,14.484858,14.770117,14.583731,14.494719,14.686844,14.463488,14.807777,14.904882,14.329582,14.402151,14.14666,14.393419,15.156544,15.03426,15.169788,14.805368,8.043333,4.826069,6.929516,5.8455276,3.8224134,4.8881216,3.8623393,5.309309,4.7083025,5.46786,5.1538754,3.0390148,5.0582466,4.036236,5.855732,4.60964,1.9934522,3.0821495,2.9829435,4.511918,2.1659403,2.9997015,3.366353,2.0213645,3.6006165,2.831643,3.6635246,3.1946507,3.3078346,4.2940025,3.7707996,4.649168,4.6445694,5.379879,6.3304825,6.575861,7.8458557,14.142647,13.9492855,14.563143,14.870005,14.078516,14.407782,13.857098,14.306746,14.241261,13.980833,13.405201,13.927458,13.373894,13.59709,14.495432,13.884665,13.683992,14.052088,14.393778,14.106308,14.972748,14.386017,13.590385,14.210676,13.999113,14.694353,14.607725,14.61375,14.560682,14.578318,14.597729,14.546898,14.542185,14.614706,14.752518,14.609583,14.670969,14.723967,14.607237,14.666258,14.738237,14.469883,14.529875,14.6322
14.826471,14.769331,14.792006,14.911554,14.737928,14.8482,14.755468,14.983032,14.866861,14.760189,14.685476,14.906792,14.8427925,14.793451,14.838135,14.78129,14.8801365,14.846218,14.918032,14.743982,14.809412,14.203196,14.597881,14.3433,13.688433,13.772207,14.3078785,13.406626,15.166477,13.465725,14.670618,14.3313465,14.69589,14.525137,14.433437,14.781033,14.257389,14.625322,14.825102,14.118816,14.216764,14.003607,14.183615,15.119818,14.943283,14.831285,14.4977665,7.9547887,4.659716,6.643746,5.714066,3.918962,4.570626,4.232841,5.265368,4.5775332,5.5764546,4.928223,2.9720967,4.878613,3.711663,5.736048,4.576918,2.1721365,3.140752,2.9527984,4.76366,2.2988265,3.0531542,3.1650796,1.8347133,3.7097723,2.6756175,3.7406714,3.3797514,3.297831,4.362757,3.6100545,4.8342223,4.956823,5.4396796,6.380219,6.896418,8.197517,14.026953,14.1482525,14.663435,14.660971,14.069624,14.839905,14.024534,14.226904,14.05839,13.883879,13.709084,13.851101,13.792141,13.766369,14.810034,13.8943405,13.512634,14.172907,14.418219,14.135828,15.094309,14.52232,13.822853,14.332836,14.11409,14.8796215,14.81312,14.821535,14.728672,14.785391,14.779774,14.738173,14.733252,14.779251,14.925116,14.797667,14.862211,14.902449,14.761812,14.884569,14.9150715,14.641006,14.714258,14.859667
17.560698,17.664553,17.627764,17.732233,17.563967,17.651382,17.509996,17.787054,17.645731,17.57262,17.535002,17.602856,17.61487,17.590315,17.67943,17.617228,17.687654,17.70298,17.694216,17.571724,17.624043,16.330542,16.29384,16.60258,16.110733,16.329302,16.15354,15.748987,17.229143,15.773344,16.782875,16.094114,16.546091,16.994066,16.544523,16.836657,16.514044,16.869015,16.861176,15.931186,16.103588,15.782481,16.074383,16.944956,16.815624,16.933056,16.244732,9.80523,6.20114,8.877554,6.544764,5.3329015,6.174174,5.3923497,6.0633883,4.517319,6.6322684,4.739986,2.322541,5.6687474,4.06004,7.0459,4.4927216,2.6787744,4.287577,3.4113986,5.259027,1.5875554,3.6028926,2.9185157,1.6355617,4.0194535,2.525133,5.115601,2.949702,3.3962388,5.1555457,3.7260444,6.2086186,5.1240735,6.9034686,7.283154,8.310519,9.816533,15.632145,16.209295,16.26449,16.516703,16.126223,16.794786,15.603034,16.366627,16.052616,15.68506,16.068413,15.50389,16.04465,16.540209,16.228088,16.82644,16.511362,16.40285,16.551594,16.077976,16.626928,16.879444,15.854274,16.85096,17.006876,17.73531,17.59628,17.656717,17.58874,17.568243,17.5647,17.604074,17.519981,17.592628,17.64331,17.571596,17.654722,17.72734,17.591654,17.726427,17.736086,17.554619,17.54109,17.68694
20.623304,20.634283,20.681307,20.743784,20.512804,20.761889,20.638037,20.8366,20.704206,20.668737,20.55725,20.713251,20.725935,20.656301,20.672216,20.64351,20.73451,20.74742,20.739645,20.583841,20.672129,19.085283,19.79545,19.823591,19.725641,19.602125,19.893549,19.297754,20.819666,19.019388,20.06439,19.391336,19.717974,19.765192,19.665655,19.717703,19.468126,19.793638,19.850683,18.837736,19.816557,19.459139,19.471296,20.449411,19.859121,20.074297,19.744131,11.842275,7.7308865,11.00604,8.357917,6.2359934,8.965372,7.1277657,8.501638,6.136285,7.6939163,7.191539,3.836549,6.919092,4.338584,8.035621,4.466051,2.1436493,5.0780687,2.923337,5.932681,1.2368537,3.078123,3.1553204,1.4758239,4.4705553,2.5336125,5.8235006,3.6264963,3.9307947,7.0263205,4.3258123,8.013235,5.743514,8.285023,10.038951,10.45638,11.182057,19.038225,19.419348,19.66105,19.680979,19.431467,20.034029,18.904352,19.195505,18.813822,18.342714,18.831293,18.531382,18.657536,19.320044,18.810884,19.213339,19.146276,19.33986,19.48557,18.693918,19.720568,19.806116,18.67283,20.164541,20.152643,20.772375,20.615294,20.71168,20.537348,20.66828,20.707872,20.636148,20.57039,20.614077,20.746946,20.60015,20.751371,20.766928,20.660791,20.699507,20.754183,20.56162,20.57464,20.796404
26.42579,26.486605,26.513212,26.467867,26.45097,26.548418,26.439375,26.482191,26.434029,26.442831,26.39327,26.366486,26.4756,26.455479,26.439116,26.476408,26.402922,26.431364,26.502098,26.333696,26.444601,24.959993,24.953867,25.370625,24.994007,25.408014,24.785936,25.018969,26.033806,25.141577,24.886606,25.260038,25.496199,25.096254,25.174149,25.727499,25.52218,25.453684,25.244846,25.145134,25.479496,25.399565,24.625328,25.53955,25.190636,25.29731,25.289484,18.145205,13.514328,16.092733,13.3711195,11.589761,14.561166,12.05645,13.016027,9.79454,12.53324,10.065135,6.234439,12.735053,7.187451,11.991893,6.4576163,5.495135,8.726519,4.0146174,7.9897037,2.055059,5.796134,3.2125986,0.5339365,6.7889185,1.8976496,7.6761684,3.052401,4.4899774,9.60447,5.3067007,11.807086,8.3305855,12.847557,13.523155,13.562493,16.360546,24.34019,24.907082,24.680775,24.266844,25.17243,24.798353,24.235857,24.982035,24.83564,23.633755,24.071821,24.714607,24.644453,24.63842,23.874098,24.824993,24.958387,24.90985,24.51613,24.158813,24.972853,25.229967,24.2085,25.513134,25.866022,26.519903,26.376621,26.495253,26.403423,26.453821,26.435377,26.453302,26.355814,26.46708,26.497206,26.36989,26.4518,26.55776,26.476145,26.478327,26.511328,26.432947,26.424004,26.479477
26.179539,26.240143,26.259665,26.174168,26.160477,26.321657,26.205109,26.233139,26.159035,26.214554,26.176647,26.143269,26.24376,26.19898,26.214668,26.238102,26.17087,26.19887,26.280914,26.073483,26.192757,24.618534,24.508541,24.82357,24.398468,25.090317,24.496294,24.340015,26.098196,24.617838,24.626385,25.048912,25.446169,24.981318,24.60479,25.160923,24.973724,25.202665,25.086533,24.493448,25.081688,24.598038,24.217278,25.544703,25.265562,25.198532,24.908947,17.738111,12.86336,15.549928,13.0528555,10.997603,14.058785,11.576737,12.439439,9.641386,12.718373,9.603959,6.3944016,11.644204,7.2060065,11.967507,6.648403,5.4816575,7.7696643,4.379839,7.287216,1.7111375,5.5589404,2.7670894,0.5542787,6.1011324,2.2699602,7.6913257,3.3370545,4.719394,9.240546,5.202994,11.171191,7.908875,12.326797,12.801627,12.888558,15.33587,23.91196,24.692009,24.695688,23.968752,24.507511,24.324242,23.67933,24.754223,24.123398,23.015444,23.372564,23.9197,24.189678,24.382784,23.337423,24.550419,24.50029,24.721169,24.184692,23.814116,24.74616,25.06128,23.88215,25.259848,25.50857,26.338886,26.143414,26.274601,26.135883,26.214367,26.226902,26.170433,26.095268,26.197182,26.261322,26.121271,26.229525,26.291624,26.20401,26.239962,26.28608,26.178751,26.163284,26.306265
26.30156,26.327765,26.3677,26.279207,26.33437,26.42112,26.313883,26.304993,26.288958,26.334764,26.297972,26.216633,26.288183,26.330189,26.324606,26.355383,26.261423,26.296396,26.344358,26.172197,26.279238,24.867702,24.462118,24.95001,24.199827,25.199293,24.100203,24.715279,25.801662,24.924463,24.661505,25.551836,25.72442,24.94287,25.044872,25.56978,25.470163,25.45341,25.058847,25.147947,25.509726,25.30092,24.274965,25.364714,25.34304,25.175184,25.150946,18.716776,14.056025,16.566109,14.199556,12.500167,15.424006,12.417435,13.309133,10.410365,13.469731,10.182232,6.564482,13.591814,7.2301846,12.625573,6.2577786,6.056463,9.118884,3.8539958,8.135092,2.481142,6.27071,3.220972,0.47107422,7.353597,1.8847009,8.367678,2.923967,4.561697,10.424104,5.3035073,12.452844,8.441426,13.43297,14.013686,13.173215,16.28027,23.717484,24.595934,23.99397,23.44276,24.634626,23.851925,23.424612,24.455404,24.162928,22.64492,23.605295,24.043182,24.048399,24.300627,22.837992,24.256987,24.397541,24.265703,23.985752,23.690844,24.423727,24.798605,24.047335,25.136759,25.576532,26.393744,26.259203,26.355371,26.292326,26.357946,26.298876,26.315987,26.219677,26.376116,26.342754,26.233171,26.304487,26.385601,26.371578,26.328585,26.354506,26.312262,26.295706,26.38553
25.166872,25.160753,25.18498,25.152697,25.1579,25.275454,25.148851,25.190458,25.199362,25.187449,25.125635,25.118937,25.210451,25.112974,25.14963,25.18395,25.149996,25.15637,25.23155,25.038336,25.184889,24.971304,24.998121,25.046236,23.942274,25.3566,24.456736,25.001749,26.416243,25.317625,25.606318,26.258287,26.43712,25.624052,25.321417,25.958406,25.79714,26.01695,25.73065,25.607447,25.976816,25.760187,25.136724,25.894407,25.540705,25.679705,25.213778,18.036495,13.007715,15.5346155,13.039254,11.439171,14.671489,11.467932,13.762447,10.794789,12.015585,11.27052,6.940037,13.319218,7.9582934,12.958807,7.1413035,6.3476505,9.4516325,4.430263,8.572414,3.0126128,5.1446314,3.891006,0.39303434,6.717417,2.069266,6.979692,2.4873867,4.1821327,9.283947,5.0498652,12.27072,8.864185,12.788877,14.293057,13.407689,16.878569,24.714277,25.36326,24.656233,24.757528,25.414305,25.047121,24.556532,25.27868,25.255388,24.171236,24.440058,24.685366,24.815653,24.752008,23.520761,25.305513,24.378988,25.321184,24.893396,24.171747,25.023577,25.455507,24.12541,25.055666,24.78919,25.247274,25.12375,25.181719,25.154531,25.234678,25.134626,25.16585,25.04521,25.198229,25.228743,25.145472,25.13051,25.246744,25.14113,25.265753,25.188158,25.094748,25.121393,25.271074
4.8520303,4.8520303,4.8520303,4.8520303,4.8520303,4.8520303,4.8520303,4.8520303,4.8520303,4.8520303,4.8520303,4.8520303,4.8520303,4.8520303,4.8520303,4.8520303,4.8520303,4.8520303,4.8520303,4.8520303,4.8520303,4.8520303,4.8520303,4.8520303,4.8520303,4.8520303,4.8520303,4.8520303,4.8520303,4.8520303,4.8520303,4.8520303,4.8520303,4.8520303,4.8520303,4.8520303,4.8520303,4.8520303,4.8520303,4.8520303,4.8520303,4.8520303,4.8520303,4.8520303,4.8520303,4.8520303,4.8520303,4.8520303,4.8520303,4.8520303,4.8520303,4.8520303,4.8520303,4.8520303,4.8520303,4.8520303,4.8520303,4.8520303,4.8520303,4.8520303,4.8520303,4.8520303,4.8520303,4.8520303,4.8520303,4.8520303,4.8520303,4.8520303,4.8520303,4.8520303,4.8520303,4.8520303,4.8520303,4.8520303,4.8520303,4.8520303,4.8520303,4.8520303,4.8520303,4.8520303,4.8520303,4.8520303,4.8520303,4.8520303,4.8520303,4.8520303,4.8520303,4.8520303,4.8520303,4.8520303,4.8520303,4.8520303,4.8520303,4.8520303,4.8520303,4.8520303,4.8520303,4.8520303,4.8520303,4.8520303,4.8520303,4.8520303,4.8520303,4.8520303,4.8520303,4.8520303,4.8520303,4.8520303,4.8520303,4.8520303,4.8520303,4.8520303,4.8520303,4.8520303,4.8520303,4.8520303,4.8520303,4.8520303,4.8520303,4.8520303,4.8520303,4.8520303,4.8520303,4.8520303,4.8520303,4.8520303,4.8520303,4.8520303
17.07469,17.05633,17.03089,17.153757,16.936003,17.114264,17.051096,17.29276,17.123747,17.180456,16.996233,17.045332,17.058065,17.050611,17.116392,17.018896,17.18942,17.127897,17.208296,17.018469,16.987913,17.681417,18.262373,17.983232,18.127352,17.076609,17.859144,17.49222,18.033495,17.344461,18.293966,18.03317,18.230799,18.40199,17.894674,17.52991,18.667753,19.113955,18.563986,18.151136,17.640665,18.372843,18.188631,18.75926,18.918844,18.756239,19.078772,9.79255,6.520128,10.278691,7.8917975,6.7168326,7.186567,5.7636313,7.1609206,5.5444083,8.597997,6.807264,5.3726993,6.67324,4.6875052,7.4377456,3.7908556,2.435321,2.946772,2.5675015,5.5675826,1.6684145,4.1050134,2.321853,2.806577,2.554111,2.2945006,4.231817,2.19733,4.271312,4.4359183,3.93788,5.6367373,4.540128,7.553907,8.948873,9.312856,9.780145,17.79619,17.982985,18.270182,18.262629,17.611406,17.373007,16.907297,17.34773,17.538809,17.072016,17.097021,17.154432,16.326128,17.037905,17.193949,17.266954,17.151155,16.781858,16.844893,16.90241,18.067743,17.273783,16.617102,17.03523,16.777643,17.115969,17.098955,17.073149,17.007364,16.99753,17.047113,17.026201,17.015093,17.17122,17.125502,17.003069,17.100077,17.1393,17.07543,17.103895,17.184286,16.944715,17.10206,17.068823
23.347652,23.31507,23.269245,23.364784,23.311556,23.38249,23.400831,23.451632,23.299566,23.351162,23.258173,23.308323,23.21499,23.306171,23.365309,23.32667,23.301744,23.390718,23.406588,23.193256,23.274132,23.424097,23.225847,22.877188,23.33634,22.7954,22.820997,22.360018,23.460085,22.520319,23.47782,22.253212,22.943008,23.158756,22.808016,22.802761,22.759947,23.008524,23.342707,22.30976,22.23617,22.894873,22.884348,22.931952,22.767546,23.178904,23.058037,14.413167,11.174297,13.528298,10.839065,11.295594,9.907719,9.998435,10.096443,8.701007,11.746163,9.427714,8.718737,8.163498,7.29362,9.8745985,5.117919,5.6371746,5.001953,4.664021,4.6464443,1.2980928,3.5473769,1.6105335,2.8117516,2.0372846,2.1919675,4.8302155,2.067883,4.439237,5.0775194,5.3455467,6.8907976,6.9843264,10.271268,10.206967,12.571387,12.726613,22.12496,22.587393,22.329237,22.634493,22.524332,22.616112,21.724356,22.88418,22.83284,22.22249,23.49785,22.68943,22.385155,22.893461,22.646357,22.846697,22.95949,22.736834,22.16997,22.821474,23.28771,23.432892,22.758688,22.83387,23.085041,23.253338,23.290533,23.401464,23.238985,23.289795,23.311636,23.283876,23.258856,23.34743,23.312607,23.307081,23.330702,23.318007,23.256086,23.33111,23.441456,23.322287,23.283468,23.397638
23.988195,23.975733,24.004032,23.908298,24.01874,23.995333,23.99512,24.076519,24.014605,24.043444,23.913683,24.02527,23.976936,24.021215,23.900599,23.92428,23.999424,24.182507,24.03026,24.012098,24.014297,24.292238,23.210052,23.581783,22.945925,23.40749,23.837622,22.489656,24.701654,24.569536,24.5772,23.394949,24.534952,23.864153,23.545004,23.634356,22.96454,23.963232,23.540339,22.671263,23.7368,23.05628,23.803782,24.382261,24.617655,23.98358,23.934607,15.454174,11.261367,15.009449,11.015308,11.231944,9.648195,10.089936,8.96633,8.236388,12.201676,7.3086367,7.8921223,6.002809,4.7650766,8.858629,2.9741557,4.4410195,2.1372921,2.5621352,2.1930637,1.725336,5.4624867,1.4982747,3.5341659,2.2727334,2.9271705,6.6225557,4.0236526,5.7570844,5.749755,8.394123,9.800635,8.42151,11.84978,12.105829,13.417995,14.071043,23.154196,24.036285,24.091528,23.357832,23.778173,23.677286,23.34479,24.419012,24.790834,23.719353,23.436148,24.128845,23.75654,24.776953,24.504145,24.503366,24.126879,24.140821,23.534842,23.980593,23.749811,23.742659,23.601355,23.854227,23.832119,24.020317,24.002619,24.089586,23.896112,23.881075,23.935759,23.98442,23.92322,23.95975,24.014433,23.968756,23.95333,24.068518,23.9645,24.060324,24.052916,24.041876,23.920717,24.02965
25.247547,25.24615,25.249079,25.191301,25.245129,25.234917,25.204681,25.255863,25.262259,25.209566,25.161871,25.237476,25.242273,25.285267,25.199629,25.203873,25.211317,25.314034,25.265554,25.189722,25.23917,24.533173,24.27667,23.708038,24.17546,24.151909,23.64038,23.706442,24.23483,24.47118,24.182405,23.985188,24.559229,23.946825,24.320599,23.994549,23.738485,24.29432,24.352535,24.300844,24.255707,24.014061,23.639835,24.61017,24.365183,23.704994,24.547596,17.467402,12.951815,16.223577,12.408153,14.228231,11.908029,12.52992,9.913558,9.216687,13.676861,8.865014,10.540954,8.188055,7.0972443,10.3214855,4.9900618,7.0183835,3.8670065,3.4055994,2.007701,1.1580412,6.171727,0.8647387,5.007604,3.3874671,4.0360746,7.476557,5.2604055,7.6831055,7.5648837,9.454528,11.0453205,9.334191,13.705049,13.934515,15.941605,15.518816,24.356876,24.24486,24.769812,23.846836,24.0917,24.17083,23.341492,24.51181,24.680494,23.838886,24.38656,24.229073,24.448723,24.662834,24.883003,24.382618,24.227312,24.044424,23.517515,23.310753,23.739693,23.631693,24.329376,24.523266,24.86882,25.229235,25.31063,25.349966,25.154184,25.173801,25.212408,25.184574,25.188992,25.22302,25.190594,25.209908,25.190968,25.258991,25.150858,25.258665,25.252611,25.275455,25.214382,25.253403
24.777935,24.752731,24.764397,24.729498,24.739819,24.799755,24.774233,24.775593,24.76398,24.752985,24.683588,24.737246,24.745861,24.819756,24.741333,24.758041,24.771332,24.837727,24.859612,24.720196,24.800793,24.438198,23.889874,23.3458,24.132786,24.523853,24.010654,23.720533,24.241606,25.345503,25.323511,23.900599,24.910225,24.337975,24.146755,24.390926,24.015034,24.743294,24.277555,24.523205,24.216827,24.761688,23.999899,24.467833,24.450829,24.071012,24.214113,16.524117,12.290914,16.058067,12.202604,12.40272,11.421739,12.4728,10.59562,9.863946,14.305749,8.750112,8.363702,8.238598,6.552272,10.396409,3.8213792,4.771633,4.101606,3.8850613,2.7982864,1.223661,6.0955596,0.9295588,3.0859175,2.6475801,3.6074448,7.320742,3.5576134,5.526013,6.7230835,8.7287855,10.247505,9.284049,14.030714,13.85461,14.558268,15.337568,24.443356,24.615524,24.573997,24.05595,24.121185,24.634764,23.387228,24.287182,25.066074,24.205732,24.774492,24.12429,24.706696,24.97008,24.062916,24.420692,23.998741,24.361916,23.945992,23.538164,24.574768,24.004822,24.330608,24.28397,24.52853,24.764168,24.796059,24.833328,24.70208,24.75702,24.748993,24.790886,24.716175,24.734818,24.684011,24.715382,24.760706,24.741165,24.722569,24.783478,24.733177,24.795475,24.711514,24.763288
24.215935,24.13425,24.06346,24.189535,24.074226,24.189007,24.103926,24.303999,24.15732,24.277546,24.098772,24.164783,24.084194,24.051476,24.095165,24.15472,24.21555,24.198086,24.257671,24.100876,24.129723,24.101799,23.443096,23.6208,23.584778,23.352043,24.008816,23.476149,24.410997,23.691444,24.212168,22.959866,24.320126,23.18156,23.55775,23.087482,23.004576,23.66235,23.191185,23.316525,22.76448,23.51696,22.922518,23.51831,23.458534,23.540354,23.653328,13.8966255,8.528078,13.179518,9.046586,10.459021,8.30999,9.436522,8.856073,7.756514,12.681444,7.2271047,6.8438897,6.13744,4.6433573,8.688297,2.2285268,3.6115887,2.7082837,3.1889365,4.0581527,1.4441575,5.7150273,1.9011515,3.3991349,2.1355069,2.4709811,6.166198,2.409004,5.8162603,5.4360924,7.8179097,8.725553,7.58878,11.905811,11.536751,12.321671,12.04627,22.55273,23.6021,23.44888,23.490707,23.385006,24.156311,22.73935,23.965843,24.4363,23.246977,23.956924,23.404587,23.083168,24.575527,22.732563,23.971716,23.8196,23.7835,22.883999,23.830685,24.714764,24.123158,23.541367,23.917408,23.99718,24.165157,24.142944,24.1987,24.122303,24.113543,24.077856,24.158485,24.079042,24.140741,24.1288,24.106087,24.131773,24.186064,24.153233,24.173481,24.214516,24.09848,24.14645,24.15202
25.90539,25.902822,25.923038,25.924347,25.967068,26.003662,25.899485,26.027174,25.943428,25.9386,25.92152,25.958216,25.850084,25.937567,25.9002,26.017057,25.95576,25.953274,25.929258,25.918036,25.950441,24.6556,23.933184,24.617628,24.713026,24.350138,24.310144,24.359404,25.254332,24.947424,24.897455,24.16723,24.39716,24.539932,23.98694,24.011475,23.249117,24.549082,23.653526,23.660666,23.850475,24.116983,23.573622,23.755556,24.059568,24.278816,24.366034,15.985429,11.473577,15.728208,11.404907,14.096055,10.920247,11.9208975,10.812099,9.428202,14.274152,8.362887,9.785394,6.9609156,4.8013725,7.8588696,1.4807003,5.0513973,1.7126977,3.893678,1.9231403,1.4869435,6.8612657,2.5544631,5.975477,2.954336,3.424197,6.52256,4.3886766,8.011837,5.895549,9.946481,10.040912,9.291404,12.924165,12.594769,14.640081,14.010105,23.172224,24.049885,24.190657,23.800888,24.035023,24.452576,23.497038,24.350637,25.059671,24.551508,25.07195,24.559877,23.994324,24.724943,24.259422,24.422796,24.11191,24.51842,23.882555,23.753061,24.677927,24.312557,25.084068,24.69658,25.519405,25.897427,25.980808,26.061354,25.868942,25.925318,25.881685,25.939648,25.921955,25.900969,25.875902,25.945356,25.911457,25.945955,25.889278,25.924416,25.969843,25.978384,25.961327,25.951994
23.526497,23.347448,23.359024,23.518362,23.275494,23.474358,23.412054,23.720287,23.44929,23.498096,23.40995,23.496742,23.443855,23.322834,23.444633,23.471218,23.446785,23.519958,23.53543,23.450499,23.401386,22.247585,21.787516,22.280668,22.916765,21.702198,22.7861,21.958136,22.438417,21.63184,22.207111,21.278622,22.531958,21.287481,21.536003,21.224192,21.019253,21.672935,21.633942,21.197805,20.92244,21.128403,21.785862,22.003086,21.882118,21.8499,22.255455,12.311549,6.07224,11.563998,7.123357,8.912776,6.831786,6.823086,7.6173086,5.0273733,9.930964,5.2612333,6.438615,3.9352312,2.765357,5.5015154,1.6847707,3.5481904,1.2287418,3.2857478,4.2274733,1.6954498,5.987361,3.1502953,5.424775,3.4433546,3.3078258,5.7208614,3.6823514,7.343766,5.793208,7.8342524,8.090535,7.7082148,10.925397,10.316869,11.802638,11.065127,20.617176,21.046207,21.954178,21.496935,21.369446,22.108053,21.04071,21.911915,22.295843,21.64958,22.4458,21.682804,20.578445,22.2757,21.047894,22.079624,21.62389,21.67686,22.0388,22.200306,22.372917,21.979282,21.711885,22.621239,23.101048,23.434238,23.494553,23.446075,23.371288,23.415838,23.421293,23.458458,23.501308,23.458202,23.418777,23.445595,23.52031,23.47506,23.385765,23.494932,23.613218,23.383774,23.370178,23.480755
24.663801,24.645811,24.62602,24.636587,24.619196,24.59313,24.632252,24.667942,24.660921,24.639738,24.52899,24.672441,24.620848,24.597807,24.610247,24.681292,24.625017,24.737803,24.691704,24.605478,24.617495,23.33056,22.193144,23.101028,24.550352,23.7147,23.32556,23.191114,24.04328,24.122091,23.015848,22.337877,23.872828,23.28517,22.963926,23.117819,23.086699,22.947058,23.053999,23.357483,23.200968,23.61061,23.295786,23.164927,23.77212,23.485327,23.608461,14.9581375,9.878468,13.6878,7.3738194,11.1341095,7.9987555,9.473166,7.450185,5.0912967,10.68181,4.606675,6.675689,4.824299,3.75819,6.2173753,0.6103365,5.2474675,3.0296016,5.1118135,3.8562958,2.221267,7.0767183,2.8387027,5.139366,2.7725356,3.851415,6.948842,2.7794416,7.4986696,6.193495,9.563343,9.063931,7.9911604,12.856038,11.322033,13.20521,13.243898,23.075254,23.621656,23.624521,24.059435,23.913069,24.524548,23.286215,23.990252,24.18888,23.72432,23.920786,23.607893,23.204958,23.897894,22.313227,24.481806,23.223589,24.015596,23.73519,22.803646,23.826468,23.55477,23.444973,23.773722,24.534506,24.586634,24.66094,24.69304,24.672073,24.708315,24.588923,24.70518,24.616673,24.591606,24.552174,24.554747,24.654978,24.642471,24.615725,24.606398,24.619272,24.688375,24.602346,24.68904
23.364431,23.295118,23.315077,23.33809,23.3817,23.375944,23.33561,23.397549,23.398485,23.309092,23.246428,23.389893,23.366335,23.314186,23.307076,23.394611,23.327581,23.396114,23.360094,23.272015,23.329134,23.311874,23.452393,23.311827,24.016024,23.88737,23.78921,23.14678,24.13637,23.76283,22.970936,22.623293,23.844954,23.533392,23.515245,23.491217,23.3327,23.408287,24.047384,23.10666,23.268726,23.689474,23.106337,23.47871,23.525198,23.834852,24.123102,15.373942,11.389028,13.745692,9.742216,12.542882,10.326004,12.178281,10.920526,9.754922,13.306144,9.632857,12.282851,9.516264,9.212886,10.718825,6.388846,9.979676,6.5853972,8.472365,6.2446556,3.9247606,7.5219254,2.9054146,5.0952477,1.6767406,1.5804904,4.9126663,0.8137238,5.5414076,2.773963,6.895458,7.0713086,6.5193014,12.0299,9.871073,13.227536,13.018554,23.161404,23.769743,23.4533,23.465784,23.491247,24.15346,23.401031,24.079817,24.455229,23.556307,23.90801,23.429358,23.087172,23.623251,22.72907,24.073174,22.793154,24.200369,23.544827,23.370039,24.005888,24.291605,24.221767,23.309277,23.63685,23.301468,23.342752,23.324774,23.407497,23.333895,23.33832,23.423956,23.375202,23.220774,23.311749,23.319557,23.271763,23.334753,23.301867,23.358295,23.375805,23.34548,23.248938,23.357452
23.645603,23.537802,23.554464,23.551985,23.570553,23.668,23.602268,23.5741,23.628433,23.523792,23.415218,23.582504,23.541265,23.531887,23.55774,23.576328,23.556309,23.63845,23.691904,23.47239,23.558617,22.467278,22.467102,21.743294,23.204144,22.641975,23.033766,22.3335,22.804312,22.683321,22.135967,21.539663,22.862602,22.564411,21.48681,21.760794,22.20757,22.571888,22.519323,22.210953,21.72903,22.068203,22.043818,21.9514,22.030178,22.241688,21.739016,13.227433,10.020689,13.529495,9.205988,10.782159,9.32152,10.168468,8.442624,7.6058135,11.968836,7.0050335,7.2466974,6.386158,6.942514,10.150635,4.1499567,7.448521,4.9852653,5.3219624,4.30211,1.9680858,5.882124,2.212432,2.2437222,1.4027699,1.5485865,5.762442,2.2632036,5.0290365,4.0486646,6.7961373,6.627532,5.8526306,11.062949,9.505128,10.819968,10.923033,21.433636,22.172989,22.365345,21.509233,21.982403,22.566559,21.761581,22.37699,22.764065,21.647678,21.978043,22.21739,21.947937,22.826038,22.048906,23.04446,22.203144,22.788877,22.524933,22.373354,22.75895,23.18037,22.015638,22.39193,23.160545,23.553165,23.533802,23.588575,23.592855,23.568928,23.575563,23.589973,23.462961,23.472412,23.541965,23.484867,23.532156,23.549942,23.526106,23.543344,23.607819,23.525105,23.52789,23.560692
21.886152,21.91424,21.85124,21.82818,21.861078,21.884417,21.868118,21.876202,21.766619,21.833605,21.856556,21.787493,21.770292,21.828592,21.876024,21.966665,21.850582,21.939789,21.96392,21.751284,21.926434,22.404596,21.97687,21.689512,23.039705,22.166727,22.754753,22.124996,22.613024,23.367367,22.456163,22.412691,22.556467,22.598505,22.254652,22.300364,22.777807,22.765871,23.040205,22.750858,22.223501,22.94428,22.49903,22.768824,22.071264,22.433458,22.330847,14.224722,9.829277,12.997152,9.554892,10.614992,9.424028,10.6530285,9.724827,8.435629,10.886618,6.935184,8.32796,7.136496,7.4485884,8.807026,5.6084886,7.545416,5.193742,6.0903006,5.400545,2.0330813,4.9511995,0.7804034,2.770135,2.1179652,2.342515,4.211318,2.566909,5.62516,5.0322666,6.3259397,8.229387,6.8787246,10.988325,9.260638,12.30736,11.937296,22.43721,22.560455,23.11717,22.363522,22.79746,23.37043,22.277975,23.081028,22.341291,21.293468,21.826271,21.671532,21.522379,22.549366,21.77479,22.636946,22.073256,22.805527,22.071926,21.29814,22.082882,22.348028,21.424465,21.803335,21.787512,21.981321,21.860432,21.796251,21.958136,21.844242,21.882826,21.847569,21.890406,21.73945,21.815313,21.834362,21.883587,21.86107,21.894299,21.845251,21.897964,21.940283,21.787132,21.914026
22.674301,22.618855,22.649307,22.692024,22.695316,22.698143,22.674252,22.704086,22.686153,22.680744,22.587082,22.650578,22.660746,22.639633,22.646137,22.72956,22.653526,22.675316,22.706005,22.592793,22.647076,22.47266,22.757454,22.534782,23.614841,23.123035,23.15168,22.886839,23.667759,23.442196,22.749172,22.225887,23.374428,23.1319,23.04263,22.847374,23.241478,23.234867,23.59447,22.926105,23.16449,23.405048,22.848278,22.847523,22.979181,23.39722,23.691643,15.3930235,11.6606,14.493611,10.375837,12.350443,11.101836,12.199145,11.151162,9.183272,13.274746,9.830402,11.298651,9.310661,9.185296,10.9260645,5.6965523,9.578759,6.8407817,7.5450516,5.8910084,2.9174516,6.861857,2.710116,4.77028,1.6009243,1.7505409,4.956681,0.8436744,5.473217,3.2901723,6.3723245,7.018323,5.303305,11.752551,10.3341055,12.809372,12.294329,22.91993,23.12922,22.83512,23.088772,23.088654,23.46505,22.76997,23.119652,23.37595,22.782272,23.065866,22.370163,22.227264,22.468777,22.16444,23.027962,22.14348,22.708817,22.527054,21.824902,23.166265,23.110073,22.69533,22.305653,22.749556,22.658499,22.63979,22.660545,22.633759,22.648495,22.642649,22.753244,22.6393,22.593456,22.621597,22.624413,22.639538,22.684593,22.649277,22.651123,22.72893,22.673473,22.63462,22.67408
24.771427,24.703485,24.798866,24.823238,24.827053,24.7607,24.786867,24.79881,24.784592,24.71064,24.664677,24.720474,24.675364,24.685728,24.796717,24.83023,24.72539,24.74546,24.857695,24.698643,24.779312,23.929379,24.429144,23.852966,24.644855,24.580046,24.615799,24.8725,24.949064,25.156612,24.38594,23.660984,25.029682,23.896355,24.017017,24.368103,23.743374,24.055803,24.52441,24.513538,23.82156,24.860989,24.078222,24.029305,24.32527,24.126081,24.277586,15.473375,10.205199,13.538786,10.082825,13.573654,9.277179,12.792795,9.584243,8.877348,13.640551,7.942289,11.844389,8.741089,9.307743,10.926449,5.7496686,10.720373,6.0170045,8.479612,5.849761,3.4797096,7.825616,2.321351,6.2466774,2.6032739,2.162105,4.959009,0.6327133,6.047109,2.125,7.3899636,5.387867,5.3887234,12.145533,9.109866,12.900472,13.151987,23.804497,23.939087,23.929823,24.213343,24.071465,25.01416,23.936787,24.48471,25.423199,24.010832,25.060032,25.229843,24.155167,24.73062,23.876442,25.217548,23.967234,25.08648,24.219204,24.292244,25.038277,25.077492,24.709019,24.465149,24.703308,24.741447,24.732403,24.7542,24.788841,24.780937,24.72464,24.786362,24.75019,24.709517,24.70538,24.682413,24.748936,24.73782,24.718407,24.744614,24.897022,24.760906,24.746483,24.744354
22.40213,22.399092,22.402845,22.403858,22.468266,22.407724,22.409758,22.46236,22.459295,22.447018,22.35615,22.449268,22.425438,22.389053,22.391739,22.475807,22.35334,22.434557,22.434053,22.38438,22.392128,21.959393,22.402615,22.593166,22.878212,22.811794,22.95557,22.002563,22.634428,22.746292,21.858467,21.793404,22.573174,22.903984,22.430912,22.996662,22.327919,22.32453,22.770914,22.114033,22.039333,22.515577,21.98261,22.396399,22.596195,22.67275,22.679874,15.907916,11.793325,13.561353,10.928195,12.761496,10.754028,11.574175,11.194222,10.212713,13.551253,11.216981,12.304706,11.097901,10.047041,11.846039,8.150339,11.291469,7.858251,9.063639,6.6543107,4.6226935,8.0426655,4.030125,5.0190907,2.766888,0.5273747,3.8555114,1.7364588,5.188017,2.2764983,6.691894,6.8990536,6.0540133,12.041582,10.353504,12.96451,13.057017,22.045084,22.063587,22.534702,22.259571,22.074278,22.94074,22.234379,22.95966,23.521774,22.810116,22.431007,22.474043,21.444027,22.055088,22.429663,22.466364,21.817421,22.827242,22.375053,21.953737,22.872398,22.91538,22.722925,22.287037,22.359966,22.42858,22.413126,22.45067,22.394873,22.356674,22.441637,22.432262,22.418205,22.384804,22.361912,22.38419,22.396412,22.411375,22.408237,22.455122,22.53175,22.405796,22.443785,22.383728
25.531712,25.482521,25.546005,25.559177,25.545692,25.589989,25.503029,25.56728,25.48083,25.568295,25.483398,25.438145,25.525286,25.497875,25.521904,25.560097,25.50093,25.572815,25.569424,25.432503,25.47509,25.882875,26.337267,25.797472,26.906586,25.873407,26.35981,26.120838,25.92809,25.940594,25.952814,25.098671,25.617018,25.88142,25.45158,25.649431,25.380651,26.179031,26.114784,26.167099,24.798058,26.013762,25.976248,25.33878,24.893742,25.719154,25.778057,17.182741,12.801027,15.626781,12.651941,15.1119175,12.571722,13.7608595,12.770702,10.370262,13.369692,10.336674,12.8447,10.628902,9.821403,11.56313,7.7986875,11.106675,6.5213003,7.7835674,6.581578,1.7685436,4.6600866,1.2082223,5.193237,3.1453896,0.9978776,3.759066,2.649661,8.439183,5.3053555,7.7476296,9.564672,7.781909,12.097338,12.653095,15.92773,13.678721,24.633722,25.264328,26.283993,25.697132,25.312057,25.528389,25.476254,25.482834,25.591228,24.98432,25.340391,25.935703,24.50639,25.561356,25.196896,26.094162,24.563875,25.666656,25.410007,24.82149,26.212954,26.057339,25.396353,25.437782,25.537209,25.51954,25.520437,25.500832,25.519035,25.497149,25.520634,25.509901,25.50328,25.522585,25.4482,25.504272,25.521614,25.54301,25.53268,25.55584,25.573425,25.524666,25.515366,25.53378
4.8520303,4.8520303,4.8520303,4.8520303,4.8520303,4.8520303,4.8520303,4.8520303,4.8520303,4.8520303,4.8520303,4.8520303,4.8520303,4.8520303,4.8520303,4.8520303,4.8520303,4.8520303,4.8520303,4.8520303,4.8520303,4.8520303,4.8520303,4.8520303,4.8520303,4.8520303,4.8520303,4.8520303,4.8520303,4.8520303,4.8520303,4.8520303,4.8520303,4.8520303,4.8520303,4.8520303,4.8520303,4.8520303,4.8520303,4.8520303,4.8520303,4.8520303,4.8520303,4.8520303,4.8520303,4.8520303,4.8520303,4.8520303,4.8520303,4.8520303,4.8520303,4.8520303,4.8520303,4.8520303,4.8520303,4.8520303,4.8520303,4.8520303,4.8520303,4.8520303,4.8520303,4.8520303,4.8520303,4.8520303,4.8520303,4.8520303,4.8520303,4.8520303,4.8520303,4.8520303,4.8520303,4.8520303,4.8520303,4.8520303,4.8520303,4.8520303,4.8520303,4.8520303,4.8520303,4.8520303,4.8520303,4.8520303,4.8520303,4.8520303,4.8520303,4.8520303,4.8520303,4.8520303,4.8520303,4.8520303,4.8520303,4.8520303,4.8520303,4.8520303,4.8520303,4.8520303,4.8520303,4.8520303,4.8520303,4.8520303,4.8520303,4.8520303,4.8520303,4.8520303,4.8520303,4.8520303,4.8520303,4.8520303,4.8520303,4.8520303,4.8520303,4.8520303,4.8520303,4.8520303,4.8520303,4.8520303,4.8520303,4.8520303,4.8520303,4.8520303,4.8520303,4.8520303,4.8520303,4.8520303,4.8520303,4.8520303,4.8520303,4.8520303
23.294321,23.268473,23.265257,23.29362,23.281916,23.35245,23.339682,23.33488,23.256968,23.243357,23.289602,23.258831,23.24476,23.325008,23.31165,23.347845,23.263262,23.319399,23.31256,23.222528,23.306232,22.541761,22.394316,22.628183,22.311708,22.436964,22.146673,21.9605,22.449743,22.098404,22.588236,22.427866,22.476053,21.945227,22.13341,22.900927,22.182272,22.222761,22.88944,22.538702,22.146246,22.35734,22.619936,22.750723,22.527273,22.146002,22.45099,15.845022,11.553855,13.682586,11.104503,12.441545,10.616847,10.65,10.7442045,9.310921,11.962208,8.328158,8.887387,8.94098,7.0023837,8.98149,4.9417086,6.2251334,3.699448,3.3112168,4.2565284,2.7836087,4.2141232,0.5033926,2.9101844,2.9818566,3.062592,3.7807653,3.0623727,5.9517245,5.0197763,6.4234667,8.43667,9.559644,11.0836115,10.360701,13.356292,15.255773,22.408272,21.984404,22.757872,21.989573,22.033007,21.779593,21.876001,23.025877,22.859362,21.47526,22.53245,22.367632,22.242262,22.280655,22.814127,22.335981,22.328375,21.84738,21.765047,22.271399,22.226389,21.846857,22.104864,22.638863,22.69813,23.217642,23.291525,23.363585,23.264719,23.251593,23.254004,23.233194,23.237387,23.325106,23.277052,23.316305,23.326244,23.277317,23.244442,23.304281,23.331156,23.295221,23.293465,23.305948
22.741241,22.723955,22.631598,22.64936,22.639498,22.773802,22.709034,22.763266,22.658241,22.611065,22.536707,22.675985,22.630737,22.65374,22.672632,22.68404,22.606176,22.75851,22.72312,22.533653,22.63247,22.340096,21.385155,22.028576,22.253225,22.328176,22.109783,21.550388,22.719358,21.960995,23.26057,22.248451,23.462315,22.328114,22.46788,22.111296,22.666395,22.760302,21.661226,21.96389,21.51184,21.882246,22.869267,22.35722,22.605736,21.881088,22.1852,14.462841,10.513617,13.1274185,8.33257,9.876204,8.529236,7.1601954,8.927383,7.0228558,11.017792,5.429713,4.502132,5.899766,3.2411199,6.7000885,2.3688369,2.7213557,3.5025573,1.3463295,5.391355,1.6212677,6.3472037,2.7933156,1.6861008,4.521867,4.460312,6.496797,4.6389556,5.930942,8.401669,6.091364,8.881439,9.405815,12.352938,10.60099,12.766525,14.16259,22.050158,21.748827,22.770332,21.913,22.794086,21.975887,22.226383,23.099583,23.76462,21.35659,22.375149,22.188244,23.262619,22.763863,22.354698,22.828682,23.4578,22.68656,22.80252,22.272295,22.81425,21.721706,21.397617,22.008816,22.196512,22.669777,22.636974,22.81609,22.617275,22.618895,22.664822,22.617914,22.547752,22.678724,22.669638,22.667677,22.665035,22.632084,22.67746,22.66497,22.658009,22.610737,22.695766,22.699326
26.384562,26.306149,26.36158,26.361765,26.37352,26.448057,26.341644,26.507133,26.370161,26.303883,26.362186,26.340094,26.264393,26.353699,26.323032,26.411226,26.316465,26.414137,26.337591,26.30994,26.365074,24.73527,24.609993,24.414898,24.944143,23.925173,23.971577,24.366629,24.52501,23.668703,25.202133,24.103453,24.57085,23.569656,23.56524,23.493647,23.779495,23.749336,23.053333,24.159369,23.093845,23.577679,23.951048,23.811075,23.99342,23.542767,23.297226,15.152953,11.203979,13.666938,9.505784,13.097125,9.455448,9.400633,9.991121,8.096412,11.968484,6.723037,6.6667724,6.471072,4.066887,6.8077016,1.2377862,5.0249267,2.0715868,1.3588136,4.4309845,1.7958522,6.896354,2.5659103,4.233668,4.6082177,5.014808,6.2260447,4.933992,8.305072,6.898472,8.386454,10.362824,10.479627,13.0789795,12.584495,13.591414,15.155946,23.534782,23.482471,24.249577,23.854597,23.941023,23.79877,23.597818,24.210575,25.232714,23.462833,24.672699,24.50489,24.313803,24.371675,24.111538,24.270708,24.403389,24.174057,24.23005,24.336674,25.253935,24.249128,24.270857,25.236467,25.607988,26.330801,26.390285,26.521164,26.271706,26.281849,26.314548,26.252396,26.323324,26.404222,26.365137,26.346872,26.333435,26.395985,26.340553,26.357624,26.439487,26.350021,26.3741,26.347849
17.968464,17.987617,17.938744,18.097023,17.856506,18.02665,17.983994,18.293636,18.067448,18.013733,17.90741,17.984653,18.002563,17.915764,18.06073,17.962872,18.036308,18.149265,18.13018,18.022205,17.936123,17.698383,16.97105,16.935173,17.52687,16.845917,17.296032,15.900948,17.136288,16.076935,17.679901,16.974167,17.9011,17.05302,16.848396,17.038914,17.554153,17.252117,17.095608,16.963383,16.321259,17.21933,17.554134,17.805164,17.294502,16.713787,17.251095,9.098497,6.291952,8.675035,6.3492503,5.517883,5.7723427,4.009726,6.031177,4.2160096,6.39088,5.006664,3.2423491,4.3332105,3.049604,4.106851,2.092569,1.5859716,2.3221064,2.0797133,5.130943,2.0060368,4.678248,3.3754144,3.0145583,4.7716556,4.6620717,4.785377,4.570855,6.0270233,6.9182887,5.971782,6.9829516,7.0851283,8.235661,8.59095,8.219297,9.37347,16.33699,16.280338,17.158012,17.002876,16.62067,16.620522,16.520649,16.645329,17.26033,16.22152,16.104496,16.70406,16.007072,16.49329,16.38971,16.666313,16.998047,16.495594,17.506363,16.952374,18.140919,16.86618,16.1955,17.61457,17.468395,18.060074,18.00175,18.06625,17.90778,17.971584,17.989143,17.92101,17.96777,18.119484,18.061375,17.965466,18.091888,18.046356,17.951008,18.058647,18.108257,17.919258,17.954643,18.04469
25.379915,25.392237,25.400175,25.388632,25.415323,25.426863,25.39284,25.450369,25.370234,25.315224,25.319777,25.356379,25.345808,25.35823,25.36434,25.449827,25.319529,25.456488,25.439302,25.293457,25.35064,24.056389,23.691698,23.65522,23.521112,23.510513,23.295515,23.7875,23.93284,23.26119,23.531523,23.583984,24.061977,23.082657,23.343122,23.665731,22.95416,23.026663,23.17422,23.598839,22.53075,22.911264,23.58215,23.649742,23.614851,23.191786,23.627363,16.202242,11.35644,13.742949,10.549685,13.314695,10.933601,10.289877,10.53375,8.537703,12.029625,7.8241735,8.445831,8.595599,5.895337,8.8174,3.9434948,7.206656,3.8933744,2.2652996,4.477539,1.3677713,5.075622,1.0080563,2.493539,3.6339972,3.0704103,5.3966355,2.965444,7.7306437,7.0116496,6.471698,9.951167,10.494021,13.101692,11.833792,14.39753,15.777439,23.631708,23.35656,23.952934,23.92003,23.953276,23.327509,23.536266,24.41427,24.860485,23.546051,24.34728,24.527521,24.332357,24.195791,23.601427,24.338228,24.097055,23.088438,23.471788,23.596104,23.993135,23.45282,23.363605,24.279718,24.58718,25.345602,25.372156,25.49677,25.360363,25.341146,25.360764,25.358488,25.325876,25.400492,25.441835,25.380663,25.370663,25.37695,25.311419,25.372053,25.465662,25.40278,25.37786,25.412235
18.161352,18.24268,18.241982,18.416676,18.229353,18.348705,18.220583,18.44477,18.318132,18.28297,18.134193,18.27184,18.23827,18.196999,18.317118,18.271004,18.307253,18.359638,18.387209,18.239204,18.239674,18.016132,18.265371,18.378681,17.918098,17.658966,17.835695,17.332752,18.511093,17.358963,18.230639,17.458529,18.134247,17.72059,17.579906,17.835598,17.79079,17.784853,18.507633,17.634527,17.66882,17.971285,18.236492,18.72534,17.829613,18.0457,18.398354,10.624398,6.873833,9.454509,7.505118,6.883847,6.982405,6.2162023,7.511536,6.247626,8.257102,7.061991,5.704125,6.1992536,5.7823157,6.749474,4.969034,4.3287835,4.246179,3.6089084,5.0710874,2.3820493,3.9715123,2.4162586,2.0482357,2.388625,1.7440705,2.8395813,1.954376,3.363343,3.5449626,3.1982982,5.053778,5.200091,7.522059,7.919114,9.237674,10.593329,17.63417,17.652042,18.249746,17.910398,17.746128,17.928497,17.363789,17.873491,17.930706,17.376133,17.415949,17.628016,17.516378,17.50659,18.220442,17.55013,17.839235,17.363329,17.753914,17.821918,18.445032,18.110275,17.222103,18.05085,17.99031,18.305195,18.185314,18.219852,18.280285,18.204483,18.20079,18.217556,18.20969,18.287693,18.362366,18.222221,18.257572,18.32042,18.224876,18.25198,18.381384,18.195454,18.213001,18.301388
24.975254,24.956673,25.04509,24.955742,25.031189,25.049904,24.93739,25.063599,24.986725,24.927456,24.927288,24.983501,24.91439,24.96236,24.954216,25.044838,24.959812,25.128944,25.144947,24.95203,24.968025,24.285885,23.933357,23.808327,23.450592,24.047062,23.69334,23.95855,24.694199,24.050903,23.993187,23.581615,24.110096,23.265884,22.83422,24.032337,22.46838,23.147999,23.401756,23.305286,22.694672,22.474861,23.776485,23.623272,23.562992,23.24326,23.509811,16.14397,11.420253,13.4099,10.327804,12.331554,10.901539,10.877121,9.580219,8.4879875,11.275149,8.652575,9.171697,9.000259,7.50044,9.835412,4.7392564,7.6045957,4.883598,2.8959436,3.3174946,1.2275352,4.3646374,1.3136601,2.5613809,3.0576591,2.8637831,5.2630053,2.0920775,6.3503513,6.1351686,6.3696146,8.775922,9.274828,11.917616,11.783809,14.059101,15.610695,23.605034,23.997868,24.03294,23.75673,24.386185,23.553577,23.384453,24.565506,24.780499,24.01873,24.455437,24.97433,24.22752,24.763737,23.54916,24.094494,23.800701,23.198338,23.51482,23.889397,23.882248,23.644402,23.126122,24.179943,24.275711,24.984535,24.932499,25.077244,24.946709,24.919228,24.978687,24.973915,24.928646,24.991478,25.096165,24.99495,25.000496,25.042145,24.951954,25.011189,25.146347,25.054909,24.953346,25.08091
22.327133,22.301308,22.326492,22.373014,22.302223,22.37336,22.301147,22.396896,22.288586,22.335587,22.279297,22.283691,22.312468,22.331413,22.323112,22.287254,22.296228,22.457085,22.451462,22.268513,22.254501,22.255817,21.19825,21.659473,21.082777,21.67761,21.22012,20.45089,22.176249,21.676422,22.756804,21.565008,22.632238,21.3745,20.771667,22.268574,20.941212,21.301777,21.56531,21.398922,20.965275,21.080725,22.22506,22.005943,21.764347,20.780283,21.486261,13.6666565,9.731025,11.186785,8.137162,9.663406,8.175362,7.873253,8.070209,7.2266455,9.206178,6.368223,6.266286,7.008957,5.5107527,7.365015,3.9884484,4.5504713,3.4387786,1.9583085,3.0427797,1.7207302,4.3240137,1.1062032,2.2784908,3.7449617,3.3125665,4.6672845,3.5679543,4.830034,5.7320843,5.6820803,8.015814,7.7611895,10.227524,10.096062,11.813344,13.350641,20.584969,21.1353,22.057453,20.928146,21.72274,20.910425,21.167404,21.88713,22.090427,20.3485,21.229053,21.851446,21.65877,21.671171,21.471909,21.292614,20.885963,21.086832,21.445911,21.35813,21.554329,20.795502,21.19697,21.499073,21.663124,22.29971,22.303007,22.405996,22.375267,22.262093,22.321672,22.213173,22.278826,22.310396,22.34248,22.300097,22.317621,22.38694,22.216492,22.381653,22.419962,22.274582,22.25962,22.3908
23.306433,23.279535,23.369112,23.415983,23.217691,23.451681,23.330404,23.495863,23.396624,23.290888,23.285099,23.273628,23.29799,23.28705,23.345552,23.334063,23.347803,23.408064,23.485123,23.23967,23.283026,22.118177,22.39758,22.092714,22.108215,22.055864,22.017744,21.35872,22.641924,21.559446,23.201017,21.313395,22.499702,21.791912,21.623463,22.03441,21.532707,21.740011,21.753305,21.723692,21.312727,21.588427,22.602905,22.111303,22.3337,21.587976,21.790453,13.489326,8.856444,11.9360075,8.376888,9.523193,7.279688,7.824523,8.10832,6.071864,10.395833,5.6942797,4.851506,5.4837103,4.280897,7.2253437,2.509715,3.7753706,2.2162032,1.7746677,5.119918,1.4333094,5.745406,1.8797762,2.4358327,3.4548194,3.6872852,5.74673,3.5902433,5.9534073,5.8603973,6.3712635,8.205971,7.8285303,11.2938595,10.331546,11.558198,13.877854,21.565233,21.883865,22.897568,22.558762,22.209005,22.87248,21.74402,22.177841,22.635214,21.337137,21.688251,21.788412,21.863031,22.08809,21.813187,22.094404,21.714083,21.773508,22.244825,21.310041,22.648067,21.823254,21.271427,22.550362,22.702112,23.445135,23.324957,23.421412,23.243345,23.295954,23.392927,23.285063,23.263733,23.337532,23.366663,23.302202,23.431778,23.42963,23.315157,23.385492,23.454067,23.310385,23.244812,23.376984
18.795345,18.825298,18.746702,18.872627,18.68147,18.84264,18.75658,18.879028,18.831799,18.852692,18.691063,18.755604,18.737013,18.767082,18.8681,18.724594,18.847404,18.898048,19.001425,18.758102,18.733183,18.3749,18.074133,18.09118,17.7217,17.861134,18.088915,17.107573,18.472033,17.731348,19.159363,18.235764,18.88224,18.309334,17.990131,18.557,18.556673,18.652464,18.641472,18.407413,17.581928,18.14303,19.167702,19.141008,18.64365,18.192104,18.839022,10.623941,7.242401,9.709234,6.8720207,7.0446014,6.5700245,6.063959,7.163662,5.5829506,8.300201,6.221346,4.659933,5.3672924,4.7078667,6.5863094,3.3430805,3.0286713,2.9078388,2.0881424,4.373001,1.5208704,3.8487713,1.9269485,2.1702158,2.816823,3.6809466,4.1330624,2.9898014,4.381196,4.6632366,4.7952156,5.6652374,6.0873604,8.4354,8.315205,9.31555,10.7150135,18.087301,18.716356,18.798279,18.892595,18.168777,18.383747,17.92048,17.923014,18.424183,17.471882,17.24889,17.736595,17.70787,17.578243,17.669683,18.029669,17.478327,17.38451,17.880295,17.114407,18.409695,17.6003,17.130852,18.182272,18.095354,18.877539,18.796879,18.861767,18.801561,18.78378,18.757366,18.727793,18.725365,18.787457,18.814579,18.759262,18.853367,18.841072,18.811941,18.84354,18.810658,18.68473,18.772638,18.837097
25.651793,25.683592,25.72051,25.657549,25.679121,25.694296,25.698526,25.70864,25.687231,25.644815,25.633482,25.634989,25.642286,25.666086,25.724146,25.742815,25.63849,25.700468,25.74608,25.585558,25.720339,24.886515,24.355204,23.83264,23.781315,24.321001,23.901876,24.151531,24.916037,24.599268,24.391237,24.62258,24.803068,23.962404,24.029207,24.160242,23.850622,24.160933,24.183004,24.166231,23.738214,23.878674,23.87839,24.404066,23.949293,23.775276,24.532293,17.284876,12.990896,15.112168,12.51779,13.189713,13.068214,12.260814,12.070347,11.250317,14.455164,10.843971,9.62937,10.214838,7.8686633,11.22583,5.724435,7.289266,5.7016234,2.1831849,4.2614384,1.6060278,5.0693946,1.2072546,1.6537802,2.837289,2.663837,6.4478273,3.390838,6.3653264,7.203978,6.2101145,10.372957,10.5616255,13.148858,13.179714,14.169069,15.766039,24.351274,24.515696,24.849009,24.153559,24.461264,23.974524,23.635817,24.550722,24.70888,23.821096,24.070862,23.75091,24.187513,24.354216,23.905928,23.967203,24.086405,23.249975,22.907404,23.602682,23.78008,23.885366,23.82266,24.775747,24.997988,25.683783,25.679358,25.76433,25.662565,25.682653,25.643114,25.67528,25.599451,25.694502,25.71623,25.734201,25.711908,25.645658,25.595407,25.705954,25.72656,25.720861,25.677893,25.699041
20.411661,20.432493,20.50371,20.589453,20.360289,20.600061,20.444494,20.68498,20.531336,20.519896,20.430807,20.467138,20.47605,20.440462,20.5246,20.493692,20.521807,20.570147,20.596857,20.427794,20.44438,19.344809,19.496187,19.120165,19.329176,19.239939,19.30916,18.812136,20.24679,18.679121,20.41688,19.19401,20.05705,19.532213,19.334448,19.463255,19.282106,19.724966,19.653402,19.322733,19.32517,19.446562,20.228712,20.179396,19.892778,19.725714,19.823153,12.180178,7.9461045,10.695574,7.7884383,7.608543,7.3196464,7.05028,7.860986,5.9451976,9.471983,6.6185794,5.0511174,5.658279,4.7320294,6.9016128,3.1249413,3.1187997,2.7528324,2.1574452,4.9216943,1.1881068,4.4752088,2.3712277,2.0063882,3.2369006,3.1823754,5.021465,3.1018262,4.931826,5.4784856,4.967936,6.5487256,6.323788,8.949717,8.97682,9.796373,11.552389,18.856134,19.123621,19.633493,19.53406,19.223085,19.595953,19.014181,19.07084,19.333101,18.776342,18.779177,19.129957,18.704935,18.912764,18.583826,18.763903,18.743456,18.646303,19.16395,18.29635,19.671587,19.160574,18.05865,19.581919,19.849195,20.589865,20.450758,20.509943,20.448381,20.4465,20.497114,20.485289,20.420382,20.503565,20.61254,20.452887,20.588076,20.607203,20.520533,20.53404,20.62528,20.424906,20.436567,20.562822
27.374468,27.337593,27.454987,27.41666,27.458729,27.456512,27.362017,27.49368,27.412577,27.381628,27.372887,27.335056,27.327168,27.392345,27.425797,27.492008,27.349735,27.445112,27.426073,27.36633,27.445461,25.225662,24.597404,24.799519,25.093636,24.8177,24.167229,24.81482,25.07471,24.144129,25.08374,24.689648,25.24688,24.155949,24.0412,24.49113,23.91455,24.46281,23.863901,24.871836,24.3208,23.997883,24.707342,24.52243,24.452185,24.035599,24.069723,15.883409,11.476653,13.679557,10.027684,13.481907,10.685486,10.071525,10.581813,8.684766,12.82726,7.214595,7.219492,7.9140406,5.000986,8.203093,2.062772,5.8178654,3.0957043,1.082309,3.816946,1.8749325,6.4944434,1.7722418,3.0461404,4.3371105,3.3069553,6.37124,3.6228046,7.0425363,6.1807218,6.7678885,10.129174,9.421157,12.563878,11.883639,13.230344,15.746247,23.744572,24.339481,24.908901,23.860107,24.701408,23.958595,24.041573,24.534487,25.545229,23.897621,25.12535,25.19125,24.724064,24.899555,24.055517,24.415895,24.18417,24.365528,24.08834,24.3488,25.189758,24.533249,24.603678,25.679855,26.457203,27.376041,27.41566,27.52409,27.390629,27.374395,27.302841,27.357128,27.316866,27.448202,27.405807,27.404816,27.366655,27.45487,27.406036,27.444412,27.511263,27.43792,27.4604,27.368578
21.565138,21.561472,21.596674,21.672476,21.50341,21.682001,21.592054,21.856983,21.596434,21.631529,21.52004,21.624773,21.605804,21.51786,21.687998,21.638773,21.604422,21.68235,21.73807,21.576233,21.593323,20.418446,19.3626,19.808256,20.33661,19.712385,20.07912,18.80902,20.21154,19.028748,20.585032,19.31421,20.3501,19.242712,19.478313,19.856873,19.172518,19.295721,19.98138,19.626677,19.349316,19.435026,20.36722,20.39585,19.945639,19.397787,19.766436,11.786221,6.3901978,9.77902,6.9412365,7.3935623,6.731676,5.732871,7.270935,5.533451,8.471933,5.3532867,4.0806713,4.699318,2.9623797,4.268635,2.2937424,2.5607357,2.0381918,2.036116,3.8491154,1.548296,4.736332,2.4309313,2.911816,4.425479,3.8114967,4.8383293,4.259571,5.689497,6.0979967,5.6277447,7.2722664,7.334671,9.163906,8.798185,10.01959,11.46262,18.925167,19.156229,20.44554,19.415596,19.553026,20.038326,19.395924,19.67459,19.9462,19.221806,19.525267,19.775557,19.310822,19.924002,19.260124,19.438856,19.613188,19.182495,19.823603,19.622877,20.260237,19.80871,19.26033,21.003817,21.023726,21.696806,21.588999,21.678308,21.571356,21.60793,21.585154,21.565722,21.608715,21.644201,21.631903,21.577269,21.704134,21.677786,21.539614,21.712988,21.750158,21.56609,21.558348,21.631193
26.215788,26.137922,26.218405,26.182583,26.259678,26.240747,26.206133,26.25988,26.20427,26.116793,26.16166,26.160488,26.135998,26.176973,26.218956,26.310751,26.097609,26.237514,26.23838,26.147497,26.23948,23.747541,22.242508,23.276428,23.866476,23.14887,23.059896,22.934649,23.503532,23.105085,23.466421,23.247158,23.586647,22.688187,22.577497,23.25254,22.18487,22.399366,22.612387,23.243328,22.750793,22.508694,23.123734,23.199833,23.270227,22.736576,22.957375,16.016409,10.937248,13.23283,9.852075,12.66257,10.940965,9.880517,9.757005,7.991593,11.652049,5.4065604,5.96278,6.425056,2.019069,4.36356,1.245822,4.0404854,2.1669033,1.8905078,3.4841456,2.2317734,6.5931683,2.369638,4.283383,5.72797,4.2245927,6.2421627,5.0116453,7.7761836,7.595467,8.39178,10.135683,9.999429,12.832248,11.416534,13.281415,15.395405,22.141735,22.29299,23.75348,22.503466,23.06977,22.906498,22.401972,23.30613,24.271942,22.615133,23.59818,23.700129,23.083221,23.472795,22.658161,23.380033,22.97677,23.459053,23.321342,23.07761,23.287725,23.260273,23.781652,24.754814,25.378183,26.168644,26.254633,26.36063,26.195913,26.205467,26.128292,26.16335,26.174503,26.232334,26.157864,26.159262,26.187277,26.194376,26.186115,26.190315,26.259977,26.24339,26.17485,26.20506
20.862587,20.860327,20.91176,20.87363,20.85443,21.033,20.901117,21.045034,20.876415,20.888197,20.79991,20.88291,20.902613,20.820692,20.85702,20.906725,20.91165,21.016851,21.008566,20.86512,20.931921,19.735518,20.035675,19.674839,19.818174,19.870766,20.036814,19.263659,20.64283,19.242193,21.187971,19.545677,20.33283,19.799606,19.83018,19.62826,19.121788,19.805593,19.912758,19.898775,19.027388,19.816648,20.71892,20.157274,19.858854,20.328592,20.07546,12.158282,7.4674683,10.8406,7.7787447,8.027533,7.2820544,7.2020946,7.527625,5.8573837,9.251173,5.9774523,5.150192,4.17675,5.2252893,7.7820606,3.7321272,4.880476,2.6422253,2.1244037,4.4604597,1.0204833,5.3348637,2.2637792,2.0966942,2.8318481,3.5935528,5.929579,3.6910641,5.3876023,5.43042,4.3463736,6.8380156,6.768914,9.532603,8.932434,10.181868,11.076528,19.150879,19.557783,20.783426,20.181269,19.702593,20.208643,19.8504,20.10496,20.167383,19.21776,19.800358,19.56265,20.169386,20.466883,19.613262,20.21547,19.71107,19.570898,20.300114,19.628893,20.293856,20.032248,18.682795,20.304785,20.493689,20.995794,20.81879,20.950506,20.820993,20.84718,20.931768,20.863573,20.912075,20.876131,21.009516,20.813103,20.960815,20.976122,20.920033,20.956507,20.988811,20.85578,20.823341,20.943277
4.8520303,4.8520303,4.8520303,4.8520303,4.8520303,4.8520303,4.8520303,4.8520303,4.8520303,4.8520303,4.8520303,4.8520303,4.8520303,4.8520303,4.8520303,4.8520303,4.8520303,4.8520303,4.8520303,4.8520303,4.8520303,4.8520303,4.8520303,4.8520303,4.8520303,4.8520303,4.8520303,4.8520303,4.8520303,4.8520303,4.8520303,4.8520303,4.8520303,4.8520303,4.8520303,4.8520303,4.8520303,4.8520303,4.8520303,4.8520303,4.8520303,4.8520303,4.8520303,4.8520303,4.8520303,4.8520303,4.8520303,4.8520303,4.8520303,4.8520303,4.8520303,4.8520303,4.8520303,4.8520303,4.8520303,4.8520303,4.8520303,4.8520303,4.8520303,4.8520303,4.8520303,4.8520303,4.8520303,4.8520303,4.8520303,4.8520303,4.8520303,4.8520303,4.8520303,4.8520303,4.8520303,4.8520303,4.8520303,4.8520303,4.8520303,4.8520303,4.8520303,4.8520303,4.8520303,4.8520303,4.8520303,4.8520303,4.8520303,4.8520303,4.8520303,4.8520303,4.8520303,4.8520303,4.8520303,4.8520303,4.8520303,4.8520303,4.8520303,4.8520303,4.8520303,4.8520303,4.8520303,4.8520303,4.8520303,4.8520303,4.8520303,4.8520303,4.8520303,4.8520303,4.8520303,4.8520303,4.8520303,4.8520303,4.8520303,4.8520303,4.8520303,4.8520303,4.8520303,4.8520303,4.8520303,4.8520303,4.8520303,4.8520303,4.8520303,4.8520303,4.8520303,4.8520303,4.8520303,4.8520303,4.8520303,4.8520303,4.8520303,4.8520303
22.625748,22.568707,22.615091,22.613518,22.645222,22.694958,22.594604,22.586716,22.589134,22.652252,22.511536,22.546967,22.538887,22.576637,22.57859,22.628773,22.571163,22.620735,22.636333,22.506882,22.594181,21.634604,21.701096,21.660229,22.658272,21.885723,21.638847,21.143808,22.544094,22.244041,21.772007,21.40387,21.796593,21.56837,21.868969,21.950397,22.507526,22.061306,21.783792,21.890102,22.213112,22.327911,21.874275,21.55162,22.00143,22.011084,22.32845,15.351306,12.222431,13.672075,10.2037115,10.642896,11.557661,10.709908,10.416731,9.222703,12.848973,9.255974,8.015932,9.985751,8.169609,10.075527,5.010641,6.143419,7.075022,4.9963493,6.4610305,2.8424828,6.4461613,2.2927835,1.7864554,2.8274577,2.1392984,5.4769964,0.82004917,3.9823577,5.308186,5.260853,7.3367352,6.44735,11.493971,9.994958,11.299807,13.457178,22.024864,21.988207,21.803074,21.648468,21.907211,21.966585,21.227352,22.12661,22.453754,21.802944,21.523369,21.44955,21.920815,21.891594,21.113335,21.320309,21.96829,22.047169,21.599607,21.417202,22.13559,21.89996,21.52541,21.754902,22.298067,22.539799,22.586529,22.62112,22.56979,22.56821,22.546196,22.618977,22.569614,22.56186,22.590845,22.541973,22.555584,22.619465,22.609337,22.601665,22.6207,22.622023,22.567978,22.6185
24.456577,24.48161,24.423822,24.40692,24.517963,24.507957,24.505436,24.538864,24.483765,24.513443,24.399078,24.548096,24.494003,24.454784,24.384708,24.406666,24.448784,24.552929,24.504078,24.360874,24.476627,24.14618,24.021122,23.724506,24.040958,24.345903,22.899164,24.095306,24.694294,23.333706,24.0416,24.593456,25.427559,24.66845,24.031864,23.837292,23.75084,24.54142,23.542992,24.370506,24.032429,23.459175,23.813007,23.938812,23.728964,24.096405,22.923256,15.509153,11.5081215,13.796263,11.25606,11.647771,10.788021,9.95273,9.653338,9.32125,12.984328,9.444673,7.463564,8.512628,7.8920307,12.192774,5.867175,7.771996,6.91417,3.9250998,7.543561,4.1167936,7.3344464,3.238543,0.33469927,2.5328643,2.6096733,7.38934,3.1744955,6.72608,7.8676705,5.3140407,9.158354,8.438846,12.927002,12.49753,11.023676,15.022753,23.773376,24.082506,24.261917,24.366673,24.302387,24.127716,23.903296,24.934834,25.12963,23.852386,23.780281,23.117035,24.50674,25.205118,24.358185,24.889263,24.639786,24.512253,23.857052,24.554323,24.546795,24.324093,23.099863,23.743479,24.05091,24.473522,24.487844,24.515133,24.432465,24.37867,24.388783,24.42195,24.384356,24.496225,24.531078,24.392044,24.459589,24.468275,24.451286,24.5178,24.451527,24.409481,24.430397,24.463306
23.780079,23.704735,23.736332,23.747715,23.789902,23.776329,23.71914,23.81437,23.73692,23.721642,23.692318,23.767479,23.696175,23.707237,23.744297,23.666153,23.726257,23.798286,23.76159,23.595142,23.628574,22.788395,22.704533,22.278728,22.061012,22.538849,22.070358,21.83929,22.802273,21.415806,22.387806,22.226097,22.860985,22.127903,21.811241,22.073452,21.47277,22.312263,21.569706,21.340828,20.859146,21.552433,21.75137,21.9785,22.119442,21.627724,21.550713,13.814309,10.016831,11.918451,9.6526985,10.344805,9.058983,8.628605,8.931474,7.538219,11.711342,7.5217786,6.811162,8.312562,5.354127,10.410502,4.5457287,5.8678036,5.2200956,2.311724,5.5650115,1.9904594,6.5450225,2.7045102,0.77213216,4.0077233,2.1952634,7.803987,2.9221172,5.3000016,6.887909,4.4222283,7.7240896,6.72076,11.269299,10.212453,10.868634,13.318232,21.297771,21.9071,22.10915,21.320717,22.567547,21.549583,21.568588,22.145088,22.537098,21.010712,21.49987,21.979511,21.90556,22.916279,21.923107,21.74738,22.189133,22.179253,21.494335,22.385681,23.022308,22.686558,22.031433,22.608444,22.959,23.711815,23.697975,23.785538,23.71709,23.658035,23.650265,23.701828,23.58599,23.710682,23.86792,23.734638,23.685177,23.66011,23.691193,23.773212,23.757797,23.684547,23.718338,23.787384
26.864504,26.861902,27.005812,26.841944,26.83494,26.971682,26.810232,26.906271,26.924963,26.852608,26.875357,26.854692,26.913439,26.931276,26.77679,26.865896,26.773355,26.893028,26.977064,26.88066,26.816015,25.416399,24.126379,25.916845,25.417875,25.26534,23.9493,24.85069,24.528896,24.137444,25.07718,25.632776,25.37596,25.037693,24.778048,25.98931,24.916443,24.858839,24.407434,25.183983,24.634214,23.574465,25.092207,25.286198,25.888987,24.426558,24.807726,17.315956,12.0413,13.592941,10.007927,13.371849,9.555145,9.116677,11.1300535,7.562565,12.372898,5.4137135,6.72529,10.379457,4.79895,10.110926,4.4894457,7.121122,5.196865,3.200173,8.512931,2.769692,7.3937864,0.80421984,1.4044111,6.812044,2.0872066,7.867507,3.2276947,6.4677954,7.459304,5.8182716,12.011299,8.5000925,13.137243,11.45373,12.622541,16.110273,24.251818,24.758017,24.719503,24.265602,24.216253,23.972622,24.311716,24.831566,24.41244,23.019472,23.837385,25.034122,24.429525,24.532507,24.217493,24.632526,23.754648,25.032389,24.470797,23.781822,25.22426,23.968742,24.5673,25.251654,25.933784,26.930662,26.937136,26.87682,26.784975,26.663712,26.804777,26.732618,26.791107,26.908146,26.943039,26.716606,26.849756,26.995497,26.869846,26.929756,26.885592,26.85172,26.82776,26.91375
27.295197,27.256325,27.346947,27.16665,27.327164,27.326334,27.266125,27.208723,27.272694,27.281132,27.167011,27.32105,27.26097,27.360638,27.20237,27.261234,27.196823,27.318464,27.356846,27.168404,27.213833,25.931044,24.104435,25.920982,25.018044,25.64303,24.064938,24.693531,24.383774,24.107712,25.478588,25.26651,25.130423,24.026112,25.048927,26.33746,25.286564,25.127136,24.60427,25.961554,24.513977,24.583103,24.509987,25.481258,25.249207,23.88536,25.133997,17.81425,12.725684,15.32294,11.299086,14.894491,11.542149,10.396399,11.760002,10.324722,13.591267,7.005074,8.63258,12.152727,6.018622,11.781008,4.8011417,6.1346216,4.682006,1.0475211,5.980905,3.4095333,6.9609504,0.841678,2.2513106,7.270419,3.6573694,9.024197,3.8978183,5.509056,7.999056,6.3263636,12.337164,9.920736,13.873764,12.166263,13.771786,17.08967,24.863417,24.880804,25.010796,24.54464,24.792591,24.49446,24.403912,25.935333,26.203596,23.342215,25.004578,25.735004,25.301624,25.846518,24.798264,24.92865,25.026314,24.55142,24.92617,24.899948,25.4264,24.480137,25.339647,25.958689,26.171028,27.297304,27.291632,27.393072,27.210148,27.212368,27.23542,27.195793,27.218159,27.29913,27.291557,27.238281,27.22359,27.270546,27.368172,27.330647,27.293386,27.298061,27.255741,27.330257
27.22909,27.245955,27.25619,27.182419,27.256687,27.246014,27.180286,27.215881,27.229664,27.226828,27.202053,27.187183,27.196846,27.201216,27.192799,27.236174,27.167038,27.226929,27.28558,27.097439,27.154385,26.348095,25.50949,26.336983,25.781654,26.188183,25.6869,26.45541,26.194172,25.471687,25.880863,26.161362,26.22,25.445236,25.761131,26.129448,25.382553,25.701126,25.118832,25.798643,24.955717,25.450743,24.919693,25.430779,25.24712,25.040234,25.407356,17.89841,12.879515,15.459118,13.044437,14.924153,12.863613,11.975725,12.522856,9.896176,15.790871,10.815266,8.7603855,10.920982,6.5519385,12.556929,5.667407,9.336162,6.4087205,2.4560719,6.850362,2.0206769,7.9847064,2.858448,0.53001404,4.376042,2.3985276,8.990014,3.9052153,8.865467,8.929714,5.6898994,11.653815,9.566904,14.936115,14.187212,13.442947,16.428175,25.189875,25.281395,25.634346,25.673252,25.687038,25.262661,25.338032,25.735653,26.442116,25.239048,24.908035,25.387772,25.568748,26.167313,25.699934,25.710823,26.056408,25.267057,24.96304,25.1997,25.780022,25.478897,25.09275,26.342625,26.434986,27.249033,27.241873,27.225445,27.13364,27.149902,27.155102,27.23483,27.082237,27.212458,27.25117,27.234299,27.173706,27.143127,27.19476,27.250105,27.243513,27.253494,27.246223,27.24902
25.876785,25.858047,25.938103,25.855492,25.89376,25.990894,25.822128,25.94807,25.948467,25.882381,25.900269,25.932804,25.874634,25.935543,25.881004,25.908794,25.899902,25.959118,25.978043,25.842247,25.908226,25.009346,24.463852,25.293423,24.927757,25.25576,24.964191,25.13771,25.760914,24.483646,25.868309,25.324326,25.124805,24.665367,24.90807,25.044388,24.70171,25.01894,24.398003,24.546803,24.14154,24.767296,25.172512,24.809746,25.19918,24.742294,24.672348,16.600985,12.009349,15.682126,12.58248,13.283785,11.260421,11.095674,12.850427,9.795622,14.59627,9.156018,6.9583383,10.228221,4.729945,11.032367,3.243603,4.7282796,3.3483036,1.8620635,7.3893757,1.6665499,7.9444714,3.3414114,0.8712189,5.8905196,2.66417,8.521279,3.4985092,6.161495,7.323683,6.140473,11.762016,9.141437,14.160327,13.023681,12.840476,16.200825,24.805485,24.623966,25.051346,24.760857,24.73983,25.08538,25.08154,25.581455,25.791683,24.402985,24.174541,25.339565,25.404953,25.839725,24.804882,24.929749,24.68834,25.29763,25.220291,23.963112,25.730728,24.610062,24.652267,25.078869,25.404747,25.953522,25.961422,25.940517,25.855537,25.858162,25.89426,25.87762,25.7886,25.866177,25.96186,25.895672,25.87672,25.914032,25.910835,25.927994,25.879875,25.966038,25.913448,25.914928
21.415157,21.261059,21.329815,21.362778,21.308233,21.372093,21.327755,21.603794,21.449175,21.34671,21.277016,21.419712,21.353489,21.27379,21.388504,21.335835,21.333588,21.437706,21.45393,21.331959,21.369219,20.563984,20.198189,20.685091,20.470058,20.27433,19.873487,19.98069,20.404703,18.930313,21.009594,20.421667,20.7602,19.896652,20.073391,21.010674,19.774494,20.420464,19.713497,20.183249,19.198978,19.752506,20.665497,20.374275,20.474625,19.803305,19.688885,12.556075,6.862993,10.987098,7.8189387,8.944779,6.672355,6.1454883,8.491561,5.2986407,9.250103,5.4201226,3.9266903,6.500146,2.6796098,7.28023,2.4924922,3.4023602,2.2404482,1.55236,6.94865,1.9075618,5.8220096,3.2225595,1.8495601,5.6290956,2.8785834,6.048821,3.3526661,5.9297414,6.199372,4.8274293,8.568372,7.048223,10.309699,9.578886,9.519698,11.936988,19.293571,19.685604,20.351181,20.05334,19.733322,19.994553,19.892845,20.183914,20.780973,19.14766,19.76645,20.20266,19.345978,20.464228,19.270082,20.146294,19.251293,20.323345,20.755678,19.437252,21.359726,19.918968,20.064323,20.826756,20.811142,21.428274,21.38506,21.366928,21.311152,21.28683,21.35216,21.297165,21.296059,21.39142,21.438984,21.338394,21.403334,21.376163,21.342468,21.459763,21.455761,21.270536,21.3246,21.383406
20.975681,21.030865,21.044407,21.0048,21.069649,20.973593,21.033726,21.112991,21.050255,21.101093,20.937668,21.017708,20.97803,21.010586,20.927069,20.92569,20.981085,21.149292,21.101408,20.963253,21.017956,20.751286,19.545288,20.401157,19.702332,20.488373,19.316523,19.068703,20.11583,19.048393,19.973011,19.19289,20.157436,19.001844,19.770893,20.903957,19.485586,19.296398,19.118988,19.322212,18.87524,18.97059,19.324665,19.738132,20.012632,19.260399,19.5999,12.694464,7.16142,10.161707,8.13668,8.206828,7.464904,6.5790358,7.72943,5.865675,9.133038,5.1210365,5.0506563,8.522974,3.7042875,7.9715834,3.6313486,4.3775673,3.1954377,1.2984729,5.3138714,1.8872911,6.5380564,2.0115411,1.9815569,5.52948,2.567899,6.7740736,3.0218134,3.8817396,5.4211206,4.3846874,8.195081,5.4032917,9.421321,8.316999,8.684841,10.978986,18.710943,19.90355,19.368382,19.121151,19.517204,19.159472,19.607363,19.894032,20.52227,18.321594,19.181637,19.89011,19.166351,20.02224,19.003834,19.689447,19.51537,19.592657,20.168896,19.198257,20.982187,19.295822,19.648285,20.369995,20.507412,21.14233,21.024427,20.980133,20.9623,20.942574,20.940157,20.947441,20.908937,20.993822,21.087296,20.994131,21.020535,21.101114,21.006943,21.117153,21.065968,20.967335,20.9747,21.004253
17.309492,17.318035,17.345093,17.468872,17.268223,17.387299,17.407923,17.531591,17.418667,17.346899,17.311258,17.411276,17.391571,17.295364,17.261742,17.294807,17.341358,17.438229,17.444416,17.26937,17.34367,16.855309,16.932644,16.796307,16.67469,16.65612,16.519848,16.085695,16.958952,15.775251,17.250326,16.040894,16.898197,16.46399,16.889301,16.84354,15.987806,16.33368,16.351068,15.999878,15.511454,16.3565,16.54115,17.006033,16.673965,16.76842,16.792942,9.777735,5.142295,8.612612,6.4554586,5.635643,5.198761,5.808735,6.4548492,4.4483147,7.5149307,5.3346815,3.5807817,5.414053,3.2336223,6.434842,3.2153928,2.4761503,2.7178688,1.6973226,6.1737623,1.7230014,5.119236,3.0691938,1.9136637,4.4817944,3.091894,5.7770653,3.4605825,4.3145742,5.5338945,4.3234386,6.2866974,4.694706,7.6239376,7.8244553,7.7672024,8.70252,16.021526,16.564903,16.66835,16.557915,16.303991,16.619673,16.410328,16.278679,16.478197,15.412159,16.07629,16.019009,15.974392,16.656137,15.642471,16.391903,15.885017,16.563038,16.942997,15.945305,17.72018,16.46131,15.990654,16.752846,16.810825,17.49015,17.35682,17.326317,17.287968,17.299194,17.367716,17.318604,17.307121,17.360477,17.495375,17.342886,17.463835,17.454556,17.301622,17.442238,17.46791,17.173637,17.300358,17.445683
26.360506,26.262733,26.308754,26.333982,26.301868,26.320995,26.32371,26.334995,26.346352,26.390682,26.27016,26.325165,26.307968,26.32428,26.330545,26.331041,26.359772,26.404789,26.392534,26.220652,26.328205,24.600872,24.171791,24.335533,24.371304,24.461288,24.488703,24.070848,25.550854,24.87741,25.34433,24.513779,24.96339,24.321486,24.768677,25.002647,24.34391,24.805641,24.097523,24.245857,24.410778,24.14381,24.563929,24.58154,24.332623,24.15159,24.821762,16.276478,11.817422,16.003614,12.489085,11.833971,12.192572,11.279659,12.010594,9.582493,13.407473,9.344828,7.425367,9.487594,5.5021844,10.777458,4.045633,4.8163047,5.0187383,2.4519134,5.5750575,1.5110275,5.359189,1.8555697,1.6522095,3.0146496,1.9379749,6.712252,2.394295,4.791995,6.6792626,5.6094494,9.7718,7.2352414,12.378158,11.804185,11.953193,13.944319,23.286951,24.608864,24.00454,24.3252,24.635845,24.516249,23.571815,24.44542,24.22089,23.377325,24.063377,23.603168,23.753895,24.569624,23.311779,24.442938,23.716198,24.085873,23.974775,23.206028,24.339045,24.225327,24.280422,25.021309,25.69445,26.3574,26.395771,26.35827,26.37492,26.363626,26.237572,26.338608,26.285824,26.310686,26.311157,26.422686,26.401901,26.306591,26.257572,26.395287,26.304623,26.3121,26.203764,26.370243
25.978716,26.065197,26.109917,26.028465,26.108051,26.099709,26.018177,26.044674,26.077555,26.115509,26.044476,26.062086,26.106571,26.045628,26.030933,26.030666,26.033337,26.095566,26.143766,25.962463,26.028957,25.772884,24.770477,25.774286,25.048744,26.005417,24.448786,24.783043,25.741394,24.741747,24.84586,25.25145,25.203947,24.654327,24.98615,25.617195,24.77488,25.095798,24.396906,24.46961,24.214092,24.381872,24.342514,25.089222,24.529451,24.488981,24.599339,17.297585,12.644104,15.727882,13.508235,12.782007,13.094617,12.4293,13.258438,10.931026,13.987801,10.54045,7.928768,12.652306,7.7311206,12.73682,6.745813,8.097645,7.6896806,5.3440924,8.449774,2.4762437,6.2557635,1.9439328,0.88805157,5.3542337,1.2982799,7.6406946,2.741125,5.6411114,7.8250175,5.380568,11.114713,7.97716,12.378981,12.314818,12.462748,15.061604,23.82103,25.079191,24.234072,23.947018,24.468534,24.20122,23.99515,24.89889,24.321625,22.94189,23.608444,24.07354,23.926277,24.81483,23.614014,24.401875,24.33392,24.988773,24.440113,24.084743,25.300129,25.133501,24.637577,25.327179,25.702076,26.075834,25.997417,26.01493,25.965588,25.976513,26.008675,26.062881,25.944994,26.050415,26.066662,25.946476,26.075375,26.19011,26.07566,26.102947,26.061325,26.057829,26.002285,26.097704
22.289013,22.258282,22.331322,22.339287,22.25665,22.380611,22.321293,22.369793,22.360954,22.341713,22.250088,22.350613,22.411106,22.27737,22.30333,22.240719,22.38076,22.277111,22.425701,22.186987,22.304615,21.072926,20.810364,21.326618,21.435623,21.336212,20.992733,20.936451,21.671194,20.154366,21.19899,20.826435,21.358925,21.068903,21.311504,21.163914,20.62378,20.951803,20.99461,20.610172,20.309147,20.435713,20.19588,21.232847,20.42705,21.128618,20.639706,12.883547,8.038628,10.568312,8.715235,8.637749,8.178541,9.24737,8.807341,7.3467307,9.565907,7.991964,5.4559603,7.112718,5.769164,8.152811,4.888724,5.420972,4.2610726,3.8094783,6.0639405,2.2116299,5.002566,2.960358,1.0635335,3.3008742,2.0675156,5.1092415,1.6122562,3.969218,4.798914,3.7409363,7.0825934,5.364682,9.672497,9.464916,9.78215,11.898212,20.297321,20.833035,20.458046,20.368,20.421072,20.381344,20.298824,20.64561,20.970592,20.009579,20.870018,20.16803,20.613354,20.986023,20.353504,21.103512,19.958015,21.390228,20.856049,20.566256,21.86668,21.372992,20.610744,21.334776,21.923521,22.364622,22.317165,22.283802,22.24694,22.28921,22.293976,22.333,22.234335,22.277058,22.413017,22.307783,22.364769,22.4111,22.278042,22.446465,22.421917,22.156467,22.287117,22.396421
24.647203,24.500376,24.639368,24.612375,24.592588,24.612026,24.563524,24.666647,24.748198,24.592276,24.556364,24.574846,24.649117,24.513723,24.698076,24.638205,24.623167,24.62939,24.627516,24.557432,24.619856,23.401749,23.949028,23.945852,23.724586,24.060585,24.394953,23.08333,24.427341,23.676504,24.388794,24.363638,23.62375,23.76663,24.034315,24.690708,23.527922,24.43762,24.86026,23.642588,23.77725,24.343136,24.35428,24.368431,24.068918,24.21252,24.328377,15.258567,10.369523,14.773818,12.419753,10.155555,10.72552,11.434646,12.447944,10.091951,12.418376,10.261692,8.19797,10.530091,7.3612556,11.198459,6.0476537,5.364858,5.2144904,5.060971,6.7382784,3.0102437,5.6278815,3.1311138,1.6567259,4.2861767,0.85909396,5.172936,1.8078451,2.8059049,4.1832075,4.9356112,9.124572,6.4817266,11.02259,10.865096,12.224635,15.131932,23.111774,23.976664,23.873775,22.627048,23.370306,24.176668,23.401669,24.243979,23.735834,22.745476,23.29653,23.393057,22.921286,23.394201,23.370962,23.296923,22.136263,24.161634,23.416672,22.823023,23.857758,23.878084,24.023884,24.101103,24.18022,24.628792,24.620462,24.58011,24.68688,24.624336,24.586302,24.555271,24.556437,24.578629,24.63651,24.630781,24.591867,24.589403,24.576479,24.70474,24.622519,24.576471,24.609335,24.618448
21.121117,21.09562,21.167095,21.103527,21.162222,21.170132,21.093552,21.133387,21.19823,21.184086,21.12338,21.15501,21.174875,21.046036,21.12738,21.104229,21.184336,21.175533,21.194984,21.001945,21.23716,21.043087,21.0388,20.767721,20.710587,21.456488,21.170578,21.16597,21.753674,20.765472,21.312866,21.13898,20.856308,20.856192,20.64083,21.231842,20.5372,21.212578,21.000486,21.172201,20.593105,21.09261,20.725414,20.780096,20.661354,21.482382,21.129171,14.076956,8.526223,11.649473,9.897951,9.678339,9.48859,9.883288,10.269646,8.74049,11.4328785,9.096582,7.6319003,9.169727,7.5745273,10.583935,5.8807964,7.376961,5.471725,3.716888,5.6593976,2.3122218,5.707439,2.5788605,1.2475557,3.1959558,2.1079347,5.408783,1.429113,4.140416,4.1909056,2.984339,7.0388045,4.8277316,8.81732,9.384078,9.174667,11.604448,20.58599,21.637531,20.604744,20.605597,20.241789,21.190977,21.028574,20.830355,20.88229,20.394478,20.693756,20.409908,21.056402,21.12632,20.512602,20.61978,19.801197,21.043648,20.650034,20.28017,21.507977,21.748112,20.708736,21.396685,20.96456,21.254395,21.124346,21.056908,21.077492,21.147713,21.068066,21.088924,21.097816,21.073338,21.178518,21.164745,21.129498,21.146,21.098259,21.198132,21.139542,21.101192,21.141825,21.144217
22.90095,22.880932,22.987026,22.892872,22.93177,22.99239,22.875643,22.905922,22.971855,22.9512,22.929016,22.988567,23.02944,22.89925,22.831871,22.892195,22.922493,22.886555,23.042646,22.777523,22.85213,21.946178,21.062761,22.042515,21.643803,21.861261,21.029022,21.516205,21.958326,20.295067,21.71594,21.541012,21.282928,21.5363,21.490728,22.02916,20.81577,21.295208,21.054312,21.16023,20.109837,20.3392,20.911743,21.248281,21.148306,21.08421,21.178015,13.472709,8.593894,11.618403,9.032026,10.049339,7.76558,8.989253,9.380663,6.997674,9.376068,5.8616085,6.0690994,8.625663,5.432873,9.310607,4.8588147,5.4284763,3.5604336,3.7122622,6.53156,1.4105308,4.834982,1.1778328,1.6024069,5.4118967,2.6023798,6.352476,2.9260051,4.827008,5.5879927,4.574194,8.773657,5.5538397,9.110292,8.178921,10.3354845,12.101991,20.060894,20.84898,21.09037,20.25341,20.242733,20.97744,20.66079,21.525047,20.504257,19.20182,20.774178,21.33009,21.417095,21.321692,21.276394,21.902473,20.470663,21.579453,21.8232,20.920223,21.701088,21.435772,21.65323,21.89679,22.162832,23.078403,22.913132,22.914875,22.85777,22.871838,22.890339,22.858479,22.874207,22.903221,22.989487,22.82058,22.950626,23.00167,22.902569,23.02792,22.956524,22.80167,22.958595,22.974257
21.600218,21.42167,21.513578,21.499903,21.481247,21.587149,21.507906,21.514334,21.554827,21.543156,21.526503,21.454811,21.533415,21.424925,21.512365,21.512781,21.563803,21.495766,21.597101,21.423101,21.584944,20.550692,20.797853,20.855669,20.446716,20.730791,21.158566,20.91074,22.054384,20.927647,21.892542,21.495867,21.263939,21.019627,20.89746,21.660337,21.036993,21.396929,21.339474,21.519833,20.992903,21.304304,21.293083,21.395954,21.056587,21.232468,21.37178,13.415047,7.115448,11.614133,9.255834,9.124791,8.449017,8.912411,9.280434,7.290143,9.733869,7.320651,6.1174345,7.8401637,5.8613653,8.754104,4.8319416,5.314147,3.6102169,3.2117202,5.4378996,1.6514285,4.7687445,2.0468962,1.7307398,2.8985293,2.1560028,4.7968273,1.8491695,4.0276604,4.2821746,3.6617033,6.8049726,5.283012,9.393326,8.343864,9.886457,12.148598,20.686321,21.232176,21.010801,20.924498,20.931768,21.12173,20.910465,20.916914,21.338892,20.055079,20.99877,20.236341,20.470446,20.670311,20.270933,21.0423,19.993658,21.262148,20.696707,19.617819,21.253714,20.929285,19.99648,20.826956,21.061892,21.589737,21.529095,21.510122,21.504347,21.534208,21.465157,21.506796,21.493105,21.465185,21.533583,21.55903,21.564219,21.460958,21.48612,21.607088,21.492907,21.457232,21.49648,21.564241
23.91774,23.79729,23.961563,23.833912,23.929245,23.98685,23.83302,23.86283,23.928822,23.911259,23.94711,23.880932,23.97102,23.866398,23.861004,23.888664,23.913914,23.909233,24.012482,23.824802,23.878164,22.427097,21.815802,22.469597,22.017853,22.788265,22.398796,22.521873,23.345823,22.157125,22.739897,22.860605,22.553236,22.590645,22.370228,23.43752,22.423588,22.644018,22.059137,22.753967,22.014061,22.126617,22.418056,22.592068,22.546156,22.55975,22.29081,15.419788,9.956005,13.954086,11.270502,11.098846,10.070326,10.179302,10.745088,8.343095,11.473264,7.7872286,6.733108,10.250984,5.707364,10.5314045,5.4216423,5.9328938,4.590475,3.9848933,7.18849,1.7508657,5.9179955,1.8435585,1.1298642,5.1635046,1.7181813,6.6539764,2.4074569,4.849692,6.2147274,4.4421864,9.742322,6.136936,10.791869,9.595732,11.165041,13.990456,21.443928,22.378101,22.55083,21.999355,21.968292,22.651005,22.02472,22.919367,22.342607,20.94124,22.131243,22.551228,22.427303,22.805374,21.817074,22.927204,21.571527,22.71762,22.649887,21.6072,22.668447,22.411415,22.252441,22.727615,23.213333,23.996758,23.95911,23.893612,23.893055,23.907728,23.859486,23.804874,23.853474,23.852669,23.887669,23.875538,23.90745,23.97607,23.913551,23.924658,23.917213,23.916214,23.895084,23.958427
20.194248,20.005447,20.149328,20.10387,20.021477,20.223988,20.116325,20.244284,20.166254,20.119877,20.038094,20.16581,20.24688,20.065891,20.067772,20.137909,20.16799,20.044407,20.244741,19.987999,20.100185,19.19778,19.093122,19.543373,19.172695,19.06581,19.547913,18.781607,20.13961,18.255583,20.025452,19.517626,19.118046,19.206573,19.024027,19.317348,18.846226,19.261383,19.24087,18.831839,18.316454,18.904514,18.287037,19.463612,18.775005,19.421593,19.275593,10.822877,6.0377836,8.998466,7.269376,6.4878397,6.881009,7.3929453,7.689975,6.602874,7.353963,6.8537297,4.89279,6.6951284,5.2319803,7.1393843,4.9634333,3.7919827,3.7620885,2.9186687,5.7636957,2.1952114,3.8880162,2.6403363,0.950896,3.998258,2.374911,4.881135,2.4836261,3.5931897,4.922282,3.611653,6.6788073,4.7547503,6.9240613,7.7221723,8.373132,10.48648,18.743683,19.21342,19.475016,19.373196,18.803947,19.418945,18.996475,19.496056,19.314945,18.386055,19.168917,18.966694,19.485565,19.349485,19.215836,19.143578,18.515121,19.422693,19.105688,19.216164,19.91706,19.798374,18.812227,19.696663,19.600935,20.229626,20.06299,20.129799,20.00991,20.089512,20.098469,20.099411,20.032162,20.10616,20.278576,20.07386,20.215807,20.175674,20.085564,20.25325,20.211287,19.921043,20.046339,20.160843
26.037086,25.916142,26.070015,26.055748,26.014107,26.100101,26.00409,26.067772,26.16052,26.018688,25.983826,26.036722,26.077877,25.988213,26.068455,26.057095,25.994629,26.013496,26.10099,25.971634,26.048403,25.221745,25.417038,25.48946,25.242577,25.837679,26.045853,24.944328,25.67162,25.210016,25.984287,26.107492,25.26539,25.441593,25.687433,25.83184,25.453112,26.07352,26.37553,25.253286,25.171692,25.804394,25.447927,25.785503,25.501022,25.727411,25.771267,16.7126,12.512348,16.200243,14.343327,11.903001,12.621323,12.027952,13.894585,11.330271,13.418914,11.470945,8.524199,12.182659,8.338556,13.337219,7.4970913,6.40631,6.7178583,5.260925,8.4099,3.6311655,6.2609544,3.7214675,0.93093103,5.343729,0.92412555,6.7125545,2.5503843,2.9555097,5.296074,5.2185755,10.922237,7.67236,11.652886,12.068018,12.916502,16.174728,24.842804,25.564304,25.414616,24.549587,24.882668,25.831526,25.39664,25.89023,25.331638,24.480042,25.060148,24.972927,24.639723,25.32464,25.49737,24.990524,24.01308,25.924616,25.085293,24.733284,25.717335,25.637348,25.453796,25.742062,25.704952,26.066414,26.058538,26.013573,26.002642,26.029205,26.025105,25.989958,25.952305,26.026146,26.043213,26.034235,26.034586,26.036964,26.01706,26.09127,26.072056,26.031538,26.036747,26.0167
26.808596,26.658926,26.82934,26.730125,26.745415,26.894575,26.721172,26.785372,26.822294,26.734371,26.730276,26.784605,26.789276,26.799747,26.703768,26.770418,26.761984,26.811937,26.862679,26.6938,26.76591,25.237555,25.327635,25.654608,25.477993,26.106426,26.017916,25.548754,26.124353,25.22371,26.550858,25.632666,25.865139,25.406195,25.58426,26.265196,25.773544,25.678755,25.46665,25.490747,25.462393,25.77138,25.925505,25.617651,26.211954,25.913729,25.728207,17.410229,12.692886,16.160955,13.3699875,12.618064,12.6932125,11.72901,13.636457,10.275971,14.446759,9.52462,6.9842014,12.000613,6.2363243,12.472642,5.105976,5.4969764,5.0914974,2.5154543,8.229543,1.64552,8.155651,3.051016,0.61825055,6.7153387,2.7849514,9.205806,3.2216012,4.6126924,7.1057196,5.134503,11.793071,7.430533,13.473186,12.632691,12.444164,16.22732,25.263008,25.728636,25.563,25.118055,25.173162,25.559313,25.52378,25.339197,25.647463,23.870777,24.241161,25.907797,25.99262,26.202896,25.253538,25.384806,24.486443,25.476051,25.844599,24.30451,26.453024,25.472883,25.263454,26.039766,26.190783,26.861357,26.808279,26.77623,26.707788,26.73689,26.80148,26.712183,26.665766,26.687923,26.85469,26.752996,26.778038,26.81996,26.810719,26.777987,26.766607,26.816828,26.712793,26.831026
4.8520303,4.8520303,4.8520303,4.8520303,4.8520303,4.8520303,4.8520303,4.8520303,4.8520303,4.8520303,4.8520303,4.8520303,4.8520303,4.8520303,4.8520303,4.8520303,4.8520303,4.8520303,4.8520303,4.8520303,4.8520303,4.8520303,4.8520303,4.8520303,4.8520303,4.8520303,4.8520303,4.8520303,4.8520303,4.8520303,4.8520303,4.8520303,4.8520303,4.8520303,4.8520303,4.8520303,4.8520303,4.8520303,4.8520303,4.8520303,4.8520303,4.8520303,4.8520303,4.8520303,4.8520303,4.8520303,4.8520303,4.8520303,4.8520303,4.8520303,4.8520303,4.8520303,4.8520303,4.8520303,4.8520303,4.8520303,4.8520303,4.8520303,4.8520303,4.8520303,4.8520303,4.8520303,4.8520303,4.8520303,4.8520303,4.8520303,4.8520303,4.8520303,4.8520303,4.8520303,4.8520303,4.8520303,4.8520303,4.8520303,4.8520303,4.8520303,4.8520303,4.8520303,4.8520303,4.8520303,4.8520303,4.8520303,4.8520303,4.8520303,4.8520303,4.8520303,4.8520303,4.8520303,4.8520303,4.8520303,4.8520303,4.8520303,4.8520303,4.8520303,4.8520303,4.8520303,4.8520303,4.8520303,4.8520303,4.8520303,4.8520303,4.8520303,4.8520303,4.8520303,4.8520303,4.8520303,4.8520303,4.8520303,4.8520303,4.8520303,4.8520303,4.8520303,4.8520303,4.8520303,4.8520303,4.8520303,4.8520303,4.8520303,4.8520303,4.8520303,4.8520303,4.8520303,4.8520303,4.8520303,4.8520303,4.8520303,4.8520303,4.8520303
24.296494,24.27303,24.236034,24.277573,24.239841,24.316616,24.24973,24.339497,24.27195,24.262371,24.3205,24.268665,24.217411,24.282887,24.219559,24.302048,24.259666,24.299847,24.2625,24.232552,24.233845,23.369316,23.337818,23.40335,22.950302,22.86327,23.097881,23.179585,23.411522,23.075218,23.15424,22.76099,22.825123,22.4441,23.24825,23.117973,22.734688,22.663422,23.337444,23.536446,22.894218,23.281887,22.915764,23.259773,23.263218,22.867413,23.121914,15.717222,10.456245,13.744808,10.245453,13.760642,9.781238,10.555185,9.361259,7.480648,10.9039,6.5315185,8.652606,6.412999,4.0908904,6.493343,2.6514108,6.343025,1.3592949,2.9828224,3.0288515,1.9677879,4.3054013,1.194264,5.3961363,3.5370293,3.8034475,3.8086417,4.3429704,8.447637,6.331653,9.200657,9.816287,10.121041,11.65081,11.5997,14.235456,14.314869,22.429386,22.80389,23.588135,22.563663,23.071445,23.077415,23.03563,23.555119,23.577435,22.48616,23.334133,23.574303,22.892563,22.723675,23.401367,22.930176,22.907005,22.458887,22.583565,22.90701,23.175278,22.954395,23.037548,23.452389,23.665062,24.266273,24.342796,24.337307,24.22754,24.233807,24.257797,24.2463,24.247341,24.28347,24.294048,24.290977,24.285393,24.267292,24.219395,24.29842,24.361485,24.233002,24.254177,24.296638
25.136103,25.020885,25.109545,25.108576,25.03556,25.152054,25.070831,25.143944,25.11633,25.008347,25.129547,25.080828,25.106485,25.092346,25.049522,25.159126,25.069393,25.124962,25.137686,25.00935,25.064436,24.571316,24.507256,24.41256,24.520805,24.402596,24.7495,24.720556,24.535034,23.756401,25.206566,24.08361,24.3301,23.872276,24.854044,24.429743,24.352749,24.53431,24.069439,24.58857,23.845352,23.89785,24.53854,24.486235,24.588902,24.814354,24.697472,16.020668,11.166978,15.488645,10.880722,13.875594,10.107026,10.713309,11.334329,8.16675,12.363002,7.630948,8.47535,7.221669,4.4459863,8.019257,2.7062743,6.097667,1.2999543,2.2357996,5.324201,0.97914827,5.5028834,2.2307272,4.5198755,4.7743464,4.4340277,6.335633,4.4774494,8.616326,7.2421412,8.090249,11.053414,9.929986,12.581016,12.462113,14.4114,14.860319,24.185547,24.054163,24.801483,24.40686,24.078419,24.663935,24.30466,24.571709,25.137405,23.99365,24.197224,24.318855,24.56551,24.25375,24.071644,24.6955,24.264473,24.266586,24.650434,24.006561,25.035038,24.575275,24.165508,24.605293,24.775517,25.153736,25.17044,25.20537,24.996845,25.041454,25.13721,25.050495,25.02119,25.079985,25.085665,25.118668,25.07834,25.099245,25.052269,25.080635,25.145882,25.080761,25.050585,25.143616
24.627436,24.579468,24.61866,24.654411,24.540045,24.684626,24.641356,24.664886,24.627182,24.611702,24.5769,24.576363,24.596203,24.61792,24.581009,24.60903,24.617271,24.680286,24.735132,24.536152,24.55645,23.879263,23.800087,23.903679,23.342442,23.769644,23.835812,23.018427,24.083004,23.676365,24.669823,22.818165,23.779217,23.288158,23.79494,24.039356,23.267124,23.69339,23.301575,23.013721,22.75058,23.428288,23.989384,23.582912,23.872238,23.773785,24.295158,14.669102,9.409747,14.004459,10.40934,11.528247,8.31145,9.027093,10.0342045,7.004398,12.254414,7.0094533,8.0337925,6.5529623,4.501204,8.432127,3.2392926,4.4684534,1.4511541,2.8223462,4.460576,1.3230392,5.8467116,1.5614038,3.916529,3.3144505,3.064865,5.4727907,3.4451323,5.7474174,5.1473274,6.7525806,9.367596,8.351324,11.914861,10.587125,13.682773,13.613883,22.840351,23.337858,23.387907,23.264297,22.881424,23.33694,23.017214,23.315178,24.095158,22.81469,23.722084,23.777512,23.75978,23.462715,23.974073,23.5172,23.390682,23.621784,23.749405,23.537407,24.282488,23.672089,24.132278,23.870491,24.32431,24.61127,24.626335,24.689117,24.560684,24.565449,24.582708,24.573189,24.603409,24.573761,24.535788,24.574959,24.607336,24.630074,24.579752,24.66227,24.709297,24.616467,24.51566,24.620821
22.60014,22.578495,22.53183,22.664288,22.430117,22.656937,22.61657,22.720184,22.566238,22.664083,22.505089,22.503422,22.529703,22.54759,22.533722,22.52063,22.60051,22.633995,22.666391,22.463577,22.477848,21.83825,21.562126,21.585268,21.224188,21.205587,21.777319,20.306526,21.876919,20.974747,22.31232,20.493143,21.493607,21.01664,21.184427,21.487408,20.974594,21.206055,21.386726,20.794544,20.477242,21.24258,21.367561,21.904652,21.541557,21.627132,21.906483,12.8359165,8.125615,12.218237,9.58416,8.553152,7.82765,7.8520603,8.598597,6.63739,10.272228,7.209669,6.171488,6.0916653,4.9394894,8.225414,3.929166,3.1005745,2.0231307,2.49689,4.148464,1.0900755,4.77536,2.1470823,2.6125941,3.099165,3.1474342,4.6207066,3.4164925,4.5444403,5.0008736,5.335758,7.0614033,7.076955,10.053488,9.331997,11.114849,11.569017,20.515224,20.89756,21.35222,21.053526,20.560186,21.269463,20.308847,21.010338,21.44487,20.115028,20.844038,20.963043,21.09839,20.94584,21.55444,21.180962,20.893902,20.282368,20.83512,21.327679,22.237858,21.429428,21.211731,21.752947,22.097162,22.61265,22.592434,22.676624,22.515848,22.513994,22.595982,22.555508,22.548409,22.54542,22.581074,22.572945,22.653908,22.648344,22.535664,22.666817,22.721115,22.469688,22.46254,22.646685
26.240572,26.245953,26.261747,26.23909,26.198198,26.274858,26.260756,26.287739,26.261574,26.30275,26.164047,26.241905,26.218376,26.293024,26.24269,26.286192,26.288038,26.323797,26.34635,26.18121,26.22822,25.001402,24.370249,24.07235,24.214014,24.717524,24.528696,24.052074,25.002707,25.167648,25.47886,23.992146,25.202267,24.678425,24.710962,24.620422,24.047142,24.86087,24.775846,24.274195,24.037453,24.751635,24.243935,24.664707,24.399815,24.625546,24.98458,15.885823,11.00859,15.637891,12.726275,11.699725,11.620851,11.380441,10.919853,8.730042,13.696836,9.278277,8.366052,7.6612034,6.08083,10.487876,5.1473465,4.4065146,3.3530686,3.1242623,3.5527978,0.53354156,5.614577,1.7997088,3.1748333,3.3512707,3.8310242,7.07574,4.6151147,5.388259,6.955884,7.4999824,10.34929,8.796991,12.72468,12.751414,14.444436,14.030595,23.944897,24.308075,24.549652,23.988401,23.668684,24.248482,23.311094,23.9664,24.624367,23.509432,24.228827,24.122023,24.800749,24.47874,24.734804,24.05243,24.004423,23.91266,23.871178,23.64543,24.104696,24.351597,24.74641,24.986609,25.68909,26.28968,26.231068,26.325356,26.197292,26.24294,26.27369,26.242214,26.216208,26.210333,26.219767,26.229301,26.296328,26.296848,26.251747,26.303259,26.302198,26.248577,26.21231,26.330887
17.808044,17.909239,17.809404,17.789227,17.77175,17.826748,17.83798,17.865639,17.803577,17.992002,17.687994,17.839354,17.793097,17.846107,17.72767,17.748125,17.897652,17.988913,17.948298,17.83267,17.852724,17.811476,16.387827,17.14415,16.588049,16.925596,17.427404,16.17086,17.663069,16.89459,17.08447,16.211784,16.982992,16.717897,17.08476,17.34178,16.297762,16.505264,17.19795,15.89754,16.331148,16.073061,16.288748,17.432812,16.0449,17.10366,16.836502,10.351604,5.879828,8.234708,7.7074456,5.065433,6.0766034,5.6501412,6.005135,5.4334855,6.803884,5.7283893,4.0066075,4.88858,4.147864,7.240646,4.7690444,3.20767,3.025537,2.2682848,3.841373,1.596534,4.7299266,2.7499204,1.6505246,3.6824136,2.644667,5.2392354,3.552218,2.4866886,4.802693,4.21092,6.994944,6.2692533,7.3334527,7.651666,7.811394,7.739986,15.600518,16.554874,16.74529,16.423426,15.712619,16.42127,16.07317,17.02661,16.74143,15.377988,16.564838,16.365927,16.81226,16.574484,16.87969,16.763641,16.648882,16.05675,16.335737,17.263317,17.421326,16.878199,16.719608,17.402733,17.627974,17.920103,17.800297,17.860563,17.7991,17.742105,17.808243,17.786066,17.805403,17.7509,17.93568,17.775404,17.852566,17.989853,17.843903,17.93815,17.922441,17.753736,17.75291,17.902452
26.836344,26.85637,26.821432,26.677298,26.790602,26.844275,26.774778,26.858507,26.802694,26.888163,26.75421,26.790638,26.768742,26.771826,26.787596,26.803469,26.819164,26.880276,26.835382,26.749628,26.811878,26.808825,25.834192,25.074389,25.379194,26.206034,25.465849,25.618217,26.198706,25.671629,25.971842,25.73039,26.128338,25.513182,25.936678,25.099115,25.173302,26.166975,25.3832,24.86966,24.930113,25.060507,25.039177,25.44539,24.893972,25.49002,25.91499,17.480497,13.90039,16.999243,14.0977955,13.703736,13.513154,13.2498665,13.08299,11.978186,16.769634,12.791334,11.182643,10.1911955,8.816923,14.091957,7.239623,8.420682,6.745219,3.407631,5.090689,1.6945359,6.815087,2.1968908,0.85543925,1.891966,2.5810933,8.869212,4.6562138,7.758171,8.790601,7.3584476,11.806372,10.304511,13.877178,14.96995,14.937782,15.496302,24.607063,25.80087,25.768269,25.391182,25.678522,25.235945,24.81879,25.593714,25.771297,25.138714,25.37722,24.242514,25.577604,26.567242,25.76517,25.582197,25.618242,25.309406,24.6334,25.664488,25.800581,25.60023,25.561438,26.061922,26.281721,26.861498,26.811247,26.82591,26.727327,26.821383,26.75812,26.793207,26.662533,26.78691,26.809322,26.801472,26.74127,26.765764,26.764902,26.879736,26.86091,26.77441,26.829485,26.790827
25.603191,25.640053,25.572842,25.633656,25.587025,25.696148,25.62024,25.680176,25.631187,25.697132,25.563648,25.551903,25.618603,25.553352,25.667057,25.670193,25.654335,25.658348,25.646214,25.560047,25.536945,25.674126,25.461998,24.814243,25.070385,25.426727,25.163197,25.229633,25.603283,24.903423,25.307293,24.788013,25.300694,24.859524,25.69234,24.487606,24.278072,25.685303,25.461761,25.141808,24.4789,24.848652,25.172123,25.21228,24.729855,25.178143,25.297112,16.364672,12.525773,16.59259,13.454457,14.159367,12.933954,12.891832,14.090111,11.533325,16.204922,12.103792,13.083197,12.02396,8.957128,13.901542,7.99157,10.076725,6.996887,6.9547186,7.1735497,2.6613464,6.1440306,1.7489405,4.0541615,2.216888,0.6720276,6.0915027,2.2228656,7.7371264,6.1253586,7.4625626,11.033696,9.079365,13.344549,13.750244,16.244299,14.243834,24.068676,25.557274,25.032253,24.6908,24.54058,24.65477,24.719826,25.445576,25.188553,24.383198,25.274014,25.295563,24.610264,25.909134,25.03376,25.85876,24.882664,25.666412,25.365383,24.929855,25.797615,25.410862,25.1702,24.854721,25.26239,25.66502,25.6096,25.541142,25.622356,25.67149,25.583431,25.639133,25.573662,25.653515,25.554474,25.561604,25.563656,25.614376,25.552425,25.692108,25.633358,25.578129,25.632298,25.655106
23.199106,23.2057,23.213886,23.229254,23.20107,23.245754,23.186903,23.23732,23.234722,23.2277,23.167421,23.19305,23.159712,23.152653,23.251886,23.205606,23.29776,23.213087,23.258173,23.161312,23.223652,22.933943,23.041246,22.595903,22.334187,22.841255,22.923,22.969349,23.683523,23.667864,23.685108,22.71317,23.739298,23.427446,23.74765,23.396063,23.083447,24.226002,23.795591,23.454388,23.61283,24.309835,23.782784,23.58062,23.963274,23.997267,23.9398,15.072716,9.927102,14.160754,10.246675,11.655911,9.770942,11.577472,11.338084,9.070918,14.491931,10.204852,10.667191,9.0319195,8.3037405,12.29583,6.4337764,8.475697,5.6165843,5.910825,5.6980896,2.2224352,7.383263,2.270198,3.5959098,1.1839892,1.9630611,6.2008734,1.5085346,4.8924847,2.7489634,5.5490003,7.1797395,6.1435294,12.20313,10.72852,13.377543,13.583869,23.598505,24.473728,23.876165,23.83651,23.60935,24.05109,23.317543,23.49605,24.075516,23.445465,23.879465,23.328566,23.636332,24.06819,23.737453,23.96384,22.698414,23.91061,23.103575,22.74326,23.378088,23.529316,23.245586,22.79944,23.04834,23.241262,23.18991,23.197144,23.162735,23.280687,23.19328,23.202856,23.166054,23.157192,23.202007,23.210724,23.14381,23.143839,23.179161,23.266054,23.273212,23.16926,23.160778,23.262589
24.871464,24.82169,24.883953,24.820698,24.834236,24.857124,24.853096,24.89629,24.887096,24.892653,24.789581,24.85987,24.770134,24.843319,24.898174,24.889988,24.936726,24.920616,24.901543,24.867805,24.891897,24.474113,23.991907,23.807945,23.386082,24.028906,24.418661,23.969774,24.63219,25.035442,24.71614,24.022076,24.911396,24.201569,24.503191,24.385136,23.627756,24.825485,24.57258,23.787453,24.102139,24.980719,24.493483,24.869854,24.847134,24.862036,24.507881,15.693827,10.082884,14.569881,10.896392,10.988859,10.211248,11.389078,11.064606,9.360355,13.43745,9.728706,9.592747,8.590742,7.182528,11.685062,5.7928166,5.9644923,3.6211307,3.4516194,3.4211566,1.192137,5.9772034,1.8672496,3.070603,2.0795786,2.0987682,6.5540333,2.611443,3.7629032,3.1439025,5.4095435,8.129258,6.619563,11.435595,11.363377,13.328331,13.892609,23.844055,24.54576,24.528439,23.550524,23.528114,24.361238,23.532013,24.592861,24.405987,23.429148,24.348267,24.24318,24.39831,25.047323,25.101463,24.524944,23.689205,24.599361,23.903416,24.016514,24.071918,24.672718,24.584476,24.53445,24.646547,24.943485,24.851809,24.90282,24.829138,24.907722,24.85532,24.838312,24.851807,24.783878,24.902826,24.863903,24.80931,24.803257,24.849918,24.919256,24.904112,24.820526,24.863735,24.97535
23.950483,23.957602,23.916933,23.96887,23.931349,23.938316,23.937761,23.981888,23.985422,23.99421,23.871067,23.953684,23.902332,23.877369,23.953363,23.999315,23.971453,23.941107,23.950304,23.923826,23.957413,23.022549,23.34595,23.019869,23.292946,23.374586,23.657782,23.46924,24.040413,23.701561,23.564528,23.234652,23.979597,23.95401,24.049093,23.458544,23.657864,23.931927,24.352335,23.679518,23.567339,24.194262,23.539532,23.86326,23.788294,24.509176,24.329819,15.438549,11.570845,15.024278,11.566741,12.403838,11.883906,12.501848,12.518814,10.528622,13.844585,11.817894,11.450447,10.471556,9.236146,12.37188,6.902512,9.144884,6.8938265,6.992993,6.180712,3.0819657,6.4343033,3.4381514,4.089584,2.0221689,1.3245517,4.8475676,0.9031923,4.5768976,2.6886616,5.591054,6.930521,5.5425935,11.417055,10.935297,13.0816555,12.923647,23.166372,23.686838,23.300253,23.245838,23.040386,23.766878,23.023817,23.76848,23.802132,23.396416,23.853848,23.246922,23.13998,23.562813,23.370697,23.955626,22.854053,23.867514,22.762882,23.011309,23.53903,23.852594,23.542202,23.394104,23.779043,23.96368,23.929785,23.958288,23.92777,23.965935,23.924131,23.989576,23.91881,23.87541,23.918259,23.91779,23.895046,23.94431,23.933754,23.998083,24.000576,23.906796,23.934856,23.973845
22.81086,22.717724,22.78312,22.760166,22.666561,22.857899,22.69952,22.945599,22.79979,22.840319,22.683237,22.792702,22.724838,22.737068,22.789421,22.790855,22.877457,22.846935,22.875816,22.7389,22.788132,21.70987,22.195032,22.074364,21.977879,21.565186,22.53186,21.550165,22.383335,21.13657,22.684917,21.090874,21.994694,21.75624,21.707985,21.600342,21.771051,22.335854,22.330883,21.774544,21.659721,22.197857,22.504951,22.86419,22.712543,22.784325,22.768534,13.068862,7.798588,12.958665,9.263539,8.446043,8.986611,8.204593,9.40514,7.046937,10.394944,7.6378355,6.0646133,6.8412347,5.1333904,9.005769,4.2988,3.8406265,2.9572558,2.1362326,5.00001,0.96261656,4.7948523,2.4537601,2.060903,3.1765563,2.7544546,6.0264235,3.292565,4.4794416,4.8727393,5.0500193,7.91644,6.287339,9.856922,10.819523,11.03383,12.242415,21.388987,21.89354,22.311846,22.179989,20.894478,22.290722,21.338924,21.57199,21.870293,20.657206,21.432875,21.998432,21.619207,22.094025,21.607353,21.750488,20.83357,21.175486,20.97639,21.006657,22.146149,21.836319,20.815031,22.02327,22.3028,22.932076,22.797,22.860023,22.722021,22.79907,22.805609,22.76258,22.736942,22.74589,22.889698,22.705193,22.863297,22.805544,22.7975,22.822763,22.89001,22.683762,22.773205,22.862175
27.373022,27.302746,27.34343,27.281483,27.382856,27.347958,27.270199,27.350773,27.324963,27.308407,27.29263,27.295158,27.242367,27.384775,27.29342,27.36169,27.308363,27.372746,27.294827,27.368786,27.421177,25.804907,25.175615,25.157516,25.406012,25.306316,25.123764,25.2654,25.252909,25.0573,25.185358,24.892284,25.576159,24.669292,24.587072,24.817923,24.467464,24.739101,24.695515,24.954624,24.690586,24.386082,24.741543,24.927006,25.314314,25.0573,25.259247,16.538256,10.520564,15.006399,11.116633,13.733559,10.902267,9.761478,11.00807,8.891322,13.090702,7.5102715,8.156742,8.345378,3.6870058,9.132854,3.0800111,5.6556506,2.2116432,0.6455196,4.0953693,1.8218578,7.315162,2.6457663,4.621589,5.4028463,4.0898576,7.964901,5.160541,7.491358,6.456983,7.184956,11.442608,9.566217,12.818746,13.381562,13.98891,15.5237465,24.438597,24.645031,25.086319,24.298424,24.343128,24.214191,23.908031,24.649351,25.834091,24.00603,25.084583,25.375996,25.137375,25.383862,25.061771,24.78305,24.26115,24.450832,24.521618,24.580574,25.838806,24.95281,25.615894,25.965012,26.62416,27.349636,27.453545,27.486614,27.292238,27.284813,27.293804,27.281315,27.341482,27.300816,27.308447,27.374714,27.320513,27.3345,27.316578,27.358522,27.40041,27.36995,27.383308,27.325432
23.770678,23.705116,23.705252,23.688387,23.750637,23.84487,23.622972,23.843002,23.647795,23.764677,23.703035,23.752851,23.711985,23.769545,23.635914,23.718002,23.783314,23.733206,23.687399,23.6867,23.669949,23.06745,22.208654,22.535404,22.377983,22.785032,22.822378,22.049208,22.661423,21.77639,22.732916,21.43065,23.006151,21.832134,21.958872,22.535753,21.232304,21.995337,22.020823,21.772604,21.534912,21.786396,21.496578,22.168413,22.19134,22.176832,22.397837,12.934545,6.6584287,11.038632,7.9224195,9.346663,7.9725466,7.3054447,8.1891365,6.9875755,10.337092,6.647808,6.5827475,7.296955,3.7730236,8.099238,3.2841778,4.312173,2.3125644,1.1617115,3.9024372,1.3275871,5.703496,2.7611694,3.265897,4.669672,2.8480864,6.650653,3.8517928,4.675003,4.9909525,4.888242,8.034421,5.9946575,9.336107,10.516717,10.43917,11.326729,20.617216,21.712975,22.350466,21.02488,21.174543,21.43481,21.32974,21.501505,22.392454,20.899736,21.928,22.473236,22.487501,22.831415,22.075962,21.878439,21.366074,21.592072,21.69773,22.058012,23.562836,22.781393,22.933643,22.898212,23.177528,23.751547,23.796766,23.906792,23.685392,23.644423,23.698957,23.723858,23.689034,23.660833,23.69504,23.758026,23.765001,23.766506,23.694284,23.820465,23.839178,23.577375,23.745369,23.67789
27.65412,27.575384,27.59578,27.519203,27.588003,27.676062,27.515203,27.633783,27.565298,27.58077,27.603323,27.55993,27.549685,27.635689,27.56482,27.630753,27.64463,27.606234,27.600101,27.58917,27.56351,26.188192,25.345076,25.732138,26.185915,26.075775,26.170296,25.953466,26.160444,25.519526,26.394106,25.143436,26.213457,25.233633,25.327383,25.698515,24.682951,25.45252,25.756002,25.87349,25.50298,24.988836,25.527338,25.435177,25.992544,25.66886,26.113117,16.102842,9.92541,15.089873,11.138345,13.76603,10.904306,9.891353,10.959205,8.771926,13.559573,7.7323217,8.728641,8.00918,3.750442,8.3612585,2.930188,5.5621204,1.4834495,1.358571,4.0651126,1.3277656,6.4312825,2.4155927,4.8874607,4.715289,3.404417,6.6381364,5.003293,7.2674575,6.378879,7.671231,10.77489,9.063303,12.46738,12.653377,14.592767,15.230315,24.557959,25.291784,26.236052,25.03018,25.300505,25.292883,25.065622,25.66424,26.493813,24.733908,25.872667,25.844488,26.029886,25.983461,25.83314,25.639753,24.964642,25.3888,25.233103,25.420092,26.380241,25.696165,26.074186,26.312767,26.997099,27.626303,27.72568,27.748709,27.553953,27.47068,27.5334,27.513884,27.544518,27.551554,27.510382,27.604984,27.574392,27.585997,27.571562,27.64953,27.631788,27.57077,27.629744,27.584345
18.669971,18.551876,18.595592,18.631409,18.542953,18.666512,18.545506,18.810745,18.645054,18.56659,18.538273,18.702381,18.6105,18.52338,18.619492,18.578049,18.660736,18.602936,18.710949,18.531883,18.584503,18.290691,18.829914,18.560139,17.790043,18.09734,18.604305,17.757717,19.210575,17.497349,19.472027,17.549225,18.988441,18.049423,18.364487,18.395065,17.961262,18.683163,18.646378,18.409618,18.243973,18.499367,18.822334,18.926094,19.202087,18.95042,19.336433,10.836591,4.3800187,10.082335,6.0183463,7.2686963,4.7044396,5.2945437,6.4772363,3.98276,8.268712,4.31473,5.2500386,4.013003,2.4763808,6.5703015,2.7795732,4.356174,1.3463036,2.7805696,5.2190623,1.6513286,4.768455,2.8527913,3.9149044,3.625442,2.8779597,5.4216266,3.374152,5.7652755,4.286123,5.2584805,6.9778857,6.1416583,8.567796,8.596208,9.717931,10.03552,17.756153,18.29543,18.625786,18.237888,17.594269,18.347439,18.09787,17.60664,18.646774,17.23455,17.85358,18.33559,17.510437,17.664993,17.583069,17.913006,17.036835,17.5149,17.994625,17.725204,19.672695,18.15549,17.848537,18.267506,18.28249,18.77391,18.681747,18.614567,18.551613,18.49487,18.569984,18.529858,18.526058,18.579922,18.629318,18.541,18.693714,18.621979,18.553802,18.663635,18.729847,18.48492,18.547802,18.667812
19.951841,19.899126,19.895876,19.998526,19.769527,19.947178,19.88943,20.189247,19.965248,20.000694,19.856209,19.956297,19.892807,19.829313,19.98656,19.88768,20.01486,19.93596,20.030825,19.897377,19.863031,18.310265,18.580853,18.730608,18.997463,18.071083,19.29414,17.729053,19.020798,17.59967,18.684528,17.638094,18.403229,18.214518,18.390055,18.061287,18.228395,18.461218,18.647919,18.03201,17.887226,18.394491,18.792053,19.129473,18.984688,18.643942,19.293842,10.389611,4.4046106,9.9090605,6.2619085,6.759738,5.3311224,4.5019636,6.013257,3.430093,7.3569098,4.7705564,5.1796227,4.021325,3.1777108,6.0569253,2.973945,3.586179,1.3519775,2.8915713,4.48123,1.2960607,4.6324244,3.1829712,4.524851,3.3325474,3.3451214,5.361657,3.912515,6.2313643,4.609458,5.319725,6.6219187,5.8993273,8.240245,8.076589,10.2067,9.77122,17.897648,18.12074,18.700207,18.381124,17.50446,18.111904,17.668476,18.066147,17.703398,17.316395,17.755987,17.919575,17.704369,18.0924,17.79758,17.962809,17.64661,17.19275,17.816696,17.684664,18.7985,18.090862,17.758993,19.027872,19.422226,20.066545,19.956078,19.920277,19.849783,19.903896,19.890762,19.877851,19.895084,19.921312,19.868153,19.872269,19.992458,19.93748,19.855564,19.965355,20.07762,19.812695,19.926655,20.023325
19.399233,19.389818,19.424479,19.367155,19.33848,19.377398,19.268496,19.487604,19.337503,19.457315,19.182188,19.399496,19.362188,19.301336,19.343489,19.30171,19.385588,19.43883,19.410421,19.325098,19.309458,17.456026,17.01927,17.162779,16.548727,16.882929,17.039572,16.575811,17.803022,16.463476,17.500177,16.278582,17.629385,16.68524,16.673159,17.329245,16.76998,17.1066,17.293642,17.2017,16.884066,17.170366,17.13231,17.633902,17.815973,17.50876,17.671194,9.502788,4.2102313,7.7458453,5.491879,6.1632686,5.355024,4.891131,5.494084,4.3079543,6.50792,4.1605783,3.8773572,4.296864,2.8435352,6.261704,3.4586606,3.4312196,2.1446264,1.777659,4.710608,1.6685423,4.66279,2.9174764,2.7777212,4.05773,2.891995,5.39031,3.548966,4.450482,4.50724,3.7427115,6.4465976,4.9092517,6.8943906,7.0611196,8.147856,8.053809,16.119246,16.97909,17.329065,16.567858,16.61479,16.51851,16.545012,16.656435,17.301104,15.411132,16.418028,17.311193,17.046453,17.077578,16.416342,16.562647,15.7980795,16.062426,16.745424,17.015974,18.228292,17.230299,17.15315,17.858702,18.439558,19.450418,19.405779,19.394201,19.342997,19.251162,19.36238,19.309149,19.287283,19.328424,19.42127,19.329363,19.442186,19.405603,19.388716,19.465258,19.44127,19.23319,19.363962,19.413534
20.139168,20.001274,20.054276,20.09215,19.889694,20.066513,20.035553,20.196213,20.01168,20.055506,19.921001,20.135685,20.067753,20.007587,20.05735,20.034157,20.134247,20.032524,20.107674,19.96528,19.964752,18.09329,17.963211,17.72056,18.117868,18.09068,18.37362,17.252325,18.436882,17.141619,18.222809,17.134071,18.216606,17.598213,17.711235,17.952946,17.500126,18.240612,18.505081,17.681831,17.488152,17.89354,18.125885,18.647053,18.545496,18.467627,18.78804,9.963478,4.535703,9.331926,6.2161274,6.036766,5.578962,5.093008,5.399837,3.7474563,6.5398574,4.4675694,4.1321387,3.475804,2.4690177,5.169656,3.136195,2.995446,1.425906,2.1283185,4.019304,1.6077383,4.7844563,3.895621,3.7633798,4.0707765,3.6415775,5.6625323,4.6377783,5.7453856,6.0131254,5.0586243,6.755516,5.764292,8.051502,8.4466305,9.26281,8.873844,16.931726,17.794016,18.300644,17.773563,17.47847,17.585388,17.72401,17.794735,17.536644,16.688858,17.201365,17.869717,17.65611,17.782028,17.33255,17.295036,16.866383,16.890244,17.457169,17.880178,18.815695,18.221176,17.827963,18.846699,19.53846,20.196579,20.019148,20.056923,19.989807,19.992237,20.104774,20.024609,19.999168,20.00942,20.136362,20.022152,20.190811,20.104906,20.003544,20.144009,20.160252,19.902557,20.008244,20.106094
25.324282,25.165998,25.206572,25.220861,25.09119,25.204056,25.155645,25.305616,25.175968,25.149315,25.248707,25.181421,25.185251,25.12046,25.249744,25.228266,25.196726,25.13418,25.316133,25.07926,25.159227,23.3817,24.167517,23.868107,23.718027,24.059183,24.440195,23.944933,24.715126,23.671518,25.000963,23.171713,24.00352,23.312443,24.274485,23.411917,22.828033,24.120459,23.553316,23.184362,23.304182,23.570723,24.636192,23.78273,24.26084,23.786236,24.484354,14.441619,6.3062506,14.080978,7.764762,10.704432,5.638302,6.1000967,7.6878304,2.9285417,9.539293,3.940645,6.22434,2.2868867,1.9684079,8.409279,2.2800827,6.8197374,1.7326479,3.030803,6.3128047,1.259564,7.026069,3.6350007,6.393315,4.2676883,4.4546223,8.976755,5.477542,9.428446,6.61249,7.8005066,10.042834,8.619012,12.353533,11.20756,13.589921,12.997003,22.936468,23.653093,24.187908,24.184032,23.23538,24.07617,23.6813,23.68851,23.996923,23.31314,24.368135,23.886316,23.644194,24.30698,23.741297,24.406824,23.562086,23.933907,23.940306,23.34147,24.77997,24.104319,23.5451,24.343767,25.070257,25.28168,25.239252,25.166227,25.056017,25.112514,25.168402,25.058416,25.176039,25.150377,25.16974,25.106003,25.2797,25.162071,25.13457,25.182985,25.342295,25.123865,25.14404,25.308683
27.155596,27.05013,27.09752,27.042486,27.043703,27.120386,27.04223,27.132421,27.018454,27.087866,27.092009,26.981867,27.030596,27.039408,27.039877,27.193422,27.037806,27.104794,27.123575,27.009958,27.03739,25.715002,25.728546,24.932638,25.43287,25.476295,25.787054,25.872717,25.964294,25.031567,25.283678,25.19961,25.171793,24.165003,25.214426,25.122004,24.504362,25.194672,24.622576,24.451536,23.926361,24.442965,24.841822,24.777355,24.681679,24.86393,25.085173,16.79718,12.899706,16.206005,13.006742,14.800523,12.539601,12.189243,13.241366,10.087729,14.29708,11.073271,11.832146,9.862159,8.43536,13.01714,7.198583,10.350287,6.4288263,4.7977314,6.0862937,0.5707904,5.3193707,1.843031,2.9868746,2.788247,2.1910915,7.1817994,3.5410404,7.8331585,6.254895,6.045793,9.4473505,8.8900795,12.917858,12.604349,14.68521,14.638645,23.937387,24.498205,25.023441,24.522459,24.404573,24.202862,23.938154,24.811172,24.612642,24.399067,25.19511,24.800886,24.552889,25.53271,25.006226,25.23403,24.452824,24.46554,24.031633,24.542612,25.198812,25.358639,24.90104,25.752272,26.427423,27.056879,27.100386,27.08998,26.960833,27.080042,27.081505,27.049519,26.986256,27.036497,27.09809,27.046513,27.06394,27.084879,27.0469,27.086962,27.259747,27.07185,27.088697,27.106604
4.8520303,4.8520303,4.8520303,4.8520303,4.8520303,4.8520303,4.8520303,4.8520303,4.8520303,4.8520303,4.8520303,4.8520303,4.8520303,4.8520303,4.8520303,4.8520303,4.8520303,4.8520303,4.8520303,4.8520303,4.8520303,4.8520303,4.8520303,4.8520303,4.8520303,4.8520303,4.8520303,4.8520303,4.8520303,4.8520303,4.8520303,4.8520303,4.8520303,4.8520303,4.8520303,4.8520303,4.8520303,4.8520303,4.8520303,4.8520303,4.8520303,4.8520303,4.8520303,4.8520303,4.8520303,4.8520303,4.8520303,4.8520303,4.8520303,4.8520303,4.8520303,4.8520303,4.8520303,4.8520303,4.8520303,4.8520303,4.8520303,4.8520303,4.8520303,4.8520303,4.8520303,4.8520303,4.8520303,4.8520303,4.8520303,4.8520303,4.8520303,4.8520303,4.8520303,4.8520303,4.8520303,4.8520303,4.8520303,4.8520303,4.8520303,4.8520303,4.8520303,4.8520303,4.8520303,4.8520303,4.8520303,4.8520303,4.8520303,4.8520303,4.8520303,4.8520303,4.8520303,4.8520303,4.8520303,4.8520303,4.8520303,4.8520303,4.8520303,4.8520303,4.8520303,4.8520303,4.8520303,4.8520303,4.8520303,4.8520303,4.8520303,4.8520303,4.8520303,4.8520303,4.8520303,4.8520303,4.8520303,4.8520303,4.8520303,4.8520303,4.8520303,4.8520303,4.8520303,4.8520303,4.8520303,4.8520303,4.8520303,4.8520303,4.8520303,4.8520303,4.8520303,4.8520303,4.8520303,4.8520303,4.8520303,4.8520303,4.8520303,4.8520303
21.599714,21.625387,21.620564,21.579561,21.65697,21.636332,21.624817,21.649275,21.658178,21.677301,21.539484,21.706783,21.61004,21.627481,21.658224,21.628973,21.630556,21.65272,21.637552,21.59319,21.615664,22.008024,22.265142,22.145147,22.62652,22.566805,22.30319,21.220606,21.885845,22.222136,21.571959,21.185955,21.612028,22.33763,21.847548,21.942907,22.092157,21.699038,22.460382,21.989584,21.913015,22.404516,22.08314,22.1222,22.319994,22.130766,22.323793,13.82263,9.882648,12.961257,9.735769,11.068047,8.466513,8.74671,9.213727,8.18221,11.33568,8.744393,9.307986,8.735668,7.436447,9.972121,6.8505197,8.425889,5.962151,6.826867,6.295849,4.002107,6.974973,3.644605,3.9935532,2.5665684,0.60577554,3.879877,2.368469,3.6192555,1.8887252,5.911798,6.038873,4.9014525,10.05113,9.054476,11.115341,11.66833,21.479513,21.993185,22.012167,21.790903,21.812078,22.35585,21.61878,22.69655,23.053728,22.101393,22.269697,21.835623,21.694784,22.083721,23.137922,21.92,22.213915,22.97325,22.352175,22.259096,22.987806,22.627756,22.645727,21.861467,21.91025,21.630861,21.634438,21.640272,21.595507,21.549387,21.598173,21.579494,21.601805,21.611296,21.628263,21.607763,21.599478,21.592703,21.62381,21.65156,21.665339,21.605188,21.647467,21.543146
24.404066,24.398472,24.363148,24.375017,24.352571,24.429314,24.37908,24.405197,24.386003,24.410713,24.325016,24.37846,24.386276,24.396307,24.35919,24.38588,24.41524,24.41644,24.406103,24.332249,24.313171,24.991705,25.161732,24.608236,25.508976,24.687765,24.6658,25.2183,25.151508,24.548395,24.698072,23.897207,24.453178,24.582552,24.812202,24.049799,24.365467,24.58558,24.68382,24.748621,23.903536,24.557108,24.601702,23.766392,24.311663,24.39454,24.686117,16.165325,12.414148,16.04669,11.777456,15.237696,11.549711,12.533499,12.033081,9.584396,14.404818,10.071747,12.938551,9.680821,8.935692,11.512189,5.423892,9.89999,4.754802,6.789095,4.823551,1.1253338,4.998316,1.25083,6.592704,1.6339355,2.3214183,5.6232505,2.8414931,9.323478,5.9096746,9.271189,9.535248,8.227458,13.46375,13.902348,16.858019,13.698467,23.873703,24.741686,24.789196,24.355312,23.936666,23.771461,24.051058,23.886024,24.639866,24.394161,24.245344,24.502794,23.735758,24.951376,24.59969,24.869709,24.173185,24.272532,24.451395,23.894484,25.131634,24.56034,24.441689,23.99309,24.349941,24.38505,24.436367,24.392628,24.344955,24.325085,24.356932,24.367176,24.347048,24.443523,24.334127,24.32269,24.335503,24.413635,24.317234,24.412868,24.426237,24.392822,24.42397,24.425995
19.776875,19.678312,19.709545,19.747965,19.748257,19.801065,19.74451,19.887226,19.79875,19.74317,19.71228,19.822115,19.737455,19.723999,19.62446,19.695965,19.733616,19.830393,19.820898,19.592615,19.680586,19.474333,19.503962,19.56227,19.530157,19.279045,19.163778,18.51583,19.554201,18.704542,20.267614,18.824339,19.554216,19.157133,19.64235,19.663328,19.315805,19.909079,19.187992,18.754911,18.249052,19.096163,19.255306,19.476923,19.981146,19.529348,19.346212,10.949074,5.196339,10.137325,6.1814675,7.764958,4.2663474,7.2670026,5.6743093,4.7383723,8.868725,4.689772,5.8399444,4.988108,3.7328477,6.9531465,2.3688273,3.892918,1.4553992,3.7842927,4.5420556,2.3477206,6.03274,2.0637567,3.47304,2.9827554,2.515473,5.69194,2.2902238,4.6761184,3.6024003,5.9451747,6.1999164,5.0000434,9.296623,8.602776,9.7610655,10.452621,18.758738,19.560572,19.212603,18.846243,18.994774,19.341026,18.729715,19.00057,20.17342,18.598957,19.217394,19.351896,18.068872,19.452368,18.45324,19.408527,18.66794,19.981733,19.74024,19.218702,21.29907,19.638044,19.800611,19.417728,19.46239,19.74654,19.767607,19.778475,19.707407,19.621117,19.669039,19.752989,19.645857,19.726322,19.79974,19.605879,19.692728,19.806635,19.654226,19.84738,19.806963,19.543814,19.658026,19.828032
20.759863,20.662355,20.710527,20.7633,20.74151,20.833422,20.711218,20.832664,20.789875,20.72504,20.714342,20.833645,20.81373,20.702274,20.69581,20.74822,20.818926,20.76303,20.762747,20.621937,20.679543,20.476845,20.789362,20.07416,20.042406,20.39838,20.602823,19.301853,21.00374,20.083647,20.944504,20.068014,20.385466,20.572563,20.603613,20.619265,20.250916,20.87115,20.657747,20.231537,19.68781,20.649004,19.9899,20.455246,21.029375,20.547314,20.690033,11.699696,6.441849,10.903185,7.7540383,8.576029,5.981874,9.204298,7.440209,7.086819,10.267273,6.929421,8.086205,6.865298,5.740605,8.397726,4.1571875,5.197388,2.826578,5.075953,4.532794,2.7124512,5.5348516,1.7896141,3.305401,2.0444477,1.7700495,4.8094616,1.7197441,3.7835944,2.5139854,5.8185887,5.0866323,4.132449,8.625431,8.025269,10.137939,10.725983,20.12515,20.866571,20.596113,20.27421,20.409395,21.224222,20.132826,20.72027,20.981525,19.884142,20.290186,20.155449,20.227772,20.616455,20.587204,20.59991,20.047094,21.600143,20.776026,20.685251,21.938097,21.14979,21.38486,20.392374,20.513674,20.777903,20.76819,20.764996,20.747667,20.653831,20.68971,20.762123,20.673399,20.666868,20.827875,20.700468,20.701265,20.760433,20.68361,20.824854,20.8019,20.569017,20.675365,20.796743
24.669334,24.592823,24.735455,24.673384,24.746569,24.666191,24.715652,24.752499,24.82668,24.630953,24.617128,24.733229,24.722904,24.661228,24.746868,24.744926,24.721401,24.731564,24.725481,24.682848,24.712688,24.171505,24.791824,24.074009,24.503593,24.834269,24.49556,22.97909,24.029783,24.503267,24.012966,23.659462,23.860802,24.609833,24.383255,23.979033,24.281761,24.6026,24.597878,23.41505,23.915081,24.665028,24.114098,23.948679,24.86255,24.118515,24.425793,15.582393,11.396449,15.357053,12.0597515,13.725603,9.550271,12.961334,11.452946,10.916132,15.317761,10.794686,12.980225,9.634718,9.66095,12.942114,7.5996222,10.866231,6.126122,8.636721,5.9263825,4.936895,8.919971,3.02141,5.1412463,1.6095783,1.2001765,6.3280463,2.6324713,5.0111237,1.0586001,8.044918,6.785562,6.0402713,11.742978,10.264201,13.445836,13.573279,24.048584,24.869402,23.990562,23.287596,23.938782,25.094051,23.818783,24.524181,25.101513,23.880554,24.097073,23.578789,23.905586,24.78772,25.30411,24.053822,23.576523,25.893826,24.147114,24.113403,25.376408,24.569962,25.41587,24.419046,24.686066,24.76335,24.729824,24.655624,24.714172,24.627388,24.643848,24.68232,24.660896,24.607742,24.739548,24.659245,24.616293,24.63712,24.623829,24.785664,24.770922,24.67049,24.672745,24.607365
18.627481,18.556738,18.608553,18.651842,18.600445,18.664515,18.503502,18.773872,18.658709,18.684214,18.557138,18.620249,18.540236,18.6006,18.471008,18.592628,18.646217,18.759626,18.650703,18.567755,18.55532,18.700882,18.242514,18.864124,20.16355,18.381556,19.336365,18.547987,18.150953,17.825617,18.518549,17.395792,18.4111,18.601496,17.47351,18.393757,17.751778,17.16494,17.332273,17.530882,16.68666,17.795847,17.859465,17.604883,17.569662,17.865738,17.233706,10.863115,5.957447,7.988821,5.712471,6.878416,6.030242,4.794935,6.418784,5.7370358,7.99191,5.4471674,5.5374155,7.183569,4.175954,7.168751,4.2094736,4.5601425,4.580536,2.722225,5.845587,2.54709,4.513831,1.7382888,2.298503,3.9031544,1.5178148,4.4793887,2.3234224,3.5732896,4.4735518,2.4592707,6.482669,5.0659704,8.19382,8.814351,9.6600485,9.2713785,17.954685,18.247986,18.385025,17.979046,17.997343,17.576685,18.214163,18.31064,18.27997,17.2282,17.472404,19.301662,18.024702,19.096512,18.493906,17.980562,18.398613,18.074442,18.096298,18.453094,19.241524,18.168722,18.76478,18.799963,18.590536,18.58757,18.585394,18.589832,18.541853,18.532454,18.509743,18.582397,18.562206,18.542583,18.674078,18.506353,18.54561,18.70739,18.678106,18.671633,18.588045,18.551947,18.586842,18.67407
20.727879,20.566303,20.604437,20.690073,20.635103,20.64002,20.605341,20.710709,20.703508,20.713903,20.65751,20.618752,20.607836,20.554186,20.574602,20.670147,20.681353,20.605764,20.699669,20.49005,20.566442,18.665674,18.96311,19.42017,19.61687,18.69568,20.119732,19.177687,19.78261,18.997366,19.771204,19.125166,19.66427,19.33075,19.345104,20.022581,18.838121,19.49111,19.329958,18.908697,18.496552,19.410208,18.905588,19.028028,19.814852,18.918968,19.131048,11.067369,3.6415594,8.957458,6.159962,7.405372,5.173627,6.844478,5.504638,4.0677037,8.655632,4.8602014,5.1829767,5.65381,3.0732977,7.143086,3.5611415,4.664932,2.040295,3.062639,4.390145,1.7118311,6.555822,2.5427816,3.3932068,3.4285297,2.0924292,5.6805444,2.436805,4.164226,3.1995692,4.2370954,4.9741836,3.4389145,8.418251,7.0133624,9.221307,9.886123,18.633247,19.052053,19.266962,19.04976,18.83389,19.402628,18.784683,18.83077,19.829214,18.412977,19.045847,19.588697,18.650047,19.262089,19.121696,19.667852,19.036005,19.32986,19.112486,18.967758,20.621298,19.73348,19.528831,19.731897,20.253454,20.69339,20.624542,20.65969,20.629896,20.619629,20.560637,20.65798,20.655125,20.52991,20.738836,20.584139,20.630075,20.634573,20.62252,20.664507,20.659748,20.447723,20.574476,20.698648
25.153042,25.06905,25.185694,25.159725,25.203283,25.148579,25.15607,25.212776,25.248295,25.123024,25.087206,25.192327,25.179146,25.12593,25.21831,25.24582,25.16661,25.183563,25.159565,25.136032,25.164383,24.056581,24.64413,24.172342,24.639248,24.785702,24.621174,23.209366,24.319527,24.733675,23.989695,23.946451,24.143135,24.858944,24.696144,23.97504,24.283438,24.716307,24.684822,23.405533,24.081074,24.71925,23.888927,24.055162,24.711252,24.157875,24.54219,16.349636,12.782388,15.988355,13.029656,14.070176,11.460136,13.926795,12.325788,11.844779,15.021441,12.027733,12.981738,10.75775,10.439103,13.141965,8.565152,10.984898,7.4387493,9.039139,6.150738,4.7460437,8.462212,3.2679038,4.490711,1.43536,0.9339002,5.788405,2.7081852,4.5431857,1.4961201,7.8555527,6.9542074,6.2690096,12.327483,10.865149,13.371279,13.801433,24.105682,24.79129,24.291285,23.663294,24.14313,25.285088,23.922892,24.612137,25.004333,23.854076,24.169401,23.30818,23.661919,24.730392,25.431816,24.134752,23.800804,25.612247,23.947763,23.709375,25.173706,24.482536,25.281752,24.50993,24.887701,25.20512,25.179092,25.116415,25.185331,25.163595,25.134357,25.187513,25.142647,25.092096,25.212929,25.144142,25.14594,25.11444,25.096512,25.234798,25.248009,25.127085,25.137093,25.093468
25.781504,25.826448,25.836103,25.71205,25.897629,25.823542,25.711346,25.761,25.826849,25.862566,25.728064,25.852118,25.803797,25.772005,25.730768,25.836378,25.921251,25.68963,25.857458,25.652716,25.809307,23.663786,23.393345,23.527212,24.723894,24.329594,23.90539,23.47456,23.173857,23.036207,22.519304,22.686758,23.916388,23.708567,22.659668,22.73874,22.355364,23.17169,22.43923,22.998005,22.628721,22.960905,22.174513,22.250109,22.548822,23.459906,21.633064,14.912784,11.105635,13.18804,11.3868475,12.048339,10.87872,11.842298,8.132219,9.8006735,14.942475,10.537385,8.421897,8.564676,8.909951,12.562469,6.8835692,10.6198435,7.1788397,5.5314307,5.606835,4.532909,10.324613,3.6135952,1.3411256,1.048455,1.1567118,9.486043,4.066044,8.556315,6.4857616,6.162989,7.6978936,5.5837584,12.838567,12.504945,10.8217,13.527865,22.756279,23.204782,23.75551,23.841085,23.518602,23.799812,23.177498,23.714367,24.692686,23.959372,22.473614,22.544123,23.75197,25.331678,24.915716,23.629333,23.976774,24.003302,22.615774,24.150839,24.47288,24.524765,23.981821,24.738962,25.581373,25.770468,25.770752,25.805056,25.744438,25.777874,25.745804,25.792559,25.75626,25.720442,25.79416,25.734827,25.77754,25.752808,25.80368,25.820887,25.77239,25.790054,25.832144,25.735512
27.321552,27.186108,27.308165,27.25193,27.36861,27.319439,27.209372,27.318766,27.330606,27.330135,27.280987,27.261982,27.294167,27.304817,27.322624,27.363384,27.269348,27.317654,27.330006,27.186432,27.22704,25.439852,24.603954,24.971691,25.84535,25.217682,25.552216,24.610863,25.096563,25.112679,25.307724,25.20948,25.035206,25.184408,25.063139,25.24405,24.482666,25.003323,24.601307,24.47259,24.17959,24.50196,24.593693,24.834103,24.80718,24.518194,24.271622,16.231155,11.674285,14.864055,12.501279,13.399867,11.653008,12.05811,12.109665,10.584138,14.616678,10.421184,11.398841,11.946549,7.79941,12.692006,8.072727,9.499454,6.905325,6.4545064,7.8391323,3.98558,6.961625,1.9625255,3.7589798,3.806922,0.32718754,6.4332824,3.0169716,5.8016734,4.36228,6.130529,9.226738,6.9224606,11.319495,11.1876745,12.802333,13.17611,23.646154,24.952137,24.884516,24.071201,24.466263,24.799835,24.312805,25.424946,24.56118,23.352566,23.921028,24.597805,23.675797,25.174503,24.833553,24.420475,24.201277,25.352318,24.650826,24.821556,25.815866,25.43394,26.181067,26.021044,26.584164,27.3154,27.319494,27.275738,27.347164,27.238237,27.236973,27.3306,27.291113,27.270958,27.287685,27.286453,27.332317,27.305008,27.299576,27.3796,27.273722,27.235624,27.281292,27.330177
23.73254,23.716362,23.793886,23.69347,23.725662,23.779642,23.718048,23.824558,23.741783,23.785793,23.71008,23.760141,23.827454,23.809662,23.70707,23.749569,23.813097,23.78837,23.823196,23.628105,23.621626,22.963684,22.004158,22.374346,22.555492,22.72099,22.29295,21.193142,22.404438,21.866606,22.958912,21.439291,22.248205,22.106256,22.245184,22.508501,21.306078,22.07212,21.63417,21.657354,21.21418,22.098537,21.383682,22.409538,22.767359,22.021328,22.284712,13.281082,7.4098706,12.610338,8.762355,10.34972,7.266498,8.992218,8.152346,7.073918,10.90493,6.439344,8.331201,8.097876,4.186232,9.251711,3.7923887,4.69346,2.0813336,3.3568225,4.3549123,2.3989325,5.5226254,1.236651,3.6047597,3.1863215,1.6735159,6.3546615,2.4942005,4.1067014,3.7235804,5.4284167,7.5682626,5.4353356,9.389479,9.3919735,11.62145,11.383401,21.169954,22.15326,22.346258,21.60925,21.624718,22.140991,21.830883,22.731398,22.601173,21.013044,22.438843,22.636164,22.384558,23.121613,22.606064,22.401505,22.063128,22.50592,22.014297,23.048544,23.324575,22.69992,23.924232,22.772478,23.257963,23.824257,23.734894,23.759766,23.72036,23.695711,23.768871,23.75238,23.755514,23.71867,23.79963,23.725693,23.753332,23.750393,23.75195,23.85307,23.793316,23.71577,23.693459,23.704742
26.493187,26.432957,26.576862,26.423862,26.531391,26.533554,26.494926,26.5425,26.544832,26.485893,26.47324,26.484068,26.45788,26.504368,26.600739,26.523428,26.588474,26.52988,26.5163,26.440453,26.624956,25.274918,25.11579,25.030878,25.610353,25.629362,24.855207,24.465305,25.431244,25.452047,25.7246,25.681248,25.904377,25.595795,25.636429,25.596317,25.117342,26.265318,25.554886,25.120983,25.234528,25.764866,25.441841,25.846668,25.57037,25.304855,25.289349,16.98534,11.578383,15.453315,12.073817,14.110802,11.334712,13.471213,11.90299,12.049034,16.366968,11.664932,11.927747,10.797376,9.254158,13.045499,6.9338536,9.648407,4.916908,5.376481,4.6931386,3.0794787,8.47582,1.1898075,2.568084,1.1842709,1.8684283,7.58352,3.0031562,6.263141,3.3290524,6.291826,8.459634,8.294577,13.454417,11.993587,13.998968,16.090225,25.724241,26.384148,26.110737,25.562271,25.719791,26.448366,25.60106,26.082428,26.526693,25.062412,25.357483,24.47158,25.920475,26.25143,26.286839,25.82153,24.67303,26.296333,24.60065,25.020702,26.3563,25.603691,25.552834,25.783611,26.125954,26.602978,26.564926,26.488447,26.479588,26.511795,26.512188,26.492386,26.48243,26.404964,26.55598,26.50044,26.486656,26.402945,26.435575,26.61058,26.478058,26.467571,26.467213,26.51591
26.866497,26.778126,26.826977,26.805649,26.833443,26.904884,26.717419,26.867054,26.85368,26.841179,26.836926,26.771584,26.85096,26.809078,26.747318,26.895031,26.83884,26.844105,26.87727,26.757454,26.73962,25.46556,24.605392,25.05083,25.387669,24.900349,25.164692,24.429157,24.726067,23.843048,24.17355,24.165615,24.729744,24.554848,24.299606,24.519485,23.563824,24.096752,23.042316,22.90466,22.53661,23.749039,23.09969,23.53254,23.63218,23.799473,23.428661,15.527836,9.8070755,13.802233,10.53897,12.594366,10.993824,10.53039,11.213367,10.654718,15.856012,9.950044,11.211514,11.9172945,7.188314,12.562446,6.919399,8.462202,5.8526187,4.8771434,7.032815,3.568497,7.6274137,0.71835786,3.6117823,3.467087,0.986772,7.832996,3.39213,6.4715743,6.434699,6.324632,10.318452,8.570993,13.148934,12.625726,14.0884,13.980268,24.157333,25.293945,25.097073,24.29189,24.374134,24.395145,24.325226,25.010384,24.818829,23.00058,23.543423,24.558285,24.337898,25.71127,25.041615,24.573643,24.531643,25.435883,24.561043,24.386986,25.685928,24.754791,25.734695,25.940807,26.309425,26.838211,26.85102,26.814854,26.789375,26.830246,26.799648,26.8452,26.740753,26.77792,26.770733,26.774963,26.794765,26.844875,26.849209,26.937073,26.785011,26.791317,26.849243,26.888569
22.55012,22.31875,22.34387,22.48956,22.368202,22.334929,22.460806,22.435816,22.379633,22.461676,22.460321,22.314487,22.409782,22.293066,22.375353,22.52933,22.311682,22.392992,22.435308,22.219164,22.313427,19.149742,19.362041,18.980059,20.318125,19.171713,19.841301,19.305256,19.49672,18.705072,19.413448,19.850245,18.75494,19.017578,19.259794,20.390156,19.248188,19.493547,19.602596,19.601648,18.796898,19.194632,19.300688,19.466188,19.328325,18.961313,18.852726,11.678215,6.280681,11.210151,8.110508,8.6756735,8.00936,6.8497443,8.50436,5.8560867,9.845719,7.4805355,6.964022,6.737994,5.007492,8.252648,3.348526,5.5780973,3.6806812,2.6138813,4.4885025,0.8734874,3.7274506,2.3203096,2.9394925,3.4657624,2.8203003,5.5306835,2.2620013,4.921916,5.412259,4.09308,5.7846975,4.4956374,8.111314,8.599648,9.753651,10.140801,18.36026,18.54609,19.014029,18.751501,18.760069,18.968328,18.411556,19.065853,19.163313,18.924307,19.878748,19.880846,19.00857,19.70129,18.852823,20.065992,19.906996,19.186577,19.46486,19.233576,19.812588,19.84445,19.198679,20.42639,21.449812,22.449774,22.44715,22.42238,22.365839,22.365353,22.271948,22.336685,22.441015,22.406536,22.492874,22.314968,22.395857,22.392796,22.354105,22.42363,22.573381,22.384703,22.386889,22.413168
25.049019,25.01555,25.078995,25.026293,25.058483,25.047747,25.06037,25.070208,25.015594,25.025076,25.043776,24.960482,25.037008,24.995148,25.131516,25.135813,25.03965,25.114233,25.035393,24.920841,25.041147,24.245573,23.531544,23.802221,24.141882,23.737938,23.784918,23.647764,23.860924,24.113401,24.053312,24.231594,23.66684,23.531944,23.798868,23.569506,22.949755,23.530188,23.474316,23.367178,23.391129,23.513445,23.381857,23.944141,22.920998,23.385077,22.995062,15.584573,10.550822,14.240876,12.598706,13.118255,11.949294,11.627698,12.5601425,11.087552,14.055463,10.700742,11.58562,11.435943,8.366991,11.775676,8.503327,10.374836,6.822588,6.6872606,7.9137845,3.8579178,6.443961,1.6470424,3.1391296,3.2954187,0.45751846,4.7875834,2.917787,6.461475,5.9295683,6.7139726,10.183992,8.100653,13.097024,13.116065,13.722899,14.006524,23.064325,23.95992,24.079565,23.227333,23.338486,23.698305,23.493536,24.181349,24.330427,23.00093,23.643278,24.192804,23.05514,24.472113,24.106382,24.103926,23.94993,24.386515,24.337683,23.418467,24.626566,24.193563,23.93265,24.127375,24.525543,25.115215,25.070757,24.998415,25.081425,25.037455,24.999617,25.046595,25.052217,25.054886,25.071129,24.998583,25.02599,24.987953,24.99552,25.107798,25.102163,25.053637,25.017931,24.953928
19.132412,19.001356,19.116083,19.121843,19.069324,19.123518,19.01629,19.16007,19.145113,19.104792,19.004257,19.150888,19.108786,19.101908,19.135466,19.095186,19.236444,19.07625,19.195398,18.914385,19.117306,17.742327,17.779013,18.175573,19.271936,18.1454,18.615643,18.35059,18.53383,17.794903,18.773607,17.435543,18.104412,17.90616,17.801407,17.967505,17.917242,17.707996,17.683271,18.013157,17.405296,18.153608,17.251415,17.942463,17.706274,18.416342,17.48191,10.557526,5.31876,8.554093,5.661484,6.320306,5.64705,6.1030827,5.222784,4.309929,6.777297,5.50228,4.5856256,4.974868,3.5746152,5.798609,2.8822775,4.27481,2.4834058,2.40283,4.2345476,2.2204132,5.1700087,3.066515,2.7915504,3.4075894,2.3602114,5.2110395,1.5971692,3.7931697,5.1276627,3.2347648,5.538042,3.761382,8.292108,8.7969675,8.295463,10.152757,17.621979,17.775942,18.048576,17.991386,17.737196,17.687054,17.537733,18.037554,18.56853,17.773258,17.726322,17.808626,18.072123,18.220667,17.61138,17.735996,17.22101,18.480648,18.107038,17.87507,19.063938,18.772919,17.87821,18.63123,18.75957,19.15499,19.02993,19.120985,18.94715,19.191256,19.111334,19.098848,19.05927,19.043837,19.17014,19.081045,19.143476,19.06579,19.07276,19.105692,19.164936,18.938343,19.028273,19.080011
24.497286,24.341194,24.441616,24.47231,24.450274,24.447407,24.494991,24.498573,24.507145,24.417572,24.406239,24.407772,24.427336,24.376486,24.47799,24.536686,24.459152,24.396828,24.473274,24.377254,24.466072,22.414389,23.219183,23.019592,23.506989,22.976835,23.394001,22.27781,23.357662,23.07153,23.192345,22.806526,23.046452,23.146832,23.2583,23.36192,22.942846,23.191961,23.397213,22.826485,22.74073,23.559647,23.092402,22.61614,23.248318,22.948048,23.32346,14.407911,9.451714,13.81898,10.371735,11.8287735,9.138174,11.513229,10.02655,8.318178,12.927563,8.876479,10.628274,8.552858,7.6572323,10.963047,5.650776,8.3388815,4.830713,6.612975,4.8430843,3.2761602,7.2853603,3.0722349,4.8976307,2.2383697,1.0962584,5.040717,1.5488079,4.6794276,1.6286881,6.274228,5.706023,4.210454,10.731618,8.816633,11.71226,12.122935,22.08064,22.867702,22.66332,21.819868,22.323204,23.201092,22.27713,23.238853,23.60313,22.925373,23.349411,23.162853,22.606754,23.25019,23.347275,23.38519,22.562874,24.079727,22.984644,22.946877,23.754276,23.573818,23.795948,23.486982,24.20397,24.505726,24.465904,24.443993,24.423168,24.43548,24.428986,24.492796,24.476002,24.388876,24.465504,24.42163,24.390926,24.409523,24.403366,24.473078,24.55491,24.359886,24.39834,24.42009
24.012749,24.005802,24.123749,23.978931,24.130737,24.057117,24.012558,24.116398,24.05877,24.024845,23.9483,24.016888,23.954979,24.028507,24.013958,24.10952,23.9828,24.19049,24.042686,24.001762,24.15018,22.000248,21.842548,22.379536,22.297146,22.546154,21.902721,22.317326,22.110222,22.287537,22.971233,22.046188,22.816002,22.11562,21.936375,22.006367,21.56158,21.81363,21.680626,21.673634,21.863693,21.614807,21.821026,22.353336,22.638676,22.415188,22.191906,13.465595,8.455688,11.687333,8.570428,10.191955,8.712672,8.819446,8.391435,7.845215,10.450068,7.0098763,7.917916,7.6501937,4.0617113,7.7006254,3.1228893,5.458383,2.3672583,1.739194,3.0499556,1.5333211,6.2544794,1.6065363,3.1487105,4.021791,2.6102598,6.983267,3.1729996,5.503393,5.0505104,5.013326,8.97158,6.6123867,10.914758,11.080182,10.797815,12.658652,21.78926,22.24347,22.09451,21.653973,21.993454,21.754143,21.770485,22.27806,22.678799,21.189873,21.845222,22.3535,22.38586,22.650425,21.553188,21.645718,21.462517,21.82766,21.629612,21.873135,23.451077,22.11763,22.185024,23.377567,23.569103,24.107685,24.082275,24.002121,24.026203,24.022469,23.97855,23.971138,24.011135,23.923634,24.137768,23.996616,23.9823,24.076244,24.05146,24.160122,24.09908,23.98587,24.059025,23.985836
4.8520303,4.8520303,4.8520303,4.8520303,4.8520303,4.8520303,4.8520303,4.8520303,4.8520303,4.8520303,4.8520303,4.8520303,4.8520303,4.8520303,4.8520303,4.8520303,4.8520303,4.8520303,4.8520303,4.8520303,4.8520303,4.8520303,4.8520303,4.8520303,4.8520303,4.8520303,4.8520303,4.8520303,4.8520303,4.8520303,4.8520303,4.8520303,4.8520303,4.8520303,4.8520303,4.8520303,4.8520303,4.8520303,4.8520303,4.8520303,4.8520303,4.8520303,4.8520303,4.8520303,4.8520303,4.8520303,4.8520303,4.8520303,4.8520303,4.8520303,4.8520303,4.8520303,4.8520303,4.8520303,4.8520303,4.8520303,4.8520303,4.8520303,4.8520303,4.8520303,4.8520303,4.8520303,4.8520303,4.8520303,4.8520303,4.8520303,4.8520303,4.8520303,4.8520303,4.8520303,4.8520303,4.8520303,4.8520303,4.8520303,4.8520303,4.8520303,4.8520303,4.8520303,4.8520303,4.8520303,4.8520303,4.8520303,4.8520303,4.8520303,4.8520303,4.8520303,4.8520303,4.8520303,4.8520303,4.8520303,4.8520303,4.8520303,4.8520303,4.8520303,4.8520303,4.8520303,4.8520303,4.8520303,4.8520303,4.8520303,4.8520303,4.8520303,4.8520303,4.8520303,4.8520303,4.8520303,4.8520303,4.8520303,4.8520303,4.8520303,4.8520303,4.8520303,4.8520303,4.8520303,4.8520303,4.8520303,4.8520303,4.8520303,4.8520303,4.8520303,4.8520303,4.8520303,4.8520303,4.8520303,4.8520303,4.8520303,4.8520303,4.8520303
22.231411,22.180618,22.193,22.117702,22.198467,22.254642,22.204823,22.24199,22.1818,22.210491,22.123112,22.237488,22.181217,22.187828,22.169415,22.232994,22.167568,22.217228,22.249321,22.11515,22.180756,22.070938,21.059937,21.163353,21.785927,21.55859,21.297897,21.274097,21.747353,21.54501,21.051598,20.755886,21.715046,21.623749,21.330101,20.958385,21.423813,20.944029,20.888687,21.65371,20.77785,21.237923,21.152546,20.940788,21.807636,21.537895,21.428654,14.265087,8.77079,12.653625,7.4058914,11.00961,8.183372,7.4963155,7.495495,5.850946,10.93949,5.180857,5.9083323,4.862623,2.7034929,6.0383587,1.9752282,5.3599973,1.9381086,2.4665418,3.4440687,1.1385717,6.5068626,2.7351408,3.6232073,3.2246213,3.385908,6.2726583,4.257547,7.7288322,6.8103304,8.063722,8.831906,8.335082,12.1332655,10.981042,12.495292,12.415887,21.136654,21.638695,22.28022,21.085407,21.484907,21.474197,21.096466,22.051498,22.468536,21.259037,21.420149,21.087025,21.725906,21.728,21.480343,22.080227,21.754326,21.90414,21.472015,21.596184,22.242485,21.831451,21.800838,21.40202,21.969372,22.178265,22.24965,22.345787,22.192513,22.137665,22.17606,22.178547,22.190475,22.271378,22.187393,22.183022,22.208416,22.251228,22.157024,22.224129,22.325222,22.162373,22.190468,22.226608
20.300425,20.305365,20.27455,20.24215,20.240044,20.383171,20.339462,20.445559,20.193348,20.331797,20.223642,20.262201,20.24473,20.237764,20.250969,20.269175,20.201311,20.326405,20.297974,20.168516,20.163303,20.175581,19.567202,19.649,20.635218,19.86131,20.217045,19.228697,20.266401,19.762327,20.211155,19.63783,20.444649,20.038,20.017748,19.86063,20.504965,19.950857,20.06034,20.203838,19.895948,20.360401,20.296656,20.279871,20.530394,20.335913,20.737108,12.031008,7.354789,10.928618,6.641638,8.068532,7.0410533,5.504187,6.992477,5.0364738,9.149055,4.5845346,4.062627,4.0437255,2.3923311,5.1517158,2.0977976,2.9230292,2.7325232,1.8830514,5.0457635,1.3967454,5.4443107,2.9040306,2.493261,3.9599023,4.259642,5.819954,4.481259,6.0501046,7.3425694,6.0453424,7.957996,7.6276374,10.433312,9.644259,10.526307,11.205002,20.247358,20.042772,20.936634,20.00237,20.340181,20.1872,19.587315,20.613077,20.726786,19.362045,19.480183,19.529654,20.171972,19.949549,19.650036,20.603777,20.31522,20.188328,19.99208,20.110601,20.90464,20.064417,19.467897,19.587788,20.025585,20.258293,20.330173,20.349756,20.217087,20.180658,20.27657,20.254087,20.246569,20.321949,20.312122,20.24682,20.312586,20.342337,20.259617,20.31696,20.35528,20.158714,20.21412,20.366037
18.774178,18.777653,18.806143,18.733963,18.791597,18.813963,18.80509,18.830765,18.713264,18.841791,18.745949,18.806984,18.738903,18.75444,18.70289,18.71354,18.675497,18.872486,18.788424,18.676716,18.671799,18.83166,18.424011,18.59665,18.970232,19.015877,18.528542,18.397335,19.092884,18.822353,19.00312,18.851446,19.234821,19.121641,18.980951,19.259209,19.399738,18.948936,18.898188,19.506033,18.868277,19.451138,19.407154,19.098831,19.563538,19.525154,19.604858,12.546413,7.3636866,10.738955,6.368586,8.850297,6.1086736,5.3484206,5.890203,4.4907346,8.853796,3.7792432,4.4986286,3.6141498,2.02818,5.4449134,1.6925654,4.168881,2.2664382,2.1847842,4.388827,1.8873618,5.852262,2.997807,2.5299013,4.0665545,3.9027421,5.594148,4.0239735,6.165178,6.6810446,5.6468134,7.5232058,6.9819255,10.392716,8.630468,9.872234,10.632983,18.588337,18.75031,19.274277,18.480513,19.096039,18.71117,18.228853,19.201717,19.175926,17.654922,18.009153,18.483158,18.618849,18.504354,18.361835,19.504784,18.862896,19.153362,18.856718,19.088139,19.55312,18.658833,18.480476,18.253387,18.547974,18.743797,18.848686,18.815374,18.755442,18.656242,18.745674,18.731426,18.732946,18.758629,18.84085,18.744095,18.75997,18.878166,18.77811,18.773697,18.832657,18.716902,18.672825,18.861385
18.454006,18.459612,18.445019,18.424677,18.400433,18.46629,18.411293,18.553415,18.323261,18.486238,18.422777,18.475256,18.399332,18.3794,18.28604,18.304237,18.34701,18.476381,18.445131,18.375685,18.277042,19.735819,19.929924,19.810968,19.481092,19.233095,19.62546,18.801847,20.031038,19.165228,20.064646,18.985344,19.93746,18.884127,19.250515,19.512812,19.017427,19.144184,19.649267,19.106016,19.211107,20.076525,19.166868,19.48096,20.09907,19.86552,20.303837,10.811348,5.225307,8.941351,6.3997626,7.7295585,5.1570964,5.715283,5.8115077,4.867965,8.38213,4.2194963,5.500893,4.3704224,3.0163743,5.6465354,1.914124,3.716727,1.6715457,2.3916304,3.7791994,1.8517683,5.011887,2.6153567,3.2567213,3.7904603,3.2862566,4.756947,3.1524787,4.903834,4.767822,5.0895286,6.3788815,5.6667438,8.354059,8.754625,9.373602,9.254768,18.638704,19.024595,19.734064,19.186548,19.207008,19.028131,18.774477,19.131893,19.48702,17.948217,18.764006,19.638502,18.846386,19.397043,19.163866,18.898798,18.833754,19.574354,18.602797,19.755362,20.70548,19.32895,19.439465,18.939793,18.495146,18.349657,18.407316,18.371372,18.359694,18.237785,18.39073,18.329977,18.41191,18.398567,18.59266,18.40705,18.4056,18.537416,18.384815,18.478298,18.514643,18.262257,18.338797,18.426935
22.67679,22.593975,22.672054,22.631847,22.544489,22.742651,22.67563,22.77864,22.6794,22.595564,22.624475,22.697779,22.624483,22.588448,22.551313,22.64525,22.61735,22.696487,22.764795,22.56469,22.56939,22.356781,23.244501,22.847393,22.578592,22.232897,22.733217,22.357698,23.027233,22.057346,23.228537,22.356285,22.986467,22.637224,22.800097,22.642786,22.259174,22.53469,22.522898,22.544195,22.271238,23.035456,22.919104,22.949423,23.670872,23.28238,23.49139,13.535744,6.7859325,11.644227,7.6243734,8.958342,6.1146584,7.233206,7.0289993,4.6840034,10.25102,4.7230315,5.1550465,4.662237,3.1302166,7.352332,2.1849446,3.8519545,2.0363793,2.069965,5.268774,1.4352256,6.09262,2.2640429,2.977417,3.196683,3.5326319,6.1311836,3.2141845,5.4972687,5.4852743,5.598629,7.749816,6.874098,10.928047,10.831331,11.013275,13.078398,22.822248,22.727,23.18277,23.075668,22.602076,23.360998,22.307646,22.734484,23.405296,22.404974,22.528923,22.773146,22.791542,23.087107,22.542612,23.470072,22.911306,23.039759,22.733438,22.276594,23.63019,22.648184,21.916824,22.62944,22.385252,22.754707,22.684568,22.6578,22.548998,22.556526,22.69816,22.622065,22.596304,22.63816,22.725554,22.558374,22.642134,22.735945,22.568556,22.691174,22.797369,22.512104,22.608328,22.71616
24.825344,24.817154,24.841747,24.813744,24.91858,24.855797,24.858486,24.92352,24.82249,24.8592,24.783478,24.904312,24.786861,24.804447,24.777267,24.851746,24.707829,24.915314,24.877537,24.742676,24.869633,24.45935,24.024181,24.135921,23.761658,24.163982,23.398056,23.233154,23.76466,23.305004,24.000854,23.82558,24.691334,23.985432,23.977234,24.316826,23.424698,23.71579,23.202522,23.792809,23.062305,23.428162,23.127361,23.847652,24.506626,24.038841,24.041058,15.991354,9.873457,13.2502575,9.27442,12.67943,8.661473,9.090064,8.810206,7.214576,11.602986,5.908632,6.532752,6.060851,3.142496,7.304988,1.1865993,4.5149055,1.7181864,1.8300138,3.3248582,1.9656948,6.2632136,2.957944,3.943586,4.8425226,4.035536,6.637224,4.2940683,7.2228036,6.610069,8.142,9.709531,9.157594,12.429045,12.574919,12.557481,13.72341,22.898323,23.680744,23.610924,23.249725,23.73013,23.507385,23.183838,23.867332,25.017532,23.241714,23.994507,24.587639,23.80954,24.181583,23.369743,24.304447,23.464146,24.526505,23.845238,23.961563,24.864918,24.153,24.539215,24.08089,24.38966,24.820492,24.922646,24.961151,24.842522,24.746487,24.833439,24.791718,24.816956,24.840748,24.920544,24.784687,24.812008,24.90424,24.795673,24.873703,24.959381,24.790504,24.832977,24.872334
25.327028,25.349798,25.377966,25.383467,25.446806,25.432184,25.361017,25.440031,25.37731,25.389292,25.387503,25.425314,25.331324,25.379416,25.349218,25.416258,25.321314,25.426603,25.370821,25.320265,25.404501,24.342001,24.061705,24.11814,24.048311,24.128153,23.713179,23.562002,24.121279,23.875566,23.789171,23.748049,24.01385,23.91023,23.87385,23.597847,22.954416,23.52307,23.520163,23.44377,23.293882,23.433956,22.859247,23.657759,23.88447,23.8408,24.112852,16.200254,11.214668,14.951402,11.206705,13.874111,10.548261,11.024494,9.650568,8.420767,12.170261,7.228344,8.305036,6.558987,3.6262147,6.752605,1.3861805,5.156461,1.2797371,2.4875305,2.274331,1.8354259,5.9529867,2.9553723,5.792253,4.489317,4.4027967,6.4430485,5.233145,7.9433117,6.6078687,9.126767,10.157981,9.583212,12.313413,13.01969,13.957589,14.59308,22.793203,23.667315,23.704092,23.148596,23.64509,23.8309,23.146147,23.958834,24.417963,23.480856,24.048975,24.097166,23.690619,23.786726,23.897665,23.365984,23.292755,23.74093,23.409117,23.322641,24.022127,23.997934,24.664438,24.347815,24.93239,25.3589,25.460363,25.519228,25.34973,25.316809,25.347754,25.367144,25.384157,25.389174,25.387293,25.378202,25.365522,25.402723,25.314463,25.382757,25.438162,25.415827,25.396753,25.379732
24.776342,24.682594,24.803667,24.73031,24.770567,24.795244,24.727993,24.816437,24.789549,24.694,24.747932,24.76241,24.784996,24.756102,24.759018,24.82711,24.711973,24.788643,24.788616,24.722229,24.766777,23.659815,22.933632,23.204416,24.067158,23.57779,23.580181,23.112492,23.782885,23.654255,23.654144,23.32449,23.350803,23.368532,23.527851,23.374722,22.285366,23.068907,23.022636,23.247667,23.193298,22.894724,22.63164,23.558767,23.431133,23.471483,23.406452,15.810172,10.319755,14.774393,10.426754,13.741434,10.003135,9.798046,9.571637,6.9238505,10.966381,5.7628503,7.5273457,4.463962,1.2961569,3.981248,1.3092213,5.2856917,1.1934656,3.9639525,3.5947433,2.970683,6.8014913,4.8182793,7.7251544,6.3894863,6.018204,8.0433445,6.914488,10.203093,8.776109,10.815407,11.094749,10.102409,12.462488,12.985052,14.341803,14.330339,22.286575,22.759605,23.334923,23.171476,23.040369,23.451792,22.1411,23.382612,23.807114,22.692644,23.255867,23.236067,22.729427,23.372995,23.45967,23.96376,23.30548,24.55894,23.342304,23.660757,23.445658,23.607885,24.152424,24.040113,24.542372,24.724125,24.847837,24.874372,24.725677,24.724255,24.734634,24.710499,24.752705,24.764143,24.725609,24.724985,24.693598,24.73537,24.71809,24.754057,24.786211,24.812605,24.73408,24.775639
18.366459,18.239677,18.329762,18.341877,18.2691,18.320189,18.309065,18.487518,18.358713,18.266136,18.248684,18.41328,18.332901,18.25208,18.27812,18.250359,18.258093,18.352894,18.438564,18.213104,18.229563,19.157776,19.660585,19.405512,19.057926,18.938873,19.455761,18.78767,20.001232,18.501484,19.902597,18.520224,19.676516,18.796038,19.313782,19.2687,18.518745,19.306953,19.294168,18.891787,18.734343,19.40345,19.345592,19.248821,19.792189,19.590652,20.162678,11.222651,4.7682652,9.720877,5.8220367,6.9685,3.6138265,4.8850026,5.573023,3.4145734,7.2581954,3.1400526,4.650894,3.0978603,2.4240263,6.031736,2.3175857,3.6751564,1.615381,3.0910375,4.9687886,1.9213712,4.8454976,2.8906572,3.864948,3.532153,3.5428169,5.320261,3.2577922,5.646276,4.815801,5.50947,6.723331,6.2272997,8.727245,8.752621,9.54318,10.045948,18.71092,18.758236,19.444008,19.292143,18.986546,19.544182,19.1052,18.922243,19.594383,18.243084,18.95428,19.317007,18.588387,19.30943,18.721375,19.080774,18.651186,19.335201,19.326057,19.009071,20.404947,19.141441,18.611286,18.534271,18.387533,18.342638,18.316328,18.28806,18.232391,18.16171,18.291016,18.233913,18.256805,18.263952,18.42898,18.257408,18.3648,18.377455,18.275734,18.364822,18.447659,18.189884,18.19123,18.32973
20.059225,19.953905,20.011805,20.06775,19.990868,19.998037,20.012804,20.138748,20.064278,19.964918,19.95582,20.098175,20.025717,19.962137,19.966846,20.001974,19.895676,20.094187,20.095724,19.961828,19.979294,20.628092,20.787561,20.859777,20.464853,20.748148,20.62433,20.274698,21.055063,19.9175,21.146154,20.052954,20.682438,20.469242,20.638788,20.785313,19.532343,20.46013,20.38475,20.02349,19.565012,20.419071,20.63334,20.483385,21.002588,20.845045,21.353247,12.604465,5.3639,11.46561,6.69526,8.739167,4.4430637,5.6886835,6.5400124,3.8758838,8.597604,3.7746153,6.2562695,3.5840404,2.2042081,6.6787424,2.3143525,3.890701,1.1216258,3.1136386,4.779234,1.8784329,5.401413,3.069,4.2162743,3.9519296,3.65199,5.942851,4.013324,6.5380144,5.3295164,6.1248026,7.9010563,7.0759706,9.994172,8.999471,10.8285265,10.787908,19.704275,19.911139,20.592922,20.45799,19.960999,20.630463,19.944874,20.124607,20.333223,18.98128,20.063335,20.21963,19.500977,20.497892,19.923819,20.450647,19.70875,20.464907,20.4842,20.099522,21.117104,19.971003,20.373297,20.265335,20.059973,20.050924,20.087397,19.980286,19.963865,19.875277,20.020239,19.954668,19.983152,19.902117,20.091171,19.984663,20.047857,20.083353,20.003698,20.092356,20.133474,19.917517,19.9218,20.048733
23.625278,23.578297,23.67603,23.645184,23.616848,23.619831,23.540556,23.700972,23.619904,23.701908,23.583847,23.707804,23.587442,23.623747,23.536179,23.537388,23.560665,23.731876,23.684635,23.572968,23.561113,23.30937,23.383883,23.492865,23.285023,23.190151,23.34586,23.11096,23.844883,22.689205,23.32359,22.22002,23.354073,22.560831,22.933102,23.306782,22.270142,22.31749,23.064083,22.715595,22.678925,23.025787,22.731644,22.918434,23.57233,22.890636,23.855877,13.681847,6.613493,11.087202,7.556846,10.238075,6.7495418,6.7686057,7.0704474,5.1796565,8.984167,4.2751727,6.6928725,5.1548367,2.8333516,6.685228,2.3443193,4.017011,1.4020543,1.867136,3.530889,1.8360023,4.9079695,2.3577785,4.3159876,4.0118985,3.4059458,5.578644,3.7138047,6.279022,5.410886,6.0048456,8.329815,7.0106597,9.964689,10.195009,11.701218,11.500097,21.848969,22.728172,23.167645,22.707258,23.33981,23.00983,22.659945,23.32486,23.81266,22.135277,23.321321,23.944735,22.867636,23.705194,23.337677,22.917656,22.70404,23.034615,23.064213,23.209053,24.09322,22.995098,23.469555,23.181126,23.462463,23.593914,23.6915,23.66493,23.58675,23.499374,23.600157,23.59919,23.612411,23.58073,23.684734,23.605364,23.620497,23.714134,23.624722,23.69371,23.76955,23.541367,23.595776,23.629303
20.49259,20.491467,20.53161,20.560505,20.509447,20.530315,20.486444,20.615059,20.52469,20.591003,20.51182,20.602537,20.489147,20.506567,20.533726,20.53491,20.473946,20.63624,20.648252,20.483158,20.480871,19.815756,20.025267,20.11844,20.292412,20.163363,20.230295,19.668484,20.533176,20.096624,20.077448,19.38654,20.127687,19.89065,20.025301,20.184866,19.430792,19.158749,19.7636,19.34276,19.20431,19.992023,19.812391,19.78813,20.130291,19.622946,20.247238,12.121601,5.6663113,10.11807,6.465623,8.291834,4.632798,4.9336634,5.741131,2.8360994,7.324333,3.2275636,5.1378536,3.2950945,2.398409,5.8662434,2.5917237,4.516053,1.9479873,3.6281164,4.108637,1.6451033,5.016961,2.3877122,3.9298694,2.930191,3.0431762,5.030058,3.4650135,5.712384,4.863735,5.7394743,7.382346,6.022196,10.019577,8.661011,10.155638,10.122292,19.172417,19.402267,19.70713,19.628544,19.710733,19.866718,19.387337,19.820036,19.976604,18.911446,19.849836,20.2892,19.681623,20.244638,19.983665,20.348295,19.860125,20.092272,20.215246,19.46576,20.54305,19.520369,19.92518,19.811432,20.45165,20.57287,20.600151,20.483717,20.527893,20.455997,20.502916,20.505924,20.547169,20.446814,20.553738,20.507425,20.555548,20.593363,20.478014,20.531586,20.67641,20.47353,20.444527,20.603188
19.782053,19.745802,19.822588,19.738161,19.784494,19.76341,19.699255,19.872458,19.741117,19.858206,19.63909,19.816328,19.742582,19.766184,19.713022,19.708967,19.728003,19.87663,19.868235,19.742907,19.71478,19.427687,19.444006,19.777388,18.937872,19.322886,19.353712,19.290247,20.204424,19.42008,19.743536,18.917944,19.911482,18.987383,19.193995,19.98741,19.113272,18.939432,19.651712,19.030691,18.996828,19.670874,18.854074,19.492052,19.711771,19.492376,20.02363,11.622241,5.439909,8.560525,6.239933,7.359444,5.2171726,5.419133,5.765575,4.3082085,6.63546,4.1972227,5.439674,4.6843395,3.4101815,6.0825043,3.4055583,3.9011045,2.3516338,2.4723995,3.8572671,2.0459754,3.9939961,2.2870092,3.1035259,3.083079,2.2234645,4.0043936,2.4242556,3.790755,3.572204,3.8476722,5.7270927,4.176669,7.2672777,7.642851,8.732763,8.921787,18.234308,18.959402,19.168463,18.670912,19.074686,18.765188,18.440073,19.182707,19.492006,17.874693,19.05829,19.810534,18.721643,19.44647,18.874426,18.958406,18.495901,19.086351,19.09651,18.96203,20.167059,19.264833,19.350721,19.270693,19.478788,19.759336,19.815817,19.761591,19.734613,19.677027,19.77566,19.772478,19.752497,19.697035,19.884726,19.73363,19.828825,19.884787,19.806639,19.832682,19.904982,19.64575,19.70466,19.826807
21.994816,21.918427,22.006775,21.96011,21.993,22.040562,21.909012,22.068022,21.91858,22.038132,21.94498,22.051262,21.935448,21.982952,21.923185,21.94754,21.948105,22.061306,22.024185,21.911945,21.886606,21.71446,21.730852,22.001059,21.276348,21.681662,21.729992,21.312819,22.093523,21.286236,21.909996,20.607132,22.087215,20.899635,21.088497,21.651648,20.525446,20.740509,21.595112,20.833292,21.116896,21.737106,21.18163,21.491608,22.18838,21.527248,22.264784,12.725662,6.568373,10.634326,7.4369636,8.892896,5.962976,6.52066,6.6824775,4.704251,8.086918,4.242477,6.190167,4.8346944,2.7766643,5.811032,2.3333182,3.641724,1.5648941,2.4336665,3.8352275,1.8085482,4.5598836,2.151855,3.7974849,3.4651961,3.0267127,4.9866986,3.5430074,5.088427,4.652968,5.6521087,7.337936,5.727679,8.717643,9.316337,10.251015,11.0121975,20.269684,21.215633,21.565598,20.856615,21.690962,21.521801,21.145174,21.27438,21.792355,20.176338,21.57257,22.092447,21.516403,21.964132,21.33683,21.004013,20.622856,21.33067,21.075947,21.260984,22.548752,21.40145,21.693783,21.329086,21.73988,22.000904,22.057352,21.98049,21.938618,21.8695,21.981659,21.967884,21.974758,21.936207,22.073936,21.984428,22.018684,22.108913,21.98138,22.059029,22.11341,21.858425,21.933071,21.972836
25.654387,25.532389,25.746393,25.658018,25.678759,25.766489,25.638662,25.670576,25.664564,25.617037,25.718817,25.661959,25.618086,25.712847,25.65465,25.78943,25.676485,25.735487,25.767725,25.608938,25.715853,24.040339,24.148832,24.261744,24.193975,24.577692,24.09363,24.43791,24.719454,24.026068,25.216345,23.727167,24.147043,23.779303,24.106337,24.290468,23.505713,23.787523,23.516924,23.694082,23.106485,23.708685,24.403292,23.899855,24.186785,24.068697,24.45312,15.422139,10.263216,14.515464,9.676599,13.190312,8.515806,8.831572,10.048053,7.0676227,11.886501,6.1479774,8.335794,6.0811834,4.1883492,8.586668,2.431198,6.1689315,1.0774939,2.147393,5.0583453,1.6842128,6.198877,1.9606737,4.7355113,3.5132174,3.5849168,7.116058,3.7987072,7.256026,5.2681813,6.8190956,10.756996,9.123932,12.699162,11.427652,13.413284,14.185828,23.54405,23.994593,24.016008,24.003149,23.744612,24.021723,23.791506,24.389513,24.471087,23.33204,24.30506,24.136503,24.179056,24.437113,23.792044,24.706701,23.543596,24.1746,24.593767,23.557219,24.984373,24.262667,24.433924,24.457975,25.395826,25.695066,25.759989,25.742502,25.584177,25.642641,25.705397,25.674776,25.69847,25.587362,25.653769,25.696627,25.69092,25.698252,25.658457,25.65973,25.754637,25.707922,25.59693,25.727118
23.329699,23.287592,23.420202,23.302973,23.435686,23.461859,23.29888,23.39475,23.325003,23.431883,23.352644,23.424799,23.308664,23.351694,23.356642,23.366766,23.306948,23.472092,23.458864,23.303274,23.365463,23.33198,22.983747,23.035818,22.598362,22.918034,22.48477,22.45918,23.206707,22.267303,23.017355,22.103947,23.033194,22.499193,22.665564,23.301886,21.974625,21.778862,22.083864,22.252298,22.099466,22.41276,22.172388,22.375738,23.231882,22.752047,22.91366,14.746741,8.542875,12.003615,8.978978,11.505,7.9880834,7.8215356,8.476431,6.4584994,10.196054,6.1035395,7.105979,6.471067,3.4917126,7.2171803,2.3182616,4.9208336,1.5582588,2.2978961,3.612459,1.5662593,5.2144604,2.15734,4.026083,3.663246,2.5883403,5.294318,2.9352899,5.884001,5.1622252,6.326071,8.944196,7.675454,10.725879,10.631956,11.285599,12.0268545,21.164986,22.495222,22.121304,21.731245,22.563848,22.0552,21.652206,22.385464,22.991053,21.53737,22.81208,23.049208,21.955362,22.837622,22.231668,22.593033,21.996386,22.691584,22.750063,22.374308,23.800917,23.212042,23.462952,22.769506,23.11897,23.335085,23.462435,23.462034,23.457829,23.313303,23.363447,23.308266,23.35098,23.319933,23.351032,23.37669,23.40771,23.44325,23.348461,23.402195,23.470654,23.310133,23.333391,23.396769
26.212355,26.17085,26.27141,26.231089,26.30879,26.287947,26.220743,26.280256,26.220667,26.253855,26.253157,26.267324,26.1878,26.255198,26.233366,26.290579,26.16432,26.33159,26.239859,26.18456,26.256655,24.958986,24.269476,24.675962,24.313406,24.59213,24.05493,24.281446,24.698172,24.631807,24.55364,23.888811,24.536531,24.157091,24.143,24.533556,23.69821,23.975134,24.023756,24.321573,24.267168,24.236982,23.920652,24.130575,24.333956,24.294073,24.567675,15.981918,11.298723,14.523133,10.699358,13.841591,10.243792,10.507494,9.963267,7.834468,11.534949,6.459653,7.6768446,6.501121,3.2868285,6.389648,1.3634117,5.179376,1.3577286,2.1780102,3.2502632,1.7968711,5.7795987,2.6152394,5.1314926,4.7015815,4.244739,6.3076906,4.597318,7.5052247,6.265658,8.284604,10.039915,8.974266,11.856522,12.338341,13.310568,14.938567,23.257303,24.279219,24.275366,23.707796,24.325838,24.396994,23.679113,24.131674,25.05213,23.77231,24.511736,24.61902,24.429968,24.64541,24.117327,24.048803,23.4378,24.31074,24.494207,23.875273,24.705942,24.732073,25.12021,25.078043,25.797052,26.245283,26.361006,26.373343,26.229132,26.197931,26.21432,26.233969,26.225088,26.251219,26.202173,26.228926,26.230177,26.276365,26.215849,26.261583,26.355669,26.275496,26.253569,26.251097
25.682617,25.551125,25.729645,25.629139,25.653198,25.718533,25.641457,25.705425,25.643837,25.635628,25.69141,25.657951,25.632008,25.685978,25.696388,25.77272,25.614037,25.712067,25.740944,25.654575,25.696247,24.06945,23.359089,23.351757,24.666756,24.11314,24.293888,23.753681,24.324184,24.079117,24.02409,23.404507,23.797806,23.7206,23.920647,23.973152,23.057274,22.92799,23.44867,23.518303,23.304516,23.413498,23.274666,23.819706,24.18583,23.845657,23.963123,15.582713,9.859812,13.990463,9.5037155,12.320723,8.939307,8.391666,8.540824,5.755658,9.615728,4.9931455,6.760174,4.507517,1.5365447,3.9015803,1.3944362,4.964679,1.4571966,3.537819,3.3796158,2.0907955,5.504748,3.2507052,6.168743,4.9903603,4.7047067,6.5639634,5.506709,8.551944,7.4476905,9.485699,10.25959,9.482429,11.825706,11.764609,13.751693,14.169947,22.93423,23.276348,23.793522,23.339714,23.847206,24.12225,22.831345,24.15403,24.353985,23.29535,23.969261,24.311562,23.813305,23.936405,23.883892,24.721668,24.03498,25.007397,24.453766,24.040493,24.178204,24.401112,24.83022,24.836529,25.628922,25.652546,25.7571,25.780777,25.69278,25.679829,25.650467,25.646984,25.703873,25.661076,25.595757,25.664577,25.665771,25.676044,25.58236,25.650505,25.756405,25.714611,25.58368,25.694904
24.666475,24.640915,24.75206,24.69509,24.718084,24.807613,24.721264,24.734137,24.702793,24.719782,24.71079,24.673807,24.777122,24.715797,24.695013,24.738194,24.670555,24.8057,24.784616,24.646484,24.794065,24.67303,24.612907,24.48008,24.15204,25.412615,24.51692,24.74801,25.214392,24.574598,24.750368,24.512556,25.119543,24.825617,24.98332,25.107122,24.863071,25.57218,25.44304,25.073442,24.722061,25.347227,24.91175,24.93759,24.830898,25.302322,25.198042,16.78978,11.643902,15.339344,11.712297,14.01768,10.693518,11.101755,11.660844,9.472168,13.360412,10.111389,10.714438,9.133232,7.94382,11.867652,6.2982507,9.574993,4.4929323,5.1974,6.2547565,2.438688,5.7476,1.5991051,2.3893664,1.4765165,1.5501789,5.265704,2.0505018,7.121585,4.179772,5.584976,9.684008,8.962931,12.4423,11.870479,13.340405,15.072348,24.395643,25.111032,24.384138,24.663643,24.512451,24.94127,24.573652,24.868963,25.08604,24.066711,24.387272,23.829329,24.398401,24.602251,24.233427,25.133692,23.403128,24.671644,24.50124,24.06048,25.123165,25.003641,24.091814,24.540483,24.797483,24.751883,24.761448,24.69901,24.672426,24.730978,24.720636,24.753077,24.674765,24.63271,24.693914,24.710222,24.732014,24.747156,24.650393,24.786533,24.824987,24.73411,24.636347,24.764334
