0,1,2,3,4,5,6,7,8,9,10,11,12,13,14,15,16,17,18,19,20,21,22,23,24,25,26,27,28,29,30,31,32,33,34,35,36,37,38,39,40,41,42,43,44,45,46,47,48,49,50,51,52,53,54,55,56,57,58,59,60,61,62,63,64,65,66,67,68,69,70,71,72,73,74,75,76,77,78,79,80,81,82,83,84,85,86,87,88,89,90,91,92,93,94,95,96,97,98,99,100,101,102,103,104,105,106,107,108,109,110,111,112,113,114,115,116,117,118,119,120,121,122,123,124,125,126,127
4.8520303,4.8520303,4.8520303,4.8520303,4.8520303,4.8520303,4.8520303,4.8520303,4.8520303,4.8520303,4.8520303,4.8520303,4.8520303,4.8520303,4.8520303,4.8520303,4.8520303,4.8520303,4.8520303,4.8520303,4.8520303,4.8520303,4.8520303,4.8520303,4.8520303,4.8520303,4.8520303,4.8520303,4.8520303,4.8520303,4.8520303,4.8520303,4.8520303,4.8520303,4.8520303,4.8520303,4.8520303,4.8520303,4.8520303,4.8520303,4.8520303,4.8520303,4.8520303,4.8520303,4.8520303,4.8520303,4.8520303,4.8520303,4.8520303,4.8520303,4.8520303,4.8520303,4.8520303,4.8520303,4.8520303,4.8520303,4.8520303,4.8520303,4.8520303,4.8520303,4.8520303,4.8520303,4.8520303,4.8520303,4.8520303,4.8520303,4.8520303,4.8520303,4.8520303,4.8520303,4.8520303,4.8520303,4.8520303,4.8520303,4.8520303,4.8520303,4.8520303,4.8520303,4.8520303,4.8520303,4.8520303,4.8520303,4.8520303,4.8520303,4.8520303,4.8520303,4.8520303,4.8520303,4.8520303,4.8520303,4.8520303,4.8520303,4.8520303,4.8520303,4.8520303,4.8520303,4.8520303,4.8520303,4.8520303,4.8520303,4.8520303,4.8520303,4.8520303,4.8520303,4.8520303,4.8520303,4.8520303,4.8520303,4.8520303,4.8520303,4.8520303,4.8520303,4.8520303,4.8520303,4.8520303,4.8520303,4.8520303,4.8520303,4.8520303,4.8520303,4.8520303,4.8520303,4.8520303,4.8520303,4.8520303,4.8520303,4.8520303,4.8520303
15.247251,15.281428,15.24104,15.348784,15.154733,15.315368,15.212745,15.486815,15.325,15.376107,15.180421,15.255382,15.28608,15.257976,15.326644,15.2062025,15.368033,15.352984,15.414277,15.224505,15.187615,15.466508,15.533454,15.369288,15.167018,14.42583,15.162505,14.652541,15.513265,14.503118,15.790713,15.494655,15.583858,15.88001,15.172204,15.370948,15.994609,16.234917,15.766509,15.573649,15.231063,15.433137,15.548774,16.234606,16.273176,15.962317,16.084414,8.436381,5.676234,8.39857,6.8670278,5.7766747,6.484347,4.857228,6.2853494,5.0679994,7.372521,6.135346,4.4861894,6.0903115,4.2321324,6.3400674,3.896523,2.7062366,2.6783807,2.5542,5.266125,1.979527,3.8410735,2.21843,2.2704453,2.940642,2.330752,3.7217898,2.571671,4.252951,4.3001294,3.6151433,4.962588,4.126702,6.392981,7.320809,7.597008,8.354049,15.036626,15.158288,15.698142,15.514613,15.031758,14.781625,14.473758,14.745065,14.760577,14.447127,14.081296,14.838941,13.846358,14.384961,14.874398,14.728097,14.785474,14.519406,14.6905775,14.675773,15.679078,14.961499,14.31232,14.849711,14.652087,15.322879,15.2788725,15.311723,15.241221,15.215886,15.220132,15.201621,15.206958,15.372027,15.322164,15.200397,15.323443,15.306346,15.307799,15.312858,15.355699,15.12444,15.284907,15.255351
17.628878,17.75684,17.624802,17.698483,17.663343,17.74574,17.697693,17.818222,17.702818,17.78144,17.580643,17.693062,17.69005,17.663538,17.647207,17.669123,17.683779,17.735725,17.815966,17.528448,17.632233,16.296108,15.912841,15.990672,15.147429,15.063399,16.010233,14.411384,16.274208,14.802041,15.70626,15.807937,15.721141,15.879146,15.258517,15.759341,15.101001,15.255446,15.526166,14.703391,14.592866,14.852431,13.974647,15.77786,15.230342,15.347451,15.074847,8.730575,4.6790247,6.9080935,6.261483,5.402877,6.0482235,5.496091,5.1151123,5.743039,6.455781,5.477578,3.9931839,5.03872,4.3358793,5.824441,4.3449697,3.0459323,3.2975786,3.0718246,3.6151743,2.528247,3.0808911,2.147696,1.7055912,3.4121194,2.511588,3.8608198,3.5477877,2.8600974,3.840179,3.3888779,3.9768171,3.8376975,5.809087,5.5576115,6.680709,6.9061213,14.757754,15.487775,16.054403,15.248961,15.113635,15.476375,15.000201,16.066519,14.90895,13.96136,14.936378,15.608916,14.965459,15.900289,15.959205,15.783336,15.8314295,15.46823,14.793811,15.618081,16.018118,16.736595,16.327847,16.495222,16.75967,17.772673,17.636728,17.837662,17.66729,17.610485,17.70928,17.642344,17.63181,17.677744,17.764957,17.667814,17.71535,17.703415,17.67355,17.748455,17.760418,17.541441,17.622719,17.743334
17.071463,17.241484,17.102022,17.278234,17.179478,17.141363,17.180635,17.260054,17.207212,17.28868,17.051626,17.174938,17.160868,17.108725,17.132715,17.175623,17.16466,17.218117,17.33549,16.968107,17.121023,15.812083,15.564721,15.672219,14.547076,14.632543,15.579518,13.964583,15.8242655,14.634555,15.110883,14.922925,15.007146,15.919158,14.825849,15.34308,14.597709,15.28725,15.1983595,13.858668,14.091289,14.385348,13.296731,15.152463,14.609935,15.237226,14.626033,8.709948,5.052999,7.017732,6.6184635,5.238363,6.384064,5.939219,5.3899875,6.2952304,6.727819,6.353077,4.2183957,4.8203516,4.5438023,5.97491,5.2355065,3.638591,3.7892764,3.9551222,3.4925625,2.912268,2.9629185,2.421631,1.6129191,2.822202,2.064765,3.8057559,3.4136353,2.2981648,3.8298483,3.4031954,4.408394,3.8899126,5.7666636,5.842302,6.496112,6.6633973,14.197436,15.016782,15.244096,14.971116,14.657966,15.563949,14.672423,15.727624,14.439202,13.832158,14.804805,14.659862,14.348475,15.616609,15.755126,15.617547,15.879178,15.555722,14.6267,15.697406,15.911225,16.802732,15.763341,16.007723,16.331903,17.237635,17.088146,17.279667,17.177305,17.12411,17.209276,17.14696,17.105375,17.101927,17.200857,17.166182,17.163927,17.12795,17.174234,17.246485,17.247778,17.034567,17.0897,17.221079
20.932493,20.986403,20.961563,21.138693,21.031818,20.9449,21.014618,21.082129,21.12455,21.062412,20.905085,21.007383,21.024576,20.893482,21.03473,20.985191,20.995562,21.051132,21.21043,20.877785,20.949291,20.038054,20.665375,20.218842,19.949875,20.277012,21.201265,19.41087,21.212318,20.045027,20.57682,20.345715,20.801434,21.195621,20.443853,20.78407,20.680176,21.060598,21.354782,19.481003,20.12768,20.633972,18.958,20.787851,19.877586,20.665348,20.587776,12.161472,7.9039984,10.284719,9.543892,8.019497,8.46885,8.376386,7.919988,8.456505,9.8102,8.759744,7.0999475,6.9154243,7.331503,9.25173,7.073454,6.213702,5.7169967,5.940894,5.17995,4.26968,4.502687,3.4256756,2.154673,2.5025685,0.99924076,3.5882156,2.223903,1.9353776,3.3361495,3.9137516,5.232853,4.230961,6.921604,7.4718127,8.620185,9.48246,19.486563,19.966427,20.202475,20.082338,20.049284,20.777517,19.851295,21.318668,20.440655,19.597473,20.368929,19.842197,19.975136,20.931427,21.58044,21.176464,21.22785,21.963522,20.235397,21.40636,21.490082,22.250896,21.387913,20.60524,21.044592,21.064062,20.973484,21.117752,21.024672,20.982658,21.04264,21.080494,20.992485,20.97669,20.97049,20.98615,20.920986,20.8667,21.02648,21.10136,21.16826,20.934555,20.93677,21.070286
20.846165,20.811941,20.749,20.94934,20.828316,20.856993,20.85933,20.946758,20.909742,20.905022,20.76554,20.886969,20.889202,20.759754,20.85268,20.78506,20.90462,20.863062,21.009628,20.741629,20.843925,19.78056,20.7669,19.938759,19.745138,19.617134,20.835812,18.965961,20.851946,19.090809,20.332108,19.540852,19.649755,19.90767,19.655233,19.27406,19.532438,20.1492,19.981998,18.751003,18.88983,19.518154,18.83453,19.791859,19.252544,20.155636,20.021564,11.153775,6.821098,9.931087,8.886409,7.698309,7.2590404,7.910552,7.8255873,8.12055,9.25999,8.350524,7.079629,6.102092,7.028059,8.692106,6.033263,5.190404,4.5939302,5.2334976,5.036748,3.3183687,3.8933935,2.3966491,2.1244,1.4793413,1.7755481,3.8669553,2.3832428,2.3661315,2.9673898,4.35369,4.8286195,4.1070204,6.627138,7.6877384,8.603074,9.3765955,19.454544,20.346813,20.004425,20.111067,19.843033,20.793129,19.514534,20.418045,19.67263,19.173744,19.81995,18.835165,19.380856,20.317446,20.957447,20.32833,20.209269,21.145988,19.474789,20.278896,21.10543,21.4135,20.26556,20.617706,20.53136,20.873476,20.826614,20.9706,20.764965,20.792183,20.826717,20.810734,20.770084,20.794165,20.859388,20.735826,20.802675,20.71009,20.851501,20.90506,20.88953,20.695236,20.756863,20.899483
22.864813,22.804087,22.75375,22.976843,22.868113,22.91606,22.877098,22.919867,22.903837,22.921877,22.800686,22.921148,22.919008,22.782644,22.858524,22.786165,22.907158,22.844332,23.009607,22.733173,22.877285,20.66691,21.61392,20.780521,20.31982,20.895226,21.93302,20.055986,22.04462,19.92269,21.09836,20.810633,20.740976,20.999228,20.80051,20.659376,20.78113,21.612684,20.88193,20.121416,19.724466,20.419882,19.736584,21.034674,20.513102,21.333418,21.066202,12.364835,7.9066663,10.836722,9.822131,8.730059,8.566432,9.082757,8.357882,8.97656,10.200221,8.783793,7.744015,7.699306,7.15645,9.596406,6.6451135,5.324063,5.1346917,5.1694236,5.258286,3.8717904,3.9063334,2.2334933,2.046929,1.8963985,1.526773,4.1560225,2.375937,2.0193834,2.9576037,4.4772363,4.8460402,4.2507606,6.3799434,7.426787,8.527242,10.095482,20.066938,21.47095,21.091192,21.066652,20.903822,22.217373,20.240377,21.715784,20.33222,19.630486,20.397251,19.191217,20.137665,20.94958,21.577265,21.326307,20.74436,22.321405,20.23641,21.191603,21.885714,22.419834,21.52578,21.95921,22.276922,22.898853,22.889074,22.998133,22.818684,22.831816,22.850306,22.88872,22.801043,22.77921,22.860653,22.823065,22.846113,22.705347,22.891327,22.96591,22.873426,22.751041,22.790024,22.94636
20.471888,20.498863,20.390255,20.632381,20.557934,20.456964,20.533907,20.540916,20.586393,20.573488,20.367826,20.596378,20.553991,20.412058,20.482622,20.470984,20.492239,20.517172,20.66498,20.383062,20.472124,17.693266,18.244127,18.038023,17.089079,17.781225,18.390215,16.96526,19.157194,17.066132,17.634308,18.201208,17.993961,18.241508,17.788351,17.977724,17.810959,18.338533,17.522532,16.716135,16.695879,17.164478,16.1643,17.950802,17.452759,17.911022,17.4448,10.139385,6.3482037,8.686996,7.6420255,6.949286,7.600292,6.9798007,6.553533,7.16342,8.460229,7.097288,6.134873,6.564929,5.429573,8.243815,6.167247,4.8831644,4.8369646,4.186348,4.586234,3.2308295,3.3258865,2.192787,1.9492658,2.6073334,1.2566396,4.26301,2.7443917,2.2993996,3.9238675,3.9034417,4.709731,3.9458382,5.7872915,6.193288,7.369078,8.415542,17.010618,18.319052,18.322168,18.131447,18.068533,18.700819,17.631884,19.164515,17.546366,16.559612,17.478645,17.134726,17.157112,18.234968,18.4176,18.608717,18.32298,18.76792,17.331474,18.09317,18.499453,19.043493,18.51442,18.855791,19.491533,20.562664,20.525646,20.632257,20.549158,20.548414,20.485909,20.524485,20.464523,20.432419,20.521994,20.472544,20.535486,20.332277,20.569225,20.605541,20.510487,20.343174,20.429522,20.56883
21.301113,21.325916,21.265324,21.525639,21.42255,21.291016,21.401766,21.426067,21.402775,21.464409,21.20215,21.447979,21.42205,21.308022,21.325876,21.304474,21.350262,21.360329,21.486256,21.174847,21.33957,18.068535,18.375364,17.943853,17.336296,17.929255,18.264944,16.879908,18.920605,17.16185,17.184153,18.262009,18.244297,18.092606,17.794872,17.939348,17.85527,18.586472,17.46453,16.52585,16.40649,17.05817,15.995468,18.049574,17.36606,17.961834,17.312788,10.417393,6.692929,8.859899,8.21617,6.8812766,8.104145,6.9060397,6.439955,6.995047,8.169868,7.204964,5.5495768,6.884443,4.7564173,8.010394,5.854285,4.6055393,4.691025,3.591721,4.3113737,2.845243,3.5105948,2.3595295,1.7934731,3.373814,1.151099,4.7596045,3.0165405,2.3255405,4.6367626,3.8307238,5.341396,3.900331,6.2612557,6.344007,7.378652,8.341132,17.170467,18.550323,18.083735,18.140541,17.94424,18.60751,17.749866,19.154432,17.254929,16.511652,17.62189,17.304472,16.971653,18.397373,18.357346,18.820112,18.525164,18.82312,17.488321,17.926374,18.928259,19.096703,18.828297,19.303963,20.329475,21.425156,21.38654,21.470545,21.3894,21.362701,21.378315,21.40244,21.309536,21.314983,21.382671,21.348152,21.406223,21.2074,21.460148,21.483543,21.437843,21.216839,21.258154,21.416576
21.972956,22.019718,22.006664,22.247803,22.122967,21.961948,22.07393,22.105995,22.150145,22.211758,21.955376,22.143124,22.147738,22.0159,22.050112,22.02725,22.064302,22.07264,22.17377,21.829922,22.002216,17.940979,18.155405,17.744282,17.362034,17.97228,18.306816,17.024643,19.256,17.110458,16.976181,18.205954,18.587446,18.392733,17.854622,18.04614,18.046701,19.020687,17.489685,16.669153,16.94719,16.82838,15.722709,18.065693,17.585865,18.122034,17.383575,10.388803,6.8952413,9.235082,8.291923,6.919767,8.4631,7.1216645,6.3382936,7.1476073,8.6455345,7.2780366,5.4205613,6.3285966,4.113196,8.295292,5.8156476,4.8833365,4.3804855,3.421101,4.3051214,3.268952,4.3400993,2.7811112,1.7708116,3.3523016,1.047614,5.0402713,2.8153849,2.35359,4.4328213,3.483642,5.499179,4.0308833,6.624699,6.184176,6.0364738,7.580582,16.806335,18.091969,17.52376,17.99635,17.589996,18.430054,17.552792,19.050049,17.389515,16.282364,17.453833,17.065966,16.86545,18.402287,18.152006,18.992111,18.503899,19.116741,17.452583,18.26041,19.236483,19.33585,19.076817,19.36219,20.926783,22.129915,22.140175,22.162498,22.093094,22.03738,22.13168,22.11465,22.019112,22.00703,22.068806,22.104784,22.13042,21.92384,22.174591,22.192966,22.164852,21.945568,21.959091,22.17912
24.009275,24.048391,24.006021,24.19691,24.064016,23.915838,24.020384,24.152338,24.058508,24.153908,23.94028,24.068632,24.047401,23.928288,24.054857,24.023119,24.023401,24.047037,24.178621,23.803911,23.951252,19.93139,20.731358,20.309706,19.133593,20.377825,20.473639,19.336542,21.037947,19.192343,20.052717,19.961542,20.422678,19.827902,19.576021,19.780205,19.528696,20.649967,19.2164,18.033903,18.266628,18.737703,17.964674,19.861063,19.149664,19.46887,19.566069,11.692709,6.9360466,10.263379,8.820646,8.527221,9.061341,6.9534645,7.607321,7.9513865,9.989081,8.532426,6.8294096,7.22826,4.171439,9.071313,5.531584,5.0091476,4.946453,3.361785,3.960206,2.4552658,3.9275653,2.337561,2.4501905,3.0546892,0.77053523,5.8046236,3.2578745,3.1272624,5.2717934,4.878149,6.101218,4.834403,7.518528,8.001813,8.759856,9.45527,18.826117,20.197721,19.799515,20.013327,19.899956,20.27562,19.153429,20.482565,19.015938,18.688047,20.34511,18.870466,18.55959,20.491545,19.949389,20.555462,20.91326,20.801702,18.80857,20.012938,21.17679,21.268923,21.546118,21.966053,22.940695,24.102125,24.012192,24.179289,24.012316,24.07234,24.031065,24.001078,23.886559,24.01378,24.043467,23.991423,24.058882,23.813896,24.171522,24.12725,24.173304,23.866201,23.915186,24.118658
19.52892,19.482922,19.506248,19.683662,19.462048,19.473759,19.490005,19.65702,19.600243,19.683865,19.454048,19.57222,19.613415,19.445873,19.52758,19.474068,19.569427,19.517044,19.627808,19.367233,19.4315,16.291584,16.421726,16.259209,15.978803,16.028034,16.010315,15.279061,16.834412,15.018769,15.665177,16.040398,16.558254,15.886193,15.517049,15.80528,16.065388,16.699768,15.644166,14.893277,15.132421,15.144639,14.65989,16.273598,16.098392,15.856511,15.415975,9.047753,5.77839,7.9790344,6.5863657,5.992792,6.9112453,4.9812307,5.442,5.3308496,7.131359,5.495985,3.6756341,5.395853,2.9187286,5.7815056,3.73031,2.9442043,3.2544503,2.42088,3.770519,2.42156,3.7219112,2.4364707,1.9644104,3.774468,1.8632,4.7027826,3.3018308,3.1465917,5.221757,3.888789,5.40903,4.2391977,6.5195475,6.8037176,6.6901855,8.179203,15.226689,15.894689,16.115314,15.920415,15.790498,16.163502,15.667104,16.447544,15.517133,14.725064,15.546952,15.842729,15.178403,16.086311,16.173698,16.635319,16.56372,16.434887,15.695355,16.02119,17.38129,16.61301,16.496487,17.281822,18.139843,19.633957,19.544807,19.601006,19.52332,19.549484,19.525188,19.476475,19.432716,19.536896,19.57409,19.473896,19.585503,19.421051,19.58987,19.581825,19.638725,19.318943,19.444832,19.59285
21.988405,21.941862,21.923182,22.124117,21.908915,21.948017,21.992563,21.972849,22.039257,21.99096,21.859983,21.994211,22.056746,21.872774,21.981192,21.899439,22.0174,21.912199,22.091078,21.794323,21.981943,18.011705,18.921347,18.26826,17.616644,18.629787,18.756128,17.521675,19.776068,17.796104,18.290834,18.625113,18.515055,18.169176,18.082296,18.367825,18.376064,19.247982,17.975061,17.65795,17.459332,17.753424,17.26349,18.49012,18.18072,18.289684,18.25899,10.761719,6.4186606,9.515625,7.829556,7.1686077,7.393295,6.787921,7.159011,6.975042,8.310585,6.646561,5.2763195,6.344316,4.062187,7.178269,4.375683,3.4822412,4.065919,3.1632903,4.356991,2.8938754,4.128223,2.3378046,2.025801,2.5291364,1.498334,5.043665,2.370533,2.3106337,4.2689085,4.243188,5.03465,4.446163,6.795001,6.5440016,8.130377,10.076615,17.937845,19.23937,18.592821,18.890787,18.88169,19.180685,18.118994,19.21867,17.988369,17.230135,18.38584,16.895174,17.992126,18.509462,18.844782,19.14894,18.788485,20.00276,18.007858,18.06789,19.303263,19.334486,19.25339,19.832907,20.980333,22.025005,21.984499,22.052597,21.938683,22.001936,21.905228,21.902746,21.82414,21.909151,22.004416,21.951466,21.984335,21.776806,22.018496,21.990545,21.988836,21.792622,21.835562,22.059141
20.671007,20.689447,20.67129,20.896791,20.732683,20.660727,20.692728,20.771345,20.817423,20.86022,20.556055,20.80971,20.811579,20.644564,20.678602,20.715628,20.742212,20.72489,20.844347,20.52144,20.659048,16.680452,16.676905,16.439474,15.81196,16.363077,16.360147,15.558901,17.364893,15.461248,15.269182,16.231302,16.428934,16.08806,15.711691,16.275,15.819536,16.670645,15.327173,14.935877,15.041571,14.939569,14.03573,15.878481,15.7998905,15.446726,15.239027,9.056211,5.588245,7.4455514,6.812133,6.093419,7.3223333,5.993771,5.659237,6.1871552,7.7101827,5.546294,4.449333,5.9438553,3.2311413,6.7072854,4.353437,3.646239,3.941345,2.6012113,3.700447,2.871145,4.112819,2.225436,1.9620299,3.9903438,1.4425781,5.098148,2.971697,2.6763408,4.9836593,3.7293346,5.2211533,3.9134443,6.0531044,5.591141,6.478767,7.709365,15.201139,16.487505,16.007833,16.10919,16.189367,16.688715,15.820345,17.037413,15.768759,14.721952,15.9256115,16.102926,15.963858,16.675707,16.91123,17.077215,17.003141,17.08827,16.104948,16.476675,17.551794,17.157682,17.469812,18.329226,19.246237,20.84118,20.735636,20.797777,20.748056,20.775122,20.721388,20.698854,20.587404,20.643053,20.775225,20.685781,20.764547,20.602407,20.815683,20.81,20.774343,20.551691,20.670618,20.790445
24.279074,24.272308,24.207935,24.382803,24.283106,24.182142,24.264349,24.3043,24.270876,24.337894,24.138155,24.311663,24.300634,24.130632,24.314066,24.3021,24.266249,24.269014,24.407423,24.11516,24.218536,20.102484,20.720167,20.53194,19.414137,20.508629,20.469957,19.575518,21.211435,19.810972,20.045656,20.442114,20.445246,20.264326,19.880787,20.581541,20.025536,21.164307,20.01693,19.237679,19.582386,19.575846,19.112007,20.648893,20.415426,19.963839,20.21144,11.911026,7.2272463,10.579904,8.598223,8.649156,9.278901,7.1853247,8.326968,8.25762,10.516868,8.6632595,7.3548813,7.841547,5.075037,9.480152,5.619109,5.1208506,5.1087074,3.5932102,4.120343,2.6515408,3.8683863,2.3442376,2.2581089,2.36687,0.9746083,4.959564,2.5216498,3.0448248,4.627717,4.7883997,5.0610714,4.9432535,7.5863256,7.8279047,9.112839,10.597892,19.503414,21.17218,20.457922,20.621534,20.77852,20.710009,19.699469,21.122957,19.72922,19.594944,20.351892,19.262777,19.704458,20.710781,20.568193,20.71193,21.019627,20.963245,19.51069,20.169903,20.677462,21.00526,21.190866,21.769716,22.921041,24.342066,24.26406,24.384008,24.260305,24.335882,24.227715,24.236113,24.128008,24.207026,24.300465,24.229784,24.29758,24.111082,24.343794,24.360785,24.370857,24.0771,24.193354,24.34305
20.685858,20.691065,20.631235,20.835966,20.652807,20.623997,20.643377,20.674723,20.679136,20.725111,20.554096,20.709969,20.759941,20.579586,20.678171,20.682364,20.744463,20.640902,20.827799,20.570225,20.609324,17.420143,17.199543,17.825968,16.886858,17.968094,17.689499,16.265478,18.696712,16.791399,17.339811,17.168814,17.496105,16.99997,17.020058,17.353104,17.17742,17.900257,16.970407,16.279964,16.651625,16.71058,16.462341,17.71261,17.413446,17.065565,17.126184,9.962433,5.0737333,9.598713,6.6036215,6.750739,6.636299,5.297866,6.686266,5.6534243,9.241511,6.124446,5.536875,5.1409893,2.8286,7.033924,3.299697,4.0739303,3.286163,2.716319,4.116132,2.1440344,4.3081317,2.2258785,2.377276,2.4301662,1.557938,5.4422464,2.9559362,3.8731973,4.7978764,5.092944,5.813697,4.7738085,7.820656,7.3396854,8.728506,9.753087,16.896856,18.412193,17.985872,17.895468,18.019342,18.182459,16.902967,18.478128,17.115538,16.97112,17.229612,17.0005,17.552584,17.775066,17.806318,18.17377,18.370014,17.89973,16.906744,17.550642,17.899017,18.042685,17.858679,18.461897,19.52639,20.798227,20.642384,20.803623,20.684904,20.745527,20.59558,20.583822,20.5074,20.606604,20.635221,20.667242,20.704601,20.595213,20.77228,20.712292,20.785307,20.536913,20.626808,20.664137
21.117771,21.17622,21.146032,21.36936,21.19721,21.145689,21.153814,21.21522,21.196869,21.295755,20.996725,21.227879,21.304565,21.107319,21.18579,21.110815,21.259857,21.207556,21.301035,20.996885,21.135065,17.530073,17.143253,17.212116,16.578627,17.431782,16.728472,16.055645,17.950535,15.953788,15.5338335,16.605896,17.271181,16.424843,16.83801,16.791262,16.67652,17.864225,16.633173,16.044981,16.099325,16.160454,15.706298,17.24014,17.230997,16.743937,16.265533,10.174916,5.6588583,9.282786,7.1546555,7.474656,7.2724285,5.805869,6.38142,6.1434946,9.90188,6.3132114,5.4232054,5.830104,2.856092,7.942272,3.66355,4.6474743,3.6483178,2.7875881,4.5246058,2.3918128,5.304776,2.259509,2.327909,3.2971787,1.1213474,5.8349247,2.644606,3.852221,5.222741,4.0555086,6.432479,5.3307447,8.3587885,7.3958397,8.103173,9.358804,16.120611,18.126665,17.177694,17.20053,17.342096,17.676888,16.83462,18.233648,17.003744,16.074305,16.952713,16.989632,16.51897,17.50591,16.884981,17.833632,17.45997,17.552233,16.868319,16.79966,18.414423,17.69815,17.846842,18.499979,19.901213,21.28533,21.211031,21.28301,21.187624,21.211794,21.169973,21.119268,20.98945,21.113485,21.171387,21.212662,21.210983,21.132414,21.29039,21.286264,21.259674,21.034872,21.108013,21.26168
21.463264,21.533337,21.524687,21.731144,21.573643,21.491604,21.51944,21.546982,21.57387,21.668228,21.377647,21.56617,21.653679,21.479614,21.54723,21.490978,21.586329,21.556011,21.639816,21.316479,21.466537,17.378418,17.150215,17.254221,16.2959,17.626644,16.905132,16.103024,18.148916,16.219284,15.944687,17.113155,17.936337,16.905249,17.210804,17.254223,17.092648,18.297573,16.77933,16.234776,16.438494,16.336826,15.702103,17.500147,17.618862,17.042288,16.590801,10.103199,5.606028,9.462853,7.0722523,7.21157,7.2364006,5.7696266,6.2565293,6.011745,9.46797,5.77942,4.972695,5.4439397,2.4616153,7.9828143,3.7651687,4.7579494,3.6561887,2.8734949,4.393848,2.5100636,5.3422055,2.2242892,2.372852,3.6694467,1.2052352,5.9476395,2.4940295,3.737436,5.248987,3.8514707,6.2207656,4.8616333,7.9850082,6.7672033,7.4762983,9.059071,16.318329,18.076315,17.170565,17.332512,17.328384,17.701513,16.909048,18.24849,17.080532,15.910236,17.079233,17.124462,16.716967,17.721516,16.976244,18.229462,17.788052,18.263456,17.273024,17.16164,18.779518,18.06667,18.286327,18.750814,20.324348,21.640608,21.596264,21.631517,21.579708,21.573246,21.544125,21.491314,21.372845,21.455956,21.542072,21.586807,21.579449,21.475094,21.66782,21.67989,21.629932,21.407467,21.44434,21.642733
23.375423,23.408493,23.369976,23.582249,23.391357,23.299053,23.336044,23.443768,23.362896,23.458786,23.227188,23.396927,23.440083,23.247417,23.39962,23.36932,23.407131,23.393303,23.513283,23.20018,23.302711,19.0056,19.374409,19.297638,18.009586,19.625565,19.241844,18.080296,20.127392,18.325634,18.76659,18.45057,19.26735,18.389717,18.677074,18.872383,18.285007,19.274136,18.442192,17.551937,17.962822,18.101017,17.760643,19.083027,19.014294,18.250923,18.703674,10.738093,5.298866,10.145879,7.3109546,8.046245,7.659271,5.401142,7.1960683,6.107553,9.981553,7.1149287,6.4132752,6.00534,2.7351196,8.458789,4.2704754,5.266489,4.787884,3.3903208,4.411617,2.0075595,4.8342524,2.630393,3.2737901,3.1600628,0.7337763,6.4214706,3.25222,4.530398,5.9164696,5.155472,6.3672414,5.087954,8.446274,8.555413,10.000192,10.105794,17.775494,19.40334,19.15448,18.96531,19.34581,19.196568,18.16,19.485062,18.365757,18.39682,19.300144,18.430721,18.235092,19.161377,18.982956,19.448063,19.884846,19.40517,18.437962,18.732956,19.522644,19.642319,20.084328,20.778477,22.116486,23.498066,23.299171,23.51714,23.36565,23.46622,23.297897,23.263008,23.15701,23.365116,23.3577,23.3615,23.411266,23.228535,23.494686,23.452229,23.520134,23.210114,23.309597,23.454563
23.593079,23.632875,23.571787,23.80847,23.619736,23.554071,23.549294,23.663868,23.606026,23.710907,23.484896,23.623102,23.676607,23.49898,23.644653,23.5868,23.624542,23.607353,23.694994,23.429644,23.499807,18.635775,18.811413,18.988209,17.400705,19.10178,18.716993,17.66748,19.828636,17.727125,18.381126,17.967697,18.714016,18.101553,18.312292,18.567312,17.847742,19.083986,18.249613,17.056393,17.762165,17.668388,17.654093,18.949566,19.055214,17.817614,18.54871,10.771662,5.291011,10.19377,7.116417,8.110395,7.4525957,5.0579786,6.8510036,5.9715853,10.036467,6.31859,6.340374,6.0712347,2.4424782,8.293288,3.951539,5.060258,4.324044,3.363124,4.2123985,2.1934502,4.962743,2.3453321,3.2413135,3.2644768,0.78597647,6.4839916,3.6358535,4.5421505,5.8000526,5.2532845,6.159583,5.324486,8.454977,7.698411,9.82844,10.316627,17.25126,19.030869,18.887585,18.392748,19.222208,19.165981,17.965216,19.463352,18.32436,18.028519,19.260197,18.54794,18.508463,18.930353,18.867292,19.188301,19.791286,19.013685,18.095694,18.157524,19.173035,19.080317,19.754929,20.278473,22.234764,23.741028,23.56855,23.753088,23.601658,23.642921,23.513496,23.491112,23.407154,23.586296,23.601967,23.572887,23.619349,23.482014,23.673521,23.688036,23.744839,23.441841,23.546234,23.668291
25.5518,25.583338,25.515387,25.62925,25.465311,25.465351,25.498962,25.491951,25.50465,25.6054,25.349682,25.478891,25.597956,25.464924,25.421549,25.435938,25.521263,25.510754,25.63981,25.417809,25.419987,21.45485,20.941422,21.753601,19.894325,21.804707,21.44195,19.80775,22.20053,20.557617,21.833483,20.786625,21.451714,20.637556,21.16426,21.323277,20.79844,21.853556,20.561531,19.812119,20.353668,20.21135,20.603056,21.534203,21.997023,20.924166,21.483543,12.3979845,7.520673,12.96028,8.330943,8.944573,7.5196586,6.60693,8.410662,7.105235,11.384444,6.253939,7.039427,6.131066,2.607066,8.717984,3.2434154,3.8854592,2.401538,2.5367067,3.8192637,1.8005137,5.3717217,1.5797455,3.2881384,2.914943,1.8506253,6.9443736,3.8643796,4.555795,5.334462,6.2170377,7.8508277,6.495749,9.728298,8.397324,11.254199,11.6583605,20.352463,21.759266,21.81751,21.334166,21.840508,21.83199,21.019756,22.379814,21.39207,20.372837,21.62962,21.202295,22.111542,21.83543,21.71009,21.94041,22.204964,21.501957,20.908657,21.088404,21.79475,20.98729,22.125916,22.768932,24.260902,25.643288,25.436947,25.610878,25.534338,25.511398,25.451221,25.34701,25.321592,25.43607,25.47134,25.456207,25.449661,25.424723,25.606844,25.616423,25.56971,25.442238,25.447351,25.513222
25.584883,25.65687,25.542212,25.683916,25.547884,25.541128,25.536009,25.534744,25.597544,25.684671,25.391909,25.528131,25.663069,25.555693,25.468775,25.484037,25.587248,25.59655,25.687035,25.48953,25.48688,21.12705,20.643682,21.588356,19.874147,21.600979,21.219542,19.695795,21.85914,20.075773,21.206419,20.74742,21.24838,20.521223,21.17179,21.169704,20.683687,21.681242,20.454128,19.595741,19.900393,19.943834,19.977125,21.316462,21.532274,20.570318,21.052183,12.261817,7.838471,12.56404,8.817802,9.283426,8.00719,7.401869,8.546419,7.821693,11.845026,6.55715,7.2298374,6.096674,3.0044768,9.098073,3.4420257,4.2370415,2.4821403,2.5449395,3.9180062,1.8476074,5.5599437,1.4282742,3.0053973,2.777677,1.8531667,6.971566,3.732796,4.711425,5.1244116,5.63148,7.670211,6.5297437,9.875488,8.010273,10.63105,10.968785,20.064367,21.499815,21.470531,21.192417,21.513823,21.742899,20.818483,22.206137,21.157877,19.923824,21.488804,20.79708,21.893911,21.659575,21.596281,21.754417,21.837265,21.247126,20.78327,20.768784,22.04333,20.813612,22.063696,22.782804,24.268993,25.699982,25.5374,25.688868,25.553488,25.572351,25.521925,25.42551,25.382254,25.477587,25.511244,25.510214,25.523699,25.485874,25.681091,25.674871,25.592813,25.485098,25.518328,25.603712
24.12394,24.085827,24.019737,24.141819,24.054081,24.040615,24.059261,24.051474,24.05751,24.152355,23.944113,24.068213,24.140339,23.926693,24.032425,24.077652,24.068714,24.062748,24.135498,23.941889,24.051252,20.904343,20.370773,20.581059,19.57053,21.130497,20.523119,19.508781,21.644346,19.941961,20.882874,20.84019,21.395727,20.131035,20.87802,20.948711,20.450933,21.727505,20.632725,19.849691,19.735765,20.061392,20.1837,21.385036,21.620457,20.567451,20.725132,12.823392,7.21126,12.233643,8.695112,9.204669,8.469003,7.7488422,8.688041,8.567081,12.468049,6.996583,6.764241,6.6286135,2.9961634,9.118421,2.8282273,3.3123229,2.210085,2.2327623,3.5577035,1.7379155,5.497466,1.9387023,2.7128084,2.9750671,2.3349738,7.0375376,3.0345063,4.6628065,5.720201,6.0271816,7.4868765,7.467185,10.296545,8.948434,10.565477,11.061935,19.62471,21.280281,20.911531,20.651928,21.124168,21.242619,20.470879,21.735226,20.90731,19.794964,20.927,19.824171,20.661245,21.53904,20.032587,21.151226,21.067047,21.17445,20.558239,20.325464,21.82272,20.905445,21.292994,21.686832,22.841946,24.214626,23.996727,24.210403,24.073872,24.197926,23.999043,23.990498,23.910751,23.969479,24.036228,24.058262,24.096136,23.969234,24.108927,24.220974,24.063808,23.9511,24.007206,24.145678
24.45334,24.360365,24.444246,24.56379,24.432741,24.326159,24.392977,24.395687,24.513006,24.43017,24.258492,24.348742,24.478657,24.30432,24.513567,24.39168,24.434076,24.35755,24.51298,24.2274,24.367887,21.30089,21.692213,21.69761,20.31788,21.732773,22.256922,21.045458,22.516058,20.950777,21.362951,21.897055,22.14707,21.635675,21.540407,21.753674,21.442852,22.50043,21.764723,20.903849,21.135717,21.356848,21.215345,22.795084,21.927927,22.061384,22.21505,13.593951,8.864761,12.149619,10.380349,10.102738,10.007634,8.674493,10.606748,10.661218,12.771642,10.101323,8.6858015,9.388423,7.32038,12.08714,7.513026,6.602866,6.7447295,6.0371413,6.7351737,4.8718104,5.109437,3.7156365,3.0792735,2.6868927,1.3470604,4.7383804,0.9461547,2.3706684,3.1304955,3.4557846,4.597496,5.696279,8.625945,7.6664634,10.679096,13.326724,21.51664,23.194578,22.597475,22.391373,22.715927,22.75043,21.964266,23.343588,22.349602,21.577463,22.022617,21.192905,22.015392,22.3175,21.945368,22.560207,22.464743,23.22543,21.102537,22.228212,23.186384,22.870996,22.817827,22.5648,23.42808,24.48526,24.365053,24.495905,24.437235,24.505417,24.38267,24.41493,24.264318,24.334171,24.401293,24.4768,24.39896,24.320383,24.464033,24.598736,24.497915,24.261114,24.40735,24.52862
25.085838,25.04131,25.074825,25.273895,25.096008,25.109058,25.082703,25.156738,25.211708,25.126125,24.968975,25.089973,25.199787,24.975489,25.169477,25.128036,25.103352,25.07391,25.276672,24.951452,24.995054,22.385132,23.050415,23.341908,21.701591,23.26544,23.854588,22.144115,23.44512,22.39288,22.494947,23.0019,23.284767,22.868752,23.250343,23.211182,22.967293,24.285692,23.721333,21.909712,22.547047,23.163141,22.364649,23.871532,23.500156,23.475163,23.984165,14.388658,8.314298,13.409616,10.946275,10.539688,9.734944,8.727193,10.968167,10.269118,14.187282,10.704095,10.435721,9.788114,7.6522536,12.879179,7.432679,8.024301,5.9849396,6.122899,6.8245516,4.5807085,6.368582,3.611736,3.8033812,2.9309614,0.3958998,4.860836,2.186373,3.5445945,3.1759043,5.0846043,6.3140206,5.2268095,9.018599,8.315172,11.880105,12.599338,22.333118,24.096664,23.641178,22.90954,23.205551,23.794415,22.951332,24.525085,23.222275,22.454643,23.203362,22.730927,22.5429,23.154808,23.640562,23.56475,23.311249,24.211739,22.596966,23.034891,23.805317,23.730495,23.959282,23.652203,24.394665,25.217005,25.13145,25.149406,25.137398,25.101574,25.02169,25.03899,24.957705,25.044044,25.08427,25.15491,25.041088,25.024246,25.184433,25.186722,25.221695,24.961739,25.113983,25.184671
23.730648,23.65239,23.641666,23.74067,23.711456,23.731567,23.695454,23.660595,23.665207,23.715038,23.60328,23.663406,23.751352,23.57695,23.640331,23.640549,23.673258,23.661589,23.766872,23.461742,23.666832,21.656624,22.347557,21.87078,20.973045,22.49823,22.242535,21.359312,22.838055,21.052755,22.121851,21.826984,22.454323,22.04904,22.084587,21.628193,22.181087,23.811275,22.526237,21.850666,22.08102,22.549324,22.341103,22.897625,22.91965,23.40806,23.142464,13.852626,7.7339272,13.3901205,9.835535,10.114653,8.538934,8.484839,9.468098,8.559782,13.165505,9.079207,8.568892,6.554055,6.2559614,10.825322,4.779927,6.769155,3.7523198,3.7736113,5.091383,2.920617,6.582865,2.5316362,2.1585083,0.9935224,1.7843076,5.8686333,2.1913857,4.9791865,4.4098616,4.981777,6.7117877,5.9439692,9.862354,9.192177,10.729679,12.447894,22.063484,23.691902,23.03093,22.892292,23.054792,23.222609,22.40274,23.374298,22.860111,22.002052,22.370907,21.014814,22.512667,22.74826,22.76432,22.995544,22.397175,23.179226,21.99069,22.640648,23.299694,23.27137,22.28992,22.606941,23.030106,23.785482,23.666489,23.717878,23.63348,23.696177,23.604298,23.541527,23.552624,23.599976,23.667294,23.670902,23.671047,23.54897,23.763712,23.82552,23.7354,23.566792,23.642292,23.715616
21.684124,21.6557,21.634184,21.768126,21.730225,21.693317,21.644653,21.66724,21.65762,21.732159,21.568874,21.654613,21.71788,21.568434,21.627457,21.663378,21.612553,21.662754,21.796581,21.435944,21.568901,19.317589,18.942574,19.012434,17.900574,19.111635,19.101618,18.050701,19.903091,18.20182,18.48756,19.48521,19.724752,19.147276,18.817282,19.44066,18.985142,20.311974,18.914375,18.48964,18.570993,18.646347,18.37064,19.80764,19.706085,19.199617,18.9338,12.102433,6.64668,10.690919,8.131683,8.394131,7.9321785,6.954728,8.159208,7.977216,10.932811,6.9964232,6.9255805,7.5725574,4.2948194,9.021289,4.794423,5.237924,3.781443,3.3417742,4.8535833,2.9027028,4.9162693,1.4919512,1.785764,3.1377206,1.2866576,4.878388,2.555028,4.028356,4.8359523,4.8171196,6.4230585,5.491726,8.349089,7.09995,8.990159,10.434297,18.59481,20.287102,19.864151,19.277252,19.645798,19.79464,19.379662,20.91814,19.5646,18.04164,18.765533,19.438473,18.834179,19.74056,19.704254,20.260174,19.923994,20.341621,19.562487,19.550714,20.256836,20.070631,19.655277,19.996517,20.366718,21.808447,21.689693,21.794662,21.71172,21.731323,21.640938,21.588848,21.539915,21.57445,21.658983,21.680704,21.704634,21.587904,21.75259,21.86822,21.732601,21.52444,21.668364,21.70232
25.052853,24.983604,24.886436,25.050827,25.020624,24.857815,24.912485,24.975655,24.872536,25.019712,24.867786,24.909826,24.922707,24.834024,24.913254,24.973705,24.876122,24.940876,25.051285,24.735909,24.849407,22.320324,22.839836,22.098074,20.892574,22.596535,22.52868,21.698984,23.238914,21.537985,22.438492,22.39212,22.668983,21.66016,21.633045,21.865166,21.758768,23.037653,21.245815,20.921793,20.854794,21.242199,21.440697,22.254776,22.232197,21.943697,22.230822,13.447347,7.261149,13.545679,9.298173,10.362168,9.610284,8.002084,9.651351,7.6262016,12.35727,8.85963,9.100211,6.7056313,4.6169367,10.735768,5.235943,6.92779,5.2040277,3.303334,4.638648,1.0439603,4.549463,2.145638,2.722353,2.142252,1.5286231,7.2376566,3.2286122,6.085232,6.3917475,6.0562057,7.261653,6.407843,10.621474,10.655371,12.09415,12.11836,21.693604,23.372103,22.665592,22.79897,22.50903,22.29979,21.798103,22.556297,21.635012,22.13518,22.710869,21.873672,21.640133,22.632236,22.465305,23.068298,22.632492,22.200356,21.343483,22.055632,22.483269,22.86708,22.643394,23.204824,23.781864,25.09902,24.962719,25.085152,24.896778,25.020737,24.848015,24.869312,24.777668,24.930635,24.940544,24.961985,24.985035,24.77316,25.022587,25.088419,25.131908,24.836594,24.935871,24.993084
24.489351,24.537485,24.400251,24.612345,24.554098,24.426443,24.407959,24.511662,24.4308,24.550703,24.384218,24.43136,24.524237,24.35745,24.498842,24.474436,24.44427,24.440275,24.556635,24.312878,24.353788,20.828175,21.131922,21.060026,19.148893,21.35978,20.672832,19.916735,22.093374,19.886744,20.791899,20.537745,21.023426,20.194118,20.392723,20.460272,20.200823,21.659327,19.836916,19.06577,19.559532,19.653372,19.771433,20.926123,20.91329,20.216486,20.688046,12.321578,6.416885,12.363972,8.462903,9.315799,8.722369,6.315106,8.207372,7.034347,11.562522,7.394458,8.09474,6.893641,3.452274,10.2586155,5.109027,6.3732324,5.12943,3.6710274,4.8390374,1.8800039,4.9363413,2.0050218,2.6686318,2.929434,0.79731697,7.1319323,3.424173,5.4496427,6.241652,5.899135,6.7738757,5.9052157,9.579464,8.634488,10.863979,11.42706,19.825445,21.520845,21.027178,20.795843,20.95553,20.875671,20.07068,21.537935,20.410057,20.476618,21.422113,20.807814,20.551222,21.12582,21.199492,21.701067,21.905664,21.32372,20.030756,20.649874,21.149239,21.201746,21.353163,21.783514,23.231173,24.61605,24.506557,24.601908,24.427118,24.51233,24.344759,24.391088,24.296785,24.472082,24.478373,24.46458,24.490294,24.351896,24.520828,24.589424,24.652472,24.33544,24.462439,24.507872
4.8520303,4.8520303,4.8520303,4.8520303,4.8520303,4.8520303,4.8520303,4.8520303,4.8520303,4.8520303,4.8520303,4.8520303,4.8520303,4.8520303,4.8520303,4.8520303,4.8520303,4.8520303,4.8520303,4.8520303,4.8520303,4.8520303,4.8520303,4.8520303,4.8520303,4.8520303,4.8520303,4.8520303,4.8520303,4.8520303,4.8520303,4.8520303,4.8520303,4.8520303,4.8520303,4.8520303,4.8520303,4.8520303,4.8520303,4.8520303,4.8520303,4.8520303,4.8520303,4.8520303,4.8520303,4.8520303,4.8520303,4.8520303,4.8520303,4.8520303,4.8520303,4.8520303,4.8520303,4.8520303,4.8520303,4.8520303,4.8520303,4.8520303,4.8520303,4.8520303,4.8520303,4.8520303,4.8520303,4.8520303,4.8520303,4.8520303,4.8520303,4.8520303,4.8520303,4.8520303,4.8520303,4.8520303,4.8520303,4.8520303,4.8520303,4.8520303,4.8520303,4.8520303,4.8520303,4.8520303,4.8520303,4.8520303,4.8520303,4.8520303,4.8520303,4.8520303,4.8520303,4.8520303,4.8520303,4.8520303,4.8520303,4.8520303,4.8520303,4.8520303,4.8520303,4.8520303,4.8520303,4.8520303,4.8520303,4.8520303,4.8520303,4.8520303,4.8520303,4.8520303,4.8520303,4.8520303,4.8520303,4.8520303,4.8520303,4.8520303,4.8520303,4.8520303,4.8520303,4.8520303,4.8520303,4.8520303,4.8520303,4.8520303,4.8520303,4.8520303,4.8520303,4.8520303,4.8520303,4.8520303,4.8520303,4.8520303,4.8520303,4.8520303
23.190289,23.245182,23.15328,23.16835,23.11513,23.235006,23.149744,23.285074,23.187563,23.285673,23.068323,23.163464,23.154501,23.233171,23.180933,23.121088,23.233736,23.289541,23.28995,23.154203,23.15037,23.413208,22.713428,22.805468,22.448034,23.095264,22.430788,22.122726,23.574873,22.56198,23.711119,22.27376,23.40177,23.148445,23.037893,22.513731,23.453772,23.856604,23.172411,22.54453,23.06978,23.265066,23.13553,23.634253,23.703856,23.292944,23.886976,13.990785,9.182102,14.317048,9.756993,8.383012,9.310919,7.5875163,8.635283,6.4314513,10.963609,6.7669463,4.9506636,6.6467733,3.5147932,8.816161,2.9170578,1.5982103,3.7911894,2.3934724,5.412459,1.3139315,5.301879,2.2955377,2.178877,3.5446446,3.5224874,7.4412484,3.5378554,5.208326,7.8621945,6.7173553,9.857832,8.247574,11.7604685,12.127726,12.509355,13.7058115,22.543043,23.026026,22.971296,22.515036,22.90363,22.60205,21.711832,22.923792,23.264341,22.193903,22.424303,22.392754,22.416368,23.048475,22.32336,22.536333,23.220741,22.524132,22.290438,22.267496,22.942858,22.583757,22.209745,22.513372,22.971186,23.206503,23.23041,23.229696,23.16326,23.155678,23.156713,23.176893,23.08536,23.21787,23.202559,23.109968,23.203192,23.215668,23.197752,23.222494,23.198748,23.16569,23.153315,23.201475
19.976227,20.03062,19.83385,19.95814,19.805895,19.998394,19.901808,20.090591,19.97368,19.958586,19.808624,19.96352,19.947422,19.899906,19.982475,19.840208,19.943382,20.040302,20.06559,19.901695,19.89487,19.954342,20.070951,19.902897,19.612116,19.945807,20.269169,19.698324,20.812994,19.44923,21.019451,20.069195,20.49982,20.584854,20.424469,19.82779,20.909172,21.070501,20.87798,20.497564,20.499275,20.795551,20.856148,21.359959,20.964745,20.97285,21.113268,11.600853,7.9533596,11.768497,8.901019,6.6356287,8.294654,6.30974,8.61325,6.282192,8.8418045,7.115259,2.861886,6.199065,3.5692854,7.93301,3.7121847,1.7060145,5.1031723,2.501579,7.404543,1.8284243,4.4640636,3.470829,1.1919315,4.2362404,3.5974216,6.29951,3.703682,3.78693,7.023305,4.6813803,7.1910973,6.3632183,9.004929,10.389086,10.390963,11.654764,20.163929,20.195168,20.868904,20.554121,20.409039,20.940945,19.812225,20.24759,20.319689,19.360676,19.741838,19.781878,19.862467,19.89547,19.634178,20.299198,20.310892,20.200865,20.010813,19.026337,20.430372,20.113144,18.888004,19.594814,19.63595,20.013048,19.938969,20.05091,19.893456,19.883602,19.862251,19.866608,19.838417,19.950542,19.989094,19.811089,19.985088,19.929945,19.923122,19.943787,19.895325,19.85191,19.921173,19.980455
21.576973,21.648026,21.540524,21.613962,21.57656,21.651512,21.557371,21.68198,21.619833,21.62759,21.47666,21.58873,21.612495,21.544048,21.55523,21.501774,21.563185,21.675236,21.703518,21.486393,21.472275,21.730118,21.226788,20.853603,20.509064,21.21267,21.144997,20.209824,22.243793,20.68639,21.402267,20.922068,21.68572,21.022446,21.561882,21.188622,21.53134,21.593937,20.850687,20.829203,20.999348,21.24009,21.071314,21.691147,21.663673,20.95298,21.452639,12.867731,7.3527,12.1066675,8.059344,7.156354,8.546687,6.8336363,8.182295,6.1661644,9.501118,6.013835,3.358056,6.2700815,2.7113395,8.566399,2.140233,2.7846518,5.807562,2.5951571,6.8603306,2.16972,4.964359,2.9958024,1.2549447,4.624975,2.2369483,7.8117714,3.1155825,4.623665,8.586354,6.1159525,9.232228,7.3442936,9.882612,10.24523,11.124365,12.137058,20.815443,21.936907,21.456177,20.456486,22.0644,21.427078,20.657925,21.663061,20.859781,19.992403,21.136475,20.839687,20.591589,21.384504,20.042145,20.597,21.325567,21.208118,20.462543,20.230892,21.018452,21.507235,20.821592,20.855366,21.157879,21.593864,21.58396,21.754631,21.603706,21.552305,21.45729,21.545341,21.399551,21.58791,21.636398,21.397308,21.560383,21.57808,21.568169,21.537678,21.557247,21.561867,21.521175,21.516747
19.484962,19.63668,19.559427,19.602873,19.464975,19.602777,19.505718,19.727242,19.590824,19.627953,19.406784,19.580347,19.65361,19.490435,19.567646,19.473862,19.587292,19.642136,19.73587,19.507889,19.499195,18.998522,19.289642,18.52715,18.197664,18.726017,19.049995,17.696411,20.013088,18.361267,19.599873,18.554144,19.07788,19.130775,19.226418,18.796642,18.983528,19.60952,19.055908,18.288826,18.973843,18.814974,19.10064,19.977026,19.683392,19.458565,19.579185,11.11641,7.4380693,10.922991,8.533773,5.324714,8.622322,6.192309,8.885619,6.6622195,8.43792,7.3808684,3.3705971,6.3251414,3.4644392,8.497466,3.8864176,2.0976808,6.024628,2.8468742,7.2455616,2.3483548,4.2798266,3.5983446,0.9507323,4.3985257,2.3061242,7.073527,3.7724688,3.0157254,7.628099,5.100596,8.034957,6.0686603,7.924969,9.09909,9.87037,10.661473,18.842896,19.932331,19.866707,19.16926,19.634266,19.738983,18.823727,19.3164,18.276007,18.003786,18.401321,18.638378,18.238962,19.092594,18.485409,18.64864,18.775263,19.384678,18.757122,18.204803,18.953255,19.74544,18.430664,18.820072,18.832615,19.62545,19.524435,19.668968,19.566948,19.551926,19.481724,19.552431,19.452732,19.517035,19.663225,19.4815,19.576591,19.536007,19.553108,19.58631,19.567192,19.458408,19.496868,19.538486
20.161388,20.423393,20.30386,20.336475,20.253424,20.309631,20.243574,20.396185,20.295502,20.416168,20.118185,20.292269,20.37552,20.253502,20.28359,20.272465,20.305,20.363134,20.488375,20.2323,20.199146,19.357544,18.800282,18.671055,17.715115,18.77876,18.800873,16.951767,19.8702,18.571999,19.202442,17.902092,18.796297,18.451576,18.985378,18.754663,18.282246,19.16814,18.514618,17.475857,18.39693,18.03913,18.085098,19.368418,18.682964,18.619759,19.052444,11.075462,6.61319,10.590218,7.7765126,5.2905707,8.0133705,5.9614096,8.112329,6.442433,8.513742,6.7134166,3.817882,5.9018245,3.316995,8.890894,4.2002244,2.826374,5.731586,2.799167,5.735954,1.9696949,4.3718343,2.7878525,1.2142956,4.103601,1.8947661,7.372909,3.6211264,2.6841786,7.0124497,5.0357456,8.5829315,5.856987,7.8891425,8.477795,9.77622,9.533487,18.074059,19.539581,19.065517,18.28851,18.965761,18.87137,18.310623,19.202541,18.415184,17.861347,18.65972,18.800957,18.193819,19.256992,18.72454,18.811552,19.228638,18.914783,18.382656,18.584076,18.436266,19.575314,18.763683,19.140003,19.292936,20.374119,20.23074,20.393875,20.337101,20.23779,20.202171,20.247633,20.191866,20.244354,20.357069,20.227581,20.285416,20.281672,20.309544,20.370045,20.29852,20.243721,20.27092,20.251856
19.74441,19.961647,19.837845,19.864391,19.8172,19.81764,19.750113,19.930048,19.831993,19.917732,19.71603,19.843073,19.85671,19.750023,19.866175,19.839275,19.806746,19.888786,20.003105,19.756554,19.765385,18.85644,18.201195,17.922665,17.192974,18.069649,18.541746,17.041775,19.132109,17.771431,18.761158,18.276207,18.478703,18.55232,19.274818,18.65863,18.548695,19.336626,18.94683,17.774809,18.517782,18.430132,18.562553,19.81208,18.913519,19.071438,19.160301,10.447657,5.9754963,9.226021,7.117185,5.1857615,7.1612945,6.123574,8.456663,6.9005294,8.648336,7.6343694,4.9433813,6.012207,4.917542,9.024334,5.4834957,4.9545,6.3029532,4.376812,6.601728,2.0752347,3.8307617,2.5005267,1.0709666,3.0100124,1.6935589,5.662719,2.7091255,3.1873286,5.4011755,4.20575,6.8367057,5.6926413,7.104332,7.108856,9.464972,9.480635,18.910593,19.937857,19.608347,19.016762,19.526775,19.847939,18.767185,20.029833,18.763714,18.33442,18.812908,18.851559,18.958908,19.709433,19.022503,19.584866,19.215992,19.78469,18.743183,18.445072,18.984676,19.69992,18.277325,18.984528,19.119951,19.931826,19.826042,19.901407,19.821135,19.829514,19.74342,19.818634,19.708817,19.760265,19.849422,19.811962,19.796469,19.835838,19.840233,19.918297,19.857033,19.688591,19.84699,19.832275
21.571388,21.768848,21.685822,21.6972,21.62814,21.673763,21.606064,21.69312,21.67657,21.72461,21.575424,21.697365,21.73808,21.588512,21.619572,21.62054,21.651138,21.6572,21.83516,21.582756,21.643608,20.47303,20.248108,20.29232,18.900871,19.803795,19.709385,18.909508,21.051117,19.494766,20.019646,19.96658,20.250427,20.205189,20.808765,20.443779,20.572205,21.473232,20.949417,19.95966,20.500988,20.281208,19.950039,21.4152,20.94297,21.200344,21.191963,11.96896,7.4509873,10.590833,9.058812,6.5899534,9.137109,7.417841,9.485499,8.774553,10.043964,9.192011,6.2779083,8.561654,6.316867,10.373798,7.257699,5.390256,7.89539,5.1264715,7.8954763,3.112608,4.3198338,2.828502,0.74504685,3.9177053,1.4878676,5.8118057,3.0168045,2.72127,6.5280433,3.9792569,7.2741356,5.4760046,7.5950594,8.190363,10.0243635,11.2177,20.331814,21.18369,21.26432,20.535347,21.28798,21.28843,19.94748,21.536453,20.287373,19.56707,20.2933,19.940289,20.208725,20.45663,20.3629,20.531124,20.32692,21.861996,20.22158,20.029015,20.372234,21.197376,19.793514,20.506145,20.901897,21.736664,21.622562,21.6684,21.640045,21.640732,21.592999,21.639454,21.536766,21.6124,21.728397,21.57788,21.62331,21.711288,21.63689,21.726753,21.667183,21.521606,21.666534,21.655212
23.183659,23.30343,23.262419,23.269445,23.22357,23.288452,23.208239,23.314898,23.263025,23.301481,23.187908,23.269575,23.33331,23.141642,23.232706,23.17919,23.245241,23.234777,23.39231,23.154001,23.249922,22.615385,22.861837,22.344645,21.288233,22.117905,22.769423,21.630484,23.457178,22.786734,23.052214,22.920763,22.989746,22.914202,23.13437,23.51134,22.86048,23.747372,23.934795,23.00361,23.322245,23.533152,23.274439,24.443972,23.835648,23.863459,23.921078,14.612627,9.65415,12.595228,11.563905,8.557666,10.856829,9.34629,11.797121,10.288996,11.054184,11.059662,7.5471363,10.413624,7.8827853,11.417804,7.8220315,6.058088,8.22246,5.8770075,8.406004,3.5268128,4.722457,3.5169399,0.70238525,3.9395895,1.4723994,4.5974803,2.3998625,2.6799643,6.072234,4.890862,8.385285,7.1938496,8.894217,10.23861,11.712791,14.431848,22.998451,24.040579,24.01344,23.124998,23.77155,24.278894,23.011095,23.955748,23.435251,23.210989,22.903532,22.511541,22.418139,22.953234,23.279722,23.767363,22.327337,24.678982,23.253767,22.660234,22.434847,24.202744,22.357351,22.823103,22.74727,23.308928,23.273718,23.265337,23.192139,23.255701,23.18685,23.261715,23.146318,23.224865,23.353563,23.21727,23.201391,23.246126,23.178335,23.36831,23.283396,23.151924,23.234861,23.291996
23.915731,23.981133,23.998142,23.978865,23.97597,24.036976,23.908363,23.963943,23.977806,24.030792,23.930838,24.00769,24.089632,23.96201,23.878536,23.91774,23.915443,23.951084,24.151875,23.87402,23.960402,22.554573,22.19099,22.119774,20.729967,21.663729,21.585316,20.870136,22.714216,21.033854,21.661541,22.204983,21.504665,21.73661,22.265541,22.211477,21.976494,22.827684,22.259102,21.720146,22.239246,21.316406,21.312004,23.304955,22.4587,22.654114,23.095182,13.814974,9.712601,12.889565,10.937468,8.631429,10.598186,8.755854,10.633876,9.978349,9.95422,8.939041,7.497668,9.9023695,6.470056,11.191723,7.001997,4.615953,7.48207,4.5119224,7.5588593,2.9603243,3.0547106,1.9640514,1.1488272,4.416044,1.3061206,5.8222957,3.3470192,2.4362874,7.1198616,4.982573,8.926783,6.8978057,7.748448,8.487276,11.939024,12.895605,21.845278,22.797016,23.107826,21.693047,22.59542,22.70874,21.181011,23.659071,21.607626,20.63722,22.344147,21.686337,22.022955,22.077852,22.833214,22.570183,22.068184,23.47922,22.245842,22.398392,21.62033,23.002748,22.420837,22.689175,23.065897,24.04666,23.975315,24.000526,23.941101,23.928759,23.878155,23.928173,23.901638,23.960423,24.052618,23.855808,23.90905,24.023201,23.968811,24.036741,23.998745,23.871727,23.962877,23.987835
22.580221,22.649385,22.55777,22.573812,22.565168,22.555422,22.529284,22.663412,22.547718,22.649332,22.553675,22.576471,22.5842,22.50771,22.58148,22.587929,22.517078,22.627188,22.724384,22.514578,22.59118,20.990988,20.582952,20.401587,18.673956,19.574354,20.954847,19.058102,20.91742,19.616776,20.717262,21.111063,20.510252,20.37999,21.105675,21.139502,20.731915,21.496443,21.838655,20.213179,20.39366,20.520521,20.725534,22.379368,21.568087,21.398674,21.97198,12.3953495,7.443325,11.0390835,10.161293,7.891789,9.592199,7.35468,10.580019,9.420841,10.308799,9.58368,6.676835,8.170373,5.960511,9.908154,6.6252337,4.751058,5.3015738,3.4175432,6.285089,1.8652835,3.0205612,2.4589863,1.0008235,3.5414221,1.9191177,4.3948545,3.516606,3.1455364,5.521752,3.9579725,7.6042075,6.6993923,6.4956374,7.901654,10.279206,10.706626,20.362698,21.61188,22.109842,20.791546,21.28536,22.140678,20.837893,22.2815,21.099108,20.127996,21.461493,20.848036,21.059586,21.6807,21.835516,21.750345,20.444921,21.634726,20.865068,20.887938,20.973703,21.794474,20.878435,21.359129,21.860777,22.729155,22.585546,22.649126,22.546553,22.608286,22.485777,22.517626,22.512892,22.554197,22.610102,22.572088,22.530708,22.52847,22.618607,22.706297,22.611128,22.464231,22.585865,22.620615
22.071243,22.136288,22.063297,22.09341,22.00291,22.035622,22.017529,22.123138,22.067371,22.211563,21.986855,22.073967,22.104286,22.01408,22.030743,22.019009,22.066261,22.098816,22.240585,22.00108,22.093285,20.92958,20.753864,20.4082,18.903961,19.619251,20.9502,19.205475,21.111458,19.978111,20.938354,20.504787,20.400051,20.288685,20.957035,21.085102,20.384972,21.345627,21.252125,19.974258,20.342392,20.289005,20.864197,22.277397,21.656078,21.556725,22.156773,12.715223,8.003506,12.136035,10.405641,7.268154,10.252318,6.984507,10.983192,9.043383,9.127393,9.451728,5.770218,7.8258886,4.936109,9.05649,5.849918,3.1768677,5.595498,2.6502693,6.6117024,1.9492552,2.5248246,3.2606838,1.1726407,3.9527898,1.9788476,5.2842374,4.3397765,2.23597,6.3527822,4.739232,8.207224,6.48387,6.653368,8.8666725,10.831059,11.389217,20.372387,21.772955,22.010567,20.93713,21.328999,21.687363,20.846043,21.896591,20.578388,20.523624,21.209846,20.66314,20.721004,21.279617,21.55457,21.455746,20.716663,21.618778,20.777615,20.701626,20.44241,21.869278,20.752125,21.286377,21.5144,22.21848,22.070477,22.13802,22.057423,22.070816,21.977325,22.015747,21.976318,22.026436,22.117233,22.042934,22.034538,22.044636,22.031208,22.171806,22.078629,21.91772,22.05846,22.054993
23.297842,23.350527,23.299173,23.306356,23.234816,23.342093,23.22752,23.412186,23.335878,23.397316,23.242506,23.356909,23.352911,23.25495,23.276648,23.274878,23.283884,23.338308,23.446356,23.256641,23.380713,21.814049,22.184183,21.860088,20.707403,21.272675,22.373625,21.034822,22.663069,21.40571,22.366453,22.08058,21.72909,22.014997,22.528275,22.50886,22.032984,23.085062,22.881231,21.65948,21.764576,22.031733,22.34255,23.72306,23.361805,23.228304,23.761044,14.055638,9.467038,13.659377,11.646098,8.219679,10.865254,7.7268443,11.175212,9.002631,10.281806,9.566736,5.4334583,8.319991,4.2106752,9.191306,5.2171526,1.9220982,5.285822,2.4878242,7.2912145,1.7979065,3.9232652,4.0144744,0.98507226,4.7735767,2.4520423,6.314532,4.799735,2.9234655,7.6476316,6.028369,9.459506,7.684961,8.87168,10.784453,12.2803335,13.560679,22.003506,23.470728,24.013323,22.87541,23.05934,23.602596,22.449762,23.57577,22.205921,22.106066,22.23474,21.856558,22.06122,22.277773,22.475134,22.484999,21.418005,23.132442,22.378706,21.19975,22.046175,23.040783,22.110046,22.48699,22.683077,23.501013,23.34284,23.38874,23.259207,23.34995,23.235807,23.28082,23.190596,23.273317,23.422192,23.287794,23.334791,23.297434,23.291344,23.389345,23.318651,23.15698,23.262026,23.323133
23.89328,23.95044,23.901424,23.906271,23.865906,23.956831,23.840355,23.959425,23.91251,24.010635,23.86455,23.932732,24.008066,23.87467,23.901796,23.868567,23.90314,23.942019,24.051394,23.874863,23.94834,22.288202,22.800169,22.370775,21.276852,22.158318,23.041471,21.492048,23.46614,22.03985,23.009827,22.93685,22.650045,22.77717,23.1361,23.177555,22.781343,23.683077,23.61667,22.291649,22.80807,22.766333,22.790365,24.595716,24.111338,23.979975,24.49806,14.379002,9.558021,14.273342,11.702449,8.456874,11.347667,8.3397,11.329769,9.606114,10.748103,10.223539,6.2809205,8.612227,4.6379023,10.335895,5.42768,2.8573375,5.6774135,2.6380625,6.9855294,1.9179778,3.6976216,3.551277,0.9941438,4.045669,1.8912637,6.208695,4.1647453,2.441635,7.001035,5.465565,8.860072,6.98076,8.161156,10.4788885,11.633986,13.358497,22.40697,23.999557,24.225729,22.92985,23.501701,23.781054,22.810015,23.896395,22.45336,22.318235,22.3868,22.021532,22.509556,22.674131,23.0593,22.759209,21.992163,23.56647,22.442953,21.927797,22.359674,23.832842,22.742903,22.955217,23.294575,24.059126,23.97009,24.014576,23.906382,23.947346,23.864132,23.91656,23.83457,23.867773,24.047941,23.915758,23.933764,23.898952,23.899073,23.989553,23.90695,23.813324,23.88373,23.925753
22.43098,22.492254,22.430399,22.500364,22.47167,22.438808,22.382158,22.458218,22.456293,22.561888,22.43644,22.409458,22.555187,22.433578,22.408197,22.37211,22.441,22.373251,22.522345,22.316198,22.357073,19.771656,19.771593,19.614985,18.058327,19.308323,19.669966,17.84062,20.511236,18.538967,19.298103,19.472872,19.263494,18.597475,19.912407,19.938292,19.574284,20.393314,19.714212,18.75959,19.49073,18.9459,18.786875,20.672586,20.361809,20.025766,20.382942,12.221515,6.9556966,12.345202,9.201021,7.366056,8.90428,6.024121,9.108265,7.534496,9.200347,7.2233686,4.628194,6.8862233,2.6597261,9.915061,4.69431,3.2846828,5.1693482,2.2957616,6.6918535,2.589933,3.909328,3.0050657,1.5626396,4.4601893,1.168216,6.732176,3.9910555,2.9701102,7.3719296,4.8455963,8.556551,6.336954,7.533797,7.5690627,9.542376,10.609115,18.782875,20.334352,20.285067,19.202385,19.878344,20.055292,19.159792,20.866549,19.115326,18.220549,19.887583,19.069815,19.038525,19.840155,19.668232,19.721708,19.590757,20.20218,19.001734,19.475927,19.981318,20.767033,20.521078,20.693777,21.580976,22.553541,22.512882,22.554573,22.443472,22.447428,22.326239,22.392923,22.338486,22.452372,22.49549,22.391745,22.471264,22.408329,22.47526,22.499456,22.456753,22.343111,22.357645,22.429873
23.48365,23.646164,23.547834,23.583897,23.517712,23.531542,23.456593,23.575165,23.550575,23.704163,23.482296,23.522224,23.682232,23.555851,23.468304,23.48516,23.520908,23.563457,23.714035,23.443686,23.451262,20.941692,20.289314,20.77188,19.047092,20.378273,20.695732,18.669672,21.341928,19.51698,20.211153,19.938204,20.542185,19.85125,20.681278,20.72521,20.5225,21.423176,20.688135,19.456806,20.201218,19.625536,19.964615,21.929478,21.15564,20.96564,21.487968,12.591399,7.653353,12.520497,9.986565,8.066099,9.756588,6.7077403,9.542868,8.13134,9.932331,8.095296,5.607606,6.9754033,3.3354554,9.586852,5.062643,3.5610733,4.5734987,2.366197,5.3765607,1.7012511,3.7486136,2.5315037,1.4466727,3.9965498,1.5644981,6.8169527,4.6418004,3.1079736,6.9718595,5.0005336,9.009965,6.8637843,8.127716,8.118259,10.595379,11.080727,20.006481,21.217165,21.227634,20.300316,20.755999,21.190733,20.216883,21.78083,20.80764,19.691822,20.712435,20.622778,20.480314,20.961494,21.236042,21.116358,21.030432,20.84936,20.007265,20.422625,20.64846,21.462887,21.475555,21.883968,22.657158,23.678392,23.561344,23.633337,23.561764,23.513542,23.451439,23.470781,23.457335,23.496567,23.581102,23.452175,23.547287,23.51369,23.590942,23.57529,23.596525,23.441513,23.480703,23.597916
24.166636,24.317535,24.261295,24.260803,24.210432,24.265125,24.158554,24.238377,24.266874,24.315432,24.18361,24.218222,24.36963,24.195974,24.206125,24.126143,24.196943,24.195044,24.40719,24.103903,24.191694,21.740362,21.633017,21.900381,19.953405,21.533434,21.232292,20.22424,22.329695,20.432919,20.940033,21.589241,21.380241,21.308847,21.926128,22.036182,21.9738,23.020037,21.897833,21.070484,21.580769,20.991236,20.898142,23.18112,22.372175,22.464666,22.959929,13.999067,8.631298,13.502534,10.892873,8.906263,10.2515,8.037857,10.016951,9.2379055,10.939097,8.928091,6.357423,9.324898,4.736432,11.154994,6.0619926,4.2248845,6.2498803,3.8438978,7.1523104,2.401618,3.9338012,2.4778745,1.0860548,4.584998,1.1616964,6.738834,3.5831919,2.9378371,7.186749,4.8262877,8.522883,6.6788063,8.497305,8.716983,11.409106,13.116668,21.45318,22.860624,23.01174,21.778418,22.3739,22.59801,21.018908,23.364004,21.773521,20.681116,21.843386,21.563627,21.901426,22.142973,22.108747,22.565239,21.880484,23.013624,21.4076,21.93566,22.01055,22.733854,22.002512,22.53847,23.320086,24.371202,24.217857,24.291533,24.194763,24.249058,24.094461,24.181276,24.092484,24.226717,24.273355,24.123083,24.224691,24.250471,24.2385,24.285603,24.25326,24.10525,24.212206,24.259375
22.715605,22.801687,22.725843,22.749613,22.676441,22.665743,22.632061,22.769049,22.734573,22.776403,22.635336,22.666357,22.741673,22.611856,22.714224,22.680552,22.653791,22.65882,22.869165,22.589289,22.70053,20.213545,20.02694,20.170076,18.078592,19.585625,20.455812,19.010551,20.540495,18.842253,20.21237,20.51314,20.286076,19.941029,21.06615,20.728155,20.87698,21.66578,21.16884,19.880737,20.270607,20.35249,20.340809,22.153807,21.593203,21.485134,21.85782,12.234941,6.8427877,11.326832,9.392766,7.947879,9.057878,6.740412,10.00693,8.557738,10.7858925,8.943113,6.0788536,7.712893,4.315301,9.609108,5.7056847,4.3161726,4.9765806,3.0036476,6.558126,1.8937355,3.6630583,2.6715477,1.3032414,3.4670427,1.361263,5.404147,3.4096713,3.2482238,5.7912335,4.002768,7.257961,6.0885596,7.93323,7.794014,10.126992,10.597871,20.32962,21.444448,21.610598,20.966099,21.086372,21.552555,20.324394,21.88879,20.961134,19.76139,20.97312,20.31811,20.834385,21.056213,20.94544,21.738241,20.375467,21.574312,20.139902,20.421726,21.595476,21.45587,20.726334,21.344564,21.948458,22.865374,22.741861,22.7674,22.701654,22.804178,22.591684,22.65127,22.570436,22.712614,22.73421,22.69316,22.678946,22.632069,22.723879,22.803514,22.745756,22.546267,22.703253,22.75068
22.406935,22.48943,22.42647,22.442148,22.3735,22.350554,22.359306,22.417461,22.447956,22.540495,22.307377,22.395264,22.464352,22.370043,22.374905,22.364006,22.393929,22.372496,22.61021,22.283295,22.399958,19.725555,19.421803,19.768597,17.808716,19.39143,19.89755,18.162289,20.32221,18.926947,19.619843,19.484484,19.571892,19.155949,19.783237,20.104677,19.693985,20.465588,19.83119,18.914555,19.343643,19.266487,19.464294,21.052074,20.664417,20.451374,20.732449,12.031701,6.931328,11.57826,9.3562,7.212326,9.06522,6.1830482,9.0578165,7.718529,8.907146,7.813023,4.8780193,6.602189,3.133442,8.727509,4.925255,2.933926,4.3570356,2.1475,5.472047,2.0451021,3.4982042,3.0709538,1.4508889,4.035091,1.6621392,6.137492,4.3505697,2.700801,6.2942677,4.503004,7.5073457,5.7802854,7.116751,7.5620637,9.755729,10.533778,18.904913,20.456532,20.32293,19.700537,19.95985,20.168287,19.105629,20.59056,19.264938,18.68249,19.510433,19.26791,19.324633,19.561792,19.991941,20.257212,19.463348,20.025684,18.884165,19.367874,19.547,20.68212,20.197952,20.913357,21.471191,22.585114,22.420876,22.475666,22.437246,22.455956,22.342701,22.328167,22.303501,22.381363,22.45988,22.366596,22.408314,22.358387,22.427456,22.51545,22.449337,22.292309,22.381817,22.453228
22.363863,22.41996,22.382566,22.40798,22.320532,22.394056,22.300198,22.441652,22.416578,22.455317,22.300755,22.371847,22.439386,22.305716,22.35864,22.325686,22.346773,22.361086,22.548243,22.268229,22.412142,19.897057,20.340868,20.308718,18.888922,20.099344,20.64756,19.281273,21.087254,19.684242,20.57553,20.245481,20.258192,20.119043,20.581367,20.724804,20.554022,21.343489,20.608784,19.841345,20.117777,20.29573,20.255129,21.8606,21.521051,21.434614,21.598719,12.793504,7.842115,12.493338,9.898368,7.678578,9.340702,6.876366,9.1760435,7.600824,9.527792,7.8935847,4.634983,6.655956,2.8468368,8.548368,4.2088294,2.2031279,4.298186,2.1244953,6.0190034,1.8979911,4.153842,3.3627253,1.4319042,4.139071,1.924985,6.4229236,4.332215,3.1167178,7.013939,5.5134583,8.243567,6.585339,8.435649,9.187179,10.91933,12.254285,19.958254,21.575724,21.607634,20.776037,20.964315,21.248098,19.938599,21.383696,19.98879,19.64688,19.950178,19.670317,19.688305,19.997004,20.307932,20.635809,19.61226,21.1359,19.872004,19.31059,20.259232,21.422644,20.573015,21.08544,21.46884,22.564161,22.404917,22.484568,22.355639,22.474745,22.326797,22.335794,22.264837,22.364866,22.435896,22.33898,22.435474,22.306269,22.410826,22.4446,22.40998,22.237318,22.320885,22.432133
23.889595,23.89601,23.864979,23.987442,23.925194,23.886349,23.822632,23.934654,23.9113,23.965456,23.870714,23.817747,23.943106,23.861282,23.870832,23.874874,23.84259,23.850155,24.00423,23.789978,23.835545,20.754753,20.941616,20.491478,19.142054,20.215744,21.321201,19.500153,21.786274,19.883015,20.531448,20.457249,20.501905,19.864964,21.099243,20.878454,20.597046,21.184677,20.42685,19.8051,20.65031,20.298986,20.016682,21.42569,21.38916,21.222414,21.608368,13.457613,7.882848,13.268322,9.864495,8.091607,9.783585,6.893311,9.324935,7.546741,9.149699,7.294564,4.126395,6.787697,2.1143866,8.829984,4.0539207,3.0941992,5.183333,2.0849872,6.132851,2.0682218,3.7892532,3.2256165,1.9132277,5.0273457,1.3285984,6.584056,4.282042,3.3251135,8.056716,5.784085,8.955619,6.8432007,8.401933,8.897609,10.473937,11.850892,19.845245,21.36493,21.408554,20.404072,20.97231,21.296858,20.177994,21.685402,20.093084,19.70705,21.052135,20.458221,20.215446,20.755917,20.824524,21.045404,20.766365,21.450504,19.976002,20.176283,20.875217,22.047665,21.669989,22.11716,23.082392,24.00438,23.961018,24.030926,23.857452,23.97136,23.811522,23.864716,23.75916,23.908554,23.906445,23.863106,23.927982,23.852299,23.938206,23.96701,23.946587,23.811903,23.81307,23.927406
24.45732,24.495317,24.437658,24.492817,24.432846,24.443806,24.43599,24.483118,24.473104,24.435392,24.405905,24.43657,24.547838,24.388681,24.49104,24.452465,24.42425,24.439783,24.634546,24.383753,24.473387,21.433855,21.427948,21.448664,20.545074,21.691946,21.790316,20.01491,22.22885,21.019371,21.589632,21.275179,21.458525,20.946583,21.864977,21.711187,21.53618,22.515629,22.282873,20.81396,22.150095,21.44218,21.585226,23.492102,22.71177,22.579285,23.07614,13.543924,7.7149734,13.876587,9.673353,7.6917834,9.5478735,6.3073807,8.768023,7.0510807,9.0072975,6.925137,3.964746,5.7426486,1.389738,7.390685,3.3200212,1.5246688,3.8605745,2.440857,5.40974,2.1546152,4.3482203,3.6211784,2.3458493,4.47314,2.7094572,7.3733387,5.0556474,4.0046544,8.341004,6.731654,9.483348,7.941558,9.4086685,9.937395,11.684691,13.30378,21.241447,22.843328,23.012716,21.996653,22.27606,22.3269,21.252127,22.937292,21.671822,21.085863,21.591871,20.865873,21.070555,21.806932,21.783648,21.943258,21.579008,22.519312,21.058344,21.599047,21.579496,22.979858,22.357565,23.009792,23.693121,24.557102,24.489473,24.602026,24.459257,24.538465,24.397738,24.412863,24.373669,24.449953,24.515776,24.420115,24.511726,24.384455,24.474703,24.533976,24.497255,24.314505,24.377464,24.473576
25.490135,25.481335,25.472136,25.559628,25.551315,25.501102,25.468208,25.523424,25.477314,25.57112,25.503046,25.435186,25.557606,25.52887,25.424892,25.479172,25.448938,25.499435,25.651897,25.389576,25.448853,21.984602,22.04105,21.46542,20.724966,21.737633,22.07533,20.56768,22.93362,21.022295,21.51036,21.226034,21.55176,20.85895,22.085974,21.72491,21.762981,22.373798,21.531286,20.807934,22.015018,21.150032,21.12649,22.604473,22.4533,22.231104,22.700134,14.186348,8.84639,14.699436,10.365421,8.645452,10.866962,7.2468557,9.197058,7.3105464,9.661352,6.9244146,3.8780324,6.3663087,1.3546182,8.44653,3.2222917,2.3687944,5.0940847,1.8187356,6.164986,2.04536,4.2848916,3.4495559,2.197244,5.3205953,2.285559,8.231178,4.948392,4.4823985,10.013147,6.9413586,11.027937,8.677756,10.261333,11.105677,12.323753,13.3466015,21.259459,22.60327,22.550991,21.58493,22.36826,22.537022,21.387648,23.10897,21.499311,20.841017,22.453512,21.67218,21.307789,22.26547,21.623276,22.059765,21.962475,22.425676,21.11716,21.404282,21.746044,22.789824,22.562256,23.483128,24.615726,25.577763,25.565136,25.629337,25.435833,25.602394,25.425907,25.463818,25.402979,25.512648,25.520048,25.438183,25.567478,25.492056,25.579903,25.55867,25.572712,25.437725,25.381973,25.532589
25.88858,25.938776,25.906542,25.92881,25.872015,25.961718,25.867682,25.945929,25.93559,25.889061,25.895983,25.860857,25.97912,25.876291,25.84688,25.85674,25.889368,25.926981,26.063997,25.821892,25.926294,23.204481,23.613379,22.992357,22.283457,23.375242,23.937933,22.496984,24.350363,22.94051,23.746302,23.216543,23.599976,23.13008,24.103167,23.454947,24.028435,24.575083,24.070429,22.876661,23.87726,23.531294,23.632862,25.0481,24.7684,24.497892,25.050528,15.545117,10.847778,15.735809,12.15652,8.837224,11.924614,8.635302,10.880835,8.76868,11.061483,8.903385,4.841449,7.5179625,2.7629142,8.841638,3.9348638,1.147624,5.4169235,2.2086053,6.5947065,1.7647911,4.652735,4.19632,1.5590863,5.407571,3.2200012,8.245107,5.572017,3.9208071,10.104366,7.74391,11.431657,9.667545,11.413693,12.830022,14.363194,15.413947,23.858168,24.945086,24.841064,23.975788,24.451263,24.630375,23.447027,24.766161,23.7723,22.97098,23.5816,23.46198,23.581434,24.22544,23.675932,24.127682,24.033453,24.766525,23.413544,23.173094,23.78804,24.603006,24.134184,24.751192,25.418734,26.029509,25.973791,26.013748,25.833609,25.975533,25.894983,25.883627,25.792894,25.85913,25.990011,25.875303,25.948475,25.899055,25.954157,25.973007,25.952871,25.840174,25.8273,25.986109
24.792496,24.860931,24.804626,24.774464,24.80669,24.831917,24.780022,24.772163,24.812729,24.863583,24.710701,24.757458,24.894718,24.773823,24.773445,24.737972,24.787483,24.837097,24.99789,24.731838,24.77708,22.627228,22.391598,22.252243,20.407616,22.281559,22.712147,20.546509,23.165878,21.91893,22.672802,22.153152,22.689278,21.959827,22.749615,22.808788,22.775463,23.55164,22.773643,21.593151,22.512997,21.925892,22.448093,23.997604,23.391403,23.183586,23.648914,14.39823,9.524347,14.385133,10.922742,8.169923,10.2068205,7.418163,9.984339,8.514753,9.873929,8.214071,5.2529764,6.921388,3.163196,9.2958145,4.5248575,2.053536,4.2370076,1.9352825,5.088156,1.912137,3.4051523,2.8454843,1.4821135,4.548429,2.3093894,6.9031515,4.9180837,2.8346643,8.0595455,6.370519,10.332087,8.285214,8.856478,9.979354,12.42414,13.233646,21.76522,23.174469,22.900898,22.150787,22.40128,22.723831,21.93945,23.439648,22.68798,21.644974,22.437275,22.623363,22.339306,22.719196,23.210598,23.392597,23.22277,23.202885,22.1829,22.682243,22.259247,23.577408,23.266884,23.730827,24.12704,24.960594,24.80682,24.879894,24.777,24.819244,24.7332,24.72622,24.71511,24.782143,24.880802,24.761845,24.807583,24.795403,24.86193,24.950077,24.82867,24.793365,24.791676,24.896652
23.124062,23.224108,23.129524,23.11138,23.228996,23.184978,23.118567,23.092335,23.183804,23.245323,23.114922,23.102097,23.2565,23.148865,23.11251,23.066582,23.118965,23.225029,23.32449,23.083698,23.115023,20.484375,20.302608,20.669495,18.4562,20.77299,20.672318,18.989494,21.71652,20.169167,20.521395,20.612312,21.030771,20.093925,21.03749,21.295994,20.823963,22.049728,21.13831,19.652819,20.810165,20.398613,20.327084,22.486156,22.017765,21.658577,21.77165,13.587459,8.312354,12.996932,9.920901,7.6250772,8.955747,6.7782497,8.618243,7.6753836,9.8954,6.888598,5.229267,6.231396,2.4286008,9.216483,4.1418614,2.7168763,3.5962567,2.214803,4.580113,2.197838,4.447111,2.565072,1.4159302,3.931321,1.9230348,6.7138615,4.3218374,3.1261086,7.0967445,5.7381463,9.247224,7.4715014,8.569028,7.913928,10.908493,12.308261,20.00512,21.524641,21.11449,20.544983,20.708172,21.2243,20.010826,22.28254,21.42395,19.836788,20.998234,21.027676,21.0047,21.304583,21.86125,22.106216,21.585802,21.76603,20.655518,21.154167,20.97447,21.964672,21.721397,22.133308,22.449127,23.350609,23.225113,23.246357,23.112595,23.19988,23.064602,23.118166,23.09917,23.110294,23.217808,23.110088,23.163412,23.159122,23.217772,23.272451,23.182007,23.15054,23.12745,23.293255
22.696266,22.749275,22.592089,22.691652,22.663273,22.671309,22.608799,22.677341,22.673828,22.73664,22.657906,22.616814,22.678596,22.614208,22.708351,22.654255,22.62362,22.704609,22.788822,22.635141,22.685719,21.06771,21.186264,21.074814,19.317173,20.581236,21.689117,19.865858,21.917961,20.316092,21.475853,21.654602,21.494371,20.964201,22.26042,21.712284,21.876087,22.624397,22.695633,20.879711,21.750065,21.624119,21.48727,23.482159,22.75267,22.449287,23.035006,12.660989,6.9152575,11.606992,9.177338,7.5043197,8.91878,6.759126,9.921018,8.886618,10.561982,9.396496,6.5301266,7.8219376,4.318152,9.322698,5.617409,4.1113486,5.2145863,3.2308102,6.728356,1.9945797,3.790485,2.9246435,1.1910559,3.1294298,1.4166522,4.6698766,3.2994015,2.9601598,5.693938,4.795475,7.1205163,6.5378175,7.937277,7.7532887,10.955789,11.575091,21.610302,22.57679,22.771503,22.285543,22.342514,22.836239,21.570593,23.56879,22.211027,21.124493,21.896896,21.232449,22.127453,22.042759,22.441301,22.449991,21.805088,22.923393,21.111954,21.355635,22.449556,22.649426,21.839596,22.149952,22.2954,22.84035,22.718822,22.736553,22.65551,22.77307,22.520138,22.612974,22.523188,22.668327,22.677155,22.660585,22.672028,22.606365,22.724108,22.786566,22.668623,22.545176,22.651848,22.70749
24.456196,24.459795,24.425459,24.452913,24.430403,24.423647,24.449911,24.445375,24.461193,24.477282,24.384392,24.42597,24.484426,24.447485,24.425772,24.416162,24.456575,24.484835,24.57372,24.386862,24.520483,23.196978,22.846796,22.656382,21.677263,22.94325,23.038801,21.88831,24.012733,22.948498,23.640282,23.33056,23.683613,22.866745,23.764616,23.376757,23.149342,24.405254,23.883081,22.733328,23.5964,22.923008,23.35117,24.723955,24.08721,23.902975,24.719982,15.056061,9.801415,14.954056,11.302069,9.1065035,11.177163,8.521404,11.045793,9.652679,11.315908,9.560554,6.8522243,8.049097,3.955654,9.727354,4.7384014,2.3777854,4.1967864,1.8379841,5.119128,1.5665246,3.489888,2.674597,1.7860254,3.425899,2.0598707,6.450449,4.0419827,3.2413964,7.1134753,6.3094196,9.327963,8.199811,9.35172,10.462405,12.932105,13.931871,22.827944,24.409868,24.00648,23.44758,23.66326,23.77588,22.866135,24.409613,23.476606,22.854307,23.307531,22.615301,22.800507,23.56869,23.654547,23.680124,23.404627,24.02606,22.794397,23.130816,23.08619,24.231327,23.471819,23.821566,24.032839,24.56325,24.477287,24.54032,24.408152,24.506395,24.398344,24.419376,24.332876,24.427216,24.503975,24.45669,24.482313,24.412514,24.4683,24.611069,24.452133,24.410007,24.413269,24.490492
25.621817,25.674906,25.618027,25.570023,25.677114,25.642752,25.60121,25.635529,25.619402,25.708967,25.569689,25.6311,25.69174,25.664549,25.594803,25.584696,25.593199,25.694534,25.767214,25.604868,25.66854,23.779243,23.020306,23.214666,22.0776,23.406334,23.347628,22.067755,23.96947,22.839922,23.801178,23.39748,23.794724,23.11605,24.207235,23.742811,23.481932,24.733536,23.976229,22.79354,23.481632,22.883253,23.490108,25.133917,24.552244,24.179777,24.84902,15.232594,9.975965,15.275118,11.430492,9.469003,10.868053,8.63077,10.802262,9.800638,11.227743,9.256433,6.809842,8.04289,3.5550182,9.563366,4.722928,1.9738026,3.5568068,1.6894782,4.684599,1.5306108,3.2073827,2.3989441,1.9801756,4.263368,2.696684,7.04397,5.18491,3.740292,7.4877763,6.984084,10.262973,9.142126,9.2354965,10.3232975,13.724157,14.576181,23.451988,24.726912,24.66667,23.781607,24.06333,24.37725,23.280912,25.317293,24.48929,23.187193,24.216036,23.951532,23.854145,24.562628,24.652784,24.45172,24.444567,24.601324,23.58327,23.84282,23.616102,24.496637,24.305323,24.616236,25.019243,25.75548,25.655378,25.72907,25.60054,25.664713,25.581888,25.592432,25.555035,25.63369,25.659334,25.610489,25.650341,25.614832,25.680511,25.794409,25.644442,25.623587,25.635004,25.720161
22.834007,22.938484,22.72747,22.801796,22.82795,22.819511,22.7566,22.848755,22.797722,22.910168,22.831333,22.73436,22.827023,22.763737,22.843487,22.798904,22.722565,22.840694,22.919468,22.76173,22.79583,19.592129,19.74065,19.570553,18.128403,19.06184,20.618298,18.829594,20.69529,18.650024,20.00409,20.349007,20.246838,19.212685,20.939613,20.253147,20.81028,21.587227,21.003704,19.48664,20.38892,19.852974,20.084854,22.076359,21.418133,21.013859,21.50927,11.844834,6.381025,11.103465,8.491731,7.601333,8.652037,5.9648895,9.216692,8.145967,10.138462,8.039675,5.802846,6.287343,2.7393312,7.814276,4.436193,3.2104988,3.9429939,2.1075594,5.8662057,1.322527,3.7083664,2.6471767,1.8959352,3.375814,2.0293078,5.103789,4.025978,4.07329,6.3249454,5.066588,7.999829,7.3555374,8.639051,7.793701,11.237735,10.95378,20.353462,21.112663,21.56511,21.007004,20.879128,21.598923,20.317692,22.543804,21.463833,19.86813,21.262012,20.555988,21.075657,21.067188,21.309208,21.529232,20.969398,21.394531,20.12608,20.199722,21.41552,21.383137,21.033245,21.612,22.089035,22.999168,22.861744,22.87804,22.76519,22.927677,22.66571,22.742706,22.694443,22.809746,22.775932,22.792027,22.807129,22.733597,22.89764,22.891956,22.817226,22.673473,22.81454,22.902843
23.4639,23.531866,23.403439,23.42479,23.467112,23.536482,23.363447,23.42192,23.472181,23.484983,23.450518,23.451597,23.48996,23.443903,23.42336,23.399626,23.32979,23.453205,23.59488,23.412943,23.457058,21.685308,21.474264,21.69416,20.36405,20.864122,21.302376,20.65274,22.141077,20.539545,21.186659,22.150118,21.599543,21.286726,22.678026,22.131044,22.184738,22.825266,22.095743,21.628246,21.842722,20.910025,21.517448,23.192698,22.448381,22.481493,23.550135,13.432525,7.588497,12.752047,9.47231,8.404625,9.140096,7.4970193,9.974595,8.9094715,9.161436,8.533704,6.158059,8.586186,3.5170524,8.208357,4.9509535,2.67161,4.9076867,3.3219857,6.8145266,1.2058644,2.6948054,2.4810162,1.778419,4.649837,1.9493337,5.3412156,3.959633,3.1747503,6.8519545,5.1702557,8.763699,7.515086,8.327478,8.742644,12.928102,13.644468,22.090618,22.749023,23.367638,22.255997,22.326841,23.20008,21.703402,24.190956,22.372774,21.21763,22.93682,22.577116,22.665388,22.412739,22.665474,22.504381,22.381447,23.389318,22.08982,21.69441,22.196115,22.967707,22.266607,22.468933,22.796488,23.594185,23.412683,23.462717,23.43196,23.53882,23.319017,23.37589,23.325888,23.45695,23.44656,23.344809,23.433249,23.498978,23.480942,23.560884,23.388762,23.33676,23.505743,23.464083
22.47518,22.533585,22.381319,22.44481,22.430136,22.419752,22.400938,22.461496,22.446981,22.495008,22.415257,22.396677,22.436907,22.321161,22.443844,22.461363,22.330824,22.413631,22.562551,22.361269,22.485765,19.825941,19.746332,19.685587,18.456535,19.475742,20.629702,19.21911,20.66282,18.642021,20.608706,21.006697,20.721235,19.697515,21.393644,20.935408,21.010927,21.779314,21.474287,20.079554,20.657667,20.11201,20.60157,22.378141,21.714258,21.493559,22.075897,11.65175,6.047971,11.273332,8.880099,7.655159,8.459817,6.367038,9.7692995,8.230239,10.333098,8.188597,5.9737344,6.8234777,2.9389534,7.882035,4.6703277,3.123469,3.5689201,2.4833446,6.3265533,1.3879548,3.528033,2.5625544,1.9241824,3.3244712,1.8623437,4.697937,3.4645903,3.872942,5.8260317,4.4985046,7.71115,6.9923925,8.33417,7.760281,10.922746,10.652221,20.341274,20.977375,21.52387,21.132246,20.70439,21.661665,20.64055,22.208895,21.507826,19.872276,21.44858,20.353048,20.948074,20.997332,21.031973,21.816256,20.694548,21.684458,20.50802,20.579535,22.04756,21.402231,20.757826,21.401735,21.714928,22.614557,22.45965,22.509201,22.418322,22.586077,22.301462,22.388868,22.330439,22.48263,22.429201,22.420185,22.456266,22.334341,22.498972,22.54859,22.443256,22.305607,22.452847,22.467537
24.62715,24.651148,24.572361,24.586893,24.600681,24.555079,24.592443,24.590921,24.620735,24.682907,24.517221,24.576468,24.630194,24.577349,24.565212,24.580896,24.548471,24.637037,24.743988,24.575819,24.652756,22.693287,22.09518,21.936058,21.016388,21.979559,22.801798,21.180887,22.924881,21.805523,23.088163,22.710075,22.950792,21.918795,22.902664,22.736635,22.777985,23.630457,22.867178,22.025362,22.4714,21.86041,22.769922,24.164942,23.580515,23.204767,24.161863,13.982701,8.699457,14.055528,10.870497,8.737271,10.838743,7.662461,11.120513,9.584849,10.114211,9.291257,6.23696,7.610266,3.2042658,8.062632,4.689784,1.7809751,3.7837365,1.2989929,5.4125867,1.7128415,2.851693,3.264008,2.202055,4.947095,2.979121,6.331708,5.412137,3.702105,7.691911,6.649372,10.00845,8.563654,8.908087,10.275855,13.055049,13.268859,22.472166,23.621037,23.405169,22.871082,22.744358,23.135588,22.29944,23.836409,22.965887,22.032682,22.852674,22.743181,22.510813,23.018124,23.056349,23.3202,23.19494,23.279696,22.320745,22.615328,22.651648,23.729994,23.26069,23.758585,23.95144,24.765062,24.599255,24.701544,24.610098,24.67479,24.557127,24.54108,24.53107,24.625227,24.639166,24.587782,24.595804,24.54027,24.650267,24.757196,24.634806,24.559301,24.60543,24.645815
24.200212,24.248718,24.15332,24.21275,24.118275,24.211174,24.132645,24.261854,24.212711,24.223936,24.165216,24.186577,24.235909,24.126022,24.156261,24.151987,24.14877,24.203575,24.339462,24.153044,24.278557,22.230318,22.515694,22.621315,21.942617,22.182686,23.33741,21.756683,23.461994,22.112268,23.342447,22.830893,22.842636,22.243547,23.258316,23.094135,23.26516,23.840347,23.331772,22.302986,22.568258,22.61085,22.854431,24.408028,24.044296,23.857143,24.325663,14.318163,8.98764,14.094803,10.815917,8.200977,9.697466,7.384635,9.789821,8.191178,9.996551,8.002676,5.1242566,6.8258185,2.3084462,7.3231,3.655611,0.8116388,3.773682,2.236453,6.374643,2.071193,4.6301246,4.3886685,2.5149279,5.409844,3.4106004,6.752191,5.5166435,4.073015,8.526456,7.7419987,10.155985,9.231606,10.721035,11.232464,13.594769,14.411881,22.877085,23.904415,24.327532,23.492609,23.308422,23.983097,22.653973,24.441479,23.280499,22.449762,22.99714,22.752777,22.69059,22.689938,22.658073,23.056372,22.63166,24.066624,22.814842,22.149704,23.627705,23.837189,23.241917,23.623428,23.67308,24.395206,24.235107,24.31845,24.14005,24.310177,24.138027,24.155329,24.074863,24.210165,24.260168,24.154964,24.257471,24.120401,24.251083,24.268719,24.225363,24.078156,24.135704,24.233244
20.732298,20.83292,20.641136,20.735083,20.68831,20.703886,20.67954,20.712172,20.69398,20.831724,20.721579,20.711424,20.806688,20.696718,20.661375,20.679554,20.701185,20.694586,20.84133,20.60695,20.672762,18.089588,18.392094,18.454042,17.736376,17.94256,19.44945,16.898516,19.252062,17.43681,18.867735,18.357357,18.809465,17.771036,18.792246,18.976732,18.71667,19.1919,18.94991,17.786484,18.43214,17.85657,18.277044,20.18802,19.408491,19.13391,19.665285,10.731211,5.7441573,10.937248,8.090845,6.9005084,7.5009246,5.2119594,8.139413,7.04429,8.275431,7.116903,5.2990203,4.9411645,2.2635717,6.898189,3.6900353,3.0971103,3.2844658,2.662624,4.7506747,1.7461936,3.3086762,2.5110488,2.1147246,2.7149642,2.171434,5.038283,3.9224923,3.1446939,5.4043717,4.6679063,6.437698,5.61861,6.8588614,6.628452,9.394051,9.801675,18.02162,19.195034,19.510204,18.962118,18.828573,19.51225,18.680302,19.838911,18.532646,18.055906,18.541267,17.997372,18.703356,18.6915,19.306852,19.25107,19.18603,19.101404,18.2049,18.715122,19.232489,19.93123,19.335043,19.864235,19.90397,20.882195,20.737476,20.857246,20.730158,20.800701,20.630156,20.650887,20.604227,20.645195,20.736187,20.6783,20.708925,20.670874,20.725508,20.767736,20.684107,20.582802,20.73814,20.751623
22.798199,22.837393,22.772348,22.839586,22.711967,22.833448,22.769299,22.91256,22.846746,22.81627,22.786589,22.786272,22.864119,22.719877,22.771622,22.77358,22.780968,22.813978,22.926805,22.757572,22.84089,20.986042,21.595942,21.558462,20.964766,21.306442,22.373339,20.324911,22.66104,21.06455,22.235704,21.622133,21.80998,21.252712,21.91469,22.046011,22.163095,22.817934,22.302137,21.05797,21.540197,21.728266,21.928226,23.639215,23.0805,23.053675,23.015774,13.307743,8.282573,13.309222,9.922905,7.5677233,7.9670973,6.7794104,8.431413,6.895652,9.370229,6.372231,4.637069,5.4562716,2.0951405,7.338748,2.9936762,1.2586876,2.8097863,2.678403,5.623385,2.0105972,4.5917315,3.5388927,2.392651,3.96032,2.7453175,6.3039303,4.613399,3.5717783,6.643437,7.212082,8.542918,7.919278,9.575703,9.350672,11.633378,13.372783,21.699173,22.918901,23.022123,22.223803,22.185297,23.142323,21.74478,23.453365,22.320127,21.47127,21.870108,21.41308,21.579245,21.463152,21.97246,22.089758,21.50521,23.099077,21.79717,21.084919,22.76964,22.825308,22.0216,22.305143,22.354218,23.009804,22.906425,22.92746,22.755796,22.892052,22.740519,22.814457,22.69575,22.818052,22.89014,22.747805,22.886786,22.74562,22.845545,22.870537,22.871164,22.68677,22.724157,22.853395
24.491276,24.602638,24.470821,24.55747,24.45268,24.563465,24.466024,24.605753,24.53976,24.534542,24.507965,24.483757,24.600292,24.439156,24.490765,24.478706,24.50874,24.506693,24.644596,24.490812,24.564941,22.040743,22.483425,22.130814,21.66315,22.324757,23.189793,21.192225,23.665901,21.71804,22.891659,22.413895,22.671413,22.0065,22.971008,22.87768,22.934677,23.618755,22.838024,21.545383,22.300278,22.099052,22.23788,24.241623,23.723671,23.570242,23.855007,13.848053,8.420838,14.180939,10.264855,7.759277,8.417191,7.0973544,8.408784,7.152955,9.785094,6.5069885,4.8389435,5.7795725,1.6911987,7.69847,2.900293,1.0190017,2.9936142,2.5622177,5.6778026,2.1631794,5.294147,3.8691127,2.969036,4.814386,3.4113395,7.719709,5.686764,4.179271,8.013773,8.10794,9.923103,9.010947,10.35723,10.360582,12.680236,14.197605,22.47356,23.724602,23.590775,22.773575,22.853569,23.828413,22.494053,24.109756,22.926855,21.950401,22.669237,22.154957,22.37096,22.337809,22.775066,22.894075,22.308006,23.857529,22.336065,21.829582,23.439083,23.686094,23.253136,23.418858,23.97823,24.699724,24.60912,24.681837,24.508387,24.60044,24.447165,24.523243,24.424007,24.52169,24.571709,24.46615,24.610954,24.433228,24.58234,24.585228,24.541647,24.430136,24.457157,24.566277
21.828608,21.998259,21.81953,21.855482,21.914598,21.873055,21.872177,21.888014,21.82317,21.945059,21.863848,21.847952,21.94663,21.807104,21.939228,21.842672,21.853792,21.925547,21.997448,21.833712,21.851439,20.76552,20.697836,19.99067,19.31132,20.316587,21.44423,18.656797,21.412088,19.7951,21.053186,20.58079,21.121302,20.007456,21.268045,21.14409,20.938696,21.93333,20.984194,19.697088,20.69143,20.106274,20.692465,22.522268,21.351698,21.667093,21.976076,12.370083,6.8712683,12.482245,9.413218,7.5308056,7.6072307,6.3176003,8.731119,7.7457137,8.4177265,7.3843627,6.123722,5.5660753,2.7025232,7.985809,4.1271405,2.9232285,2.866595,2.6673546,4.8570147,1.6714754,3.107481,2.4078212,2.3825758,3.1970737,1.8016896,5.12392,4.170878,2.7748096,5.1018906,5.8332906,7.88878,6.5478163,6.76274,7.5107727,10.864462,11.318357,20.10316,21.570532,21.138193,20.831537,20.251335,21.239374,20.462534,21.927578,20.89574,20.071579,20.654144,20.446672,20.167965,20.86772,21.739946,21.689787,21.339758,21.670904,20.742964,20.944754,21.249237,22.313414,22.024912,21.69017,21.631907,22.082598,21.914942,21.97418,21.906282,21.880445,21.800291,21.814556,21.811007,21.875254,21.91474,21.886322,21.887526,21.836168,21.930737,22.036749,21.90061,21.827723,21.888933,21.927269
27.646946,27.659866,27.547127,27.50835,27.575153,27.543488,27.50943,27.627949,27.560543,27.61267,27.538105,27.477978,27.569511,27.48434,27.548374,27.58302,27.544926,27.573463,27.62983,27.452011,27.507652,25.001694,25.819927,24.873062,24.335262,24.752369,26.179523,24.351112,25.682266,24.44315,24.85316,24.89124,24.947441,23.46595,24.727562,25.242165,24.965633,25.56614,24.857048,23.392715,24.785934,24.143986,24.052567,25.384624,24.810349,24.437305,25.326115,16.640913,11.617983,15.678372,13.284518,11.574558,12.474128,9.923181,12.064556,10.860605,14.201935,10.231413,9.521073,9.856935,6.7507052,12.319373,7.0637975,6.8041296,7.523333,3.6015472,5.8385043,1.7052838,5.0917196,2.0357358,0.9532206,2.3492038,1.8802077,7.4156528,4.7430477,5.9047117,8.779699,6.4521246,9.9653635,9.371301,12.275349,12.765667,14.657001,15.884659,24.2928,25.537567,25.655167,24.477028,25.706848,24.923256,24.26096,25.246193,25.367588,25.025887,25.202396,24.345657,24.519066,25.67004,26.10632,25.063969,25.5722,25.334652,23.801537,25.009289,25.377182,24.973385,25.277554,26.015179,26.701069,27.678734,27.643467,27.684551,27.42683,27.608128,27.419483,27.527912,27.343609,27.58995,27.641994,27.592777,27.483627,27.506565,27.556427,27.602272,27.68301,27.518028,27.562843,27.525345
22.526339,22.649939,22.576218,22.552172,22.546858,22.599916,22.52089,22.540579,22.549154,22.62895,22.545527,22.542276,22.689056,22.493269,22.54275,22.465322,22.491365,22.482641,22.716494,22.465809,22.515675,20.387472,20.072168,20.869429,19.385122,20.183283,20.345219,19.033978,21.041328,19.42438,19.983088,20.828648,20.300367,20.073103,20.895943,21.020775,21.082539,21.980488,20.696379,19.987566,20.483187,19.49209,20.369549,22.11103,21.15479,21.219074,21.653376,12.781332,7.2887363,12.692418,8.784918,7.749524,7.5580797,6.412175,8.36594,7.353977,9.270374,5.9985557,5.4320607,7.1329765,2.8150394,8.250962,4.1826563,2.9161065,3.8503788,3.5298152,6.202402,1.9829147,3.3298454,1.6537755,1.8860795,4.149515,1.5117878,5.9679985,3.676189,3.9237776,6.669604,6.0901046,8.262478,7.1346645,8.25387,7.556505,11.910379,13.461985,20.778185,21.48308,21.946764,20.637304,20.853352,21.529243,20.074438,22.402552,20.598835,19.348211,20.734154,20.652966,20.51538,20.479643,20.950167,21.191856,20.773521,22.119844,20.377497,20.407654,20.886866,21.162855,20.475975,21.173853,21.620054,22.6924,22.57462,22.585997,22.55725,22.561365,22.403479,22.463537,22.445154,22.599907,22.61059,22.411913,22.571835,22.577425,22.545412,22.594126,22.579758,22.448957,22.60444,22.53182
22.47882,22.717348,22.576479,22.546968,22.598963,22.610077,22.564154,22.53676,22.581429,22.629652,22.520918,22.541586,22.730366,22.497355,22.525152,22.441555,22.548304,22.494553,22.716734,22.455044,22.527761,19.393885,19.20222,20.316534,18.382866,19.856632,19.421125,18.185312,20.369413,18.174131,19.009344,19.790375,19.442549,18.984016,20.03482,20.003736,19.980633,20.937197,19.669073,18.968037,19.095726,18.306776,18.852537,21.103258,20.041498,20.09874,20.586287,11.902554,6.905481,12.046886,9.010103,7.687931,7.4652643,6.367738,7.775303,7.3359394,8.8587055,6.172037,5.216476,6.809881,2.5495858,8.601461,4.24769,2.8774188,3.7901611,3.445664,6.227825,2.0957725,3.7068279,1.9010493,1.7180781,4.488041,1.4785596,6.475559,3.8437192,3.4766686,6.488182,5.175782,7.783552,6.2526646,7.4052997,6.5817413,10.696636,12.308073,19.329393,20.40897,20.665693,19.517866,19.599741,20.35267,18.775314,21.26808,19.516983,18.162012,20.049618,19.60512,19.709982,19.925034,20.148752,20.816877,20.23508,21.08117,19.762611,19.80105,20.36463,20.639362,20.236372,20.899282,21.565416,22.73165,22.594822,22.669947,22.532484,22.567667,22.453001,22.483767,22.491041,22.590157,22.59733,22.408945,22.585722,22.574936,22.596083,22.632116,22.590975,22.497606,22.570532,22.583754
24.81293,24.92582,24.798422,24.755747,24.781038,24.759832,24.781046,24.819975,24.729094,24.89778,24.749493,24.763678,24.79503,24.644073,24.810972,24.76914,24.774836,24.70348,24.977463,24.59725,24.728975,21.283289,21.650915,21.536028,19.857141,21.440668,22.273516,20.13447,22.20027,20.318316,21.632948,21.207891,21.421492,20.360857,20.978357,21.425365,21.36211,22.160034,21.295286,19.945253,20.607672,20.1789,20.618536,22.027378,21.387987,21.36064,21.727436,13.453686,7.923398,12.755438,10.6584015,8.93601,10.243497,7.0991316,9.963834,8.618248,11.623208,8.707007,6.2224503,8.225805,3.7872517,9.873543,5.577445,4.7661695,5.642419,2.5403402,5.693016,1.7065941,4.73133,2.407423,1.3116276,4.1850348,1.250462,6.987029,4.621784,4.606857,8.415816,6.1612854,9.179232,7.4319344,9.72975,9.977727,11.732253,12.791025,20.203732,21.889414,22.013988,20.856688,21.386257,21.386608,20.294893,21.43092,21.040026,20.716099,21.415846,20.735214,20.137465,21.319782,21.285368,21.866198,21.873672,21.79197,20.030556,21.12829,21.81151,22.189436,21.711271,22.982956,23.521852,24.962301,24.829271,24.914179,24.747667,24.869501,24.70101,24.704046,24.61634,24.886133,24.838907,24.746916,24.790812,24.661165,24.807623,24.904474,24.953564,24.720835,24.823025,24.81841
21.749193,21.89771,21.78251,21.797842,21.715986,21.782883,21.759108,21.72272,21.761295,21.818209,21.737223,21.723364,21.883615,21.700249,21.806158,21.666054,21.794233,21.660349,21.951841,21.673807,21.74919,18.7698,19.01576,20.207628,17.490791,19.003523,19.393515,17.614113,20.250301,18.100847,19.028688,19.016495,19.193869,18.803717,19.498568,19.781284,19.892925,20.708582,19.75928,18.737503,19.318483,18.422184,19.135077,20.850803,20.152565,20.268488,20.386831,12.257691,6.7668285,11.457092,8.695264,7.5694227,8.169496,6.0900774,8.349944,7.6035843,9.808749,7.4507103,5.4696836,7.256628,3.4275026,8.539468,4.9022503,3.7923234,4.6566596,3.5536063,6.2250366,2.28438,4.1233883,2.4137797,1.3228452,3.7301273,1.1532946,5.4097033,3.6954508,3.4689045,6.464715,5.149967,7.28823,5.645254,8.022037,7.2445087,10.466694,11.93385,18.868166,20.26082,20.737328,19.343227,19.737432,20.068895,18.652845,20.446356,19.262865,18.56687,19.125757,18.85329,19.295906,18.940596,19.30966,20.17684,19.567963,20.375475,18.270288,19.328262,19.628351,19.952784,18.85412,20.034138,20.693407,21.960623,21.804407,21.8687,21.757105,21.809486,21.634157,21.661093,21.638508,21.812984,21.808958,21.681398,21.767298,21.735611,21.753004,21.80218,21.806818,21.666769,21.783741,21.749063
21.80816,22.028624,21.905333,21.913664,21.87573,21.9175,21.880276,21.882507,21.909044,21.953995,21.848011,21.845966,22.02173,21.827229,21.899654,21.750374,21.901276,21.776775,22.070292,21.768826,21.855179,18.388882,18.610207,19.606062,17.255764,18.709618,18.904243,17.32561,19.884853,17.111353,18.03688,18.33612,18.502354,18.29721,18.919537,19.008184,19.179081,19.999418,18.760094,17.803486,18.300941,17.355541,17.88724,20.077623,19.17113,19.286148,19.556541,11.90698,6.887754,11.388024,9.039405,7.7903895,8.2604475,6.4803653,7.9596305,7.4073586,9.508415,7.224643,5.3373375,7.0007977,3.1850603,8.825698,5.011883,3.7839894,4.541975,3.6543927,6.261104,2.0908456,4.036657,2.2738957,1.410199,3.9210463,1.1944195,5.8147507,3.872758,3.5196924,6.4655576,4.759197,7.349809,5.755636,7.665113,6.88664,10.290058,11.535796,18.149153,19.568813,19.911512,18.773666,18.920265,19.504894,17.911316,19.99076,18.645247,17.648869,18.81308,18.439621,18.738953,18.67874,18.858465,20.00361,19.300623,19.768194,17.99754,18.885254,19.373688,19.7137,18.890457,19.983803,20.787868,22.107477,21.91747,22.01647,21.842674,21.906437,21.802425,21.815975,21.772726,21.93018,21.924131,21.789097,21.90641,21.875538,21.896084,21.939545,21.932892,21.814747,21.898804,21.90278
21.839947,21.984692,21.854786,21.847773,21.83634,21.831028,21.87822,21.846485,21.82812,22.021442,21.798721,21.835741,21.937809,21.785524,21.804214,21.806004,21.867622,21.750484,22.050663,21.717756,21.825949,18.88199,18.325993,19.09677,17.474941,18.843681,19.675625,17.045536,19.619225,17.371426,19.22943,18.350828,18.952023,17.959044,18.672798,18.945492,18.821009,19.727175,18.674994,17.425325,18.406487,17.61668,18.498783,20.135197,19.42693,19.242989,19.461687,11.371942,6.251533,11.800187,9.023034,6.9724,8.212083,5.798775,8.115675,7.151363,8.768471,6.7054477,4.31498,5.6537147,2.0090258,7.9310308,4.201963,2.4197724,3.175654,2.1496284,4.840302,2.0303488,3.8574977,2.6914277,1.730164,4.1639686,2.176547,6.536589,4.916925,3.5526881,6.9104266,5.8408046,8.607776,6.972386,7.809098,7.7568383,9.942079,10.796252,17.716343,19.411303,19.117435,18.671135,18.38222,19.10232,18.0933,19.53098,18.772799,17.638044,18.671333,18.44891,18.138336,18.802616,18.84177,19.63871,19.327396,18.919754,17.934727,19.079845,19.475155,20.00384,19.589516,20.587872,20.776089,22.089827,21.912842,21.969662,21.914722,21.925142,21.84798,21.759289,21.795712,21.894894,21.891346,21.798332,21.850067,21.79386,21.91201,21.980371,21.937943,21.821533,21.865795,21.906837
20.508867,20.622168,20.509157,20.572962,20.464575,20.59921,20.494486,20.554018,20.558601,20.591368,20.480135,20.473295,20.607553,20.422976,20.549387,20.395935,20.60423,20.41722,20.680407,20.383677,20.523794,18.27057,18.818872,18.786497,17.6541,18.36181,19.869663,17.782228,19.660925,17.87153,19.11536,18.649553,18.83026,18.480083,19.07892,19.204058,19.194334,19.816992,19.106083,18.29053,18.788921,18.453342,18.78377,20.000998,19.328436,19.890863,19.731577,11.523369,6.497098,10.593825,8.766771,7.0773296,8.0567665,6.6340885,8.740987,7.8064995,9.188426,8.137192,5.7018633,7.128112,4.2303762,8.332823,5.183917,3.877216,4.764241,3.5841162,6.3285,2.6057312,4.3021517,2.9637167,1.266207,3.0312967,1.1482735,4.601386,3.1824772,2.8940957,5.4319525,4.833023,6.9249477,5.5880613,7.542593,7.329338,9.679581,11.24023,18.381048,19.849457,19.831743,19.126276,19.44815,19.783873,18.641996,19.941187,18.963636,18.578537,18.731834,17.656488,18.711922,18.266287,19.159758,19.875887,18.960829,20.302614,18.386908,18.63488,19.65919,20.249754,19.212202,19.760796,19.813627,20.685717,20.553852,20.652678,20.49101,20.603,20.430906,20.48181,20.38373,20.568262,20.565527,20.538876,20.484806,20.422903,20.478374,20.615412,20.570997,20.382257,20.511282,20.572126
20.781681,20.956568,20.897923,20.882689,20.853203,20.923754,20.83187,20.85888,20.899101,20.925653,20.803757,20.86944,20.99003,20.816298,20.866491,20.768015,20.867563,20.767538,21.067015,20.767714,20.856928,17.877077,17.987684,18.744299,17.04119,17.96777,18.47543,16.869373,18.95667,16.905384,17.44392,18.075243,17.496119,17.797277,18.302235,18.68905,18.150549,18.847303,17.823254,16.932558,17.27791,16.606663,17.283712,18.91217,18.122358,18.556543,18.662252,11.166769,6.362996,11.136446,8.469795,7.042203,6.947261,6.3891087,7.565012,6.7773647,8.365438,6.1523743,5.062894,6.3763533,2.6658146,8.318167,4.3694525,2.9547174,3.5631156,3.4018626,5.7724476,2.0493617,3.719507,2.036276,1.6862307,4.096056,1.410262,6.066299,4.2858524,3.66662,6.0689683,5.3929415,7.665716,6.1687455,7.187298,6.3278856,10.393709,11.524172,17.56181,18.693647,19.10696,17.917822,18.042944,18.907763,17.353952,19.616283,17.642673,16.692978,18.005407,17.883657,18.155539,17.727867,18.594366,18.958635,17.950994,19.241514,17.652025,18.016106,18.467962,19.100183,18.565052,19.426031,19.83814,21.060474,20.883278,20.954893,20.854633,20.912369,20.794123,20.769129,20.780914,20.884398,20.923243,20.749226,20.875502,20.838196,20.851599,20.929735,20.865643,20.75768,20.910387,20.865244
20.786901,20.891985,20.742395,20.796541,20.730661,20.686625,20.73046,20.797531,20.729483,20.823666,20.739798,20.724165,20.743128,20.643978,20.760263,20.765684,20.745447,20.669209,20.910166,20.605976,20.699339,17.019136,16.6831,17.368614,16.039587,16.637064,18.056986,16.347597,17.621826,15.200676,17.526201,17.258408,17.475359,16.456926,18.064886,17.751463,17.735125,18.103817,17.944292,16.246943,16.843458,16.353397,16.929693,18.43613,17.82729,17.850275,17.828863,9.423885,4.796953,9.635559,7.6775684,6.868984,7.3806915,5.005376,8.115253,6.4962997,9.13563,6.6911163,4.7929497,5.448616,1.9903085,7.473139,4.2774215,3.4808524,3.3781784,2.3046386,5.9000854,1.5799071,3.8167946,2.5510395,2.2270753,3.4641697,1.847204,5.8695927,4.2939725,4.47053,5.9048653,4.5544515,7.250448,6.216202,7.8294506,6.916727,8.91835,8.137152,16.374823,17.58505,17.673674,17.38728,16.832773,18.057367,17.166075,18.17731,17.60315,16.16922,17.843086,16.968445,17.365192,17.569489,17.214,18.646341,17.48313,17.567265,16.69835,17.13663,19.46715,18.285624,17.749317,19.157185,19.68878,20.965132,20.825132,20.885817,20.774225,20.882887,20.67613,20.643991,20.635035,20.808924,20.751406,20.721937,20.746511,20.6505,20.795946,20.822012,20.80813,20.586535,20.77786,20.76775
21.242203,21.406116,21.252094,21.331558,21.241611,21.217274,21.26582,21.232677,21.271461,21.402351,21.195707,21.23313,21.341179,21.206219,21.218357,21.198608,21.281067,21.165619,21.444786,21.147625,21.217823,17.288342,17.045605,17.475382,16.063923,17.089037,18.277145,16.003998,18.094894,16.152468,17.488743,16.916534,17.283024,16.521278,17.389254,17.703081,17.56813,18.020138,17.304491,16.201931,16.776642,16.13734,16.787483,18.286198,17.756012,17.719967,17.985077,10.2753105,5.396067,10.531477,8.406719,6.6442437,8.114571,5.5953045,7.7076364,6.7858157,8.10018,6.8739057,4.5453663,5.257975,1.8751816,7.4961905,4.501825,3.0466902,3.2821405,1.906081,4.8331027,1.894318,3.5123582,2.8509328,2.0900178,3.8654697,1.9446115,6.2126575,5.273874,3.9356792,6.3718987,5.2985735,7.471405,5.996181,6.926434,6.8069434,9.159505,8.953497,16.21731,17.83167,17.563766,17.188335,16.997593,17.681288,16.878096,17.990389,16.870752,16.147306,17.190737,16.944872,16.932907,16.97133,17.361275,18.018074,17.59824,17.260965,16.373016,17.082787,18.038355,18.575197,18.213259,19.457117,20.054962,21.492214,21.29871,21.405924,21.303535,21.344082,21.238523,21.138245,21.206312,21.296726,21.26963,21.217028,21.24998,21.150326,21.29906,21.37264,21.331009,21.132683,21.268387,21.292023
21.11526,21.138502,21.078733,21.13729,21.000223,21.109371,21.075441,21.135054,21.092905,21.121622,21.065222,21.066381,21.191357,21.023912,21.123924,21.031557,21.128061,21.035025,21.264977,21.020689,21.120306,17.903313,18.672335,18.881714,17.68064,18.528769,19.516409,17.7697,20.130335,18.180975,18.969254,18.644838,18.927778,18.037607,18.805075,19.291975,19.275282,19.70601,19.141333,17.97703,18.837,18.50857,18.528059,20.317602,19.834408,19.918024,19.775465,11.906389,6.94478,11.917421,8.881192,6.9921613,8.387962,6.697766,7.9321094,6.5999546,9.356428,6.6315255,4.2858777,5.653756,1.909611,7.839873,3.3183925,2.102246,3.7435243,2.1708887,5.468669,1.76918,4.337435,3.1428072,2.0972688,3.8114889,2.1840994,6.383285,4.4310617,3.7347486,7.181357,6.2237964,7.5520473,6.2979836,8.514212,8.467882,10.240222,11.404221,18.021252,19.944876,19.808435,18.85207,19.118067,19.52648,18.08589,19.617212,18.259315,17.861032,18.069311,17.873674,18.159586,17.899199,18.170713,18.784384,18.16982,19.574389,17.866362,17.832281,19.208048,19.70017,18.566927,19.590805,20.179304,21.278292,21.131996,21.245262,21.055632,21.229721,21.034454,21.044304,20.994686,21.111322,21.156559,21.070074,21.181866,20.9984,21.107674,21.135351,21.10459,20.95965,21.017836,21.113485
23.148787,23.32052,23.158422,23.241388,23.186518,23.183382,23.181574,23.183897,23.176498,23.288452,23.13661,23.112185,23.323597,23.2047,23.138395,23.109621,23.212215,23.114214,23.305227,23.073723,23.102983,19.942835,19.760263,19.983541,19.268806,19.876196,20.781145,18.486113,21.02564,18.75249,19.883968,19.289164,20.053545,19.012102,20.060751,20.186241,20.17063,20.768604,19.909628,18.773495,19.354025,18.64317,19.118177,20.8773,19.924437,20.051645,20.607038,12.200184,7.283389,12.5317335,9.554613,8.046617,9.194324,7.030239,9.235295,7.931715,10.246652,7.9994583,5.982416,6.426544,2.4654346,8.957138,4.3603992,3.5466228,3.6956022,1.8703061,5.1451616,1.6047878,4.0754514,2.3886948,2.1170256,3.6824188,1.6338825,6.9032373,4.934638,4.091725,6.9757366,5.690426,9.069193,6.6903143,8.211477,8.302612,10.830546,10.78081,18.877787,20.520992,20.157768,19.673159,19.630548,20.316486,19.610376,20.811888,19.967093,18.944294,19.819645,19.497421,19.685942,19.720772,20.285748,20.633608,20.743492,19.98355,19.076496,19.692606,20.728258,21.176077,20.833235,21.600859,22.320337,23.344332,23.207289,23.309565,23.185663,23.198147,23.102243,23.082876,23.097763,23.191916,23.16361,23.12573,23.172945,23.103243,23.267221,23.248362,23.237665,23.125261,23.167067,23.223145
19.271374,19.40644,19.273952,19.321117,19.261366,19.234722,19.193665,19.31939,19.290527,19.338537,19.275822,19.229416,19.34734,19.201988,19.25623,19.239746,19.26373,19.219208,19.401615,19.164906,19.161774,15.336997,15.472337,16.094831,14.857686,15.089532,16.389381,15.006051,16.482515,14.099483,15.97067,15.519649,15.609717,14.930318,16.728994,16.512247,16.610546,16.577827,16.377724,14.950496,15.718329,15.342624,15.3931265,17.024282,16.49707,16.396278,16.336779,8.401103,4.2800136,8.278247,6.253452,5.853555,6.1955667,4.029387,6.9391437,5.8028007,8.559802,6.153602,4.7803664,4.5359035,1.8319772,6.984155,4.0425525,3.847751,3.6977727,2.4771793,5.8388457,2.1946363,4.29199,2.6875017,2.2641435,3.0367856,1.5032048,5.551723,4.215342,4.4197493,5.595033,4.37804,6.6316333,5.501142,7.5537696,6.0091443,7.934999,6.987428,15.367259,16.285814,16.395697,16.375652,16.067583,16.527348,15.836261,17.33208,16.555426,15.147279,16.27992,15.730451,16.391668,16.242292,16.495789,17.152306,16.661411,16.786581,15.674659,15.849631,18.476692,16.901262,16.613758,17.733852,18.37105,19.419018,19.37732,19.369217,19.270927,19.365456,19.14822,19.172638,19.092781,19.281502,19.270727,19.2179,19.259476,19.202377,19.288658,19.237938,19.315733,19.078087,19.251926,19.290535
20.605843,20.817345,20.714382,20.727894,20.668747,20.717075,20.666098,20.691446,20.74088,20.740255,20.643711,20.688274,20.822708,20.628025,20.719555,20.565365,20.685472,20.588291,20.874247,20.600636,20.68903,17.93926,18.00852,18.691141,16.923098,17.700745,17.984728,16.55303,19.070871,17.036736,17.263908,17.987123,17.710213,17.636507,18.347855,18.426815,18.475636,19.07628,18.061588,17.169132,17.685558,16.746738,17.254421,18.863586,18.352196,18.639973,18.840761,11.184141,6.454755,11.06914,8.567069,7.3047028,7.5689945,6.7406015,7.8908224,7.286268,8.863695,6.775158,5.340467,6.3609886,2.6001208,7.778796,4.3168154,3.0522184,3.5860705,3.5197103,5.679592,1.8433944,3.4957318,2.0586262,2.0232935,3.8696167,1.341665,5.708375,3.8722255,3.894815,5.8116684,5.1625323,6.8228264,5.7277184,7.09196,6.315445,10.186988,11.124863,17.688183,18.93465,19.161922,18.126947,18.135427,18.900028,17.389355,19.6683,17.550974,16.726543,17.815992,17.871529,18.057745,17.639845,18.24934,18.749203,18.124973,19.480988,17.548527,17.700523,18.781153,19.21383,18.323626,19.103073,19.780828,20.86384,20.668526,20.78062,20.657331,20.736202,20.573496,20.584957,20.544334,20.698494,20.72118,20.592876,20.702213,20.695951,20.662825,20.766872,20.696829,20.540167,20.713848,20.66579
19.769487,19.882622,19.745459,19.800081,19.745592,19.71113,19.71419,19.79196,19.751265,19.811502,19.739729,19.738052,19.770792,19.633772,19.744925,19.743637,19.726713,19.640522,19.904528,19.585571,19.68244,16.173948,16.087906,16.632875,15.359342,15.837485,17.097876,15.459132,17.04764,14.676061,16.894876,16.644838,16.642431,15.891778,17.315708,16.890812,17.187525,17.400509,17.23253,15.5738325,16.319912,15.763045,16.096636,17.56252,17.112188,17.099514,17.183596,8.965969,4.704409,8.932681,7.3611116,6.343423,7.22874,4.9547853,7.8867755,6.6847906,9.072257,7.231292,4.9539323,5.583038,2.3399272,7.0399117,4.6004496,3.5335624,3.6507037,2.5120459,5.8667836,1.854861,3.848381,2.537049,1.9439145,3.3590596,1.5008289,5.0897875,4.0068064,4.2615476,5.625709,4.353112,6.5341783,5.6368136,7.365026,6.274345,8.387136,7.7329116,15.966237,16.866003,17.238157,16.946527,16.46118,17.27603,16.368639,17.744387,17.016138,15.60291,16.954622,16.206194,16.700525,16.544222,16.79029,17.79463,17.039755,17.326626,16.057579,16.428427,18.636713,17.685812,17.089525,18.280882,18.73503,19.910027,19.801008,19.85977,19.761843,19.85679,19.673323,19.623522,19.606718,19.803946,19.767397,19.732908,19.718943,19.686314,19.774767,19.827316,19.821371,19.549658,19.776638,19.772173
20.949453,21.082064,20.91766,20.993927,20.908651,20.886656,20.919613,20.916243,20.958042,21.047855,20.864958,20.921124,20.988003,20.887459,20.905643,20.926308,20.918398,20.872057,21.100863,20.8167,20.89715,17.57618,17.174616,17.634491,16.888636,17.267292,18.713789,16.105099,18.358,16.640226,17.84942,17.387524,17.611305,16.737062,17.658691,17.949795,17.938929,18.081312,17.591263,16.818789,17.296354,16.43169,17.082952,18.37747,17.914175,17.874462,18.318993,10.486497,6.1102757,10.640991,8.459266,6.6681952,8.468941,5.2885275,8.04749,7.018783,7.542668,6.8583407,4.1515727,5.6749487,1.6145251,6.4621305,4.3682528,2.4538047,3.7095509,1.7084439,5.0502076,2.0234714,3.2550259,3.3684196,2.2863367,4.742262,2.2007384,6.2091384,5.576815,4.035952,6.9806476,5.643136,7.9872804,6.374256,7.1888385,7.4467406,9.383723,9.33368,16.623184,17.785969,17.970535,17.593908,17.43337,17.84619,17.14811,18.408833,17.145576,16.529823,17.341635,17.459646,17.166094,17.192305,17.720629,18.000078,18.110128,17.432707,16.707285,17.430021,18.110163,18.908745,18.304007,19.525948,19.910578,21.116028,20.959257,21.045517,20.97458,21.023659,20.889776,20.778353,20.852192,20.953953,20.969097,20.911846,20.878569,20.876131,20.982529,21.03756,20.978434,20.813765,20.93044,20.95412
20.931381,21.057373,20.93578,20.973118,20.868576,20.979612,20.890684,20.999628,20.958,20.977955,20.913977,20.978634,20.985922,20.879303,20.953112,20.912447,20.974257,20.951937,21.055866,20.870008,20.964716,18.800724,19.434818,19.484901,18.982792,19.078484,20.195019,18.391586,20.445152,18.791887,20.002918,19.279175,19.693132,18.944136,19.909424,19.686123,20.130285,20.360376,19.841503,18.721447,19.286419,19.070002,19.37332,20.351347,20.258722,20.523863,20.50929,12.189203,7.90917,12.165794,9.652782,7.6134796,9.050848,6.6544585,8.659719,7.39855,9.272287,7.370531,4.7047753,6.410134,2.00317,7.0408688,4.0041695,1.9123173,4.2583795,2.0557451,5.7286143,1.5049309,4.637946,3.6251097,2.0230517,5.056953,2.2128558,6.8225937,5.2076793,3.8329105,7.7083645,6.4995265,8.45528,6.638847,9.10305,9.089209,10.877762,11.377968,18.793316,20.206083,20.374437,19.822514,19.743227,20.374224,18.969408,20.560059,19.175957,18.680847,18.884916,19.104853,19.256945,18.858206,19.213158,19.678255,19.51343,20.197958,18.991142,18.595089,20.371107,20.575994,19.49074,20.350874,20.32015,21.167713,20.987267,21.09024,20.92567,21.068695,20.89577,20.826344,20.790668,20.9856,21.014103,20.949905,20.946747,20.894669,20.98723,21.031971,20.98498,20.819798,20.88447,20.964413
23.120525,23.208822,23.085659,23.158152,23.044487,23.183048,23.09279,23.1478,23.131207,23.136806,23.093369,23.073067,23.211128,23.07135,23.137455,23.086153,23.145088,23.082214,23.23561,23.06944,23.166655,20.547823,21.084368,20.982828,20.540417,21.065401,22.087374,20.154858,22.761002,20.820927,21.930197,21.426868,22.02863,20.674767,21.714987,21.775917,22.12629,22.564062,22.039139,20.756365,21.847301,21.146915,21.487675,23.116802,22.678467,22.589834,22.8439,13.569178,8.362467,13.826675,10.098738,7.8964424,9.521709,7.8717117,9.009422,7.726225,9.905846,6.947808,4.905887,6.4793925,1.885326,7.7548604,3.3812737,1.6716983,3.8910875,2.1911094,5.4923944,1.6736616,4.471264,2.934417,2.3914726,4.677821,2.4103806,7.0621204,4.872224,3.7259653,7.9233136,7.0145493,8.850643,6.9347806,9.189819,9.328842,11.65354,13.0795555,20.680847,22.325024,22.063433,21.518599,21.698503,22.194172,20.795765,22.395416,21.144459,20.20856,20.787834,20.791697,20.839062,20.617931,20.915003,21.426693,21.180433,22.27507,20.684225,20.42449,21.950733,22.399406,21.316906,21.956772,22.433538,23.30178,23.173714,23.296892,23.109318,23.232382,23.03733,23.06232,23.023664,23.148407,23.205051,23.08979,23.15377,23.027578,23.145477,23.21184,23.110464,22.992014,23.050488,23.157581
