0,1,2,3,4,5,6,7,8,9,10,11,12,13,14,15,16,17,18,19,20,21,22,23,24,25,26,27,28,29,30,31,32,33,34,35,36,37,38,39,40,41,42,43,44,45,46,47,48,49,50,51,52,53,54,55,56,57,58,59,60,61,62,63,64,65,66,67,68,69,70,71,72,73,74,75,76,77,78,79,80,81,82,83,84,85,86,87,88,89,90,91,92,93,94,95,96,97,98,99,100,101,102,103,104,105,106,107,108,109,110,111,112,113,114,115,116,117,118,119,120,121,122,123,124,125,126,127
2.1723606e-06,2.3151183e-06,2.3280172e-06,2.1180188e-06,2.3140717e-06,2.2473332e-06,2.3570362e-06,2.2049337e-06,2.2514905e-06,2.1599492e-06,2.511245e-06,2.1962915e-06,2.287047e-06,2.3486311e-06,2.1938004e-06,2.2563786e-06,2.1669684e-06,2.163124e-06,2.1787425e-06,2.2927509e-06,2.3855894e-06,3.871778e-07,7.5386293e-07,3.599826e-07,3.402025e-07,4.7942575e-07,5.1730433e-07,3.9650843e-07,3.4267592e-07,2.4724613e-07,2.1913277e-07,4.0379862e-07,3.073749e-07,1.4990832e-07,3.3449786e-07,2.477536e-07,1.0970854e-07,1.7656308e-07,2.0762157e-07,1.7113864e-07,2.2315578e-07,8.88723e-08,1.3369436e-07,2.2082618e-07,1.6376138e-07,1.4323899e-07,1.8446002e-07,0.00021423578,0.0025512478,0.00033927182,0.0024802245,0.0029288386,0.007235822,0.012683165,0.006416981,0.01978223,0.0016788008,0.01344406,0.022652404,0.016195955,0.041290782,0.012409192,0.043511845,0.057436183,0.08275512,0.057238348,0.00811968,0.09516748,0.020233883,0.07912334,0.11639643,0.06523472,0.053683553,0.029877372,0.06955998,0.017368399,0.006217126,0.023283947,0.004386589,0.005636995,0.00076045236,0.0011776275,0.00026727348,0.00015094373,3.8121004e-07,4.6678068e-07,3.1686054e-07,3.023505e-07,2.7606984e-07,2.912733e-07,6.873747e-07,3.5562925e-07,1.6854709e-07,4.7264163e-07,4.1866778e-07,5.1879044e-07,3.5961068e-07,4.7020575e-07,2.4096562e-07,5.076452e-07,2.394724e-07,3.6163223e-07,3.1381003e-07,3.9247993e-07,2.5576884e-07,4.2856269e-07,7.7898676e-07,1.1196973e-06,1.5338261e-06,2.261575e-06,2.2368047e-06,2.1956507e-06,2.195768e-06,2.2502843e-06,2.3439277e-06,2.2376794e-06,2.4460733e-06,2.1788717e-06,2.2167114e-06,2.3521952e-06,2.2742145e-06,2.3122984e-06,2.128812e-06,2.2880151e-06,2.2685608e-06,2.342913e-06,2.2364209e-06,2.3402554e-06
1.7639351e-10,1.857672e-10,1.7997584e-10,1.986812e-10,1.7475861e-10,1.6943419e-10,1.7935524e-10,1.7394985e-10,1.8266612e-10,1.6669413e-10,1.9078432e-10,1.7432317e-10,1.8507576e-10,1.8057104e-10,1.9281983e-10,1.8121556e-10,1.8203518e-10,1.6845846e-10,1.7436871e-10,1.9413726e-10,1.7947502e-10,2.5494828e-10,5.857034e-10,8.259647e-10,3.053037e-10,3.5198938e-10,5.7203076e-10,6.313859e-10,4.0981832e-10,4.674179e-10,7.338187e-10,9.470743e-10,4.901301e-10,6.5460426e-10,7.0357503e-10,1.0930218e-09,7.4677214e-10,9.620656e-10,1.34087e-09,5.8643773e-10,1.4713605e-09,1.0543757e-09,8.4404206e-10,1.220301e-09,5.100728e-10,7.954246e-10,9.083601e-10,9.949948e-07,0.00012524326,4.4104586e-06,0.00028776898,9.824191e-06,0.00023450592,0.0004254408,0.0005333079,0.0015487742,1.7275022e-05,0.0055444264,0.0025944237,0.009309916,0.061903685,0.0026588833,0.14285311,0.0042484826,0.17242979,0.08338474,0.030356586,0.29064983,0.0013819374,0.06933499,0.030154435,0.03345314,0.04232673,0.0018901674,0.010457984,0.00035011678,0.00093649427,0.0001980034,9.018404e-05,0.0002631445,1.0115494e-05,1.6652359e-05,6.688701e-06,7.8147095e-06,1.6906627e-09,7.8740175e-10,4.9404963e-10,1.3287259e-09,1.1535168e-09,1.1379663e-09,1.2165663e-09,5.0782073e-10,2.5965108e-10,1.0451653e-09,8.7489205e-10,1.1526328e-09,7.22923e-10,5.0561716e-10,7.257815e-10,4.823731e-10,5.6208166e-10,4.131657e-10,5.399726e-10,4.0297785e-10,2.4577226e-10,3.9594406e-10,3.2705488e-10,4.742736e-10,2.0871313e-10,1.8097066e-10,1.7071033e-10,1.6141057e-10,1.8722596e-10,1.9502946e-10,1.8548889e-10,1.8447911e-10,1.8386331e-10,1.6800217e-10,1.7454309e-10,1.9055958e-10,1.878867e-10,1.7127913e-10,1.8621808e-10,1.8216684e-10,1.5995665e-10,1.8783439e-10,1.8903482e-10,1.7902235e-10
3.8939715e-12,3.6373912e-12,3.7220305e-12,3.83143e-12,3.662425e-12,3.5473683e-12,3.951884e-12,3.4376042e-12,3.8290486e-12,3.6868295e-12,3.673689e-12,3.6515994e-12,3.923981e-12,3.6671152e-12,4.1630653e-12,3.810623e-12,3.8857507e-12,3.5587334e-12,3.971084e-12,3.7523817e-12,3.8886056e-12,1.780762e-11,1.3337343e-11,3.495226e-11,1.3508002e-11,4.0045835e-11,3.9884995e-11,3.2569017e-11,3.188685e-11,5.099267e-11,4.432509e-11,4.5148402e-11,5.958918e-11,6.885832e-11,3.851229e-11,9.460051e-11,1.1901101e-10,1.7856266e-10,6.178027e-11,7.49992e-11,6.59572e-11,1.2292803e-10,1.3880981e-10,6.998165e-11,1.0179512e-10,8.280228e-11,5.7015264e-11,2.2060412e-07,1.8573133e-05,1.1564641e-06,1.2303553e-05,1.0318147e-06,9.677656e-06,3.3355114e-05,8.769861e-05,0.00012040529,6.3219454e-06,0.000326596,0.00022848757,0.00067579775,0.015800836,0.0011179307,0.09336128,0.005101883,0.20303404,0.29365274,0.16523781,0.13678473,0.0020541097,0.052123416,0.004239558,0.008859275,0.011458112,0.0015562385,0.0033408268,0.00016164946,0.00034506203,0.0001241537,3.6530095e-05,7.6641554e-05,8.705319e-06,1.5107119e-06,5.458255e-07,8.659806e-07,2.0668248e-10,1.1338687e-10,3.5823122e-11,1.2475579e-10,9.129696e-11,2.0603658e-10,1.7970041e-10,4.9892816e-11,3.470593e-11,8.580123e-11,4.0004455e-11,5.1083787e-11,8.359922e-11,3.3163024e-11,3.355605e-11,1.0052325e-10,3.8100217e-11,7.792126e-11,1.05910364e-10,3.031704e-11,3.373709e-11,3.2544117e-11,1.8073806e-11,1.1978251e-11,6.735871e-12,3.89242e-12,3.5253122e-12,3.2830706e-12,4.0182614e-12,4.125857e-12,3.9374836e-12,3.9270505e-12,3.8581894e-12,3.6151748e-12,3.6420008e-12,3.7876737e-12,3.9411955e-12,3.695595e-12,3.748433e-12,3.666269e-12,3.5577017e-12,4.010727e-12,3.705292e-12,3.9118227e-12
8.1561875e-12,8.4972845e-12,8.292058e-12,8.122777e-12,8.5706294e-12,7.867717e-12,8.028114e-12,7.806445e-12,8.327355e-12,8.4318654e-12,8.197641e-12,8.244998e-12,8.371596e-12,8.513019e-12,8.693186e-12,8.044131e-12,8.605306e-12,7.929198e-12,8.033291e-12,8.841172e-12,8.369903e-12,2.0777245e-11,1.7645293e-11,2.7391143e-11,1.495721e-11,2.4810536e-11,3.4532984e-11,2.1439196e-11,1.637426e-11,2.0797504e-11,1.4794407e-11,3.3095592e-11,3.1584253e-11,4.2998227e-11,2.134299e-11,3.4312903e-11,3.198491e-11,2.4237836e-11,2.5966625e-11,3.0034263e-11,4.919373e-11,3.1613965e-11,4.0359365e-11,2.9946975e-11,2.2338567e-11,2.3410794e-11,1.9818296e-11,1.5618335e-07,9.855839e-06,1.9597591e-07,1.7099423e-05,1.8667325e-06,2.7472537e-05,7.651931e-06,3.254505e-05,0.0002454772,7.4710756e-06,0.00032328605,0.00019199985,0.0008165046,0.0029797237,0.0005373119,0.0776382,0.0065365545,0.08040176,0.01565379,0.031284228,0.48576084,0.025157213,0.17482379,0.008004849,0.039064396,0.014915229,0.0056455075,0.027702972,0.00042812616,0.0014454033,0.0001075424,0.000111530426,0.00011155095,5.0527674e-06,2.3574855e-06,1.5218987e-07,3.3854147e-07,3.0899006e-11,2.7549324e-11,1.4948853e-11,3.1116474e-11,2.6965093e-11,1.7779347e-11,4.1489482e-11,2.1522737e-11,1.5700306e-11,3.78449e-11,1.5608789e-11,1.9369584e-11,2.2237476e-11,1.457257e-11,2.7728457e-11,2.1881276e-11,1.9923585e-11,2.2928845e-11,2.927469e-11,3.4059776e-11,3.070197e-11,1.9607219e-11,3.0001748e-11,1.8811175e-11,1.2334599e-11,8.481659e-12,8.2338554e-12,8.041876e-12,8.748709e-12,8.532722e-12,8.521369e-12,8.492829e-12,8.705663e-12,8.089566e-12,8.215031e-12,8.725045e-12,8.70402e-12,7.8498345e-12,9.194066e-12,7.99468e-12,7.852816e-12,8.439299e-12,8.465998e-12,8.027256e-12
7.354998e-12,7.924847e-12,7.697451e-12,7.105251e-12,7.5537545e-12,7.119875e-12,7.0999946e-12,6.8011707e-12,7.2519148e-12,7.608093e-12,7.613057e-12,7.206166e-12,7.345604e-12,7.703151e-12,7.61939e-12,7.1592302e-12,7.840293e-12,6.91439e-12,7.0696986e-12,8.1542e-12,7.534013e-12,1.0184754e-11,1.3581323e-11,1.3391182e-11,1.0439253e-11,1.2980962e-11,2.068039e-11,1.6432963e-11,9.366722e-12,1.4492139e-11,9.189197e-12,1.9562777e-11,1.4636537e-11,2.5663338e-11,2.004412e-11,1.5228185e-11,2.0807711e-11,1.2496247e-11,1.30370385e-11,1.9704028e-11,4.0741854e-11,1.818769e-11,2.537819e-11,1.7428524e-11,1.4848267e-11,1.38540525e-11,1.4494518e-11,7.224849e-08,5.985123e-06,2.0437567e-07,8.2725e-06,1.8467739e-06,3.3987868e-05,3.106679e-06,4.00802e-05,0.00022598317,6.125216e-06,0.00026342188,0.00013105672,0.0008279509,0.0013967049,0.0003265327,0.054998767,0.007633198,0.17987695,0.009318487,0.04584013,0.4781471,0.021950012,0.1133757,0.0072642732,0.035265453,0.009236932,0.006159995,0.024425253,0.0006350829,0.0022059518,7.096459e-05,0.00019228004,0.00012368055,4.894941e-06,2.865453e-06,2.5028837e-07,4.7617027e-07,2.9397693e-11,2.010868e-11,1.4681553e-11,2.6738022e-11,2.5264983e-11,1.1682358e-11,2.5595387e-11,2.028581e-11,9.753606e-12,3.3539553e-11,1.456691e-11,1.0797452e-11,1.8350346e-11,1.2361832e-11,2.370765e-11,1.9136522e-11,2.432705e-11,1.7009148e-11,1.5447945e-11,3.042358e-11,1.2650255e-11,1.193415e-11,2.2832933e-11,1.5539674e-11,1.01085425e-11,7.534961e-12,7.297231e-12,6.9427237e-12,7.882005e-12,7.666478e-12,7.1916388e-12,7.463046e-12,7.604147e-12,7.440248e-12,7.137143e-12,7.54975e-12,7.342438e-12,6.8817348e-12,8.074926e-12,6.9335392e-12,6.8119984e-12,7.42389e-12,7.797105e-12,6.7208834e-12
1.8553401e-09,1.8094356e-09,2.0258188e-09,1.7011277e-09,2.1045663e-09,1.8457256e-09,1.9998587e-09,1.5281857e-09,1.897173e-09,1.7816175e-09,1.9503636e-09,1.7763989e-09,1.9760922e-09,1.96775e-09,1.8363708e-09,1.9897075e-09,1.77434e-09,1.8454546e-09,1.7285297e-09,2.02687e-09,2.1615751e-09,3.1096359e-09,1.5259893e-09,3.443005e-09,1.3561098e-09,4.7595416e-09,1.1119516e-09,2.69473e-09,1.388984e-09,2.8526261e-09,1.4807419e-09,3.248618e-09,2.3025784e-09,3.956176e-09,4.243734e-09,4.4857056e-09,1.8519531e-09,2.6235252e-09,2.0059174e-09,2.3205227e-09,4.985037e-09,2.6560913e-09,4.2019157e-09,2.0067707e-09,2.533421e-09,2.5580826e-09,2.7498503e-09,1.8314426e-05,0.0009619076,0.00016120038,0.00088683394,0.0008013695,0.0023509127,0.0015561866,0.004228742,0.006307481,0.0010280686,0.006619797,0.015039393,0.007665928,0.0078953365,0.01137552,0.042100493,0.085485004,0.14001013,0.049215768,0.01596614,0.1709761,0.029990578,0.088158056,0.06190255,0.050064184,0.02355937,0.06949212,0.06902107,0.011513124,0.011981121,0.0036655255,0.0053210543,0.0038945037,0.0004902646,0.00015703547,9.470609e-05,4.395649e-05,5.666182e-09,7.874461e-09,4.145562e-09,2.8326954e-09,5.4589133e-09,4.56595e-09,6.467947e-09,6.1102305e-09,3.0878737e-09,1.1493344e-08,5.080043e-09,4.268412e-09,7.0425643e-09,7.1565256e-09,5.48192e-09,5.105162e-09,5.464132e-09,7.633907e-09,8.24994e-09,3.10061e-09,1.799163e-09,2.111438e-09,6.2599166e-09,2.5899647e-09,2.184537e-09,1.9419633e-09,1.8061566e-09,1.8531615e-09,2.0423696e-09,2.0057644e-09,1.8024742e-09,1.900962e-09,1.9572428e-09,1.7754502e-09,1.7887202e-09,1.887259e-09,1.8480928e-09,1.7914755e-09,1.9814628e-09,1.7979623e-09,1.6015461e-09,2.0103756e-09,1.882639e-09,1.7336108e-09
1.0046338e-11,1.041264e-11,1.0041777e-11,9.533949e-12,9.833212e-12,9.529658e-12,1.0220789e-11,9.3097205e-12,1.0094741e-11,1.0150269e-11,9.775615e-12,9.789684e-12,1.0304765e-11,1.0004612e-11,1.0430491e-11,9.400794e-12,1.0672589e-11,9.440937e-12,1.0231985e-11,1.07255645e-11,1.01008655e-11,5.2413622e-11,5.650297e-11,4.9348796e-11,2.0952825e-11,4.919486e-11,6.134907e-11,5.4541895e-11,4.521906e-11,5.6755715e-11,3.6667315e-11,6.349892e-11,5.605e-11,1.1258776e-10,9.430612e-11,8.6589354e-11,9.8111665e-11,7.450303e-11,9.7038384e-11,7.7391725e-11,1.13768335e-10,1.1008606e-10,1.0852331e-10,8.977015e-11,8.0752655e-11,9.237629e-11,9.973884e-11,1.476302e-07,2.291714e-06,6.007075e-07,2.2030472e-05,1.0821556e-06,5.3068907e-05,5.403012e-06,0.00014577725,0.00020373845,2.6664955e-05,0.0013254883,0.00018827459,0.004340559,0.0017839543,0.007435308,0.18476778,0.0068816524,0.27908683,0.008147902,0.24338114,0.07900736,0.013432969,0.105675995,0.0023028036,0.024122808,0.0027780689,0.017663432,0.0128904525,0.00061085814,0.0033718438,3.0262418e-05,0.00020524544,7.472404e-05,1.665504e-05,1.4633991e-05,1.3013761e-06,8.734151e-07,1.6353668e-10,1.7198946e-10,1.1955247e-10,1.2030228e-10,9.683464e-11,6.537654e-11,1.1686058e-10,7.3987844e-11,4.9426983e-11,1.5125248e-10,6.5399984e-11,5.260953e-11,6.7921994e-11,1.01392825e-10,8.379348e-11,1.0148299e-10,9.354223e-11,6.6074535e-11,7.5195135e-11,8.1451845e-11,4.4481845e-11,4.771386e-11,4.4790893e-11,3.430322e-11,1.699286e-11,1.0659772e-11,9.491383e-12,9.001356e-12,1.0719184e-11,1.0402159e-11,1.0112316e-11,1.0209489e-11,1.029942e-11,1.0244287e-11,9.8144e-12,1.0034962e-11,1.0183506e-11,9.649276e-12,1.0238545e-11,9.572943e-12,9.293895e-12,9.9155545e-12,1.03027595e-11,9.699319e-12
4.9365352e-11,5.1293872e-11,4.742243e-11,4.915902e-11,4.9748355e-11,4.739476e-11,5.051241e-11,4.8127165e-11,4.7882694e-11,5.2663433e-11,4.9383247e-11,4.696749e-11,4.924263e-11,5.0138824e-11,4.900399e-11,4.6957813e-11,5.1772055e-11,4.670271e-11,4.5784113e-11,5.2279625e-11,4.7706752e-11,2.2310045e-10,3.0228067e-10,2.8842556e-10,9.3953116e-11,1.8239726e-10,2.947005e-10,1.9297756e-10,1.5118148e-10,2.1261734e-10,2.1310534e-10,4.450104e-10,2.2180381e-10,2.8265437e-10,3.3812464e-10,1.82335e-10,3.140387e-10,3.2664949e-10,2.6325037e-10,2.1581197e-10,3.5077616e-10,4.3298468e-10,2.9720967e-10,2.7264752e-10,3.0438665e-10,3.0836378e-10,2.9582517e-10,5.720271e-07,2.7422822e-05,8.237445e-06,0.00043798547,3.939545e-06,0.00076487055,5.265581e-05,0.0010717257,0.0022839922,0.00022255903,0.012306582,0.00032824342,0.011904783,0.0057161325,0.04410062,0.16053672,0.0023663726,0.3185855,0.005960514,0.13651206,0.07365535,0.0101554,0.12427615,0.0026008845,0.028378822,0.0051909783,0.029347375,0.018404547,0.00023435311,0.0038025412,5.3184667e-05,0.00037688142,0.00023112624,1.8727083e-05,7.75286e-05,2.6278135e-06,2.1184137e-06,4.029308e-10,5.371158e-10,2.4703403e-10,1.5679602e-10,2.0300474e-10,1.6268825e-10,2.896406e-10,1.7675715e-10,1.2496458e-10,4.5414678e-10,1.806254e-10,1.7619874e-10,2.0603491e-10,3.3922148e-10,3.1317257e-10,1.6100124e-10,3.4867426e-10,1.8219767e-10,1.473097e-10,2.3658542e-10,2.2683778e-10,1.7853023e-10,1.3464067e-10,1.6412599e-10,7.637693e-11,5.1368083e-11,4.7020013e-11,4.5225605e-11,4.9545524e-11,4.879451e-11,4.987272e-11,5.0788228e-11,4.8588154e-11,5.0875096e-11,4.8919386e-11,4.9749215e-11,5.157582e-11,4.890483e-11,5.275391e-11,4.9025683e-11,4.7058055e-11,4.832097e-11,5.1749646e-11,4.9314067e-11
8.91873e-11,8.9586255e-11,8.5301384e-11,8.573002e-11,9.044401e-11,8.436421e-11,8.630985e-11,8.533197e-11,8.737423e-11,9.069657e-11,8.849493e-11,9.0166354e-11,8.628154e-11,8.9488736e-11,8.794403e-11,8.3611784e-11,9.248928e-11,8.499622e-11,8.461431e-11,9.423148e-11,8.95432e-11,1.9951808e-10,1.6683308e-10,2.272132e-10,1.2011951e-10,2.0651411e-10,2.136006e-10,1.3100773e-10,1.1038524e-10,2.0518155e-10,2.1346987e-10,2.7021685e-10,1.9405831e-10,2.5606955e-10,2.5685318e-10,1.4614941e-10,2.2285081e-10,2.8296457e-10,1.7834714e-10,1.6491142e-10,3.0520342e-10,2.9925346e-10,1.9948802e-10,2.749238e-10,3.399482e-10,2.1824889e-10,2.0423588e-10,1.55089e-07,3.4817588e-06,2.8908735e-06,4.3491225e-05,9.434281e-07,7.51772e-05,8.635535e-06,9.432266e-05,0.0002009758,3.4370805e-05,0.00033423037,2.8981376e-05,0.00044820784,0.00017692753,0.00058264856,0.009750993,0.00023174303,0.033559263,0.003520977,0.03560254,0.10557408,0.030940162,0.39240384,0.013527097,0.12951216,0.032810435,0.09345259,0.0989449,0.00075457373,0.01593479,0.00047558674,0.0007017133,0.00018819304,2.5739673e-05,5.102773e-05,1.4558269e-06,7.672145e-07,2.7281036e-10,4.6314994e-10,2.0757523e-10,1.9031723e-10,2.4573696e-10,3.090668e-10,2.852328e-10,1.7260364e-10,1.6363182e-10,3.8943007e-10,2.2827308e-10,2.0694943e-10,2.2565239e-10,3.373632e-10,2.7968605e-10,2.0366017e-10,3.5488998e-10,3.6027248e-10,2.968346e-10,2.7987923e-10,2.729259e-10,2.252125e-10,2.1818564e-10,2.0728523e-10,1.3282231e-10,9.191421e-11,8.889248e-11,8.764228e-11,9.071144e-11,8.8282506e-11,8.862685e-11,8.763693e-11,9.331893e-11,9.1688684e-11,8.769228e-11,8.748729e-11,8.962077e-11,8.6748525e-11,8.9400876e-11,8.5001235e-11,8.2929e-11,8.6790894e-11,8.999557e-11,8.789707e-11
2.8301523e-11,2.8832048e-11,2.5805177e-11,2.4780462e-11,2.6533881e-11,2.3732976e-11,2.7512097e-11,2.6562747e-11,2.6587987e-11,2.7785269e-11,2.84856e-11,2.9589844e-11,2.810861e-11,2.7422302e-11,2.6661773e-11,2.6827512e-11,2.8398478e-11,2.7481944e-11,2.5386892e-11,2.9973725e-11,2.8166733e-11,1.0207723e-10,5.4441496e-11,9.6148166e-11,2.7311538e-11,5.1656172e-11,5.4919163e-11,4.3791054e-11,2.2205226e-11,4.8174204e-11,5.646225e-11,1.3202395e-10,6.1493644e-11,1.0420733e-10,1.2655613e-10,4.5967615e-11,6.1971685e-11,8.59952e-11,5.7936538e-11,6.917213e-11,7.7968375e-11,8.801e-11,9.146619e-11,7.7655216e-11,9.642071e-11,7.171038e-11,7.8786394e-11,9.072442e-08,5.7475786e-06,2.6246287e-06,7.185244e-05,3.6872236e-06,5.5301578e-05,9.219294e-06,0.00010286519,0.00013258286,1.1498945e-05,0.00036985465,7.109449e-05,0.00021025946,0.0001308519,0.0003480399,0.006127878,0.00021215685,0.00987892,0.0013591778,0.010873456,0.0430023,0.0043591605,0.23514959,0.03067699,0.081484504,0.08207835,0.08523693,0.36052033,0.005170661,0.038240135,0.0014794992,0.0014475321,0.0010165476,1.3456892e-05,0.00014231297,4.0408963e-06,4.6208226e-07,8.492267e-11,1.3721459e-10,8.729429e-11,6.2071764e-11,8.345281e-11,6.770781e-11,1.027482e-10,4.2619783e-11,4.5660035e-11,2.0470162e-10,1.10958805e-10,6.492422e-11,9.621971e-11,1.6953958e-10,1.0304515e-10,6.5422445e-11,1.2375659e-10,6.126886e-11,8.564294e-11,8.858226e-11,5.284003e-11,5.0487576e-11,6.869486e-11,5.562698e-11,3.1404646e-11,2.957732e-11,2.819479e-11,2.8056118e-11,2.7254192e-11,2.7395586e-11,2.7302006e-11,2.6151078e-11,2.952332e-11,2.9556847e-11,2.700329e-11,2.7015447e-11,2.7994699e-11,2.65396e-11,2.7379606e-11,2.7567936e-11,2.4416292e-11,2.6913255e-11,3.067552e-11,2.6230955e-11
6.984818e-11,7.925622e-11,6.654925e-11,6.691174e-11,6.719412e-11,5.934115e-11,6.9465544e-11,6.8425376e-11,6.6477955e-11,7.1125085e-11,7.505775e-11,7.4633195e-11,7.1931926e-11,7.008733e-11,6.746741e-11,6.841807e-11,7.383886e-11,6.8118844e-11,6.4849126e-11,7.5002796e-11,7.012103e-11,1.3072926e-10,6.7811874e-11,1.1982304e-10,2.9870717e-11,5.106811e-11,5.455118e-11,3.397292e-11,2.5320506e-11,5.512183e-11,6.817292e-11,1.1255303e-10,4.083451e-11,8.4451855e-11,1.4216534e-10,5.379956e-11,5.957659e-11,7.565047e-11,3.814465e-11,4.633356e-11,6.6718284e-11,6.402273e-11,6.061852e-11,8.000042e-11,7.541104e-11,6.5601274e-11,7.155342e-11,9.355679e-08,7.5527114e-06,4.0266564e-06,6.330699e-05,1.4532326e-06,6.0782877e-05,7.5619582e-06,0.0001233502,0.00015455403,1.0347905e-05,0.00048271153,3.975161e-05,0.0002450502,0.0001378058,0.00048210585,0.004749249,6.52074e-05,0.010849677,0.001000398,0.011186072,0.03777517,0.0034955475,0.19541831,0.019179983,0.08402601,0.109584704,0.17705554,0.26903853,0.0028717192,0.06610116,0.0013097543,0.002477137,0.0018110912,1.6209733e-05,0.00016146143,5.6678214e-06,9.5231e-07,1.06465135e-10,1.7513738e-10,8.932799e-11,5.3008934e-11,8.6232896e-11,5.7114646e-11,1.1287248e-10,5.0930763e-11,3.213303e-11,3.356408e-10,1.2752129e-10,6.698273e-11,1.1476987e-10,1.9326207e-10,1.0103245e-10,5.1960252e-11,1.9976155e-10,7.301843e-11,7.8067365e-11,1.01422086e-10,4.7551355e-11,5.1989992e-11,8.6523184e-11,8.976488e-11,6.309319e-11,7.3977574e-11,7.1377314e-11,7.346575e-11,6.838128e-11,7.1549065e-11,7.059528e-11,6.800512e-11,7.311236e-11,7.6202517e-11,6.751194e-11,6.9062873e-11,7.162307e-11,6.654164e-11,6.590151e-11,7.023399e-11,6.42819e-11,6.887529e-11,7.669156e-11,6.779506e-11
1.2495836e-11,1.2515586e-11,1.1881428e-11,1.17480236e-11,1.2039336e-11,1.12449485e-11,1.24108475e-11,1.2020015e-11,1.2030062e-11,1.2663212e-11,1.2673746e-11,1.3346424e-11,1.322903e-11,1.27642836e-11,1.2707974e-11,1.2335986e-11,1.3719959e-11,1.2818739e-11,1.2519166e-11,1.3205031e-11,1.2643856e-11,5.6072775e-11,2.4216068e-11,3.4936515e-11,9.786454e-12,3.3618375e-11,1.8166219e-11,2.1007687e-11,9.871867e-12,1.7076002e-11,2.1645626e-11,5.1902777e-11,1.5325876e-11,3.6636208e-11,4.6536174e-11,1.0941635e-11,1.1454275e-11,3.597107e-11,1.3619423e-11,2.1470051e-11,2.099383e-11,2.193012e-11,2.8023596e-11,3.4897356e-11,2.5329768e-11,2.5906718e-11,3.290833e-11,2.760786e-08,1.2098249e-06,2.7093743e-06,1.7017692e-05,1.9837123e-06,4.253926e-05,1.7666722e-06,2.7954602e-05,2.8503238e-05,3.6681888e-06,0.00019626763,1.2295621e-05,7.883142e-05,9.080482e-06,0.00020334857,0.00090255996,5.2971012e-05,0.004055437,0.000321266,0.004817053,0.012490636,0.0012983212,0.26621866,0.0107154995,0.11523431,0.014648625,0.24384314,0.26293638,0.0036078992,0.05606131,0.00062060263,0.0011491079,0.00029961407,5.4993407e-06,9.164239e-05,2.0807595e-06,1.7369048e-07,2.021523e-11,6.806167e-11,3.3119275e-11,2.0113543e-11,2.5459966e-11,2.6018236e-11,2.344641e-11,1.4622883e-11,7.647997e-12,8.4695716e-11,3.4578528e-11,2.1429466e-11,1.3856872e-11,8.1570466e-11,2.9615307e-11,2.8859496e-11,3.4694008e-11,3.0007066e-11,2.5531549e-11,3.265535e-11,1.9145458e-11,2.5497483e-11,3.1580696e-11,2.958674e-11,1.8202499e-11,1.3172078e-11,1.2798023e-11,1.2716073e-11,1.2414209e-11,1.2535844e-11,1.2509238e-11,1.2154237e-11,1.27113675e-11,1.3120725e-11,1.2566295e-11,1.3406842e-11,1.2842183e-11,1.1997569e-11,1.2039703e-11,1.2341588e-11,1.1710663e-11,1.205841e-11,1.35648255e-11,1.232893e-11
1.9466807e-11,2.1410792e-11,1.9029065e-11,2.0037225e-11,1.8946709e-11,1.7785008e-11,1.9752557e-11,1.9696425e-11,1.9430155e-11,1.9879322e-11,2.0460269e-11,2.0819846e-11,1.9424228e-11,2.0507387e-11,1.9664968e-11,1.9740126e-11,2.183e-11,1.8554606e-11,1.8676463e-11,2.251686e-11,2.0402438e-11,3.0443755e-11,5.2863203e-11,5.558645e-11,2.5092843e-11,3.6487178e-11,4.7922354e-11,2.3051887e-11,2.0392944e-11,1.5276641e-11,2.5221727e-11,3.2399056e-11,2.095434e-11,4.5096062e-11,7.8510656e-11,3.8681e-11,3.0428552e-11,2.8809831e-11,2.8393485e-11,1.8856292e-11,3.209889e-11,2.625798e-11,1.752331e-11,3.6859297e-11,4.892181e-11,4.5937632e-11,7.920857e-11,8.8022624e-08,2.6450969e-06,2.366378e-06,2.0481377e-05,5.452967e-07,3.6589103e-05,2.434831e-06,3.1347492e-05,8.0470905e-05,7.218825e-06,0.00038303883,2.666335e-05,0.00015745118,8.8237495e-05,0.000411933,0.002209326,3.8935235e-05,0.0075081773,0.0006445732,0.0050561973,0.0561737,0.007900497,0.51750505,0.022871155,0.06504227,0.053345982,0.118823536,0.124562465,0.0004594586,0.014590261,0.00055100495,0.0006498148,0.0007510122,1.2261894e-05,4.9553993e-05,2.3722596e-06,8.335893e-07,6.8585394e-11,8.5734114e-11,4.7093433e-11,2.6962417e-11,4.716859e-11,4.4303856e-11,5.8512e-11,4.1578525e-11,2.8604721e-11,1.956531e-10,1.3469052e-10,4.285061e-11,7.953254e-11,8.495732e-11,6.04664e-11,1.9951266e-11,8.4931076e-11,3.1645752e-11,2.70472e-11,5.401184e-11,2.3492918e-11,2.717938e-11,4.062109e-11,3.3750013e-11,2.6625027e-11,2.0511377e-11,2.022653e-11,1.9555524e-11,1.9265789e-11,2.01866e-11,2.0258113e-11,1.990224e-11,2.0375682e-11,2.0307785e-11,1.97914e-11,2.0561044e-11,1.9494748e-11,1.8866866e-11,1.9548365e-11,1.9012812e-11,1.9191924e-11,1.9804389e-11,1.9705593e-11,1.9408006e-11
3.172714e-11,3.5344328e-11,3.16143e-11,3.283676e-11,3.0715302e-11,3.252472e-11,3.161436e-11,3.307045e-11,3.2797952e-11,3.3772398e-11,3.1676165e-11,3.3679125e-11,3.4204015e-11,3.3537777e-11,3.1698165e-11,3.258905e-11,3.7100777e-11,3.0864113e-11,3.078709e-11,3.6875655e-11,3.2361603e-11,1.9525855e-10,1.6948054e-10,1.6255382e-10,1.2603954e-10,1.2937422e-10,1.4951872e-10,7.86755e-11,3.4004702e-11,6.364084e-11,5.824872e-11,9.871167e-11,6.846432e-11,1.4258414e-10,2.6112984e-10,8.995586e-11,1.3616638e-10,1.0502192e-10,6.68281e-11,1.0476464e-10,1.3598261e-10,1.2943123e-10,8.2976716e-11,1.5327596e-10,1.5534087e-10,2.2053391e-10,2.042747e-10,3.3380977e-07,2.8710225e-05,1.8091121e-05,0.0001721702,7.185973e-06,0.00021251637,3.3630247e-05,0.00022078468,0.0004226288,3.7327245e-05,0.00081903575,0.00011769383,0.0005586673,0.00039431598,0.0010207559,0.008841955,0.0003637194,0.036992405,0.010404994,0.034247827,0.10016862,0.012639345,0.41782618,0.045696218,0.068099864,0.040242907,0.08278828,0.11084252,0.0025527906,0.018675141,0.0018294689,0.0020573568,0.0014369241,4.1777035e-05,0.00017195517,1.4647758e-05,1.2924401e-06,2.4489225e-10,2.3909524e-10,1.4534231e-10,1.2257108e-10,1.1050503e-10,1.7858016e-10,1.9272621e-10,1.7694424e-10,1.4293979e-10,4.9442705e-10,2.478924e-10,1.4496607e-10,2.488294e-10,3.8146727e-10,2.6308206e-10,1.1750013e-10,3.8001344e-10,2.3005146e-10,1.9571567e-10,3.2315978e-10,2.3446403e-10,1.2054151e-10,1.8126997e-10,1.2744403e-10,6.368918e-11,3.4144305e-11,3.2784563e-11,3.111793e-11,3.0582835e-11,3.2203358e-11,3.2985656e-11,3.4418406e-11,3.421569e-11,3.3759516e-11,3.1166517e-11,3.4270753e-11,3.342283e-11,3.1841536e-11,3.350689e-11,3.156724e-11,2.946288e-11,3.56988e-11,3.279607e-11,3.209066e-11
1.06791485e-11,1.1154145e-11,1.0467803e-11,1.0663964e-11,1.0276347e-11,9.876975e-12,1.0557149e-11,1.0217109e-11,1.0676154e-11,1.0473554e-11,1.0271133e-11,1.113357e-11,1.1088557e-11,1.0645674e-11,1.0349263e-11,1.0441839e-11,1.1829107e-11,1.0091972e-11,1.0522692e-11,1.24442965e-11,1.1540879e-11,1.2013212e-11,1.5642621e-11,3.0493982e-11,2.3629456e-11,1.2788192e-11,2.3853605e-11,1.1484949e-11,1.1228985e-11,2.221154e-11,1.4316141e-11,1.5872751e-11,1.7660753e-11,1.784111e-11,3.0678564e-11,2.6356136e-11,3.265978e-11,1.3094727e-11,2.0777683e-11,1.859096e-11,4.7132905e-11,3.8827972e-11,2.1739097e-11,3.5689653e-11,3.770334e-11,2.1681787e-11,3.4431184e-11,3.6044213e-08,1.131514e-06,3.7167405e-07,3.9716833e-06,3.6552083e-07,5.5198657e-06,2.1958351e-06,6.0370244e-06,2.591412e-05,1.5166926e-06,5.891589e-06,8.118282e-06,2.3887369e-05,3.789169e-05,1.283406e-05,0.0012262678,7.543241e-05,0.0039950903,0.006601153,0.012605504,0.33279657,0.027222099,0.1545487,0.12880851,0.104719184,0.06740205,0.017417366,0.13428551,0.0011174559,0.0048026633,0.0014990112,0.00047072856,0.00023822795,2.2993563e-05,7.038006e-06,2.4049878e-06,3.6058083e-07,5.4409116e-11,4.5319144e-11,5.2809306e-11,3.940611e-11,3.8356e-11,4.790903e-11,6.088432e-11,4.7219197e-11,4.6051874e-11,5.619174e-11,5.0781275e-11,6.9704034e-11,6.119436e-11,6.699805e-11,6.4255774e-11,3.6839917e-11,6.594249e-11,7.302942e-11,8.994499e-11,4.8675182e-11,4.5450033e-11,2.4379904e-11,5.483721e-11,2.5655696e-11,1.6583276e-11,1.1158401e-11,1.12022865e-11,1.0920477e-11,1.14325615e-11,1.1145468e-11,1.1171539e-11,1.0610887e-11,1.2087403e-11,1.0626665e-11,1.0098635e-11,1.0288113e-11,1.0454034e-11,1.0445922e-11,1.0916852e-11,9.949619e-12,9.4587645e-12,1.0217323e-11,1.0308483e-11,1.0410021e-11
3.960801e-12,4.1949773e-12,3.67403e-12,3.6032013e-12,3.4978355e-12,3.3218313e-12,3.668526e-12,3.717636e-12,3.9490633e-12,3.5691651e-12,3.2209068e-12,3.850027e-12,3.9181223e-12,3.6054699e-12,3.567396e-12,3.944817e-12,4.0035774e-12,3.7007272e-12,3.5878121e-12,4.4978934e-12,3.9289284e-12,1.7338153e-11,1.8383434e-11,4.453658e-11,3.123086e-11,1.4003957e-11,3.064351e-11,1.6769046e-11,7.844787e-12,2.3526408e-11,1.5136056e-11,1.4888892e-11,2.230658e-11,1.5633751e-11,3.3155537e-11,2.8039194e-11,5.5929615e-11,1.5255349e-11,1.8746586e-11,2.6608417e-11,5.881846e-11,4.2628942e-11,1.9673627e-11,3.002904e-11,2.5635964e-11,2.3722054e-11,2.1460788e-11,2.8453103e-08,1.3464464e-06,3.0289772e-07,3.8833855e-06,7.5171874e-07,4.9815317e-06,5.3424565e-06,1.22266965e-05,3.7167913e-05,2.0202745e-06,1.1963483e-05,2.826162e-05,5.1719846e-05,0.00032824927,4.6122917e-05,0.0036467572,0.00046212805,0.013462276,0.027202204,0.023177778,0.38079965,0.02337454,0.14652313,0.17100094,0.062477212,0.09580601,0.01444674,0.0321482,0.0013474749,0.00170864,0.0012321933,0.00035924866,0.0002539955,2.1410217e-05,1.1983419e-05,2.7975698e-06,2.3553102e-07,1.0979558e-10,5.510727e-11,4.6019792e-11,8.4500754e-11,4.1029177e-11,5.6003063e-11,6.975492e-11,3.3596178e-11,4.897604e-11,5.314514e-11,4.8426874e-11,4.6599037e-11,5.4920703e-11,6.722482e-11,4.8261267e-11,3.686681e-11,5.2411096e-11,5.5592683e-11,5.928837e-11,4.7003946e-11,4.462195e-11,1.8683477e-11,3.354163e-11,2.4370634e-11,6.3645456e-12,3.9183613e-12,3.5829432e-12,3.5666199e-12,3.873435e-12,3.9304723e-12,3.8674996e-12,3.71276e-12,4.0594026e-12,3.5413085e-12,3.575993e-12,3.5054494e-12,3.4971952e-12,3.6325836e-12,3.834959e-12,3.4402977e-12,3.1506182e-12,3.696368e-12,3.79882e-12,3.3719037e-12
2.275378e-11,2.3770649e-11,2.1791841e-11,2.1598306e-11,2.2757773e-11,2.0359277e-11,2.2417901e-11,2.1826242e-11,2.2271162e-11,2.294169e-11,2.2968048e-11,2.5902747e-11,2.4072605e-11,2.3302525e-11,2.251191e-11,2.2095993e-11,2.388905e-11,2.2982947e-11,2.2045057e-11,2.3798638e-11,2.4535785e-11,9.026767e-11,4.9903432e-11,6.124615e-11,1.8785883e-11,3.996842e-11,3.643882e-11,3.5188213e-11,1.7305013e-11,2.8077669e-11,3.1510704e-11,5.739261e-11,5.300149e-11,5.2327188e-11,7.5852956e-11,3.389269e-11,2.8775326e-11,3.836884e-11,3.8732812e-11,3.7257364e-11,4.8685073e-11,5.0606797e-11,5.21372e-11,6.571642e-11,8.708518e-11,5.0339743e-11,7.326178e-11,1.1490187e-07,3.2852888e-06,1.8854892e-06,5.316106e-05,3.2861567e-06,3.0049237e-05,5.8529195e-06,3.563093e-05,4.32998e-05,6.1937235e-06,9.158021e-05,2.9939794e-05,6.8709305e-05,3.037354e-05,0.000116767274,0.0030661505,9.483919e-05,0.004040013,0.0014602259,0.008975651,0.036773846,0.0066142506,0.21047829,0.024225542,0.086883135,0.06511929,0.09774963,0.3612483,0.005285767,0.07824182,0.0024481963,0.003655362,0.0028829474,4.2471536e-05,0.00018586159,7.645842e-06,6.162969e-07,5.5907317e-11,9.449745e-11,6.1945164e-11,5.7753892e-11,7.957103e-11,7.510105e-11,9.5793345e-11,4.3120653e-11,5.4376805e-11,1.423695e-10,9.913869e-11,7.276239e-11,8.761282e-11,1.2470595e-10,1.0215291e-10,5.1892348e-11,7.78141e-11,6.042348e-11,8.903039e-11,8.020858e-11,5.464338e-11,5.343064e-11,8.92218e-11,6.085581e-11,3.1999355e-11,2.4857222e-11,2.4080685e-11,2.3318044e-11,2.3276894e-11,2.4359244e-11,2.4799166e-11,2.215178e-11,2.4996337e-11,2.4050024e-11,2.3151193e-11,2.3577253e-11,2.4254654e-11,2.1905816e-11,2.2501561e-11,2.1783736e-11,2.07304e-11,2.2847455e-11,2.4604674e-11,2.2636297e-11
2.2457593e-11,2.3865437e-11,2.148542e-11,2.2793765e-11,2.2285123e-11,2.182618e-11,2.2704208e-11,2.201096e-11,2.2823871e-11,2.2632693e-11,2.3284154e-11,2.3620892e-11,2.3668427e-11,2.2891185e-11,2.222103e-11,2.1585808e-11,2.4578714e-11,2.16574e-11,2.241574e-11,2.4190825e-11,2.4184921e-11,4.392407e-11,4.3378072e-11,5.959715e-11,2.1460679e-11,3.3921827e-11,4.55706e-11,2.122571e-11,2.067076e-11,4.5037283e-11,3.4611862e-11,5.249127e-11,3.9827676e-11,5.7542505e-11,7.087765e-11,4.2603695e-11,4.9135234e-11,5.0207654e-11,5.7800348e-11,3.3393878e-11,6.745028e-11,8.921269e-11,4.7997932e-11,7.798892e-11,8.0778245e-11,5.393239e-11,7.1474986e-11,7.0863365e-08,2.2795564e-06,1.606351e-06,2.7030093e-05,6.2882816e-07,1.8732146e-05,5.2776772e-06,3.8239898e-05,8.1522754e-05,7.4231034e-06,6.204492e-05,9.258346e-06,7.305346e-05,5.1557367e-05,8.7591456e-05,0.004619757,7.080207e-05,0.007500155,0.005423563,0.03366249,0.1692354,0.018981755,0.26999825,0.020331765,0.09101962,0.047766767,0.054638524,0.25258887,0.0012884574,0.018003426,0.0017397245,0.0018353235,0.0007685855,2.6177062e-05,3.1691954e-05,1.950762e-06,5.788768e-07,9.21312e-11,1.5206941e-10,8.0666314e-11,6.9758296e-11,7.242131e-11,1.2457697e-10,1.6164257e-10,6.888788e-11,5.3870707e-11,1.1307221e-10,5.934737e-11,6.404215e-11,7.466322e-11,9.823584e-11,1.0933362e-10,6.60496e-11,1.10105834e-10,1.6963533e-10,1.1175062e-10,6.570132e-11,7.980518e-11,6.4484876e-11,8.414938e-11,5.5814676e-11,3.6739854e-11,2.4007699e-11,2.3274476e-11,2.2312683e-11,2.3126853e-11,2.3190989e-11,2.3783824e-11,2.3054713e-11,2.4941785e-11,2.2964478e-11,2.2046679e-11,2.3093352e-11,2.3299437e-11,2.2331671e-11,2.2480908e-11,2.2200443e-11,2.0635464e-11,2.256726e-11,2.2296177e-11,2.2113722e-11
6.553085e-12,6.8810266e-12,6.2283815e-12,6.4650386e-12,6.1026505e-12,6.012233e-12,6.7030127e-12,6.5039246e-12,6.750227e-12,6.8349566e-12,6.407464e-12,7.1801536e-12,6.980461e-12,6.4198685e-12,6.6106317e-12,6.301175e-12,7.219043e-12,6.445118e-12,6.3804873e-12,7.0980995e-12,6.667488e-12,2.3626398e-11,2.3672408e-11,2.3861258e-11,1.5324046e-11,1.6481242e-11,2.296729e-11,1.4067715e-11,7.1651318e-12,1.6175051e-11,1.1750116e-11,2.1076692e-11,1.7148963e-11,2.1207104e-11,3.8900928e-11,1.6949752e-11,3.2218277e-11,2.8774047e-11,2.8356924e-11,2.3748023e-11,3.4038498e-11,4.1683372e-11,2.4958449e-11,4.3137986e-11,3.765161e-11,3.907494e-11,4.978903e-11,4.1551345e-08,2.9073128e-06,1.2330817e-06,2.5943578e-05,1.0258008e-06,1.3183475e-05,3.1629418e-06,2.457275e-05,3.933502e-05,2.0364987e-06,4.6554283e-05,2.0555008e-05,5.6176395e-05,6.9654365e-05,8.026877e-05,0.0040981327,8.8945824e-05,0.007598173,0.0069912123,0.036949985,0.1283794,0.008119091,0.4609466,0.06081136,0.086899206,0.052485324,0.023359558,0.10314586,0.0012476966,0.01529876,0.0014456079,0.0010137522,0.00068143755,1.3351693e-05,3.6127698e-05,3.53128e-06,2.0937522e-07,4.66456e-11,7.586767e-11,3.2323283e-11,4.2797058e-11,3.7244624e-11,3.973633e-11,6.204197e-11,3.3640528e-11,2.9826714e-11,5.960149e-11,4.1189257e-11,2.5816516e-11,3.432013e-11,4.3876354e-11,3.6997808e-11,2.2346425e-11,3.904231e-11,5.3964926e-11,5.4172628e-11,3.8331147e-11,3.5851846e-11,2.77741e-11,4.836997e-11,2.2900102e-11,1.286114e-11,6.8795573e-12,6.846935e-12,6.3119765e-12,6.7240636e-12,6.942936e-12,7.1683584e-12,6.7609477e-12,7.169534e-12,6.8130905e-12,6.486431e-12,6.8057916e-12,6.7199354e-12,6.3528974e-12,6.591092e-12,6.4227833e-12,5.8789896e-12,6.43782e-12,6.799434e-12,6.4257e-12
5.141672e-12,5.8459574e-12,4.804738e-12,5.5299454e-12,5.07346e-12,5.1545743e-12,5.7944934e-12,5.3443105e-12,5.251309e-12,5.3828374e-12,5.4943047e-12,5.4094537e-12,5.4506118e-12,5.064333e-12,5.178757e-12,5.2800334e-12,5.7532833e-12,4.9430564e-12,4.961987e-12,5.533596e-12,5.4836678e-12,1.4767377e-11,2.7627534e-11,2.2707506e-11,1.573557e-11,1.6331289e-11,2.678386e-11,1.820935e-11,8.142979e-12,9.767346e-12,7.9182294e-12,1.33623e-11,9.4703394e-12,1.6839096e-11,2.4783684e-11,1.1250211e-11,1.9004557e-11,1.727911e-11,1.5719911e-11,8.825509e-12,9.444904e-12,2.347645e-11,6.2603954e-12,1.6360406e-11,9.049735e-12,2.5075443e-11,2.7032156e-11,2.9021347e-08,4.8509696e-06,1.3805499e-06,2.9516052e-05,4.2144566e-07,3.675564e-05,2.4152409e-05,7.3767435e-05,0.00015702055,2.7248554e-06,0.00028460013,5.9869755e-05,0.0003064681,0.0016116769,0.00046986196,0.017294968,0.00037338553,0.09172958,0.057335608,0.11235444,0.19168593,0.0021561808,0.40124953,0.016377823,0.030716984,0.03357391,0.011345167,0.024111895,0.0007388688,0.005042842,0.00048501603,0.00015000413,0.00019897237,3.3509266e-06,1.1385335e-05,9.645019e-07,1.3470739e-07,2.8592522e-11,5.1067237e-11,1.2286236e-11,2.2023064e-11,2.3050143e-11,2.489977e-11,5.9887505e-11,1.912193e-11,8.834233e-12,4.1462767e-11,3.653804e-11,1.9340543e-11,2.0102545e-11,2.6072448e-11,1.5313993e-11,1.7797644e-11,3.0388435e-11,3.5198927e-11,2.7494116e-11,2.1402395e-11,2.9010565e-11,2.8097311e-11,1.8483126e-11,1.1500011e-11,8.4826824e-12,5.4237313e-12,5.3320113e-12,4.906779e-12,5.4107946e-12,5.5068315e-12,5.49464e-12,5.990255e-12,5.4926285e-12,5.5037654e-12,5.419574e-12,5.481137e-12,5.50322e-12,5.192783e-12,5.222342e-12,5.0354564e-12,5.0266475e-12,4.9887095e-12,5.3127637e-12,5.2201516e-12
2.1723606e-06,2.3151183e-06,2.3280172e-06,2.1180188e-06,2.3140717e-06,2.2473332e-06,2.3570362e-06,2.2049337e-06,2.2514905e-06,2.1599492e-06,2.511245e-06,2.1962915e-06,2.287047e-06,2.3486311e-06,2.1938004e-06,2.2563786e-06,2.1669684e-06,2.163124e-06,2.1787425e-06,2.2927509e-06,2.3855894e-06,3.871778e-07,7.5386293e-07,3.599826e-07,3.402025e-07,4.7942575e-07,5.1730433e-07,3.9650843e-07,3.4267592e-07,2.4724613e-07,2.1913277e-07,4.0379862e-07,3.073749e-07,1.4990832e-07,3.3449786e-07,2.477536e-07,1.0970854e-07,1.7656308e-07,2.0762157e-07,1.7113864e-07,2.2315578e-07,8.88723e-08,1.3369436e-07,2.2082618e-07,1.6376138e-07,1.4323899e-07,1.8446002e-07,0.00021423578,0.0025512478,0.00033927182,0.0024802245,0.0029288386,0.007235822,0.012683165,0.006416981,0.01978223,0.0016788008,0.01344406,0.022652404,0.016195955,0.041290782,0.012409192,0.043511845,0.057436183,0.08275512,0.057238348,0.00811968,0.09516748,0.020233883,0.07912334,0.11639643,0.06523472,0.053683553,0.029877372,0.06955998,0.017368399,0.006217126,0.023283947,0.004386589,0.005636995,0.00076045236,0.0011776275,0.00026727348,0.00015094373,3.8121004e-07,4.6678068e-07,3.1686054e-07,3.023505e-07,2.7606984e-07,2.912733e-07,6.873747e-07,3.5562925e-07,1.6854709e-07,4.7264163e-07,4.1866778e-07,5.1879044e-07,3.5961068e-07,4.7020575e-07,2.4096562e-07,5.076452e-07,2.394724e-07,3.6163223e-07,3.1381003e-07,3.9247993e-07,2.5576884e-07,4.2856269e-07,7.7898676e-07,1.1196973e-06,1.5338261e-06,2.261575e-06,2.2368047e-06,2.1956507e-06,2.195768e-06,2.2502843e-06,2.3439277e-06,2.2376794e-06,2.4460733e-06,2.1788717e-06,2.2167114e-06,2.3521952e-06,2.2742145e-06,2.3122984e-06,2.128812e-06,2.2880151e-06,2.2685608e-06,2.342913e-06,2.2364209e-06,2.3402554e-06
1.0762924e-11,1.12775345e-11,1.0843946e-11,1.2081179e-11,1.1861209e-11,1.0536166e-11,1.138219e-11,1.0792362e-11,1.08355104e-11,1.1909518e-11,1.2210794e-11,1.09185785e-11,1.0956046e-11,1.13567315e-11,1.2048456e-11,1.1253489e-11,1.1218086e-11,1.0787998e-11,1.0687562e-11,1.235485e-11,1.11123515e-11,3.209014e-11,5.014496e-11,3.3143162e-11,5.7898644e-11,3.6517678e-11,4.9106275e-11,5.2737727e-11,3.211972e-11,8.127075e-11,3.326641e-11,4.183827e-11,4.812562e-11,6.443311e-11,6.695703e-11,4.6634453e-11,4.970389e-11,6.689831e-11,8.852939e-11,6.709907e-11,1.19418e-10,5.903721e-11,7.632657e-11,5.4417307e-11,5.3483492e-11,5.5842036e-11,6.030091e-11,2.0435589e-07,4.0050305e-05,8.541342e-07,1.6806829e-05,1.7320783e-05,4.0859704e-05,9.753329e-05,4.206035e-05,0.0002897815,5.501355e-06,0.0008936141,0.005877676,0.00017621377,0.02548676,5.6520606e-05,0.02934362,0.032655515,0.03858392,0.36174846,0.0017288123,0.118599124,0.0016907176,0.09296651,0.23209898,0.003492059,0.03286863,0.00034763553,0.014286149,0.0043177344,0.0005259452,0.0015627958,2.261511e-05,0.00010641771,3.4812288e-06,4.463247e-06,4.3724644e-06,3.116483e-07,5.854159e-11,4.812672e-11,3.097962e-11,5.878799e-11,6.2650905e-11,5.463988e-11,5.9873884e-11,3.184017e-11,2.5298435e-11,1.6368305e-10,8.5896186e-11,3.807863e-11,3.581847e-11,2.9704125e-11,7.991834e-11,5.0349672e-11,6.544429e-11,5.8465496e-11,6.206289e-11,1.0301233e-10,2.5109605e-11,4.5318617e-11,4.292907e-11,2.8710383e-11,2.2350713e-11,1.0547586e-11,1.099622e-11,1.0378715e-11,1.1812285e-11,1.1758898e-11,1.0836833e-11,1.167006e-11,1.2631178e-11,1.1617536e-11,1.035238e-11,1.1430727e-11,1.1172496e-11,1.0825679e-11,1.1054281e-11,1.0921306e-11,1.0728348e-11,1.2001873e-11,1.2050777e-11,1.1012865e-11
3.786295e-11,4.0632327e-11,3.7693616e-11,3.9654002e-11,3.8643616e-11,3.503113e-11,4.073895e-11,3.5738138e-11,3.8016066e-11,3.8665e-11,4.0460947e-11,4.0106283e-11,3.768743e-11,3.8998294e-11,4.4910048e-11,4.1099842e-11,3.905397e-11,3.7374465e-11,3.662111e-11,4.3616076e-11,4.245596e-11,6.834082e-11,1.1475098e-10,1.1497049e-10,1.1943234e-10,7.6436836e-11,1.0176461e-10,1.5634719e-10,3.5754774e-11,2.1334692e-10,7.083018e-11,1.0149787e-10,5.922916e-11,1.9285763e-10,7.775435e-11,5.466342e-11,5.998589e-11,8.495457e-11,1.3023342e-10,1.0261207e-10,1.2093195e-10,7.022083e-11,1.3041787e-10,6.748101e-11,6.875947e-11,1.3209518e-10,9.78601e-11,3.033806e-07,5.5107877e-05,1.3864388e-06,4.4148022e-05,0.0001606136,4.3294123e-05,0.00029559285,5.0932977e-05,0.00057980645,2.7095508e-05,0.00096580695,0.028832331,0.00019148443,0.033589788,7.347426e-05,0.037083626,0.072882205,0.0018325435,0.1416791,0.00048411413,0.0527021,0.0067097475,0.035218235,0.42084178,0.0025588202,0.0951656,0.000791871,0.048572488,0.014190609,0.00012211743,0.0039316616,2.8401266e-05,0.0002629772,1.1933529e-05,7.3324145e-06,1.0690202e-05,9.051202e-07,1.6198724e-10,9.336309e-11,8.971279e-11,1.9587452e-10,6.221126e-11,1.1338813e-10,1.5324714e-10,6.3962655e-11,8.34313e-11,5.2679533e-10,8.979908e-11,1.2049678e-10,1.3399024e-10,6.9164334e-11,2.570012e-10,2.286217e-10,1.0481968e-10,7.8175785e-11,1.188098e-10,1.3788434e-10,4.6931938e-11,5.9628844e-11,8.2803826e-11,5.5385897e-11,6.7981995e-11,3.9956934e-11,3.8184376e-11,3.3343647e-11,4.05028e-11,4.0563875e-11,4.246892e-11,4.005185e-11,4.5271956e-11,4.0540054e-11,3.7146054e-11,4.307489e-11,3.8026512e-11,3.824954e-11,3.925651e-11,3.7576324e-11,3.7471255e-11,4.1216024e-11,4.4513324e-11,3.9784606e-11
1.0397817e-11,1.069719e-11,1.0929707e-11,9.904989e-12,1.0707376e-11,1.0679391e-11,1.11054456e-11,9.8244225e-12,1.037286e-11,1.0272837e-11,1.0284013e-11,1.20420705e-11,1.0777059e-11,1.1010619e-11,1.1061369e-11,1.0134698e-11,1.1254457e-11,1.1119542e-11,1.1010095e-11,1.189456e-11,1.1649223e-11,1.5053243e-10,1.2803404e-10,1.0740702e-10,1.2830319e-10,2.479655e-10,6.095857e-11,2.0235616e-10,7.303666e-11,1.4042437e-10,1.786676e-10,1.2233392e-10,1.6345533e-10,4.959975e-10,1.9929264e-10,9.111448e-11,1.6773996e-10,2.372928e-10,1.7739762e-10,2.2574288e-10,1.361198e-10,1.6413108e-10,2.5951644e-10,1.4808901e-10,1.2283452e-10,4.8066756e-10,3.74996e-10,9.2569366e-07,0.00017443321,7.008335e-06,3.10903e-05,0.00011580567,7.6626944e-05,0.00035473233,0.00013816329,0.00085166824,7.850351e-05,0.0052504675,0.04360995,0.0015715931,0.18641672,0.008248058,0.056258697,0.10676348,0.012842004,0.17535655,0.0026700336,0.06937865,0.0059600766,0.07503041,0.1674018,0.0034840773,0.058930017,0.00431086,0.006786919,0.0055734366,0.00040545664,0.0014337657,0.00015424081,0.00026341705,3.0982916e-05,2.7422628e-05,1.1259269e-05,7.2351526e-07,2.889499e-10,5.374163e-10,1.6213692e-10,3.3700964e-10,1.7040552e-10,2.8394218e-10,5.5521754e-10,1.2094421e-10,1.6512396e-10,7.384902e-10,2.941823e-10,1.4302365e-10,2.359803e-10,2.616207e-10,7.1027996e-11,2.9645508e-10,1.2961567e-10,6.810467e-11,1.4005148e-10,1.2752054e-10,9.170797e-11,9.856993e-11,8.000528e-11,2.884861e-11,1.7911585e-11,1.1115809e-11,1.0601157e-11,9.2824e-12,1.11079045e-11,1.1226651e-11,1.2313963e-11,1.1278115e-11,1.2205744e-11,1.0429278e-11,1.0688318e-11,1.2252465e-11,1.0964828e-11,1.1133696e-11,1.0846617e-11,1.14291155e-11,1.0775661e-11,1.1963204e-11,1.1577543e-11,1.14584306e-11
3.1173446e-09,2.902915e-09,3.1273015e-09,2.5827136e-09,3.4663776e-09,3.0175176e-09,3.2683576e-09,2.3659843e-09,2.7389002e-09,2.8770955e-09,3.2911152e-09,2.9809746e-09,2.9491238e-09,3.3133867e-09,2.833928e-09,3.0501535e-09,2.896466e-09,2.915077e-09,2.8435223e-09,3.2822136e-09,3.2455094e-09,7.4241435e-09,3.989426e-09,5.938902e-09,6.6956e-09,8.35407e-09,7.529301e-09,1.47959085e-08,3.0818843e-09,1.6661462e-08,5.358171e-09,5.864452e-09,5.9463368e-09,4.5483577e-09,5.591546e-09,6.8895356e-09,4.624586e-09,2.918237e-09,5.298515e-09,9.133839e-09,8.332174e-09,9.78954e-09,9.5460715e-09,4.3353903e-09,4.05573e-09,4.25118e-09,4.1156873e-09,9.285621e-06,0.0005485041,1.5051712e-05,0.0002795283,0.002304576,0.00032830986,0.002898757,0.0007032536,0.0061941324,0.000817809,0.0027915307,0.07569401,0.00097475864,0.02109755,0.00082347204,0.017578458,0.24000096,0.010143782,0.07777741,0.0024030032,0.17764165,0.018954894,0.030992642,0.16182773,0.007945137,0.051646452,0.004901158,0.045270868,0.022764862,0.0010879083,0.008988659,0.0007729293,0.0034073982,0.00022453275,6.397767e-05,0.000113550916,1.0931123e-05,1.14686e-08,1.5540266e-08,1.0752525e-08,7.0522708e-09,8.281599e-09,9.738882e-09,2.0824624e-08,1.3424428e-08,9.705651e-09,1.8855584e-08,1.845945e-08,1.3884208e-08,2.7663704e-08,1.2293127e-08,1.0617367e-08,1.0657094e-08,8.498099e-09,1.0935528e-08,7.8601765e-09,1.1153083e-08,5.394904e-09,7.026357e-09,1.765631e-08,7.898289e-09,5.542743e-09,2.8905938e-09,3.0678788e-09,2.9954974e-09,3.0633416e-09,3.0925305e-09,3.181279e-09,3.0174947e-09,3.3583578e-09,2.8903735e-09,2.752506e-09,3.1620175e-09,2.857179e-09,2.777186e-09,2.9445153e-09,2.863573e-09,2.705618e-09,3.3999803e-09,3.1971066e-09,2.9757938e-09
9.9125694e-11,9.3382135e-11,9.781885e-11,8.6598596e-11,1.06219644e-10,9.216649e-11,1.03852524e-10,7.6944555e-11,9.0261514e-11,9.307025e-11,1.0768205e-10,9.544196e-11,9.4429575e-11,1.038349e-10,9.00366e-11,9.499446e-11,9.168013e-11,9.2649784e-11,8.88557e-11,1.037953e-10,9.9512336e-11,3.6045603e-10,2.0912429e-10,2.9439548e-10,2.9569205e-10,2.537838e-10,2.6193767e-10,6.387734e-10,1.0659125e-10,4.840023e-10,2.074945e-10,2.5288505e-10,2.1949838e-10,1.8882286e-10,2.557157e-10,3.1473973e-10,2.084819e-10,1.2396895e-10,1.8372268e-10,5.662836e-10,2.9222152e-10,3.762009e-10,4.811783e-10,1.6809797e-10,2.0596105e-10,2.0433058e-10,2.263477e-10,8.994342e-07,8.232581e-05,2.0914626e-06,5.09236e-05,0.0013657067,3.5689067e-05,0.000495509,0.0002226497,0.0038662427,0.00056419056,0.0012896949,0.1466251,0.00031317744,0.011232437,0.0002125892,0.0076462086,0.2981972,0.0017128328,0.052541852,0.00095435017,0.16305727,0.011264534,0.013396178,0.20742165,0.002023016,0.027679175,0.000867208,0.022032307,0.019318055,0.00013892568,0.0042374665,7.231521e-05,0.0010030121,4.6861955e-05,6.0136804e-06,2.3180082e-05,1.1750069e-06,6.5529115e-10,7.8320145e-10,5.360095e-10,6.5207445e-10,3.9205048e-10,4.8942556e-10,1.0126415e-09,8.498978e-10,4.8855725e-10,1.0218303e-09,6.999702e-10,7.092364e-10,1.1101429e-09,3.4410838e-10,7.126426e-10,5.0026805e-10,3.110284e-10,5.248647e-10,3.2248515e-10,4.5815154e-10,3.1172864e-10,2.2612417e-10,8.485436e-10,2.502575e-10,1.7744763e-10,8.9514354e-11,9.90637e-11,9.013386e-11,9.6301946e-11,9.519652e-11,9.59695e-11,9.1615625e-11,1.04892685e-10,9.441516e-11,8.749681e-11,1.04086725e-10,8.951777e-11,8.8340966e-11,9.110036e-11,8.705634e-11,8.5010166e-11,1.0310036e-10,1.0007937e-10,8.849713e-11
1.2318662e-09,1.2463681e-09,1.2562823e-09,1.1860035e-09,1.3821954e-09,1.1643915e-09,1.2758518e-09,1.04254e-09,1.2055308e-09,1.2247907e-09,1.4157506e-09,1.1859583e-09,1.1770299e-09,1.3518776e-09,1.2736295e-09,1.2259079e-09,1.2122637e-09,1.1331612e-09,1.1296739e-09,1.2644461e-09,1.1734165e-09,2.4758353e-09,1.49074e-09,2.427726e-09,3.2062921e-09,2.2909878e-09,2.1278974e-09,5.04536e-09,5.791265e-10,4.777343e-09,1.6474824e-09,1.8469237e-09,9.58365e-10,1.6681301e-09,1.7126272e-09,1.8952933e-09,1.7523785e-09,1.1455437e-09,1.2450135e-09,3.3127303e-09,1.6027998e-09,1.774449e-09,1.975181e-09,8.210977e-10,8.990926e-10,6.693402e-10,1.0700434e-09,3.424523e-06,0.00027587422,2.5745356e-05,0.00015098692,0.0022939858,9.96557e-05,0.0013010296,0.0004222697,0.0020759446,0.00040807587,0.00078899995,0.048197813,0.00088626106,0.014101932,0.0003274485,0.0071037426,0.15259156,0.0052914023,0.109434985,0.0021310495,0.16589148,0.0111791035,0.01649557,0.33167332,0.004705948,0.05069006,0.0018441115,0.021319918,0.035115656,0.00040799138,0.010695799,0.0002606132,0.001548182,0.00013884279,3.379899e-05,7.267488e-05,1.4573604e-05,3.17155e-09,3.3622551e-09,2.0079087e-09,2.245545e-09,2.3305127e-09,1.6151858e-09,3.6233778e-09,2.9695466e-09,1.5231374e-09,5.5870055e-09,3.4116612e-09,2.5293903e-09,3.9175068e-09,2.59217e-09,4.389643e-09,4.34841e-09,3.862926e-09,2.9497436e-09,1.9624808e-09,2.4975295e-09,1.0141988e-09,1.2102399e-09,6.751567e-09,1.9184758e-09,2.0354638e-09,1.1260856e-09,1.2781072e-09,1.1431384e-09,1.283085e-09,1.2050481e-09,1.0918185e-09,1.2413431e-09,1.3256086e-09,1.2539985e-09,1.1035639e-09,1.271644e-09,1.156653e-09,1.0650425e-09,1.1378652e-09,1.1286746e-09,1.1172924e-09,1.3513516e-09,1.3425192e-09,1.1610826e-09
8.3649684e-11,8.8027544e-11,8.6561695e-11,8.355529e-11,8.5182146e-11,8.001801e-11,8.653397e-11,8.091323e-11,8.651383e-11,8.315115e-11,8.811389e-11,8.469967e-11,8.78459e-11,8.616373e-11,9.173638e-11,8.29658e-11,9.215148e-11,7.992634e-11,8.372503e-11,9.379496e-11,8.000352e-11,1.8289635e-10,1.8032752e-10,2.2538295e-10,2.7615552e-10,2.332966e-10,1.6807603e-10,2.2786491e-10,8.374404e-11,1.8960514e-10,3.0342534e-10,1.3801633e-10,1.5817918e-10,2.829962e-10,1.709568e-10,2.3849267e-10,1.5250115e-10,2.3851635e-10,2.9891267e-10,2.0204315e-10,2.0133761e-10,1.4049628e-10,2.8585243e-10,1.81299e-10,2.1713722e-10,2.2935266e-10,2.201838e-10,1.3487251e-07,8.833084e-06,7.804062e-07,1.2251623e-05,9.159775e-05,2.0617947e-06,0.00018497874,9.132574e-06,0.0005497131,0.000111632486,0.0001442905,0.093053035,7.503297e-05,0.035631232,0.00028127048,0.028033657,0.11125302,0.00021695903,0.23880316,0.00027744137,0.091523014,0.010898451,0.0031105478,0.31061402,0.00030315036,0.052674964,0.00045415695,0.009679954,0.009712367,1.2818498e-05,0.0021596197,5.9710437e-06,0.00010026139,5.201837e-06,4.7666845e-07,4.1535554e-06,6.194599e-07,4.5005394e-10,4.207464e-10,4.12422e-10,4.832271e-10,1.8207699e-10,4.010543e-10,2.746427e-10,3.2975417e-10,2.8541658e-10,4.971847e-10,2.6662272e-10,2.354688e-10,4.1989023e-10,2.6632588e-10,7.054676e-10,5.000158e-10,2.2102871e-10,2.3745372e-10,2.579321e-10,4.576778e-10,3.2343972e-10,1.1221933e-10,3.5497164e-10,1.1082798e-10,1.15398156e-10,8.904548e-11,8.3101366e-11,7.445834e-11,8.817542e-11,8.100094e-11,9.191047e-11,8.511767e-11,9.5953884e-11,8.345829e-11,7.954341e-11,9.0962085e-11,8.5637795e-11,8.065638e-11,8.340785e-11,8.1782116e-11,8.268634e-11,8.662727e-11,8.9411215e-11,8.4014413e-11
5.7092994e-12,5.88714e-12,6.0260594e-12,5.8716083e-12,6.0024295e-12,5.989483e-12,6.273872e-12,5.8055826e-12,5.9986746e-12,6.0151276e-12,5.875608e-12,6.6998473e-12,6.377499e-12,6.1677633e-12,6.1695636e-12,5.6024504e-12,6.318196e-12,6.4716683e-12,6.2726877e-12,6.5938123e-12,5.954843e-12,1.1436657e-10,8.975726e-11,7.903212e-11,1.1490817e-10,1.6152561e-10,5.2944205e-11,1.0418976e-10,4.5329136e-11,5.4891793e-11,1.4329933e-10,6.821134e-11,1.0461132e-10,2.925872e-10,1.2601073e-10,6.760595e-11,1.7104883e-10,1.4254152e-10,1.1318152e-10,1.0976521e-10,8.179071e-11,8.3594055e-11,1.8226816e-10,1.084802e-10,1.0583899e-10,1.8875687e-10,2.7302574e-10,1.9767097e-07,4.174439e-05,1.4407165e-06,2.432617e-05,0.00011534924,2.0857919e-05,0.00018551091,8.493689e-05,0.0019521031,0.00024965697,0.006665778,0.15366463,0.0008016131,0.18029846,0.0045592524,0.06570416,0.10992442,0.0020806445,0.15026641,0.0024149655,0.11570392,0.0067029647,0.0198622,0.12965184,0.0006794675,0.039704096,0.0010864122,0.0037871713,0.0031867528,3.446398e-05,0.00044525036,7.4550076e-06,7.880432e-05,6.6648813e-06,1.8579079e-06,3.9773236e-06,2.3784216e-07,2.8364044e-10,3.555871e-10,1.6042093e-10,2.4345884e-10,1.13139643e-10,1.503977e-10,2.1208223e-10,8.88521e-11,8.840312e-11,2.2003273e-10,8.9616294e-11,5.568097e-11,1.2855808e-10,1.3507198e-10,9.536877e-11,1.307346e-10,7.4850376e-11,5.7660123e-11,8.834733e-11,1.09925485e-10,9.147136e-11,4.673219e-11,8.7640575e-11,1.8294585e-11,9.087242e-12,6.0227504e-12,6.2752485e-12,5.350312e-12,6.3832303e-12,5.8975355e-12,6.810393e-12,6.2337574e-12,6.798582e-12,5.721552e-12,6.0561335e-12,6.8356002e-12,6.1617434e-12,6.1260255e-12,5.9848467e-12,6.4277876e-12,5.9898714e-12,6.642563e-12,6.4261326e-12,6.007274e-12
4.4007433e-07,4.4855463e-07,4.5407498e-07,4.1610048e-07,4.895237e-07,4.488088e-07,4.7586377e-07,3.7623036e-07,4.144846e-07,4.5558184e-07,5.0377747e-07,4.1380366e-07,4.344084e-07,4.675257e-07,4.329022e-07,4.5772103e-07,4.2752757e-07,4.348063e-07,3.9671656e-07,4.6107874e-07,4.4731755e-07,6.256829e-07,4.7193276e-07,6.7338215e-07,1.1105561e-06,1.4047691e-06,7.3931454e-07,1.6262105e-06,2.5783393e-07,1.3188281e-06,3.9088576e-07,5.120428e-07,3.8496364e-07,4.638378e-07,5.0701834e-07,4.1839328e-07,5.2310287e-07,3.7073528e-07,3.3642772e-07,5.9805546e-07,5.561926e-07,7.180979e-07,5.6107046e-07,2.6157525e-07,2.9559962e-07,2.581336e-07,3.7162945e-07,0.00032123644,0.008017978,0.0009784744,0.0028928074,0.02187494,0.007535563,0.021018775,0.0049453424,0.009020074,0.0042202524,0.005776973,0.04788203,0.0063566947,0.017663835,0.0028634383,0.0099554,0.13622434,0.04586057,0.050643537,0.010977383,0.114642076,0.049801923,0.03451528,0.1324746,0.027306879,0.05891596,0.025641972,0.040980835,0.036595326,0.013650179,0.023033636,0.009569558,0.009613668,0.0046083787,0.001781174,0.0013936053,0.00039137053,7.2098544e-07,8.747868e-07,4.7348627e-07,3.4836862e-07,7.6873766e-07,5.5306975e-07,9.592657e-07,6.118702e-07,6.532795e-07,8.476202e-07,1.5072843e-06,8.940913e-07,1.5552195e-06,1.2441102e-06,5.0665676e-07,9.3318283e-07,1.1405584e-06,7.893248e-07,5.6086924e-07,7.47667e-07,3.1435343e-07,5.652391e-07,1.2524793e-06,6.7356837e-07,8.3226644e-07,4.152632e-07,4.5284077e-07,4.5012047e-07,4.746527e-07,4.6635543e-07,4.5739026e-07,4.812408e-07,4.835143e-07,4.4969053e-07,3.9179864e-07,4.5200028e-07,4.250882e-07,4.0314617e-07,4.5306192e-07,4.2709559e-07,3.9743375e-07,5.197681e-07,4.895031e-07,4.4189196e-07
3.638691e-07,3.852662e-07,3.766288e-07,3.3419047e-07,3.9755653e-07,3.5604802e-07,3.906442e-07,3.11137e-07,3.4946527e-07,3.8880447e-07,4.1896578e-07,3.3578596e-07,3.5797854e-07,3.760846e-07,3.596498e-07,3.8068623e-07,3.4485672e-07,3.5675433e-07,3.3203284e-07,3.9515703e-07,3.701297e-07,6.7862584e-07,4.573204e-07,5.899075e-07,1.1355052e-06,1.0442543e-06,6.1117726e-07,1.5051379e-06,2.589897e-07,1.418763e-06,4.2523735e-07,5.970012e-07,4.1462522e-07,4.9182773e-07,5.390607e-07,3.8078426e-07,6.4282756e-07,4.4494166e-07,3.6436774e-07,7.38373e-07,6.6947985e-07,8.285347e-07,6.9204486e-07,2.713604e-07,3.237535e-07,3.621216e-07,5.054752e-07,0.00035097744,0.0094691515,0.0013021406,0.003299231,0.019861702,0.010351482,0.0145111075,0.0051674917,0.010280225,0.003785965,0.0072393566,0.051195856,0.0076075597,0.02443686,0.003227498,0.010286551,0.11393393,0.043250255,0.05219345,0.008534319,0.10037657,0.047209777,0.042210788,0.15965927,0.024483094,0.06886429,0.023738159,0.03405592,0.036963254,0.012743205,0.027050376,0.007952873,0.007035245,0.0043408745,0.001694752,0.0010114019,0.00027533618,8.094159e-07,7.1695496e-07,4.2830285e-07,4.2935963e-07,7.756036e-07,3.5901377e-07,8.113758e-07,6.62726e-07,7.843661e-07,9.339163e-07,1.1122964e-06,9.650353e-07,1.0236445e-06,1.0503688e-06,3.6989962e-07,9.241968e-07,1.3537466e-06,6.99495e-07,5.4732726e-07,7.259183e-07,2.7837154e-07,4.932153e-07,9.926841e-07,5.9611244e-07,7.418712e-07,3.4503435e-07,3.6875983e-07,3.6566968e-07,4.0125354e-07,3.791283e-07,3.8126393e-07,3.974595e-07,3.9942017e-07,3.8146325e-07,3.2968904e-07,3.745027e-07,3.510941e-07,3.3724743e-07,3.8817387e-07,3.4333144e-07,3.3301717e-07,4.380176e-07,4.0707903e-07,3.5198855e-07
2.3631198e-08,2.1300119e-08,2.2098321e-08,1.9906224e-08,2.355407e-08,2.1582503e-08,2.486022e-08,1.8844316e-08,2.1704821e-08,2.3351122e-08,2.424629e-08,2.265566e-08,2.2385096e-08,2.2941569e-08,2.0985576e-08,2.2332385e-08,2.0813689e-08,2.049714e-08,2.0677572e-08,2.3372063e-08,2.2180707e-08,8.086036e-08,8.3883165e-08,6.1601504e-08,1.0073893e-07,8.096067e-08,9.651763e-08,1.4464439e-07,3.2921378e-08,1.4116387e-07,5.1438676e-08,1.0242707e-07,6.518141e-08,4.164574e-08,6.5283686e-08,4.87453e-08,6.730413e-08,4.719324e-08,4.756465e-08,1.2055192e-07,1.0146128e-07,1.3988003e-07,1.04468185e-07,4.3742038e-08,4.9781388e-08,4.4265672e-08,8.810537e-08,5.5162363e-05,0.0020271186,0.000139485,0.0014376232,0.004830035,0.002082526,0.004551267,0.0023265046,0.010918254,0.0013171717,0.008738768,0.09802421,0.0034521867,0.017248329,0.00087097276,0.011190154,0.06864724,0.013738171,0.032995027,0.0052003623,0.20442475,0.027244804,0.054013804,0.19484295,0.017962778,0.08004769,0.0060023693,0.05235532,0.03349903,0.0057673315,0.024087936,0.0020120149,0.0059517287,0.0010042959,0.0006870153,0.00024591622,5.4542375e-05,1.6257192e-07,9.12835e-08,8.638165e-08,6.712541e-08,9.919055e-08,5.0829602e-08,1.6737424e-07,7.799452e-08,1.0676704e-07,1.5419326e-07,1.0509373e-07,1.8481887e-07,1.07621055e-07,6.556595e-08,8.958402e-08,4.9245823e-08,6.748486e-08,7.521993e-08,6.482372e-08,1.0409346e-07,6.011967e-08,4.6703605e-08,1.3018969e-07,4.805305e-08,4.1115673e-08,1.9845075e-08,2.2805146e-08,2.1467669e-08,2.2977742e-08,2.345356e-08,2.3536824e-08,2.2628063e-08,2.4613227e-08,2.2888553e-08,2.175742e-08,2.337505e-08,2.1510543e-08,2.000385e-08,2.2910873e-08,2.0022133e-08,1.9829674e-08,2.3775284e-08,2.4099121e-08,2.0828582e-08
1.1051294e-09,1.0930629e-09,1.0428528e-09,9.796919e-10,1.2342491e-09,9.621146e-10,1.0889677e-09,8.9285374e-10,1.0192431e-09,1.0560436e-09,1.1805941e-09,1.010066e-09,9.973354e-10,1.0692585e-09,1.052376e-09,1.0830228e-09,9.888194e-10,9.761368e-10,9.837552e-10,1.1496131e-09,1.0524682e-09,5.144785e-09,2.5289812e-09,2.4588052e-09,2.7118352e-09,3.0683553e-09,2.2926718e-09,4.1599897e-09,9.0810154e-10,5.49522e-09,1.93262e-09,3.788349e-09,2.732708e-09,2.6066733e-09,2.8794855e-09,2.7334484e-09,3.5083314e-09,2.5335678e-09,2.3930857e-09,6.58985e-09,2.4761624e-09,3.5400045e-09,3.4972276e-09,1.3150246e-09,2.3729774e-09,1.9135684e-09,2.6621545e-09,7.193918e-06,0.0004390547,1.6601132e-05,0.00023453237,0.0019576836,0.00012775807,0.00080251053,0.00020313528,0.0021629445,0.00045559043,0.0007529296,0.021567907,0.0009887271,0.013055001,0.00032372354,0.01149261,0.11722629,0.006231933,0.05375401,0.002651364,0.29029617,0.046045598,0.04262475,0.22859032,0.011440961,0.07937179,0.002957235,0.026609251,0.019628068,0.0008881939,0.013222803,0.000331052,0.0032034912,0.00025226694,4.3665557e-05,2.8764172e-05,1.3921761e-05,5.3926756e-09,3.6837051e-09,2.8927742e-09,2.8356977e-09,3.6393304e-09,1.9921964e-09,6.165163e-09,4.6078514e-09,6.749342e-09,1.0810874e-08,6.6324457e-09,8.952073e-09,7.891051e-09,4.068292e-09,6.7691963e-09,4.5264046e-09,4.8403663e-09,3.9884633e-09,3.4476604e-09,7.609128e-09,2.7256286e-09,2.502151e-09,7.77129e-09,1.7484427e-09,1.7693701e-09,9.52078e-10,1.114018e-09,1.0116548e-09,1.2043248e-09,1.0565271e-09,1.0155136e-09,1.0910258e-09,1.1651806e-09,1.1153746e-09,9.765987e-10,1.1310175e-09,9.722867e-10,9.572786e-10,1.0644683e-09,1.0240446e-09,9.695571e-10,1.1754442e-09,1.1602396e-09,9.294734e-10
3.337531e-12,3.140611e-12,3.0581436e-12,3.200014e-12,3.2545449e-12,2.9523575e-12,3.2925002e-12,3.1545031e-12,3.31015e-12,3.2811406e-12,3.4478527e-12,3.5414508e-12,3.1753658e-12,3.2399031e-12,3.2933543e-12,3.1727986e-12,3.4147368e-12,3.3189816e-12,3.0923218e-12,3.6594968e-12,3.2753377e-12,1.4454831e-11,1.454366e-11,9.586882e-12,1.3971436e-11,9.235066e-12,1.7203032e-11,1.3627006e-11,4.9392543e-12,1.2054587e-11,1.5555496e-11,1.0707921e-11,8.455553e-12,1.26135005e-11,1.1668252e-11,6.709491e-12,8.238691e-12,8.82279e-12,1.0871837e-11,1.2011784e-11,8.5979696e-12,9.313429e-12,2.020023e-11,8.0968045e-12,1.1477474e-11,1.0316166e-11,1.0397215e-11,1.317159e-08,1.351456e-06,1.0256876e-07,1.5595402e-06,9.260424e-06,4.744233e-07,5.8069804e-06,2.224391e-06,5.5755172e-05,3.6048143e-06,4.2537056e-05,0.0019607292,2.9460268e-06,0.00075601385,6.194227e-06,0.0015685301,0.0041067027,0.00016222626,0.018049859,0.0003389345,0.12808529,0.003039282,0.04025188,0.5862925,0.0011261861,0.14992057,0.00046374838,0.04724535,0.011220898,6.742665e-05,0.0049582585,7.4515688e-06,0.00024103078,2.6325515e-06,1.3395791e-06,1.2879055e-06,7.8470194e-08,2.6865185e-11,1.5240259e-11,1.9110645e-11,2.8909732e-11,1.1688344e-11,1.6990746e-11,2.9819574e-11,1.4139714e-11,1.6368882e-11,5.4449157e-11,3.513511e-11,1.8474899e-11,1.9817573e-11,1.9937454e-11,4.281653e-11,1.654406e-11,1.4478065e-11,1.5198138e-11,2.253099e-11,3.22078e-11,1.42701415e-11,1.1034811e-11,3.0646614e-11,8.313546e-12,5.8415725e-12,3.0377556e-12,3.5057372e-12,3.1135684e-12,3.4130242e-12,3.2452777e-12,3.3056893e-12,3.2469615e-12,3.5794462e-12,3.2025298e-12,3.107493e-12,3.529414e-12,3.2518396e-12,2.9249047e-12,3.1736339e-12,3.1667167e-12,3.0639176e-12,3.3137317e-12,3.343501e-12,3.1630768e-12
4.2694416e-12,4.0183807e-12,3.9406954e-12,4.292435e-12,4.3516067e-12,3.70382e-12,4.1616567e-12,4.0466233e-12,4.3578864e-12,4.122534e-12,4.2818054e-12,4.427138e-12,4.0038754e-12,4.1872387e-12,4.122062e-12,4.0265903e-12,4.3066137e-12,4.1877023e-12,3.8578403e-12,4.747126e-12,4.21338e-12,2.0337933e-11,2.2702628e-11,1.6567641e-11,2.5344298e-11,1.2688614e-11,2.298238e-11,2.6869892e-11,4.631245e-12,2.0352097e-11,2.0178892e-11,1.32250105e-11,8.889341e-12,1.4149854e-11,2.0619393e-11,1.1823616e-11,1.4257705e-11,1.1340229e-11,1.27367205e-11,2.3047876e-11,1.2798576e-11,2.0759087e-11,3.037878e-11,8.055212e-12,1.0648933e-11,1.1387198e-11,1.5211853e-11,1.9789569e-08,2.5912748e-06,1.76503e-07,2.1439605e-06,1.6741773e-05,7.8405577e-07,9.381812e-06,3.9593165e-06,6.498291e-05,2.9955775e-06,6.746111e-05,0.0016708858,8.769732e-06,0.0007421151,6.347131e-06,0.0012960904,0.0041624256,0.0004223551,0.012527376,0.00068423036,0.18066016,0.0038528577,0.06284466,0.57448655,0.0022403297,0.10331629,0.00045677234,0.03554149,0.008920583,9.702455e-05,0.005500075,1.4073859e-05,0.00036746782,4.4313924e-06,2.7562833e-06,2.5267955e-06,2.1863328e-07,4.1225672e-11,1.8897182e-11,1.8827781e-11,3.8949656e-11,2.2726024e-11,2.7297092e-11,5.202326e-11,1.7757339e-11,3.3368888e-11,1.0104622e-10,7.070084e-11,4.0907822e-11,3.122889e-11,2.5744936e-11,7.322952e-11,2.1771526e-11,2.289073e-11,1.8354106e-11,3.1384978e-11,4.546334e-11,1.7901085e-11,1.3062461e-11,4.247311e-11,1.070996e-11,8.351591e-12,3.6405527e-12,4.426496e-12,3.882273e-12,4.4599545e-12,4.1233046e-12,4.071941e-12,4.3084954e-12,4.6448245e-12,4.194777e-12,3.9341694e-12,4.525602e-12,4.0612756e-12,3.8167442e-12,4.1662307e-12,4.019109e-12,3.8379655e-12,4.2728065e-12,4.339406e-12,3.761271e-12
3.779012e-12,3.681269e-12,3.5371506e-12,3.864432e-12,3.6570334e-12,3.3531572e-12,3.7327272e-12,3.76606e-12,3.8269357e-12,3.65559e-12,3.7925943e-12,4.113973e-12,3.8299e-12,3.6723554e-12,3.692915e-12,3.5809895e-12,3.9337726e-12,3.798574e-12,3.6206862e-12,4.3009016e-12,3.8643143e-12,1.5852378e-11,2.37814e-11,1.4599856e-11,3.0913556e-11,1.1378537e-11,3.415194e-11,1.8462532e-11,6.229895e-12,1.4977644e-11,1.9482513e-11,7.997956e-12,6.7301776e-12,1.4704488e-11,1.3278547e-11,7.855718e-12,8.6785865e-12,8.825213e-12,1.3094268e-11,1.1978037e-11,8.341944e-12,1.0278984e-11,2.867589e-11,9.643734e-12,9.855026e-12,1.1656194e-11,1.1942176e-11,7.4371735e-09,7.862236e-07,6.388969e-08,6.811002e-07,3.7260309e-06,2.0018847e-07,4.0474047e-06,1.6592702e-06,3.0118672e-05,1.4130906e-06,3.7836664e-05,0.0014095535,1.2506914e-06,0.0007243871,3.2868752e-06,0.0019154958,0.0023426728,0.000109576875,0.021194873,0.0002930721,0.08364764,0.0018908854,0.039916236,0.62433124,0.0006402849,0.15187448,0.00023225427,0.053720158,0.010444319,2.9707715e-05,0.0049741166,3.9065976e-06,0.0002157423,1.4660042e-06,8.2022575e-07,1.9008394e-06,8.50294e-08,5.007583e-11,2.080281e-11,3.7979675e-11,6.590811e-11,2.001327e-11,4.3776496e-11,6.711516e-11,2.3941606e-11,3.207556e-11,1.4636473e-10,5.602101e-11,3.615588e-11,3.596776e-11,2.7949388e-11,1.2066646e-10,2.9196107e-11,2.5367807e-11,2.8942723e-11,3.8293105e-11,5.142778e-11,2.4712147e-11,1.698647e-11,3.6006063e-11,1.21128056e-11,7.802855e-12,3.4462216e-12,3.9425156e-12,3.5810302e-12,3.8140667e-12,3.5718212e-12,3.789167e-12,3.724883e-12,4.101468e-12,3.5075092e-12,3.6264988e-12,4.0464927e-12,3.767964e-12,3.474397e-12,3.523461e-12,3.678251e-12,3.5841323e-12,3.738784e-12,3.8011976e-12,3.4746422e-12
1.1753473e-11,1.1825611e-11,1.15425525e-11,1.19212695e-11,1.18594015e-11,1.0544109e-11,1.1967198e-11,1.1479496e-11,1.1377742e-11,1.1514099e-11,1.2248282e-11,1.2330603e-11,1.1252267e-11,1.2404343e-11,1.19578895e-11,1.15544475e-11,1.1953511e-11,1.1877556e-11,1.1017342e-11,1.3365611e-11,1.1543609e-11,1.4292242e-11,1.39140565e-11,1.3260434e-11,3.999469e-11,9.722288e-12,2.3909725e-11,1.3863671e-11,3.3695468e-12,1.01086925e-11,7.573863e-12,3.946122e-12,3.2999274e-12,7.440729e-12,1.0070436e-11,5.326074e-12,6.2581255e-12,5.023215e-12,6.6883747e-12,7.565316e-12,5.2289197e-12,6.493708e-12,1.2113207e-11,5.678082e-12,8.087472e-12,7.037945e-12,1.12149005e-11,1.4684174e-08,2.242957e-06,1.7922645e-07,2.1733222e-06,1.0765423e-05,4.2486727e-07,1.046021e-05,1.054496e-06,2.0506071e-05,6.0491957e-06,1.2743101e-05,0.00096823415,1.6426202e-06,0.00034974955,2.3553828e-06,0.00079171953,0.0017508563,7.8561185e-05,0.011911358,0.0001892551,0.049163066,0.005830624,0.020424793,0.6750056,0.0012096593,0.12627843,0.0009305899,0.08312691,0.015265918,9.2903676e-05,0.0064101983,4.686991e-06,0.00014136212,2.7916524e-06,6.20303e-07,1.5035382e-06,4.674451e-08,1.8481007e-11,9.6577486e-12,1.958547e-11,1.7698723e-11,9.177144e-12,1.3248705e-11,2.163882e-11,1.0510135e-11,1.07578165e-11,3.1810127e-11,2.431183e-11,1.9023122e-11,1.6699319e-11,1.779669e-11,6.096253e-11,1.0231871e-11,2.5842814e-11,1.00727785e-11,1.5450238e-11,3.179387e-11,1.3564338e-11,8.806706e-12,3.3301778e-11,1.31359775e-11,1.7147124e-11,1.0845458e-11,1.2271384e-11,1.1580261e-11,1.18994155e-11,1.0982933e-11,1.2138648e-11,1.1765495e-11,1.32740485e-11,1.1390639e-11,1.10483185e-11,1.2007714e-11,1.2188715e-11,1.08512106e-11,1.2059954e-11,1.0646892e-11,1.15059325e-11,1.2632504e-11,1.2300348e-11,1.05903845e-11
2.1723606e-06,2.3151183e-06,2.3280172e-06,2.1180188e-06,2.3140717e-06,2.2473332e-06,2.3570362e-06,2.2049337e-06,2.2514905e-06,2.1599492e-06,2.511245e-06,2.1962915e-06,2.287047e-06,2.3486311e-06,2.1938004e-06,2.2563786e-06,2.1669684e-06,2.163124e-06,2.1787425e-06,2.2927509e-06,2.3855894e-06,3.871778e-07,7.5386293e-07,3.599826e-07,3.402025e-07,4.7942575e-07,5.1730433e-07,3.9650843e-07,3.4267592e-07,2.4724613e-07,2.1913277e-07,4.0379862e-07,3.073749e-07,1.4990832e-07,3.3449786e-07,2.477536e-07,1.0970854e-07,1.7656308e-07,2.0762157e-07,1.7113864e-07,2.2315578e-07,8.88723e-08,1.3369436e-07,2.2082618e-07,1.6376138e-07,1.4323899e-07,1.8446002e-07,0.00021423578,0.0025512478,0.00033927182,0.0024802245,0.0029288386,0.007235822,0.012683165,0.006416981,0.01978223,0.0016788008,0.01344406,0.022652404,0.016195955,0.041290782,0.012409192,0.043511845,0.057436183,0.08275512,0.057238348,0.00811968,0.09516748,0.020233883,0.07912334,0.11639643,0.06523472,0.053683553,0.029877372,0.06955998,0.017368399,0.006217126,0.023283947,0.004386589,0.005636995,0.00076045236,0.0011776275,0.00026727348,0.00015094373,3.8121004e-07,4.6678068e-07,3.1686054e-07,3.023505e-07,2.7606984e-07,2.912733e-07,6.873747e-07,3.5562925e-07,1.6854709e-07,4.7264163e-07,4.1866778e-07,5.1879044e-07,3.5961068e-07,4.7020575e-07,2.4096562e-07,5.076452e-07,2.394724e-07,3.6163223e-07,3.1381003e-07,3.9247993e-07,2.5576884e-07,4.2856269e-07,7.7898676e-07,1.1196973e-06,1.5338261e-06,2.261575e-06,2.2368047e-06,2.1956507e-06,2.195768e-06,2.2502843e-06,2.3439277e-06,2.2376794e-06,2.4460733e-06,2.1788717e-06,2.2167114e-06,2.3521952e-06,2.2742145e-06,2.3122984e-06,2.128812e-06,2.2880151e-06,2.2685608e-06,2.342913e-06,2.2364209e-06,2.3402554e-06
3.8419937e-08,3.913185e-08,4.0140144e-08,3.5499173e-08,4.4135465e-08,3.6929215e-08,3.9337195e-08,3.089226e-08,3.658066e-08,3.4563918e-08,4.1555648e-08,3.956459e-08,3.906399e-08,3.9356255e-08,3.685069e-08,4.062446e-08,3.4255454e-08,3.642915e-08,3.3614942e-08,4.064182e-08,4.1902826e-08,2.0943933e-08,1.1715274e-08,1.5487512e-08,1.3408847e-08,3.834629e-08,1.7533656e-08,2.5306125e-08,1.472831e-08,2.9335695e-08,1.1350935e-08,1.4733087e-08,1.2091077e-08,1.0188662e-08,1.6921621e-08,2.4370111e-08,7.810846e-09,4.99937e-09,8.664903e-09,1.3093685e-08,2.1815078e-08,1.0490012e-08,1.2611832e-08,7.1278263e-09,6.0764593e-09,7.1493935e-09,5.1783937e-09,5.5866232e-05,0.001473481,3.435745e-05,0.00037379708,0.0012103659,0.0007566826,0.00313969,0.0007763396,0.003909256,0.00018447492,0.0011057142,0.004641586,0.0012642958,0.009209635,0.00058861077,0.022576276,0.087569624,0.05250893,0.07672701,0.0038197034,0.18854578,0.0164898,0.098091654,0.060411423,0.07776134,0.10081173,0.014525979,0.11109941,0.01396345,0.011844185,0.01948949,0.0035644798,0.010672039,0.00052405876,0.00012988347,9.025639e-05,5.6563593e-05,1.8672955e-08,1.5491352e-08,1.16241505e-08,1.1712281e-08,2.246279e-08,2.8510135e-08,4.542076e-08,2.9239947e-08,2.4154184e-08,3.8522817e-08,3.7571485e-08,3.5475207e-08,8.1218126e-08,3.985954e-08,3.4100694e-08,3.169985e-08,3.5591643e-08,5.1491046e-08,4.8345537e-08,4.5643258e-08,1.42324295e-08,3.1484134e-08,6.0713425e-08,3.996627e-08,5.1708557e-08,3.6866293e-08,3.7498893e-08,3.8479193e-08,4.1095642e-08,4.1501785e-08,3.9494168e-08,4.0328775e-08,4.077926e-08,3.4884607e-08,3.6516525e-08,4.1272546e-08,3.7456857e-08,3.6016136e-08,3.8391516e-08,3.73141e-08,3.4431793e-08,4.3752596e-08,3.7382627e-08,3.8646014e-08
7.248426e-11,7.488493e-11,7.83963e-11,7.125306e-11,7.514849e-11,7.000255e-11,6.8730334e-11,6.532601e-11,7.605491e-11,7.2230326e-11,7.926914e-11,7.539183e-11,8.2767154e-11,7.5554216e-11,7.121569e-11,7.402125e-11,7.5889434e-11,6.942892e-11,6.833584e-11,8.458572e-11,7.8014144e-11,6.714972e-11,8.1873446e-11,1.160283e-10,7.3308894e-11,1.2591679e-10,1.2273464e-10,1.9461127e-10,6.4776115e-11,1.6578686e-10,6.363747e-11,2.165475e-10,1.0863716e-10,8.7554866e-11,1.243383e-10,1.2499338e-10,1.304611e-10,1.0174788e-10,7.284365e-11,2.0464214e-10,2.2026957e-10,1.1399438e-10,1.1520049e-10,1.09845015e-10,1.294735e-10,8.580853e-11,9.683273e-11,5.5009923e-07,1.4030213e-05,1.3327067e-06,1.9617966e-05,1.2427556e-05,4.9788887e-05,4.5471028e-05,4.122592e-05,0.00016641815,7.91965e-06,8.046289e-05,0.00016349366,0.00028486428,0.0006798623,5.146551e-05,0.0059884735,0.0035629203,0.0067248,0.009428475,0.00959566,0.273052,0.028800089,0.19978097,0.060099635,0.13038228,0.11169676,0.007984799,0.1264532,0.011804942,0.0062353564,0.0047693425,0.0010171022,0.000926287,3.4613455e-05,3.6912235e-05,3.469891e-06,2.9709963e-06,2.4617974e-10,1.5503161e-10,2.006947e-10,1.4789892e-10,1.6512287e-10,1.5064261e-10,3.6747902e-10,1.1521983e-10,1.212897e-10,2.2330345e-10,6.237543e-11,1.3999289e-10,1.8978032e-10,1.141554e-10,1.4615466e-10,1.1962059e-10,1.0686133e-10,1.3351159e-10,2.3534497e-10,1.2267613e-10,7.696199e-11,6.656175e-11,1.3062544e-10,1.2116484e-10,9.4252835e-11,7.9653346e-11,7.674505e-11,6.868683e-11,8.080484e-11,7.680172e-11,7.514247e-11,7.725762e-11,7.921504e-11,7.250044e-11,7.506956e-11,7.548551e-11,7.372339e-11,7.4665295e-11,7.943472e-11,7.36933e-11,6.599414e-11,7.4346404e-11,7.7289154e-11,6.895014e-11
3.8199593e-11,3.8678637e-11,3.759947e-11,4.1376933e-11,3.7050453e-11,3.7927918e-11,3.7936022e-11,3.4970436e-11,3.720398e-11,3.6146374e-11,4.1154666e-11,3.680927e-11,3.8632184e-11,3.695884e-11,4.1696688e-11,4.0720843e-11,3.7773135e-11,3.1453666e-11,3.6626063e-11,3.729734e-11,3.721547e-11,2.8184776e-11,8.3176896e-11,5.735378e-11,1.08320616e-10,6.827423e-11,4.440706e-11,1.7094874e-10,1.8715758e-11,2.135923e-11,2.1196165e-11,6.913571e-11,2.2110841e-11,4.3244384e-11,5.950238e-11,5.441635e-11,1.063228e-10,3.9165185e-11,5.978063e-11,1.4255921e-10,4.9117772e-11,9.700282e-11,4.5935523e-11,2.5758354e-11,2.035579e-11,3.837632e-11,4.0302508e-11,1.9423948e-07,1.2860284e-05,3.0302547e-07,1.6447973e-05,1.324429e-05,6.454194e-05,4.149506e-05,0.00012763577,0.0002648391,5.02203e-06,0.00066972955,0.0003736757,0.0024717993,0.008522235,0.00014214971,0.051090553,0.011783916,0.11797385,0.07713984,0.1115744,0.17811319,0.0042429906,0.22351545,0.029183092,0.10303015,0.053548336,0.0013300275,0.017887507,0.0031603125,0.0031835611,0.00022619276,5.541638e-05,0.00022008215,7.1401264e-06,5.5272e-06,1.4881224e-06,7.7450403e-07,8.795492e-11,3.6406114e-11,3.4449426e-11,7.175003e-11,4.712703e-11,5.212966e-11,7.269196e-11,2.4828896e-11,1.7118947e-11,4.998232e-11,6.634527e-11,3.3187616e-11,4.8157645e-11,1.7358243e-11,2.2802623e-11,2.2820374e-11,3.3252883e-11,3.2792463e-11,6.011015e-11,3.8491117e-11,4.84828e-11,4.8830814e-11,5.62421e-11,4.3675757e-11,4.465218e-11,3.699212e-11,3.7652582e-11,3.451638e-11,4.1884163e-11,4.251876e-11,4.0256104e-11,3.8344123e-11,4.0764052e-11,3.9301826e-11,3.7210363e-11,3.8949444e-11,3.9554963e-11,3.525131e-11,3.9115614e-11,3.554134e-11,3.5805615e-11,3.6203086e-11,4.0866185e-11,3.6648427e-11
1.0842502e-11,1.08576715e-11,1.0825909e-11,1.1469824e-11,1.0868757e-11,1.09803165e-11,1.1317379e-11,1.075271e-11,1.0684162e-11,1.1262233e-11,1.1812403e-11,1.0952247e-11,1.0899835e-11,1.0441144e-11,1.1374707e-11,1.1326536e-11,1.124253e-11,1.0145066e-11,1.0649006e-11,1.1487953e-11,1.0933712e-11,2.2150242e-11,2.8627007e-11,5.0550994e-11,3.167603e-11,3.2430912e-11,5.40895e-11,5.0631763e-11,2.985016e-11,2.356685e-11,3.145681e-11,3.8314695e-11,2.1580541e-11,3.9813097e-11,2.7396694e-11,3.7957693e-11,4.9035064e-11,2.8126206e-11,2.6535558e-11,2.7943283e-11,2.923347e-11,3.7224234e-11,5.411902e-11,2.050873e-11,2.620206e-11,5.070511e-11,2.1833053e-11,2.5942024e-08,2.3719103e-06,8.998915e-08,4.0851473e-06,6.618469e-07,6.7361048e-06,3.6168042e-06,4.9498994e-05,9.936732e-05,1.1487215e-06,0.00014124507,2.6431508e-05,0.00027795392,0.0008273817,3.2918175e-05,0.0068052434,0.0008952714,0.020920904,0.033186924,0.13429707,0.31410086,0.0020876268,0.42116162,0.006686904,0.033794165,0.017666683,0.00056620355,0.0051931976,0.00046054242,0.0005183378,7.8334066e-05,1.5961665e-05,8.8351146e-05,1.1167937e-06,8.8780376e-07,1.1930236e-07,1.8208064e-07,2.6420616e-11,2.9552295e-11,1.7482658e-11,4.399979e-11,3.444354e-11,3.182306e-11,7.293213e-11,2.2628512e-11,1.911602e-11,4.4350978e-11,2.564787e-11,3.002254e-11,2.410208e-11,1.9456608e-11,1.5611654e-11,2.5749186e-11,3.0075442e-11,3.6110975e-11,6.1160764e-11,7.52088e-11,4.8975896e-11,5.4561473e-11,2.715727e-11,2.2370768e-11,1.5834653e-11,1.1042884e-11,1.0179645e-11,9.787e-12,1.1903549e-11,1.1672312e-11,1.1230271e-11,1.1547244e-11,1.1496348e-11,1.111172e-11,1.1477944e-11,1.1258388e-11,1.1473654e-11,1.0719127e-11,1.1943212e-11,1.0722624e-11,1.0787735e-11,1.054409e-11,1.1208123e-11,1.07792e-11
1.7341231e-11,1.7783847e-11,1.7577599e-11,1.8201864e-11,1.8014977e-11,1.6966943e-11,1.740555e-11,1.7381863e-11,1.758491e-11,1.7779339e-11,1.9056989e-11,1.806139e-11,1.7906449e-11,1.6630967e-11,1.7987714e-11,1.7689666e-11,1.7456118e-11,1.633476e-11,1.5981159e-11,1.8371972e-11,1.6949345e-11,2.4357114e-11,4.2146366e-11,7.261863e-11,3.3057092e-11,2.2357654e-11,3.7351292e-11,4.9923343e-11,2.9648638e-11,9.830788e-12,1.004938e-11,4.169676e-11,1.5192425e-11,2.6924789e-11,3.2598518e-11,2.5536162e-11,3.718808e-11,1.7952478e-11,2.860171e-11,2.2372156e-11,3.039246e-11,1.7625271e-11,3.7755195e-11,2.3645893e-11,2.4051405e-11,3.5163532e-11,3.047506e-11,6.662968e-08,4.593291e-06,1.0618665e-07,5.017371e-06,4.1073986e-06,1.0954735e-05,3.829408e-06,2.5025376e-05,5.201668e-05,6.124803e-07,0.00015844362,0.00023317966,0.0002642546,0.0014268701,3.0541956e-05,0.021897577,0.008466541,0.016546082,0.020546567,0.06091435,0.2941513,0.0022528488,0.3947278,0.045688093,0.07082237,0.027121056,0.000661671,0.028506776,0.003981833,0.0012028234,0.0001618589,3.5445813e-05,9.2894225e-05,8.0637733e-07,9.616546e-07,4.7580025e-07,2.1826229e-07,2.4231816e-11,2.039924e-11,2.126419e-11,3.569718e-11,3.3442804e-11,2.0010523e-11,6.9671685e-11,2.83277e-11,1.2999978e-11,3.0731542e-11,1.7401035e-11,3.333912e-11,1.8621677e-11,1.430977e-11,3.5449393e-11,2.4787252e-11,3.779893e-11,2.6287836e-11,3.9846335e-11,5.991086e-11,2.124781e-11,3.7569788e-11,2.7123855e-11,2.8418833e-11,2.2253335e-11,1.7581624e-11,1.7029775e-11,1.6406763e-11,1.870783e-11,1.7707726e-11,1.7850455e-11,1.7118093e-11,1.844599e-11,1.8105295e-11,1.9048922e-11,1.8460629e-11,1.7642592e-11,1.7990734e-11,1.832843e-11,1.7245379e-11,1.8135016e-11,1.7039719e-11,1.8532176e-11,1.7597089e-11
3.0419566e-11,3.3008665e-11,3.543009e-11,3.1233325e-11,3.5050664e-11,3.1249836e-11,3.4024984e-11,2.7855262e-11,3.2255896e-11,2.8601947e-11,3.420079e-11,3.201605e-11,3.470302e-11,3.5857237e-11,3.432437e-11,3.2339856e-11,3.043129e-11,3.0967402e-11,2.917609e-11,3.412892e-11,3.3158472e-11,3.4097423e-11,6.5885915e-11,5.515905e-11,5.718222e-11,7.216663e-11,3.741999e-11,6.3743816e-11,2.5028707e-11,5.1396828e-11,3.0534374e-11,1.0682108e-10,2.7409653e-11,8.5580744e-11,5.874876e-11,9.40229e-11,1.0215029e-10,5.291417e-11,8.4761025e-11,7.477595e-11,1.2987082e-10,6.119471e-11,1.1088605e-10,6.111212e-11,6.4876576e-11,5.977976e-11,5.3393706e-11,9.220874e-07,0.00019783477,1.888896e-06,0.000117792464,2.868831e-05,0.00024604646,7.975733e-05,0.00014251351,0.00042794587,3.1082693e-06,0.0007266218,0.0010659493,0.0021604472,0.009625331,0.00016854673,0.107686944,0.027008902,0.066651106,0.04121568,0.017280916,0.2359448,0.003296061,0.1493965,0.033402152,0.11818466,0.08450192,0.002099202,0.08990479,0.0029787244,0.004356474,0.00040246212,0.00016238299,0.00050609827,6.751056e-06,9.76456e-06,4.4541653e-06,5.8663927e-06,1.6049942e-10,5.6200208e-11,6.550599e-11,6.282251e-11,6.982659e-11,3.2288457e-11,1.3317598e-10,3.9063076e-11,2.4403353e-11,8.016155e-11,3.941303e-11,6.847262e-11,9.442943e-11,2.1231664e-11,1.3408284e-10,3.8834342e-11,4.5214676e-11,4.6876673e-11,1.1524058e-10,4.4716213e-11,1.847202e-11,3.3376878e-11,5.9719237e-11,4.100167e-11,3.785791e-11,3.2004083e-11,3.2722946e-11,3.0948386e-11,3.3405407e-11,3.3699342e-11,3.4923668e-11,3.2218325e-11,3.488226e-11,3.2795114e-11,3.3189094e-11,3.3951536e-11,3.3090555e-11,3.1341936e-11,3.2388005e-11,3.17388e-11,3.0462768e-11,3.4210773e-11,3.2608426e-11,3.2427325e-11
5.6160606e-12,5.6304974e-12,5.5178145e-12,5.510599e-12,5.28014e-12,5.090409e-12,5.6493226e-12,4.97212e-12,5.406448e-12,5.4326105e-12,5.526198e-12,5.3270873e-12,5.935409e-12,5.4382297e-12,5.6452833e-12,5.022676e-12,5.34019e-12,5.3534785e-12,5.4836006e-12,5.545489e-12,5.368663e-12,1.9597867e-11,4.0359896e-11,2.0356336e-11,1.8504136e-11,2.6599237e-11,2.7684587e-11,2.6353912e-11,1.0769184e-11,1.463764e-11,1.5387648e-11,3.1937782e-11,2.5377441e-11,2.2001003e-11,3.8247565e-11,3.732061e-11,7.999013e-11,2.1800622e-11,5.338309e-11,5.3003334e-11,4.3839925e-11,3.358357e-11,5.782369e-11,4.8205072e-11,3.5568194e-11,2.8565626e-11,2.6179763e-11,1.14186975e-07,1.0401334e-05,1.4768156e-07,1.1140682e-05,7.5537247e-07,1.8088269e-05,6.6499756e-06,2.015417e-05,8.0423706e-05,6.3214213e-07,0.00023336944,5.6267494e-05,0.00094822777,0.00821846,0.0003863102,0.22747831,0.0064003845,0.1803785,0.020370284,0.14614728,0.22606254,0.0010475873,0.07773394,0.00254029,0.05211325,0.032575425,0.0014699006,0.012417147,0.00033151504,0.002751666,4.78959e-05,4.358003e-05,9.2213544e-05,2.4384092e-06,3.3897024e-06,4.3842314e-07,8.231684e-07,8.638347e-11,3.5914296e-11,3.11983e-11,4.6068628e-11,3.6452046e-11,2.4009381e-11,6.242603e-11,2.658595e-11,1.3083461e-11,2.1747795e-11,1.29237844e-11,2.1566537e-11,3.796621e-11,1.8284927e-11,2.912503e-11,2.4735118e-11,3.3754388e-11,2.2479437e-11,4.2455872e-11,4.8325483e-11,1.9165145e-11,2.7617872e-11,1.2768128e-11,1.8810955e-11,8.261572e-12,5.6609613e-12,5.2080844e-12,4.805046e-12,5.8245284e-12,5.505252e-12,5.750777e-12,5.426925e-12,5.5237954e-12,5.6409456e-12,5.784131e-12,5.396032e-12,5.58209e-12,5.3928017e-12,5.7072762e-12,5.510221e-12,5.2655068e-12,5.220725e-12,5.310541e-12,5.3603346e-12
6.061395e-11,7.249906e-11,7.166467e-11,6.110905e-11,7.790797e-11,6.3858155e-11,6.79633e-11,4.993562e-11,6.5479205e-11,6.236009e-11,6.810643e-11,6.24446e-11,6.5835996e-11,7.430572e-11,6.578478e-11,6.405896e-11,6.5643393e-11,6.101157e-11,6.0074834e-11,6.540007e-11,6.8692205e-11,2.1776939e-10,3.4498684e-10,2.1068279e-10,1.1152589e-10,3.7571238e-10,1.2709331e-10,2.9087288e-10,1.799366e-10,4.03099e-10,2.2676418e-10,5.738685e-10,1.638685e-10,5.6880667e-10,4.4364237e-10,6.059699e-10,7.437978e-10,3.8686915e-10,4.0225262e-10,6.22172e-10,8.194082e-10,6.6688605e-10,3.4555783e-10,2.780875e-10,3.1384642e-10,3.2412287e-10,2.1606233e-10,4.499477e-06,0.002306002,9.502095e-06,0.0008060563,0.0001346575,0.0010789292,0.0010883572,0.0004918638,0.006556008,4.8644848e-05,0.0051889005,0.0015986194,0.01954118,0.062953606,0.004080583,0.18548696,0.02877667,0.2926606,0.037412602,0.014589205,0.18351664,0.0025102799,0.042839475,0.0044060564,0.0319573,0.036595643,0.0032768864,0.025163738,0.00064661057,0.0030481874,0.0003959382,0.0003064257,0.0004491225,1.7995353e-05,3.30705e-05,7.484786e-06,1.5648626e-05,1.1119227e-09,7.2401674e-10,2.9202638e-10,4.6131773e-10,5.2404425e-10,2.5037725e-10,7.2800754e-10,3.0463282e-10,2.0750986e-10,3.9601095e-10,1.7861296e-10,3.8307005e-10,1.155833e-09,2.1173223e-10,7.22797e-10,2.5759736e-10,4.0631634e-10,3.8535353e-10,2.6833136e-10,2.2831265e-10,1.9211704e-10,2.8478644e-10,3.7209025e-10,1.4987225e-10,9.275619e-11,6.647218e-11,6.258148e-11,6.568998e-11,7.079112e-11,6.7706604e-11,6.733827e-11,6.488159e-11,6.216011e-11,6.489818e-11,6.750789e-11,6.572157e-11,6.099016e-11,6.381335e-11,6.977368e-11,6.255773e-11,5.5578896e-11,6.991276e-11,7.086975e-11,6.3450946e-11
1.9437804e-11,1.9790655e-11,2.0186228e-11,1.9974048e-11,2.0324457e-11,2.0861196e-11,2.006083e-11,1.935748e-11,1.9493865e-11,1.991121e-11,2.2243086e-11,1.9270578e-11,2.0290913e-11,2.0763861e-11,2.0507164e-11,1.9100782e-11,2.020649e-11,1.8051312e-11,1.8902935e-11,2.0605182e-11,2.0359067e-11,7.3733714e-11,2.2995349e-10,9.275786e-11,2.177296e-11,5.0215325e-11,7.410339e-11,8.476702e-11,3.6152324e-11,3.3412488e-11,1.01005274e-10,1.9896793e-10,4.2870908e-11,7.71577e-11,1.063882e-10,9.1213426e-11,9.409665e-11,1.08198034e-10,9.722443e-11,7.177513e-11,8.393588e-11,5.572405e-11,7.63429e-11,8.701621e-11,4.7413237e-11,6.3161455e-11,5.5843857e-11,3.1897991e-07,5.126677e-05,1.1362235e-06,0.00062746694,1.4605539e-05,0.00033588035,7.688754e-05,0.00058133405,0.0061500417,2.295877e-05,0.009984963,0.0012612033,0.008032182,0.023325926,0.0019944736,0.54316807,0.0052608256,0.048334908,0.0060251476,0.021146184,0.108471595,0.0008445403,0.058501516,0.0058614025,0.06250332,0.021249648,0.00095974567,0.062073164,0.0005538208,0.0020426752,7.025751e-05,0.000115766925,0.00033844105,2.6103187e-06,1.2103291e-05,1.8409849e-06,1.7711197e-06,9.5179684e-11,5.5111835e-11,5.4954177e-11,3.5572968e-11,4.1179976e-11,2.2342113e-11,7.707709e-11,3.8121156e-11,3.125377e-11,4.9734626e-11,4.086341e-11,5.5875606e-11,8.3601626e-11,4.1809643e-11,2.0393355e-10,2.3317756e-11,8.205847e-11,3.716712e-11,4.919694e-11,1.2488269e-10,4.4905194e-11,5.892417e-11,6.5762375e-11,4.7337332e-11,2.2120727e-11,2.0997162e-11,1.9493492e-11,1.8877675e-11,1.9277673e-11,1.859153e-11,2.0949157e-11,1.8649917e-11,2.037581e-11,2.0893013e-11,2.1733336e-11,2.1677488e-11,1.9610069e-11,1.9856861e-11,2.0395135e-11,2.0586248e-11,2.0322907e-11,1.8965952e-11,2.0669818e-11,1.895337e-11
7.1278185e-11,7.639394e-11,7.488435e-11,7.318064e-11,7.005784e-11,7.046229e-11,7.336246e-11,6.8956306e-11,6.889177e-11,7.533389e-11,8.020567e-11,6.948627e-11,7.114263e-11,7.495109e-11,7.548593e-11,6.915915e-11,7.395379e-11,6.905528e-11,7.158802e-11,7.817948e-11,7.383905e-11,7.512455e-11,6.527631e-11,7.5128126e-11,3.715128e-11,4.2252042e-11,4.6609872e-11,8.860973e-11,3.2938825e-11,4.785574e-11,1.0564516e-10,1.4956468e-10,4.4082734e-11,6.0197444e-11,6.1299785e-11,6.2790585e-11,7.357616e-11,6.821979e-11,3.600427e-11,9.223696e-11,7.8436965e-11,5.149824e-11,9.226687e-11,6.358081e-11,6.069272e-11,4.453029e-11,3.337875e-11,2.104658e-07,1.1318999e-05,1.072313e-06,5.8750178e-05,3.570224e-06,3.2769763e-05,5.140906e-06,1.8083227e-05,5.800843e-05,1.6642365e-06,6.553949e-05,4.630473e-06,7.364427e-05,9.974575e-05,2.2124485e-05,0.0016801944,4.6332054e-05,0.0013803792,0.00020916958,0.0019407992,0.019746862,0.0005410898,0.054726105,0.00612579,0.18698245,0.2058741,0.007352858,0.44320455,0.0039210045,0.062414177,0.0010123731,0.00084912137,0.0014746992,5.9632202e-06,5.164728e-05,1.8003373e-06,2.2187778e-06,8.732337e-11,4.7526087e-11,6.5217075e-11,6.440799e-11,6.278867e-11,3.2380692e-11,6.871657e-11,3.485529e-11,2.39458e-11,5.883371e-11,4.138884e-11,6.679741e-11,9.4052224e-11,5.502408e-11,1.3455205e-10,3.5087613e-11,1.2620001e-10,3.0896806e-11,5.9513026e-11,7.087961e-11,3.7529743e-11,2.8202673e-11,3.0242687e-11,7.531996e-11,5.4280844e-11,7.591042e-11,7.2840296e-11,7.4161705e-11,6.827368e-11,7.348837e-11,7.316389e-11,6.7159195e-11,7.051459e-11,8.2289876e-11,7.513401e-11,7.4549596e-11,7.8199155e-11,7.3425314e-11,7.588016e-11,7.171689e-11,7.04721e-11,7.264189e-11,8.000459e-11,7.177738e-11
5.380773e-11,5.9932476e-11,5.894213e-11,5.908856e-11,5.8001416e-11,5.2616043e-11,5.619075e-11,5.779602e-11,5.4739584e-11,6.077801e-11,6.7748473e-11,5.7312342e-11,5.9725246e-11,6.028801e-11,5.874941e-11,5.76674e-11,5.883351e-11,5.4193976e-11,5.137318e-11,6.398388e-11,5.869789e-11,1.7481754e-10,1.7484822e-10,3.6058456e-10,8.3669696e-11,1.4679616e-10,9.921156e-11,1.9984067e-10,1.2479952e-10,1.4085054e-10,2.4348445e-10,4.4202086e-10,1.1773285e-10,1.5863552e-10,4.660112e-10,3.543293e-10,2.2666004e-10,1.5745384e-10,1.6595172e-10,2.2589439e-10,3.657645e-10,2.6055588e-10,2.6698774e-10,2.92838e-10,2.7065428e-10,2.1905712e-10,3.6213055e-10,1.8005237e-06,4.4470307e-05,1.3311131e-06,0.00010043621,2.0766724e-05,8.947783e-05,3.8361035e-05,0.0002154839,0.0004975504,6.338708e-06,0.0009073037,0.0007125238,0.0016847167,0.0009658386,3.905129e-05,0.015765097,0.0005823022,0.0068379636,0.0048831627,0.013539959,0.13972406,0.0027888562,0.10943418,0.10606298,0.24591486,0.21254821,0.003143426,0.104016714,0.0065451134,0.017445656,0.0011180858,0.0013234256,0.0028723336,1.5682754e-05,7.4469e-05,1.9996205e-05,1.8037952e-05,4.9146204e-10,2.346351e-10,1.9357699e-10,4.556782e-10,2.838987e-10,1.5829517e-10,3.540503e-10,1.9133599e-10,1.2992475e-10,3.9676412e-10,2.8513927e-10,2.2444491e-10,2.9385408e-10,1.2211729e-10,2.6563254e-10,9.815619e-11,2.2766523e-10,1.2674065e-10,1.6502343e-10,1.9203283e-10,1.305911e-10,8.568262e-11,2.7461824e-10,1.8849862e-10,8.739822e-11,5.9018734e-11,6.017267e-11,5.696545e-11,5.6722155e-11,5.8095754e-11,5.7711523e-11,5.6885864e-11,6.458997e-11,6.398242e-11,5.968346e-11,6.319045e-11,6.02718e-11,5.920928e-11,6.0637564e-11,5.9601206e-11,5.587973e-11,6.069831e-11,6.052951e-11,5.85762e-11
3.125826e-10,3.0392505e-10,3.2368824e-10,3.312392e-10,3.205194e-10,3.131256e-10,3.1827083e-10,3.1570851e-10,3.5227152e-10,3.2944725e-10,3.2197214e-10,3.4499442e-10,3.509798e-10,3.3110276e-10,3.1576455e-10,2.884021e-10,3.2390132e-10,2.9625843e-10,2.8919475e-10,3.5771525e-10,3.0024158e-10,1.8612614e-10,2.8547414e-10,3.805086e-10,9.8624116e-11,2.3610908e-10,1.3114031e-10,2.461706e-10,1.5110836e-10,7.106921e-11,1.7677144e-10,1.8462558e-10,1.5990086e-10,1.5331829e-10,2.162357e-10,2.0657373e-10,1.2815159e-10,1.296904e-10,9.8574836e-11,1.3165209e-10,2.2307764e-10,1.08498946e-10,1.6935411e-10,1.2930802e-10,2.5975963e-10,1.8083096e-10,2.003717e-10,6.6417374e-07,5.3851672e-05,2.266775e-06,7.085382e-05,2.454525e-05,8.0760015e-05,2.362917e-05,5.9780745e-05,0.00021699659,1.8706907e-05,0.0009729439,0.0002416645,0.0007955346,0.00058226293,0.00014967774,0.0036666067,0.00052852737,0.0055511957,0.0022647278,0.0045141187,0.13093145,0.0070749167,0.45822117,0.06265355,0.12027611,0.09608569,0.014826812,0.07677248,0.003605985,0.0065240064,0.0017892839,0.00026669964,0.0010294562,1.6897833e-05,9.50946e-05,4.518368e-06,6.541814e-06,1.8015381e-10,1.5926441e-10,9.127261e-11,1.9393043e-10,1.2565755e-10,7.0851845e-11,2.1125078e-10,9.463175e-11,1.9828977e-10,5.654108e-10,3.318722e-10,3.8741224e-10,4.4972762e-10,1.6104035e-10,3.494048e-10,1.4753646e-10,2.592429e-10,1.2464806e-10,2.5958777e-10,5.627759e-10,2.567593e-10,1.9695845e-10,4.9599e-10,3.3957193e-10,3.4498784e-10,2.842061e-10,3.207267e-10,3.41986e-10,2.908726e-10,3.259614e-10,3.136241e-10,3.248789e-10,3.1125588e-10,3.6197334e-10,3.3552874e-10,3.2919784e-10,3.133855e-10,3.2052183e-10,3.1004657e-10,3.2563266e-10,3.0891203e-10,2.961121e-10,3.4511882e-10,3.0398997e-10
1.4212675e-10,1.5022976e-10,1.4572382e-10,1.3963002e-10,1.391711e-10,1.3877827e-10,1.4213379e-10,1.379559e-10,1.4045218e-10,1.4121396e-10,1.550796e-10,1.4553883e-10,1.4406647e-10,1.471404e-10,1.461865e-10,1.3448592e-10,1.451103e-10,1.4198262e-10,1.3769146e-10,1.5419653e-10,1.4604937e-10,1.7387912e-10,1.3078655e-10,1.6340602e-10,5.5488676e-11,9.073879e-11,8.817649e-11,1.1491371e-10,5.2628693e-11,6.594523e-11,1.3187416e-10,2.2254584e-10,7.056911e-11,8.993792e-11,9.8336096e-11,1.1953946e-10,8.060353e-11,8.113816e-11,5.6630704e-11,1.1048889e-10,8.7054176e-11,6.8441e-11,1.1943142e-10,1.1952167e-10,1.04777506e-10,6.897884e-11,5.138661e-11,2.0648807e-07,8.627123e-06,5.075802e-07,3.1176776e-05,4.3278374e-06,1.50846045e-05,5.034758e-06,1.4358595e-05,0.0001027438,1.71732e-06,5.379112e-05,1.23896325e-05,9.045472e-05,0.00010253608,1.798335e-05,0.0033575222,6.918276e-05,0.0010692674,0.0005287201,0.0027641875,0.05407131,0.0010469682,0.06652908,0.008478006,0.20171,0.17367996,0.0070362426,0.43012714,0.004197707,0.03724743,0.0017081837,0.00089532597,0.0049751224,7.869226e-06,3.2505373e-05,2.7350204e-06,4.5776337e-06,1.11173376e-10,9.0179426e-11,1.2101338e-10,9.3901706e-11,9.3912815e-11,6.445522e-11,1.2915981e-10,9.1046344e-11,7.046179e-11,1.2758057e-10,9.607738e-11,1.9264661e-10,2.2223959e-10,1.7455566e-10,2.3664953e-10,9.978907e-11,2.41662e-10,1.3730488e-10,1.646738e-10,3.3232683e-10,8.689973e-11,9.1922636e-11,1.3916925e-10,2.0548391e-10,1.3182361e-10,1.4439053e-10,1.4711739e-10,1.4409532e-10,1.4800734e-10,1.4584227e-10,1.4669735e-10,1.3133823e-10,1.4718952e-10,1.5409421e-10,1.4981827e-10,1.4939709e-10,1.4715443e-10,1.4067147e-10,1.4572826e-10,1.4545945e-10,1.3457085e-10,1.4224444e-10,1.4787979e-10,1.421582e-10
1.7454437e-11,1.8681534e-11,1.6982013e-11,1.6573128e-11,1.6510028e-11,1.7642677e-11,1.718701e-11,1.6982984e-11,1.7226165e-11,1.8548354e-11,1.9420795e-11,1.836684e-11,1.921435e-11,1.9016233e-11,1.7018557e-11,1.645765e-11,1.8276785e-11,1.7913606e-11,1.6011808e-11,1.8772223e-11,1.731735e-11,4.0513797e-11,2.4578626e-11,4.3730894e-11,1.9809576e-11,2.1135949e-11,2.0393617e-11,1.5776502e-11,1.4613661e-11,1.18746835e-11,2.5663775e-11,5.298649e-11,1.3481777e-11,4.1874056e-11,3.7114353e-11,2.612566e-11,4.8795946e-11,3.5702392e-11,2.2345185e-11,2.2589444e-11,4.5126115e-11,1.5959152e-11,3.4910887e-11,3.666111e-11,2.7269022e-11,3.3279435e-11,2.8600811e-11,1.905454e-07,3.697756e-05,1.3188031e-06,4.17912e-05,1.2736112e-06,9.3534625e-05,2.780735e-06,6.8804395e-05,0.00013951366,1.1911984e-06,0.00035539205,7.1787235e-06,0.00015987968,9.071905e-05,1.7976436e-05,0.0031838357,2.2090273e-05,0.0024369585,0.00020765918,0.0028805872,0.030816354,0.0003993725,0.098140895,0.0019368789,0.07403081,0.11508261,0.0070198798,0.5311486,0.002364688,0.119432956,0.0006174184,0.004571714,0.0045678006,5.3120507e-06,0.000110569505,2.4968722e-06,1.9416216e-06,4.5902716e-11,4.0122374e-11,4.0495798e-11,3.0498527e-11,3.5147604e-11,1.3692673e-11,4.021477e-11,2.325012e-11,9.095886e-12,3.7344634e-11,1.3078756e-11,1.1036168e-11,3.2325434e-11,1.8181446e-11,4.2716237e-11,1.1172693e-11,3.9008803e-11,1.2737392e-11,3.0320288e-11,2.8184637e-11,1.3366404e-11,1.2852384e-11,1.857845e-11,2.3709413e-11,1.8684849e-11,1.7985639e-11,1.814905e-11,1.7757733e-11,1.7153116e-11,1.7289233e-11,1.8290489e-11,1.7195701e-11,1.7829073e-11,1.8569205e-11,1.8646184e-11,1.9079377e-11,1.7851462e-11,1.8051005e-11,1.8404852e-11,1.7928783e-11,1.5394323e-11,1.7639043e-11,1.7895302e-11,1.7933436e-11
1.8658568e-10,1.8715347e-10,1.8645227e-10,1.8626353e-10,1.7464498e-10,1.8554479e-10,1.8516791e-10,1.7567932e-10,1.7621862e-10,1.783955e-10,1.9536527e-10,1.7799444e-10,1.8228706e-10,1.8904164e-10,1.8853463e-10,1.733328e-10,1.9591492e-10,1.8063234e-10,1.8072331e-10,1.899271e-10,1.884613e-10,2.9050712e-10,1.864953e-10,1.5413892e-10,1.1590938e-10,1.2386922e-10,1.0728088e-10,2.7823252e-10,1.4790832e-10,1.3225455e-10,3.213573e-10,3.4296108e-10,1.572516e-10,1.1296032e-10,1.8129194e-10,1.0296184e-10,2.0095915e-10,2.0164144e-10,1.2903796e-10,2.4888425e-10,2.6818775e-10,1.6657463e-10,2.8383979e-10,1.8765817e-10,1.5367277e-10,1.4234734e-10,1.4133687e-10,1.2339002e-07,7.554819e-06,1.289376e-06,1.794508e-05,2.869149e-06,2.1359203e-05,9.4058905e-06,1.3753434e-05,3.670077e-05,1.3024638e-06,1.3443962e-05,4.5303786e-06,1.514408e-05,4.3313747e-05,7.166893e-06,0.0002886376,1.24789285e-05,0.00038654936,0.0001158009,0.001288456,0.009826292,0.0003214511,0.017772105,0.0066105356,0.0628573,0.59015226,0.021162773,0.17614308,0.005583068,0.102643006,0.0012409302,0.0010087397,0.002348418,5.89396e-06,3.1880892e-05,2.3419902e-06,2.1350577e-06,2.6664992e-10,2.6176142e-10,1.6341915e-10,2.1517456e-10,2.5897792e-10,1.0888367e-10,2.2066414e-10,1.0684307e-10,6.0900805e-11,1.240773e-10,1.8127465e-10,1.7363888e-10,4.863817e-10,2.6399566e-10,1.8151856e-10,1.749774e-10,3.3482223e-10,1.2197043e-10,1.9170682e-10,2.921547e-10,1.1658519e-10,1.1168028e-10,1.3538133e-10,2.0934503e-10,1.9462106e-10,1.8171534e-10,1.8454524e-10,1.7774508e-10,1.8794474e-10,1.9526282e-10,1.7935796e-10,1.810473e-10,1.8361028e-10,1.8984671e-10,1.9424279e-10,1.8996332e-10,1.8765568e-10,1.8486865e-10,1.8544961e-10,1.7695556e-10,1.6390238e-10,1.8590292e-10,1.7897318e-10,1.9005103e-10
8.16053e-12,8.571989e-12,8.044717e-12,7.939445e-12,8.047233e-12,7.698551e-12,8.397986e-12,7.8753766e-12,8.586503e-12,7.867389e-12,8.56447e-12,8.960948e-12,8.213138e-12,8.441378e-12,8.24096e-12,7.93215e-12,8.415624e-12,7.831905e-12,7.858512e-12,9.011649e-12,8.6359244e-12,5.7439396e-12,3.646449e-12,6.2560486e-12,2.063565e-12,5.798582e-12,3.5651668e-12,4.5275576e-12,5.490018e-12,5.421796e-12,5.3559423e-12,1.258304e-11,7.493253e-12,5.752305e-12,8.84136e-12,7.2542645e-12,9.49124e-12,4.271604e-12,4.55505e-12,4.3228797e-12,1.6995749e-11,5.03926e-12,5.2318917e-12,9.897095e-12,1.5444904e-11,6.7657047e-12,6.378696e-12,3.4484994e-08,2.7579395e-06,1.6344623e-07,3.2013381e-06,2.7351268e-07,3.4687287e-06,1.0561727e-06,2.8428524e-06,3.135106e-05,1.5617692e-06,3.2421976e-05,2.640083e-06,2.4206176e-05,5.4277432e-05,9.510342e-06,0.00041027318,1.50117785e-05,0.0014717543,0.00041652366,0.0013856615,0.17058125,0.009465641,0.2987279,0.005554001,0.04305016,0.3686611,0.023305496,0.07067517,0.0002162267,0.0049649333,0.0004317648,7.016423e-05,0.00041721502,5.5743317e-06,3.197646e-06,1.209693e-07,1.1465859e-06,2.0031348e-11,1.0662072e-11,3.8459787e-12,6.9163538e-12,1.016513e-11,8.187689e-12,8.625882e-12,8.569308e-12,7.689012e-12,1.41074236e-11,9.881157e-12,5.4483757e-12,2.2751502e-11,7.922171e-12,1.1405836e-11,4.649961e-12,2.1480501e-11,7.1303788e-12,9.216666e-12,1.6602138e-11,4.1291324e-12,4.824379e-12,9.343379e-12,8.964197e-12,8.115795e-12,8.260457e-12,8.253055e-12,8.4164585e-12,8.264633e-12,8.447514e-12,8.251434e-12,8.3404715e-12,8.395872e-12,8.23535e-12,8.871293e-12,8.3875485e-12,8.243349e-12,8.0688425e-12,8.152627e-12,7.96599e-12,7.827127e-12,8.218231e-12,8.295018e-12,8.143676e-12
2.1723606e-06,2.3151183e-06,2.3280172e-06,2.1180188e-06,2.3140717e-06,2.2473332e-06,2.3570362e-06,2.2049337e-06,2.2514905e-06,2.1599492e-06,2.511245e-06,2.1962915e-06,2.287047e-06,2.3486311e-06,2.1938004e-06,2.2563786e-06,2.1669684e-06,2.163124e-06,2.1787425e-06,2.2927509e-06,2.3855894e-06,3.871778e-07,7.5386293e-07,3.599826e-07,3.402025e-07,4.7942575e-07,5.1730433e-07,3.9650843e-07,3.4267592e-07,2.4724613e-07,2.1913277e-07,4.0379862e-07,3.073749e-07,1.4990832e-07,3.3449786e-07,2.477536e-07,1.0970854e-07,1.7656308e-07,2.0762157e-07,1.7113864e-07,2.2315578e-07,8.88723e-08,1.3369436e-07,2.2082618e-07,1.6376138e-07,1.4323899e-07,1.8446002e-07,0.00021423578,0.0025512478,0.00033927182,0.0024802245,0.0029288386,0.007235822,0.012683165,0.006416981,0.01978223,0.0016788008,0.01344406,0.022652404,0.016195955,0.041290782,0.012409192,0.043511845,0.057436183,0.08275512,0.057238348,0.00811968,0.09516748,0.020233883,0.07912334,0.11639643,0.06523472,0.053683553,0.029877372,0.06955998,0.017368399,0.006217126,0.023283947,0.004386589,0.005636995,0.00076045236,0.0011776275,0.00026727348,0.00015094373,3.8121004e-07,4.6678068e-07,3.1686054e-07,3.023505e-07,2.7606984e-07,2.912733e-07,6.873747e-07,3.5562925e-07,1.6854709e-07,4.7264163e-07,4.1866778e-07,5.1879044e-07,3.5961068e-07,4.7020575e-07,2.4096562e-07,5.076452e-07,2.394724e-07,3.6163223e-07,3.1381003e-07,3.9247993e-07,2.5576884e-07,4.2856269e-07,7.7898676e-07,1.1196973e-06,1.5338261e-06,2.261575e-06,2.2368047e-06,2.1956507e-06,2.195768e-06,2.2502843e-06,2.3439277e-06,2.2376794e-06,2.4460733e-06,2.1788717e-06,2.2167114e-06,2.3521952e-06,2.2742145e-06,2.3122984e-06,2.128812e-06,2.2880151e-06,2.2685608e-06,2.342913e-06,2.2364209e-06,2.3402554e-06
7.645486e-11,7.845686e-11,7.870957e-11,7.650854e-11,7.740922e-11,7.213737e-11,7.3064305e-11,7.341591e-11,7.936473e-11,8.045233e-11,7.681649e-11,7.921697e-11,8.033947e-11,7.41443e-11,7.514145e-11,7.247027e-11,7.886676e-11,7.456138e-11,7.507311e-11,8.214558e-11,7.5549574e-11,1.6226978e-10,1.8804962e-10,1.4883499e-10,2.0424355e-10,1.8019825e-10,2.4089192e-10,2.9018565e-10,1.7791009e-10,2.528048e-10,1.5490093e-10,1.8184518e-10,1.7329033e-10,2.9465197e-10,2.4410832e-10,1.1330633e-10,2.3246731e-10,2.2324291e-10,1.14615276e-10,1.6276698e-10,2.409949e-10,1.9513306e-10,1.5006756e-10,1.3167e-10,1.6463787e-10,2.4105373e-10,1.776883e-10,1.3139962e-07,9.5989635e-06,1.1421636e-06,1.5044424e-05,3.9509873e-06,2.4499754e-05,2.3700839e-05,2.1570044e-05,9.0431284e-05,6.3808557e-06,0.00024161648,0.00013811998,0.00013091262,0.0009097108,0.0001257153,0.007142385,0.0019790598,0.024737176,0.036471765,0.014171415,0.06181502,0.014785276,0.6044764,0.05446568,0.05069861,0.04676632,0.022805229,0.046776574,0.0026013507,0.006606004,0.00162302,0.00021677063,7.051788e-05,1.5362026e-05,3.165226e-05,1.5828363e-06,2.3686557e-07,1.8544341e-10,2.8333164e-10,1.3073206e-10,2.818709e-10,2.698901e-10,3.4773096e-10,3.1577194e-10,9.9997434e-11,1.1811514e-10,4.7142584e-10,1.6378783e-10,1.9313506e-10,2.1893168e-10,2.1068554e-10,1.2358073e-10,1.9934564e-10,2.0086775e-10,3.2494044e-10,3.5282582e-10,2.1264478e-10,2.224345e-10,3.251103e-10,2.5117688e-10,1.47254e-10,1.3878028e-10,8.254799e-11,7.666895e-11,7.133856e-11,7.8751915e-11,7.979245e-11,7.960032e-11,8.1274085e-11,8.093407e-11,7.413709e-11,7.778664e-11,7.4792415e-11,7.4052715e-11,7.7766016e-11,8.036506e-11,7.5697136e-11,7.368991e-11,7.6386064e-11,7.6520366e-11,7.5571056e-11
1.3292423e-10,1.3524197e-10,1.4832759e-10,1.4571609e-10,1.4716038e-10,1.2866588e-10,1.3727508e-10,1.300287e-10,1.4442778e-10,1.5140461e-10,1.6309189e-10,1.4188764e-10,1.4845523e-10,1.4507935e-10,1.4236419e-10,1.4074936e-10,1.5214657e-10,1.3064845e-10,1.35355e-10,1.6359068e-10,1.4819836e-10,1.9852703e-10,5.158758e-10,2.7108837e-10,2.1654437e-10,2.0090744e-10,2.4994418e-10,4.373057e-10,1.3586508e-10,2.900421e-10,7.9079236e-11,2.1758063e-10,6.463177e-11,2.0092007e-10,1.7471227e-10,2.495664e-10,1.4325491e-10,1.3041468e-10,3.914252e-10,2.8920352e-10,4.544918e-10,3.1380595e-10,1.1695091e-10,1.9515635e-10,1.5221363e-10,3.1416947e-10,2.3178752e-10,5.234411e-07,2.7164031e-05,1.9899146e-06,0.00024055294,5.1382962e-05,0.00019760586,0.0007769029,0.00013270476,0.00089127675,1.6407172e-05,0.004384355,0.01108534,0.0027400854,0.03912006,0.0012308031,0.093589514,0.065785505,0.030120263,0.26019356,0.0045557967,0.19764799,0.0017516386,0.061217897,0.18524039,0.010868717,0.011558759,0.0015082626,0.009667791,0.0026559792,0.00022449235,0.0022623215,0.000138944,8.224438e-05,4.3170508e-06,2.489134e-05,2.854752e-06,7.0674895e-07,2.653005e-10,3.5859504e-10,1.2911305e-10,3.0430203e-10,1.2608223e-10,2.8575461e-10,2.224356e-10,9.2892055e-11,4.777015e-11,5.30824e-10,1.9168855e-10,2.3108299e-10,7.89174e-11,1.2995109e-10,1.9564908e-10,1.2179494e-10,6.492423e-11,1.4039517e-10,1.2502328e-10,2.1245404e-10,1.2356531e-10,3.6845343e-10,5.094865e-10,2.7649838e-10,2.291802e-10,1.4277127e-10,1.475322e-10,1.2333831e-10,1.5046726e-10,1.502238e-10,1.434805e-10,1.5037115e-10,1.6130039e-10,1.4149955e-10,1.4279114e-10,1.4307142e-10,1.4344985e-10,1.4825546e-10,1.4167859e-10,1.4345915e-10,1.4446139e-10,1.514543e-10,1.3910852e-10,1.386143e-10
3.4780108e-12,3.7617023e-12,3.5588602e-12,3.558202e-12,3.51662e-12,3.2640314e-12,3.6305201e-12,3.0767895e-12,3.5284516e-12,3.770236e-12,3.5567022e-12,3.636161e-12,3.922108e-12,3.587019e-12,3.6987236e-12,3.3864899e-12,3.7231004e-12,3.3766475e-12,3.645265e-12,3.747466e-12,3.5464463e-12,1.8097081e-11,2.0512352e-11,2.4931257e-11,1.468574e-11,4.068451e-11,3.8839723e-11,2.6164187e-11,2.2331827e-11,5.2579018e-11,1.1346247e-11,3.4041065e-11,2.133118e-11,5.8053434e-11,5.831045e-11,6.263809e-11,4.7064783e-11,4.850583e-11,9.728909e-11,3.2189928e-11,9.342649e-11,5.7589575e-11,3.9645297e-11,4.56017e-11,3.800055e-11,5.963566e-11,7.623299e-11,2.6251618e-07,1.3619901e-05,1.1601772e-06,7.442013e-05,2.051119e-06,7.826203e-05,8.267173e-05,4.5804823e-05,0.00030463032,6.340938e-06,0.0012028798,0.0012724993,0.0015475656,0.017130636,0.0011052303,0.29002556,0.0065720687,0.12598571,0.25696543,0.011902766,0.16598593,0.0010114664,0.07684919,0.014499112,0.0099695735,0.0066389046,0.0019772572,0.007197714,0.0002472596,0.0010093268,0.0002279342,3.158512e-05,2.8103212e-05,2.0886775e-06,3.4247073e-06,1.2511913e-06,2.6173174e-07,6.0113706e-11,6.3342005e-11,2.94132e-11,4.3659597e-11,4.0044742e-11,4.6166265e-11,5.644134e-11,3.0583022e-11,1.1004545e-11,6.459822e-11,1.9265603e-11,2.2785667e-11,2.7583493e-11,2.6032475e-11,3.3766944e-11,2.8798179e-11,2.5219849e-11,3.17205e-11,2.9993213e-11,2.6959789e-11,1.0773457e-11,2.942639e-11,2.8793894e-11,1.09632945e-11,7.561215e-12,3.670108e-12,3.4581533e-12,3.0339223e-12,3.893524e-12,3.8542303e-12,3.730244e-12,3.969438e-12,3.6976516e-12,3.4102914e-12,3.546223e-12,3.6115893e-12,3.6604465e-12,3.4385008e-12,3.6344831e-12,3.5729664e-12,3.2921233e-12,3.600234e-12,3.5145816e-12,3.6080707e-12
1.571793e-08,1.541974e-08,1.6192082e-08,1.3821745e-08,1.757996e-08,1.4829473e-08,1.5475722e-08,1.1354677e-08,1.4236632e-08,1.502226e-08,1.6707478e-08,1.5465513e-08,1.5190992e-08,1.6568482e-08,1.4332592e-08,1.5806076e-08,1.4686927e-08,1.3118203e-08,1.3370967e-08,1.4895524e-08,1.6234575e-08,2.0591589e-08,4.2615405e-08,4.4172086e-08,2.4444258e-08,4.8296027e-08,3.079136e-08,1.2425282e-07,3.6124753e-08,1.04201995e-07,2.0975707e-08,4.24828e-08,1.6813226e-08,3.9261547e-08,4.8176425e-08,3.981932e-08,2.3786368e-08,3.2173684e-08,3.762461e-08,4.2943416e-08,8.1614544e-08,3.324606e-08,2.3786821e-08,1.8506126e-08,3.0838496e-08,5.5118143e-08,3.2206597e-08,0.00011183375,0.0018511431,0.00017079692,0.0017480567,0.004014337,0.0031124582,0.018138358,0.002402664,0.014757411,0.0016767795,0.0066931946,0.039071992,0.013125339,0.047377676,0.016459519,0.123369776,0.20474876,0.09806683,0.124966,0.0059109833,0.13452078,0.009295283,0.03420393,0.04906749,0.00846635,0.009446869,0.008350973,0.010349108,0.0024126654,0.0009895216,0.0025496928,0.0009275611,0.0008374671,0.0002650319,0.00018577956,0.00026940435,8.494811e-05,8.034065e-08,8.502351e-08,3.5348418e-08,4.1280483e-08,6.049712e-08,6.050612e-08,6.6861084e-08,5.902361e-08,3.1910524e-08,9.017449e-08,1.01369274e-07,5.565692e-08,1.11742104e-07,6.8715586e-08,7.6214874e-08,5.7797926e-08,4.1480323e-08,6.855745e-08,2.4950731e-08,4.3418805e-08,1.3228152e-08,4.7327223e-08,9.255163e-08,2.2391815e-08,2.5916268e-08,1.4342e-08,1.5203339e-08,1.4253695e-08,1.6701296e-08,1.5668961e-08,1.539623e-08,1.6481804e-08,1.5728846e-08,1.3514756e-08,1.4323355e-08,1.576513e-08,1.3892897e-08,1.4540093e-08,1.5994711e-08,1.4362475e-08,1.3667337e-08,1.6510688e-08,1.593667e-08,1.45643515e-08
9.498238e-12,9.381923e-12,9.307742e-12,9.415805e-12,9.167809e-12,9.062625e-12,9.37627e-12,8.852082e-12,9.590643e-12,1.0133004e-11,1.0086975e-11,9.724447e-12,9.827784e-12,9.7064535e-12,9.647334e-12,8.856879e-12,1.0089477e-11,8.798083e-12,8.950587e-12,1.0355984e-11,9.780418e-12,3.5681513e-11,5.1383824e-11,5.3292815e-11,6.094118e-11,6.159053e-11,7.6363624e-11,4.6689586e-11,4.0373805e-11,7.903028e-11,6.031005e-11,5.722765e-11,3.5482662e-11,9.447779e-11,7.281334e-11,5.2735566e-11,1.074323e-10,9.991888e-11,8.62114e-11,5.638385e-11,1.640664e-10,1.1214101e-10,5.7332753e-11,5.3585546e-11,5.5488208e-11,8.471017e-11,5.4798253e-11,9.1929714e-08,1.1693947e-05,1.07526e-06,2.6201755e-05,1.6500665e-06,1.7848322e-05,3.3975306e-05,2.6622623e-05,0.0001959399,5.9648623e-06,0.000399949,0.00021479404,0.0001849179,0.0027522482,0.00014813307,0.019380368,0.000741633,0.02037647,0.10379891,0.01136134,0.25467393,0.0062471987,0.36492762,0.082617074,0.026410403,0.046402115,0.004531802,0.05153757,0.0004391613,0.0009013205,0.0015465977,4.767198e-05,2.770158e-05,2.0417735e-06,7.2552057e-06,5.587693e-07,1.4058709e-07,5.4560675e-11,7.184146e-11,3.957063e-11,4.089431e-11,3.9557125e-11,7.395913e-11,6.0024645e-11,2.4946939e-11,1.5967198e-11,5.944018e-11,2.6675379e-11,2.227579e-11,2.7076445e-11,3.103856e-11,5.62381e-11,2.6917947e-11,3.4259578e-11,9.393316e-11,6.4022405e-11,5.6538278e-11,3.80114e-11,6.524841e-11,7.133706e-11,2.8539901e-11,2.0985724e-11,9.829809e-12,9.572222e-12,8.450712e-12,9.685777e-12,9.873704e-12,9.6818985e-12,9.703954e-12,1.0025635e-11,9.304795e-12,8.927944e-12,9.491139e-12,9.586529e-12,9.526451e-12,1.0171635e-11,9.573208e-12,8.717736e-12,9.283523e-12,9.517788e-12,9.196162e-12
1.2960586e-08,1.1948259e-08,1.1956602e-08,1.0040125e-08,1.2108555e-08,1.0746282e-08,1.2215213e-08,9.761971e-09,1.10799006e-08,1.14764225e-08,1.3317403e-08,1.1604883e-08,1.2001065e-08,1.2506725e-08,1.1091149e-08,1.1614582e-08,1.1201103e-08,1.0629434e-08,1.0340375e-08,1.19898536e-08,1.1984229e-08,1.4986245e-08,1.1680185e-08,1.0428933e-08,1.6529832e-08,2.1419442e-08,1.7949636e-08,2.9681173e-08,9.135538e-09,2.8913314e-08,1.2092999e-08,2.6173216e-08,1.3316692e-08,2.0139328e-08,2.3181595e-08,1.7951384e-08,1.8774031e-08,1.8885837e-08,9.1672e-09,2.194936e-08,2.1209425e-08,1.567364e-08,1.2022417e-08,7.3737416e-09,1.8059147e-08,1.4549623e-08,1.0225776e-08,2.4315466e-05,0.0010345038,7.833559e-05,0.0005502609,0.0010241964,0.0009280681,0.0019968138,0.0005467404,0.0019350423,0.00025940972,0.00085706956,0.0033321911,0.0020309456,0.0030815704,0.0011714953,0.0069498583,0.013183573,0.014318837,0.027081393,0.0062755914,0.09236111,0.018844908,0.08925494,0.12896225,0.09175577,0.17480735,0.058450133,0.14165285,0.03461933,0.028869702,0.040831633,0.006385162,0.005516062,0.00054101733,0.00036372445,9.7303695e-05,2.5082776e-05,2.1957188e-08,2.156826e-08,1.186412e-08,1.6657602e-08,1.9631532e-08,1.635883e-08,2.8774123e-08,1.7283872e-08,1.6322739e-08,2.8421107e-08,2.731173e-08,2.209275e-08,2.470206e-08,2.4945047e-08,1.2216939e-08,2.388222e-08,1.7886208e-08,2.8787353e-08,1.9479279e-08,1.8198635e-08,9.759419e-09,1.3639771e-08,3.3153956e-08,1.4474887e-08,1.5378253e-08,1.1224179e-08,1.2653716e-08,1.222414e-08,1.1507284e-08,1.2413469e-08,1.2459393e-08,1.2252245e-08,1.2348999e-08,1.1422352e-08,1.0600481e-08,1.21952155e-08,1.1771637e-08,1.1054591e-08,1.21628805e-08,1.1837652e-08,1.0400783e-08,1.2526063e-08,1.2308178e-08,1.1266993e-08
1.42359015e-11,1.4502898e-11,1.3275648e-11,1.4516403e-11,1.34614785e-11,1.3211891e-11,1.4785275e-11,1.3032191e-11,1.4073538e-11,1.4932874e-11,1.4935383e-11,1.4118975e-11,1.5129259e-11,1.44206435e-11,1.453857e-11,1.3278991e-11,1.4457438e-11,1.220782e-11,1.2014017e-11,1.4570385e-11,1.43391835e-11,2.8364441e-11,4.0352922e-11,4.5727252e-11,6.5393906e-11,3.601585e-11,5.1299492e-11,3.9349045e-11,1.8855835e-11,3.587777e-11,3.8009425e-11,5.7363354e-11,3.3815697e-11,7.8660155e-11,1.2112224e-10,3.6550103e-11,1.7462508e-10,8.8501755e-11,6.8666725e-11,7.562105e-11,1.3926094e-10,1.7349694e-10,4.7206693e-11,5.5022886e-11,5.844166e-11,8.0460125e-11,6.163376e-11,9.7445714e-08,1.0971025e-05,1.5002186e-06,3.2710857e-05,4.4103595e-06,1.8429851e-05,1.888541e-05,6.90818e-05,0.00020592727,1.2684251e-05,0.00017467656,0.00010394005,0.0001233778,0.000552841,5.3522308e-05,0.008745147,0.0004981568,0.0075697303,0.055246875,0.036243524,0.2930139,0.012719264,0.2688343,0.077198066,0.04699758,0.05705251,0.0051797153,0.123430446,0.0017461336,0.0021653604,0.0017128193,0.00015440644,9.3754774e-05,6.6718335e-06,7.6270558e-06,7.8380856e-07,1.6609684e-07,5.6035603e-11,3.7831936e-11,3.652808e-11,4.81486e-11,2.5657513e-11,5.899447e-11,6.986525e-11,2.1445507e-11,1.729682e-11,3.705084e-11,2.3940808e-11,1.424905e-11,3.0069194e-11,1.7589189e-11,5.925565e-11,3.4347435e-11,4.6077277e-11,8.415695e-11,6.1325826e-11,4.2166434e-11,4.246895e-11,5.387247e-11,9.0459265e-11,3.153437e-11,2.8654489e-11,1.4104388e-11,1.4857759e-11,1.28555725e-11,1.4648126e-11,1.5056255e-11,1.418711e-11,1.42549765e-11,1.4915114e-11,1.40068035e-11,1.2614619e-11,1.3958265e-11,1.3881059e-11,1.3314802e-11,1.4571495e-11,1.3733425e-11,1.199721e-11,1.3145932e-11,1.455122e-11,1.280853e-11
2.0111728e-10,2.0637887e-10,2.012462e-10,1.9209821e-10,2.0619001e-10,1.9203192e-10,2.0641193e-10,1.875649e-10,2.0902118e-10,1.994243e-10,2.109718e-10,2.100467e-10,2.040885e-10,2.002583e-10,2.0192752e-10,2.0929966e-10,2.0742978e-10,1.7660871e-10,1.7760456e-10,2.1325926e-10,2.1626834e-10,2.1598391e-10,6.2189515e-10,3.9211212e-10,6.980176e-10,3.8506454e-10,6.084422e-10,1.3130811e-09,2.338717e-10,3.8552236e-10,1.3087174e-10,4.3095907e-10,1.4823263e-10,5.2140187e-10,9.527513e-10,2.1324623e-10,8.041691e-10,5.607328e-10,4.3082923e-10,5.0882254e-10,7.850493e-10,6.994516e-10,2.2273033e-10,2.7729394e-10,3.530728e-10,9.445781e-10,4.662677e-10,1.1605039e-06,5.941139e-05,1.3856105e-05,0.00029246602,6.3567626e-05,0.0002815047,0.00038079376,0.00031271813,0.0007269555,0.00010041716,0.0017152044,0.0018992699,0.00090375094,0.0040430636,0.00063301605,0.01852844,0.010562227,0.032103874,0.14109689,0.047702104,0.17893545,0.013246612,0.3308126,0.10243869,0.023636537,0.036422573,0.009397755,0.02821351,0.007986253,0.003240317,0.0034064653,0.00033019946,0.0004259497,3.6161207e-05,4.1241663e-05,7.4050836e-06,1.5918064e-06,1.1483171e-09,6.62302e-10,2.6337219e-10,8.1474477e-10,3.6807293e-10,8.293117e-10,6.4137684e-10,3.1227698e-10,2.548293e-10,1.4546521e-09,6.0303046e-10,3.2362169e-10,3.9238818e-10,3.8755207e-10,4.730082e-10,5.658943e-10,8.498483e-10,6.9519285e-10,4.854663e-10,5.300078e-10,4.3558604e-10,9.303116e-10,6.2269156e-10,4.603321e-10,3.9068332e-10,2.06709e-10,2.0602844e-10,1.8586582e-10,1.9166599e-10,2.1463281e-10,2.0221852e-10,2.2539363e-10,2.1107119e-10,2.0451169e-10,1.9805438e-10,2.0662899e-10,2.0303939e-10,1.8944171e-10,2.2464684e-10,1.9044595e-10,1.8328812e-10,2.1196886e-10,2.1516403e-10,1.8871177e-10
7.5534363e-11,7.759361e-11,7.094524e-11,6.769668e-11,8.254379e-11,6.532267e-11,7.374521e-11,6.249943e-11,6.902016e-11,7.67177e-11,7.716324e-11,7.805332e-11,7.617472e-11,7.701268e-11,7.263653e-11,7.347593e-11,7.247323e-11,6.8234925e-11,6.3174306e-11,8.07494e-11,7.7323245e-11,2.4785476e-10,1.8743704e-10,2.5424696e-10,2.5033625e-10,2.637907e-10,2.7404062e-10,5.2969407e-10,1.4680372e-10,4.333623e-10,8.393167e-11,5.5425553e-10,1.6924001e-10,3.4347292e-10,4.0648934e-10,2.695112e-10,4.4510634e-10,3.617702e-10,3.5699255e-10,3.6772244e-10,5.546257e-10,4.2098355e-10,1.5264502e-10,2.495644e-10,1.9980068e-10,4.211731e-10,3.4397446e-10,1.385672e-06,0.00014246075,6.55025e-06,0.00023012496,7.313576e-05,0.0006894008,0.0003998093,0.00030102418,0.0023068693,3.0559568e-05,0.003365161,0.007816597,0.0041538896,0.013830251,0.0007279024,0.081291415,0.022928596,0.10902224,0.1695398,0.005976515,0.23851828,0.003197436,0.15262425,0.08752483,0.031593006,0.025039889,0.0031932066,0.02759162,0.0025969772,0.0028501118,0.0017099978,0.0002730186,0.00039821037,1.2449137e-05,3.258868e-05,9.557372e-06,9.3956004e-07,4.308617e-10,3.1329805e-10,1.136874e-10,1.5953457e-10,2.2633473e-10,1.165756e-10,3.6032266e-10,2.3349933e-10,1.477921e-10,5.41251e-10,3.8098838e-10,3.4467718e-10,3.1989378e-10,2.5542515e-10,3.3624348e-10,2.5381766e-10,3.7127298e-10,3.4985273e-10,2.183709e-10,5.5611715e-10,1.4590486e-10,3.328749e-10,5.780112e-10,1.608803e-10,1.382285e-10,6.575168e-11,7.414803e-11,6.7330204e-11,8.045316e-11,7.6330046e-11,6.9275634e-11,7.716589e-11,7.882951e-11,7.322144e-11,7.11192e-11,7.5854587e-11,6.663582e-11,6.6779096e-11,7.487825e-11,6.97926e-11,6.5167e-11,7.5236435e-11,8.033524e-11,7.0388986e-11
6.8751977e-09,6.672319e-09,7.2178965e-09,6.3638814e-09,7.7044255e-09,6.557608e-09,7.146948e-09,6.3232757e-09,6.6290875e-09,6.492022e-09,7.630877e-09,7.153931e-09,7.2881727e-09,7.0722845e-09,6.3927628e-09,7.379247e-09,6.5264376e-09,6.204143e-09,5.594819e-09,7.1360784e-09,7.31614e-09,1.0468439e-08,1.41417695e-08,1.3902726e-08,2.0116996e-08,1.7498797e-08,1.3934264e-08,3.7177106e-08,9.499444e-09,1.9923855e-08,4.777431e-09,1.2031187e-08,6.302998e-09,1.1177825e-08,1.5381021e-08,8.725646e-09,8.728493e-09,7.93118e-09,8.018841e-09,1.0133555e-08,2.313479e-08,1.3200248e-08,4.7377577e-09,4.8659277e-09,8.001393e-09,1.2568094e-08,6.581377e-09,2.4326568e-05,0.00071559136,6.0720184e-05,0.0010363805,0.00087210425,0.0014017631,0.0023251767,0.0007742141,0.00376145,0.00024846676,0.0019865695,0.009467095,0.0046667494,0.009024007,0.0013791203,0.03532796,0.048379876,0.054593585,0.1239171,0.012613328,0.21852161,0.0213059,0.14559178,0.11415298,0.059795607,0.025199113,0.016033702,0.050297424,0.012510386,0.009435872,0.008269215,0.0034643249,0.0022713963,0.00021704625,0.00024476676,9.001358e-05,2.2208986e-05,1.3956766e-08,7.4402875e-09,6.8550587e-09,6.238068e-09,1.2864714e-08,1.037624e-08,1.6490509e-08,1.6448793e-08,9.9650395e-09,2.5826054e-08,3.2277676e-08,1.9819586e-08,2.039715e-08,2.3220197e-08,2.1191122e-08,1.4784759e-08,2.5660142e-08,2.8184038e-08,1.7166691e-08,3.6923904e-08,1.01104645e-08,2.2713646e-08,3.632165e-08,1.26922775e-08,1.3844826e-08,6.3327024e-09,6.8646626e-09,6.433373e-09,6.8325936e-09,6.9551795e-09,7.141334e-09,7.3556814e-09,7.3735635e-09,6.9296493e-09,6.744226e-09,7.1278072e-09,6.48764e-09,6.5678964e-09,6.76204e-09,6.5517067e-09,6.7707253e-09,7.679352e-09,7.0330985e-09,6.594055e-09
7.2371553e-12,7.01064e-12,6.756536e-12,7.195615e-12,7.0420527e-12,6.9359973e-12,6.906717e-12,6.837223e-12,6.9851724e-12,7.287827e-12,7.370892e-12,7.359794e-12,7.306282e-12,7.134446e-12,6.732018e-12,6.6075027e-12,7.3340665e-12,6.893319e-12,6.5859622e-12,7.732736e-12,6.7576955e-12,1.5556927e-11,2.6464842e-11,4.462887e-11,4.6979243e-11,2.7385667e-11,4.164346e-11,3.2443156e-11,1.5104371e-11,2.0733543e-11,2.5528194e-11,2.02558e-11,1.6910803e-11,3.919764e-11,3.6664664e-11,3.2161777e-11,4.383351e-11,3.213958e-11,3.143797e-11,3.1969732e-11,4.9048342e-11,4.2621004e-11,4.263312e-11,2.520279e-11,3.971495e-11,4.7263794e-11,2.2169723e-11,3.1136775e-08,2.281e-06,2.7344407e-07,3.6609417e-06,1.8697368e-06,2.111283e-06,4.73365e-06,5.726837e-06,1.3003175e-05,5.2747504e-07,1.952194e-05,6.5768465e-05,3.662284e-05,0.00038254543,1.3325509e-05,0.0032651986,0.00068282906,0.0033405384,0.112682074,0.014102005,0.20068316,0.006286224,0.299017,0.19132526,0.05858426,0.069680355,0.00158396,0.03368044,0.0017201802,0.0007436218,0.0020090078,3.1266678e-05,2.5890724e-05,1.9477056e-06,1.8885248e-06,7.021845e-07,1.4219887e-07,2.6569032e-11,2.254076e-11,1.6151486e-11,3.2377444e-11,2.3801704e-11,3.8725457e-11,5.433693e-11,2.17649e-11,1.8581033e-11,4.514702e-11,3.5168788e-11,4.8429587e-11,3.1296535e-11,2.6491002e-11,4.1475098e-11,3.9009986e-11,3.462639e-11,7.9921555e-11,1.12574686e-10,5.6167522e-11,4.7037256e-11,4.23367e-11,4.5076467e-11,1.7379188e-11,1.39159136e-11,7.0093024e-12,7.040388e-12,6.466861e-12,7.15961e-12,7.0172214e-12,7.300236e-12,7.0691565e-12,7.626047e-12,6.9345692e-12,6.785516e-12,6.6646627e-12,6.8149067e-12,7.281685e-12,7.656946e-12,6.8556094e-12,6.715781e-12,6.7541645e-12,7.050708e-12,6.9031608e-12
1.3656144e-09,1.33746e-09,1.2455234e-09,1.1431789e-09,1.4376027e-09,1.1311152e-09,1.321505e-09,1.0390274e-09,1.2115854e-09,1.2255258e-09,1.3397171e-09,1.2919171e-09,1.2804559e-09,1.3268444e-09,1.2197751e-09,1.258063e-09,1.2231859e-09,1.1654637e-09,1.1347455e-09,1.3437605e-09,1.3216563e-09,3.968773e-09,3.4112484e-09,4.968414e-09,4.0313033e-09,4.4075845e-09,4.112805e-09,6.760723e-09,1.6103888e-09,7.72255e-09,1.3585064e-09,4.614741e-09,1.9468542e-09,3.2905423e-09,4.010106e-09,3.5254588e-09,4.225591e-09,2.7136635e-09,2.9149807e-09,4.0573602e-09,4.0474823e-09,3.5848038e-09,1.6397659e-09,1.7226605e-09,2.2944364e-09,2.7116351e-09,2.4598812e-09,5.131164e-06,0.00035403873,2.2644941e-05,0.00041449978,0.00049619447,0.00066239655,0.0008671662,0.00038549356,0.0026183855,7.697859e-05,0.0013353269,0.006402177,0.0034885164,0.008808578,0.0010061617,0.043939516,0.04421021,0.063747026,0.11562012,0.007286776,0.30479777,0.011387846,0.09336604,0.13447352,0.039285466,0.041486997,0.0065948605,0.044967018,0.0072133206,0.0041756495,0.0069574947,0.0014319395,0.0017931383,0.0001297739,0.00012630381,5.565305e-05,9.613047e-06,6.469709e-09,4.9512723e-09,2.9735963e-09,3.2844725e-09,4.482496e-09,3.0873484e-09,5.523902e-09,5.2196207e-09,4.01551e-09,7.007095e-09,6.9872623e-09,4.919999e-09,7.525751e-09,6.1135155e-09,8.494675e-09,7.0948056e-09,7.241365e-09,7.980191e-09,4.7555657e-09,1.1323896e-08,2.8624518e-09,4.7716475e-09,1.436244e-08,3.1309826e-09,2.3966455e-09,1.1427079e-09,1.3132534e-09,1.2377839e-09,1.3163781e-09,1.318856e-09,1.2537655e-09,1.2686799e-09,1.3537574e-09,1.2457038e-09,1.1170891e-09,1.310461e-09,1.1447542e-09,1.1230668e-09,1.2247453e-09,1.2083129e-09,1.1029464e-09,1.3476467e-09,1.3320222e-09,1.1740311e-09
1.2924687e-12,1.3410178e-12,1.1924801e-12,1.2390706e-12,1.188026e-12,1.190662e-12,1.308662e-12,1.1472214e-12,1.2441409e-12,1.2832474e-12,1.2945139e-12,1.3444239e-12,1.3550719e-12,1.2695678e-12,1.2278017e-12,1.1491398e-12,1.3248334e-12,1.2043135e-12,1.2274623e-12,1.3030305e-12,1.2038932e-12,1.1082415e-11,2.077224e-11,1.6970956e-11,1.2646574e-11,1.6665195e-11,3.1937893e-11,1.6713263e-11,1.2888187e-11,3.2684244e-11,1.2772337e-11,1.8941858e-11,1.0849753e-11,3.2300197e-11,3.62276e-11,2.3101349e-11,4.1119032e-11,2.376494e-11,4.3255344e-11,1.5786992e-11,2.7391183e-11,3.7831384e-11,1.860964e-11,2.2389486e-11,2.401881e-11,3.643111e-11,3.5208895e-11,1.2645128e-07,1.036938e-05,1.1456287e-06,4.4160297e-05,1.3959896e-06,2.2874543e-05,4.226612e-05,2.5373303e-05,0.00016914308,2.6865298e-06,0.0007357685,0.0007321742,0.00036557444,0.0067313067,0.00027380558,0.12710115,0.0029739477,0.045243137,0.33881232,0.02199487,0.15336531,0.0015118163,0.16995156,0.047542065,0.013074253,0.036627524,0.0017100377,0.026707668,0.0008739075,0.0020689345,0.0011501209,3.9898398e-05,8.099226e-05,3.4960449e-06,6.902413e-06,1.79529e-06,1.4504128e-07,4.873757e-11,2.688425e-11,1.5212548e-11,4.3419757e-11,1.8720395e-11,3.9347272e-11,3.621413e-11,2.2121171e-11,8.050972e-12,4.1821088e-11,1.2251776e-11,1.1470426e-11,1.8301043e-11,1.5355392e-11,3.571264e-11,2.4906441e-11,3.1401392e-11,2.619304e-11,3.4559453e-11,2.663487e-11,1.1487547e-11,2.2148571e-11,2.0642337e-11,7.036892e-12,3.2343212e-12,1.2904364e-12,1.2403096e-12,1.1128587e-12,1.271749e-12,1.2925623e-12,1.3884398e-12,1.3150751e-12,1.3691033e-12,1.200598e-12,1.2525913e-12,1.2538343e-12,1.3026056e-12,1.192619e-12,1.2523046e-12,1.2051567e-12,1.1272252e-12,1.2130068e-12,1.1860427e-12,1.3001037e-12
4.3090306e-10,4.324856e-10,4.175261e-10,3.8704662e-10,4.583397e-10,3.833774e-10,4.1945936e-10,3.2183464e-10,4.1762643e-10,4.0322395e-10,4.507805e-10,4.059573e-10,4.1373124e-10,4.5176432e-10,3.8108527e-10,4.003135e-10,4.1430373e-10,3.832436e-10,3.6247352e-10,4.261486e-10,4.1892767e-10,1.3563811e-09,3.8987866e-09,2.4967992e-09,1.4720484e-09,2.7480198e-09,1.9043582e-09,6.781828e-09,1.6681672e-09,5.444022e-09,1.1482445e-09,4.092086e-09,1.4523256e-09,4.395379e-09,3.472769e-09,2.378317e-09,4.714995e-09,4.168452e-09,2.0998907e-09,2.9939369e-09,3.9509267e-09,3.626397e-09,1.4276729e-09,1.3873791e-09,2.176302e-09,3.7639865e-09,2.6034308e-09,7.6086817e-06,0.0016779242,5.6627236e-05,0.0009670729,0.00061520044,0.0011925322,0.0032377676,0.0006954613,0.0039523253,0.00020925992,0.0047325706,0.016896117,0.009101482,0.051695757,0.014000882,0.1008882,0.07724788,0.13026403,0.13053475,0.021298567,0.21260993,0.008770758,0.087954886,0.054376904,0.011968477,0.022115052,0.0079202745,0.014128359,0.0033812928,0.002247365,0.0035966772,0.000694536,0.0006525185,0.00010475291,0.00015100684,4.4519176e-05,1.0515923e-05,6.0381558e-09,4.7924256e-09,1.3201248e-09,3.6975474e-09,3.2227645e-09,1.9836517e-09,3.7710066e-09,2.8538716e-09,2.175082e-09,4.488238e-09,3.3134804e-09,2.579793e-09,4.105979e-09,2.2239037e-09,4.319508e-09,3.6125345e-09,3.0345948e-09,4.668186e-09,2.4587743e-09,3.0053335e-09,1.5888795e-09,2.495666e-09,4.318618e-09,7.5536755e-10,7.404777e-10,3.7774336e-10,4.20743e-10,3.847957e-10,4.2823203e-10,4.1285306e-10,4.2236395e-10,4.3065165e-10,4.1252876e-10,3.9814638e-10,4.0307324e-10,4.2570744e-10,3.7498535e-10,3.8499684e-10,4.4204307e-10,3.7167994e-10,3.5811804e-10,4.304931e-10,4.338389e-10,4.0335935e-10
4.117444e-12,4.4508633e-12,4.106683e-12,4.2564667e-12,3.9406447e-12,4.015946e-12,4.15739e-12,3.939848e-12,4.165152e-12,4.5459092e-12,4.3464655e-12,4.3515586e-12,4.459446e-12,4.2804024e-12,4.1044273e-12,3.74443e-12,4.6339603e-12,4.0289577e-12,4.0254705e-12,4.40845e-12,4.0210504e-12,4.8592973e-11,2.1887796e-10,7.7835224e-11,4.314404e-11,8.842457e-11,9.665267e-11,1.09548995e-10,6.202204e-11,9.238226e-11,6.436689e-11,8.014714e-11,5.7075514e-11,1.4016716e-10,1.5657307e-10,7.971691e-11,2.3186392e-10,1.8710201e-10,1.5120456e-10,8.0454685e-11,1.3166078e-10,1.6772546e-10,9.067564e-11,8.40313e-11,7.831921e-11,1.3354602e-10,1.0708745e-10,1.1070368e-07,1.7783348e-05,1.7908327e-06,5.2637886e-05,3.167494e-06,1.7717379e-05,5.116183e-05,5.788776e-05,0.00033829483,8.701206e-06,0.0044870484,0.0025727502,0.0016204428,0.13277903,0.012732978,0.28770438,0.017588932,0.11453175,0.15099515,0.030679965,0.10733793,0.0013696938,0.09351459,0.013795916,0.0032536758,0.014631295,0.0019456435,0.0066599366,0.0004196106,0.0005027252,0.00022672341,3.9639563e-05,4.5425877e-05,2.6731645e-06,1.1011898e-05,1.7059051e-06,2.0599693e-07,2.4208457e-10,2.0810247e-10,4.830521e-11,1.6860432e-10,9.5703175e-11,1.1267688e-10,1.8661551e-10,7.5557414e-11,2.876272e-11,1.5078984e-10,5.64209e-11,5.0952395e-11,9.4424524e-11,6.395789e-11,1.4443954e-10,7.017463e-11,1.0503041e-10,6.484302e-11,7.441665e-11,9.495587e-11,7.69607e-11,7.9102884e-11,4.6963367e-11,1.774685e-11,9.514691e-12,4.3162128e-12,3.960568e-12,3.5622492e-12,4.200095e-12,4.160166e-12,4.4939412e-12,4.3391267e-12,4.290996e-12,4.0498833e-12,4.3629943e-12,4.3568907e-12,4.2365256e-12,4.2065565e-12,4.2414574e-12,4.223681e-12,3.9394577e-12,4.0053585e-12,4.2895067e-12,4.161865e-12
8.6994845e-10,8.719169e-10,8.2820495e-10,8.60394e-10,8.7707425e-10,7.3364115e-10,8.370665e-10,7.248658e-10,8.580013e-10,8.47952e-10,9.262196e-10,8.5244706e-10,8.3581575e-10,9.0716906e-10,8.748054e-10,8.323857e-10,8.2829654e-10,7.4558526e-10,7.5178846e-10,8.6774765e-10,8.116749e-10,2.685181e-09,1.9889175e-09,2.8531586e-09,2.4721576e-09,2.345503e-09,1.986654e-09,4.304268e-09,1.0837592e-09,4.397659e-09,6.283202e-10,3.2465355e-09,1.4776238e-09,2.5184896e-09,2.4426572e-09,2.9892007e-09,4.960356e-09,2.5034559e-09,2.2490496e-09,2.2807183e-09,5.4514304e-09,2.4759326e-09,1.0043554e-09,1.761193e-09,2.3736084e-09,1.4838993e-09,1.911341e-09,5.2447526e-06,0.0005713729,1.9587866e-05,0.00041853715,0.0003263524,0.0006877713,0.00074502383,0.0005380144,0.0028587126,9.599896e-05,0.0025352768,0.0057982937,0.015348303,0.0053788023,0.0004171516,0.023941848,0.0075933975,0.071202636,0.119504206,0.011557047,0.36042073,0.004820566,0.10395685,0.122861914,0.05890388,0.027500452,0.0026596014,0.024945443,0.0045729256,0.004381255,0.0129537005,0.0010722289,0.0011489412,7.2450755e-05,0.0001320362,3.7850445e-05,1.547124e-05,4.818134e-09,3.20747e-09,9.416132e-10,1.719437e-09,2.775061e-09,1.6730072e-09,2.3937585e-09,1.8557821e-09,1.7434789e-09,4.5064317e-09,2.5165974e-09,3.1918956e-09,1.7399906e-09,1.2922475e-09,3.0343688e-09,1.6616253e-09,2.7516385e-09,3.1656793e-09,1.5267663e-09,2.9873084e-09,1.5363507e-09,1.9957465e-09,7.694233e-09,1.5196513e-09,1.2580679e-09,7.614516e-10,9.0889585e-10,7.9672907e-10,9.068957e-10,8.834561e-10,8.117988e-10,8.6909097e-10,8.2794427e-10,8.5824525e-10,7.5107476e-10,9.1408014e-10,7.8855766e-10,7.7657947e-10,8.213821e-10,7.919626e-10,7.667873e-10,8.7589064e-10,9.0476887e-10,8.0250945e-10
2.1723606e-06,2.3151183e-06,2.3280172e-06,2.1180188e-06,2.3140717e-06,2.2473332e-06,2.3570362e-06,2.2049337e-06,2.2514905e-06,2.1599492e-06,2.511245e-06,2.1962915e-06,2.287047e-06,2.3486311e-06,2.1938004e-06,2.2563786e-06,2.1669684e-06,2.163124e-06,2.1787425e-06,2.2927509e-06,2.3855894e-06,3.871778e-07,7.5386293e-07,3.599826e-07,3.402025e-07,4.7942575e-07,5.1730433e-07,3.9650843e-07,3.4267592e-07,2.4724613e-07,2.1913277e-07,4.0379862e-07,3.073749e-07,1.4990832e-07,3.3449786e-07,2.477536e-07,1.0970854e-07,1.7656308e-07,2.0762157e-07,1.7113864e-07,2.2315578e-07,8.88723e-08,1.3369436e-07,2.2082618e-07,1.6376138e-07,1.4323899e-07,1.8446002e-07,0.00021423578,0.0025512478,0.00033927182,0.0024802245,0.0029288386,0.007235822,0.012683165,0.006416981,0.01978223,0.0016788008,0.01344406,0.022652404,0.016195955,0.041290782,0.012409192,0.043511845,0.057436183,0.08275512,0.057238348,0.00811968,0.09516748,0.020233883,0.07912334,0.11639643,0.06523472,0.053683553,0.029877372,0.06955998,0.017368399,0.006217126,0.023283947,0.004386589,0.005636995,0.00076045236,0.0011776275,0.00026727348,0.00015094373,3.8121004e-07,4.6678068e-07,3.1686054e-07,3.023505e-07,2.7606984e-07,2.912733e-07,6.873747e-07,3.5562925e-07,1.6854709e-07,4.7264163e-07,4.1866778e-07,5.1879044e-07,3.5961068e-07,4.7020575e-07,2.4096562e-07,5.076452e-07,2.394724e-07,3.6163223e-07,3.1381003e-07,3.9247993e-07,2.5576884e-07,4.2856269e-07,7.7898676e-07,1.1196973e-06,1.5338261e-06,2.261575e-06,2.2368047e-06,2.1956507e-06,2.195768e-06,2.2502843e-06,2.3439277e-06,2.2376794e-06,2.4460733e-06,2.1788717e-06,2.2167114e-06,2.3521952e-06,2.2742145e-06,2.3122984e-06,2.128812e-06,2.2880151e-06,2.2685608e-06,2.342913e-06,2.2364209e-06,2.3402554e-06
1.4919789e-10,1.5795572e-10,1.5079629e-10,1.5103377e-10,1.4632053e-10,1.3922112e-10,1.5391749e-10,1.5513651e-10,1.5476177e-10,1.4529541e-10,1.6724931e-10,1.6142726e-10,1.627368e-10,1.5670797e-10,1.564022e-10,1.4874724e-10,1.5756814e-10,1.4994764e-10,1.4762684e-10,1.680295e-10,1.5398269e-10,4.0198617e-10,3.7612657e-10,3.9181608e-10,1.4442343e-10,3.1271682e-10,4.0028383e-10,6.5669054e-10,1.6189163e-10,2.1854234e-10,3.5037856e-10,5.0631127e-10,3.418693e-10,4.295123e-10,3.180003e-10,2.9313219e-10,1.679212e-10,2.6235936e-10,3.4627345e-10,3.1135036e-10,2.2540737e-10,2.0096079e-10,3.1631736e-10,4.3676737e-10,2.7854807e-10,2.7587216e-10,2.0085272e-10,2.1528442e-07,4.918873e-06,1.1542323e-06,3.703262e-05,2.3869821e-05,9.562504e-06,2.232268e-05,2.992756e-05,9.877136e-05,2.6288262e-06,9.5539224e-05,0.00033016023,4.605146e-05,0.00028312855,4.209729e-05,0.006666629,0.002147569,0.00084597385,0.0067625907,0.0015631842,0.05828078,0.0015866011,0.10098497,0.167553,0.059163067,0.11773742,0.0041818717,0.44041,0.018641634,0.0049508996,0.005190877,0.000651173,0.0015847163,1.0191355e-05,4.5629422e-05,1.2375319e-05,1.4309414e-06,2.7209657e-10,2.82256e-10,3.3966074e-10,3.9645132e-10,3.0606878e-10,2.8842526e-10,6.040573e-10,2.4577376e-10,1.7719784e-10,3.3970482e-10,4.4928272e-10,4.8370274e-10,3.0193345e-10,3.108863e-10,6.7701034e-10,5.504371e-10,2.879339e-10,2.6609476e-10,4.1630316e-10,4.996057e-10,2.4357663e-10,3.0829642e-10,4.4836676e-10,3.564234e-10,2.0704873e-10,1.6258851e-10,1.5516552e-10,1.4988986e-10,1.5778469e-10,1.5803406e-10,1.615517e-10,1.5021155e-10,1.5781237e-10,1.5904102e-10,1.5449722e-10,1.6223536e-10,1.6004216e-10,1.5013822e-10,1.5166654e-10,1.5283451e-10,1.4995277e-10,1.497547e-10,1.5807085e-10,1.5028319e-10
2.3913526e-11,2.3322353e-11,2.470978e-11,2.5131e-11,2.2489717e-11,2.2715878e-11,2.2773228e-11,2.2024542e-11,2.327214e-11,2.259161e-11,2.532883e-11,2.1822159e-11,2.3035079e-11,2.395644e-11,2.5695428e-11,2.5137373e-11,2.410062e-11,2.171694e-11,2.2804173e-11,2.6315216e-11,2.3438836e-11,3.2617287e-11,3.696234e-11,4.9725363e-11,3.6236365e-11,2.6712141e-11,1.1350619e-10,3.431955e-11,1.8854047e-11,7.3502225e-11,3.6213147e-11,2.0854408e-11,9.056317e-12,1.9347673e-11,3.656741e-11,4.442178e-11,4.8433046e-11,2.1968323e-11,5.9622314e-11,2.6062963e-11,3.6546766e-11,6.4835054e-11,4.551374e-11,4.0133417e-11,4.9504206e-11,3.4281866e-11,1.1080431e-10,1.8384867e-07,1.0048159e-05,1.0194346e-06,1.2928722e-05,8.738514e-06,2.0645346e-05,4.7597525e-05,6.421087e-05,8.9502006e-05,2.2960326e-06,7.910993e-05,0.0005736082,0.0002009153,0.0003737099,5.06694e-06,0.00283086,0.00042137134,0.0009936059,0.019740164,0.00052950863,0.016296685,0.00065266504,0.039220996,0.7155533,0.07943119,0.07355858,0.00061780354,0.041815203,0.0011992247,0.0003829253,0.0049219984,0.0001053362,0.00021629978,2.4315018e-06,3.7358711e-06,1.6310923e-05,2.990209e-07,4.7353704e-11,3.476167e-11,2.9052498e-11,2.6163075e-11,2.7900212e-11,3.3225096e-11,4.1584437e-11,1.4823118e-11,1.2199469e-11,4.3756276e-11,4.7027875e-11,9.1285014e-11,2.2743536e-11,1.1312444e-11,2.6386084e-11,1.5514241e-11,1.9910271e-11,2.2618511e-11,4.3552613e-11,2.1686684e-11,2.1850563e-11,2.7301147e-11,9.2866076e-11,4.879085e-11,3.587751e-11,2.3511727e-11,2.3177387e-11,2.2553464e-11,2.4497153e-11,2.5851064e-11,2.5590958e-11,2.4756105e-11,2.5704498e-11,2.298395e-11,2.219669e-11,2.5507626e-11,2.3841614e-11,2.3635422e-11,2.4040386e-11,2.2493405e-11,2.403461e-11,2.5066704e-11,2.4547857e-11,2.375315e-11
4.70374e-11,5.071831e-11,4.914081e-11,4.858461e-11,4.6577617e-11,4.7214108e-11,4.9992985e-11,4.5451806e-11,4.9111954e-11,4.9868037e-11,5.1351996e-11,4.763381e-11,5.1154334e-11,5.059155e-11,4.8750955e-11,5.2713358e-11,4.9638387e-11,4.618871e-11,4.7915196e-11,5.6592668e-11,5.4731938e-11,1.2680201e-10,1.3789454e-10,2.1109185e-10,2.624366e-10,1.627431e-10,2.599953e-10,3.2757963e-10,1.2505443e-10,5.003041e-10,1.8927783e-10,2.2249946e-10,1.179236e-10,2.4545627e-10,3.3689815e-10,2.591922e-10,4.7260085e-10,2.0413025e-10,4.289395e-10,5.3925786e-10,8.7294777e-10,4.3641288e-10,3.5768485e-10,2.850092e-10,2.475419e-10,4.0476153e-10,4.3716436e-10,1.0012019e-06,4.464217e-05,6.66626e-06,6.425193e-05,3.2159423e-05,0.00011634122,0.00017891402,0.00013216307,0.00053234503,8.200281e-06,0.0005411693,0.0011014126,0.0002454144,0.0047285953,3.0114534e-05,0.010612435,0.002829081,0.0054068128,0.099090286,0.0038295372,0.13663264,0.001437252,0.066903085,0.4620269,0.01817473,0.111329235,0.00040810468,0.05381961,0.004991587,0.0010200444,0.012007448,0.000442049,0.001205622,1.2758678e-05,3.6710302e-05,1.9046362e-05,1.6442407e-06,5.6298355e-10,3.0610284e-10,2.5010274e-10,5.502127e-10,1.581391e-10,4.3765827e-10,4.294192e-10,2.4127408e-10,1.6302831e-10,7.501777e-10,4.5996554e-10,2.8472122e-10,3.06575e-10,1.1158013e-10,3.012422e-10,3.5911493e-10,2.3087793e-10,2.3317034e-10,4.6251852e-10,1.8968041e-10,1.00354954e-10,1.4039558e-10,2.703152e-10,1.5180208e-10,1.0691372e-10,5.036049e-11,5.106231e-11,4.6781325e-11,5.00955e-11,5.3143007e-11,5.3557568e-11,5.0865957e-11,5.711295e-11,5.041758e-11,4.3081858e-11,4.9224114e-11,5.1720017e-11,5.3032842e-11,5.1409817e-11,4.7361483e-11,4.809723e-11,5.1752585e-11,5.0033047e-11,4.6695033e-11
2.1522582e-12,2.1578648e-12,1.8686378e-12,2.2013652e-12,2.2168374e-12,1.9335156e-12,2.2722926e-12,2.064216e-12,2.02599e-12,2.1780145e-12,2.1290263e-12,2.1734788e-12,2.0494728e-12,2.0132394e-12,2.3495665e-12,2.1492634e-12,2.3576514e-12,2.0917335e-12,1.9231363e-12,2.1177673e-12,2.2591896e-12,9.1579504e-12,3.3269547e-11,5.5520987e-12,9.144441e-12,1.0651285e-11,3.9714673e-11,1.6124352e-11,2.2245174e-11,3.290346e-11,1.2856384e-11,7.3761015e-12,9.535885e-12,1.33742115e-11,1.733927e-11,5.1640033e-12,1.5098246e-11,1.59935e-11,2.5118057e-11,1.1554079e-11,2.0021507e-11,5.777503e-11,1.2664649e-11,1.0431434e-11,5.7089485e-12,2.4642286e-11,1.6832232e-11,3.018394e-08,5.895628e-06,1.2492828e-06,4.5041485e-05,1.5584035e-06,7.083587e-05,0.000109819,1.4664907e-05,0.00051954086,4.231738e-06,0.0044550654,0.0012001725,3.106412e-05,0.00823839,4.063319e-05,0.011226864,0.0008078598,0.005533887,0.040755156,0.00020085434,0.06268131,0.00061506254,0.44743684,0.2455116,0.001100441,0.12403312,0.0003829879,0.039648797,0.0015526448,0.000576057,0.0029727397,6.075181e-06,0.00020344951,1.9704612e-06,1.0609833e-05,3.2968564e-06,1.0078533e-07,2.9347396e-11,1.7690094e-11,1.8384686e-11,2.8945632e-11,3.04099e-11,3.8799196e-11,2.7641145e-11,1.6435697e-11,2.4992659e-11,1.00639955e-10,4.4417622e-11,1.3422052e-11,2.456926e-11,2.2165e-11,3.0372222e-11,2.005533e-11,4.8248912e-11,1.3445343e-11,2.3575896e-11,4.695545e-11,1.1097958e-11,3.8950013e-11,2.1407057e-11,1.0798074e-11,5.458844e-12,2.0144763e-12,2.0014778e-12,2.125914e-12,2.3304152e-12,2.6308576e-12,2.2847219e-12,2.4556785e-12,2.3161685e-12,2.0603493e-12,1.9896975e-12,2.4953158e-12,2.1842341e-12,1.8880125e-12,2.1407904e-12,2.0163023e-12,2.1073473e-12,2.1799472e-12,2.2328096e-12,2.048836e-12
1.3990944e-12,1.4545505e-12,1.3285326e-12,1.5910129e-12,1.3550765e-12,1.3562013e-12,1.4403656e-12,1.525464e-12,1.4309349e-12,1.4189113e-12,1.5904395e-12,1.3633856e-12,1.4478106e-12,1.3104676e-12,1.5351867e-12,1.4474268e-12,1.5437253e-12,1.3669163e-12,1.315446e-12,1.5882266e-12,1.517689e-12,5.4738276e-12,3.400769e-11,5.5291787e-12,1.3639611e-11,7.300855e-12,3.5377784e-11,1.886844e-11,2.571946e-11,3.3896434e-11,8.605776e-12,1.0638842e-11,1.2189794e-11,3.6778375e-11,1.3224807e-11,3.64575e-12,1.0427617e-11,1.222992e-11,2.0630091e-11,5.309343e-12,2.257955e-11,2.1071438e-11,2.2669826e-11,8.582826e-12,1.0824533e-11,4.233698e-11,1.2146301e-11,1.8338733e-08,2.9737596e-06,2.2147871e-07,1.238425e-05,3.3994206e-07,9.712003e-06,3.05423e-05,7.810811e-06,3.2811822e-05,1.2513768e-06,0.0009072668,0.00017820443,5.2739733e-06,0.0024330204,7.648452e-06,0.008220358,0.0021665448,0.009260421,0.35080633,0.002526539,0.03305663,0.0009481951,0.4309867,0.10526117,0.0006958204,0.02580029,0.000120459605,0.020286119,0.0040499284,0.00033577954,0.001788526,4.385691e-06,4.9144986e-05,9.434113e-07,5.203068e-06,1.0446954e-06,3.7848682e-08,1.5920458e-11,1.5646037e-11,1.37388295e-11,2.1897711e-11,1.7088924e-11,2.3024582e-11,2.5206707e-11,5.450397e-12,4.1679555e-12,7.287947e-11,1.3824523e-11,6.659319e-12,1.027175e-11,5.9566254e-12,1.6992262e-11,1.4915066e-11,1.3527273e-11,2.1749734e-11,1.4952095e-11,1.5349357e-11,9.066828e-12,2.3356721e-11,9.888519e-12,5.324575e-12,4.3059315e-12,1.3961487e-12,1.4040908e-12,1.2686451e-12,1.5232921e-12,1.5199139e-12,1.4852773e-12,1.5453162e-12,1.5111379e-12,1.3936026e-12,1.4041953e-12,1.4810338e-12,1.5029514e-12,1.4340114e-12,1.3006317e-12,1.3503653e-12,1.401629e-12,1.3950918e-12,1.4553997e-12,1.3508909e-12
1.4947089e-12,1.4697122e-12,1.4547466e-12,1.5661217e-12,1.4540227e-12,1.4696254e-12,1.5694648e-12,1.5145823e-12,1.4938509e-12,1.4980939e-12,1.5356719e-12,1.5586776e-12,1.5436892e-12,1.5369584e-12,1.5499498e-12,1.4841577e-12,1.5903962e-12,1.4979423e-12,1.4126134e-12,1.7050293e-12,1.6106478e-12,3.6071794e-12,8.3439115e-12,3.647487e-12,6.3557935e-12,4.2326923e-12,6.987493e-12,3.2401221e-12,4.2074183e-12,8.665362e-12,5.7555115e-12,4.347754e-12,4.1001425e-12,8.897629e-12,6.4875817e-12,4.488745e-12,9.473212e-12,6.8887873e-12,1.23319e-11,6.2487285e-12,1.4516763e-11,8.848769e-12,1.504925e-11,9.0272035e-12,1.08471366e-11,1.33402725e-11,9.241136e-12,1.68585e-08,2.5497513e-06,1.9328154e-07,2.1620854e-06,3.3000654e-07,2.5906202e-06,6.2951867e-06,3.6424435e-06,5.03669e-05,1.3871134e-07,2.0090458e-05,0.00015682414,1.807497e-05,0.001427346,3.5204257e-06,0.003456817,8.817724e-05,0.0016471306,0.08577121,0.0010590724,0.13256574,0.00034063245,0.057357706,0.5885967,0.012575034,0.09085163,0.00012464833,0.020136619,0.0001411811,0.00013239586,0.003379933,8.685851e-06,7.000778e-05,3.2608253e-07,6.8956007e-07,1.4514502e-06,7.3338946e-08,1.1486202e-11,1.048165e-11,7.364529e-12,7.0835057e-12,6.9865207e-12,1.0679864e-11,9.904502e-12,6.654998e-12,3.2834848e-12,1.0935049e-11,1.5225715e-11,9.423904e-12,7.863822e-12,4.3219573e-12,6.897004e-12,6.8223096e-12,4.8288734e-12,1.06330144e-11,1.44108545e-11,1.1373905e-11,6.3661784e-12,8.603112e-12,1.2657761e-11,3.626966e-12,3.3069788e-12,1.4651947e-12,1.4757234e-12,1.5001669e-12,1.6444087e-12,1.6178835e-12,1.6094932e-12,1.486152e-12,1.7311464e-12,1.5197766e-12,1.4620681e-12,1.4869431e-12,1.5798267e-12,1.6288817e-12,1.5469137e-12,1.4636249e-12,1.4733048e-12,1.4586726e-12,1.4693171e-12,1.4652142e-12
5.7790344e-12,5.888342e-12,5.435324e-12,5.903411e-12,5.681761e-12,5.155827e-12,6.10369e-12,5.3814154e-12,5.3792804e-12,5.7467846e-12,5.6449047e-12,5.4642003e-12,5.7914814e-12,5.4492543e-12,5.7547036e-12,5.596982e-12,5.6469725e-12,5.322292e-12,5.2225164e-12,5.982119e-12,5.600164e-12,1.3758763e-11,2.3740204e-11,1.0356343e-11,1.4928388e-11,1.0753827e-11,1.4394274e-11,1.2101281e-11,6.4889973e-12,2.32749e-11,5.8282272e-12,1.0041197e-11,1.22584625e-11,1.9407406e-11,1.5225205e-11,1.328498e-11,1.8714754e-11,1.3627393e-11,2.53561e-11,2.1850403e-11,3.276895e-11,1.752671e-11,1.1687383e-11,1.6798273e-11,1.1379816e-11,1.797043e-11,1.9272398e-11,6.169983e-08,6.0870375e-06,1.5464616e-07,3.4316113e-06,1.7018663e-06,1.2872453e-05,1.5177846e-05,2.6250073e-06,5.5694894e-05,4.5805814e-07,0.000105582454,0.0009506753,3.6135996e-05,0.008826958,1.6169774e-05,0.039023045,0.008841668,0.03514393,0.15535171,0.00061778165,0.18889767,0.0003546174,0.03538698,0.4184412,0.00276554,0.06965715,0.0001991844,0.03024244,0.002109098,0.0006597283,0.0021539053,7.795091e-06,0.000107133295,7.083503e-07,2.2074316e-06,2.6512582e-06,9.2060034e-08,1.6870004e-11,2.0227755e-11,1.31928635e-11,1.7639933e-11,1.8014768e-11,1.2751402e-11,1.2800481e-11,7.764536e-12,6.2923755e-12,2.523009e-11,3.170519e-11,9.889332e-12,9.263379e-12,5.9972223e-12,1.6880174e-11,1.4898692e-11,1.8966658e-11,1.0312859e-11,1.11421e-11,3.9169955e-11,6.687859e-12,2.0510978e-11,1.966331e-11,1.2834708e-11,9.265287e-12,5.3521597e-12,5.310043e-12,5.4222156e-12,5.903141e-12,5.8876675e-12,5.6789226e-12,5.774209e-12,6.311801e-12,5.840669e-12,5.307714e-12,5.6709125e-12,5.779409e-12,5.5677437e-12,5.5855706e-12,5.4905486e-12,5.7612053e-12,5.2855897e-12,5.5709946e-12,5.562755e-12
5.006285e-10,5.8403615e-10,5.452295e-10,5.2755017e-10,5.571243e-10,5.226586e-10,5.463538e-10,4.1456408e-10,4.8388477e-10,5.3609506e-10,5.747907e-10,4.9835347e-10,5.324733e-10,5.7664756e-10,5.1415133e-10,5.419572e-10,5.4317634e-10,4.894663e-10,4.815893e-10,5.4406185e-10,5.241631e-10,1.1726692e-09,1.6905899e-09,1.0389134e-09,1.2881511e-09,1.5666447e-09,2.3391298e-09,2.1013424e-09,1.3751507e-09,6.007167e-09,7.510166e-10,1.3520194e-09,9.637396e-10,2.2855673e-09,1.9153024e-09,7.5020623e-10,2.5825369e-09,1.3536475e-09,2.7449674e-09,1.7160375e-09,4.591873e-09,2.6399503e-09,1.0594708e-09,1.4176367e-09,1.2822826e-09,2.5091942e-09,2.8133662e-09,3.5234302e-06,0.0010457796,1.691858e-05,0.00040204817,0.00013041619,0.0012654151,0.0021431295,0.00020519264,0.0049983836,9.610172e-05,0.0044266037,0.019708792,0.0015032208,0.06858992,0.00068902713,0.0827036,0.03329459,0.10641078,0.21174766,0.00095993036,0.14844188,0.0029616477,0.03985293,0.15730634,0.0035918227,0.05621434,0.002360644,0.034990933,0.00265917,0.002030706,0.008007079,0.00019002172,0.0008689517,3.330845e-05,6.917394e-05,7.339179e-05,6.5438276e-06,4.1774246e-09,2.8226108e-09,1.4507568e-09,1.9540918e-09,2.6910845e-09,2.0724134e-09,2.294285e-09,1.7148956e-09,9.439264e-10,4.8336757e-09,2.6033926e-09,1.6830486e-09,3.9641384e-09,1.295684e-09,4.2767097e-09,1.7806397e-09,4.3578257e-09,1.4917072e-09,9.681079e-10,3.6183363e-09,5.291626e-10,2.235127e-09,1.9327482e-09,9.016858e-10,9.158749e-10,4.941047e-10,5.1592547e-10,5.2536514e-10,5.5550087e-10,5.691766e-10,5.3318167e-10,5.63325e-10,5.6394855e-10,5.126541e-10,4.888412e-10,5.405718e-10,5.0658294e-10,5.2053556e-10,5.3837396e-10,4.7878856e-10,4.8070836e-10,5.78527e-10,5.480801e-10,5.1677934e-10
7.7692186e-10,7.3521017e-10,7.2532086e-10,7.546245e-10,7.072416e-10,7.785462e-10,7.331097e-10,6.772427e-10,7.2109163e-10,6.853487e-10,8.0702384e-10,7.4494716e-10,7.7509976e-10,7.5027157e-10,8.1562307e-10,8.167486e-10,7.7273504e-10,6.5309924e-10,6.8513306e-10,7.866379e-10,7.447624e-10,9.723691e-10,3.2477996e-09,1.3800343e-09,2.7757867e-09,1.2647734e-09,4.082637e-09,5.230794e-09,1.8357191e-09,5.338115e-09,2.1175393e-09,4.6199116e-09,1.7609076e-09,5.592472e-09,2.5918518e-09,8.346927e-10,3.4476042e-09,4.16563e-09,4.9742654e-09,4.0594745e-09,6.3472743e-09,5.770018e-09,4.0495296e-09,2.6781688e-09,2.03528e-09,4.318322e-09,3.0751894e-09,3.068064e-06,0.000775952,3.8621285e-05,0.00029260712,0.00027278456,0.0005728401,0.0013891881,0.00043969456,0.0028351087,0.00010803691,0.0059698313,0.0064051277,0.00019884715,0.02461775,0.00034513205,0.026480448,0.012555865,0.040948603,0.27294827,0.0049228314,0.15148161,0.0014472987,0.13378231,0.13785443,0.0039680516,0.07669649,0.0011430288,0.048712797,0.02061493,0.0044221873,0.012466784,0.00027600795,0.004501738,8.097897e-05,0.00024432788,0.00016913028,1.7056387e-05,7.480672e-09,2.2698565e-09,3.8763126e-09,4.9635185e-09,3.340303e-09,4.7769118e-09,3.0523233e-09,2.2915634e-09,1.2226193e-09,1.1041617e-08,4.672195e-09,2.3005673e-09,4.74416e-09,2.0158202e-09,5.581357e-09,2.8117815e-09,3.3464378e-09,3.0975413e-09,1.740844e-09,4.595182e-09,7.718836e-10,4.168031e-09,2.9299367e-09,1.4237165e-09,1.2409209e-09,6.5766187e-10,7.3995815e-10,7.7347084e-10,7.8738843e-10,8.030745e-10,8.0501755e-10,7.99175e-10,8.3054624e-10,7.6295487e-10,6.948706e-10,7.627192e-10,7.428444e-10,6.853344e-10,7.530099e-10,6.7443e-10,7.098499e-10,7.8343365e-10,7.776839e-10,7.550377e-10
3.0379677e-08,3.0121246e-08,2.9317166e-08,2.5903908e-08,3.1659656e-08,2.8105559e-08,2.7531843e-08,2.4329134e-08,2.723762e-08,2.9264259e-08,3.0326067e-08,2.7439679e-08,2.7985736e-08,3.081192e-08,3.1865515e-08,3.082908e-08,2.9426856e-08,2.6709982e-08,2.6545226e-08,3.1623383e-08,2.935891e-08,4.784456e-08,4.428394e-08,5.0752423e-08,5.7315766e-08,5.839006e-08,6.6914666e-08,1.0329311e-07,4.3134104e-08,1.4089495e-07,3.2231355e-08,1.0802606e-07,4.5835957e-08,7.075879e-08,4.624552e-08,4.8410936e-08,1.139158e-07,8.060711e-08,7.9217514e-08,1.12548925e-07,1.8342618e-07,7.878836e-08,6.5504366e-08,4.1150372e-08,5.7357326e-08,5.2187694e-08,5.0923468e-08,5.6700097e-05,0.005844263,0.00018179849,0.0015719184,0.0035683822,0.0055234046,0.0030012252,0.0015728766,0.011698267,0.00054488785,0.004821446,0.027853914,0.004453554,0.039414465,0.0016046622,0.04013956,0.08406623,0.0660153,0.18317328,0.0020833833,0.17852952,0.0059805913,0.0464586,0.14753886,0.011313097,0.04541586,0.0030977936,0.031411458,0.013372243,0.003950574,0.01325423,0.0018608958,0.0091435565,0.00048861414,0.0003998364,0.00042339618,0.0001661665,1.10138615e-07,6.39667e-08,5.7680303e-08,6.441531e-08,8.3036035e-08,6.055749e-08,7.465952e-08,8.516471e-08,6.976057e-08,2.0257436e-07,1.0426918e-07,1.1041625e-07,1.1545421e-07,5.838906e-08,1.6090186e-07,7.6047876e-08,1.2624804e-07,6.408614e-08,4.382783e-08,1.18861756e-07,2.0147606e-08,7.094866e-08,1.13591874e-07,5.30068e-08,5.0020887e-08,2.535854e-08,2.897539e-08,2.9872826e-08,3.1040667e-08,3.0694135e-08,2.8661367e-08,3.0104133e-08,3.0451787e-08,2.8869582e-08,2.5226406e-08,2.9381935e-08,2.6034725e-08,2.6277434e-08,3.0619702e-08,2.6603109e-08,2.5928822e-08,3.480039e-08,3.0658445e-08,2.6511628e-08
3.5626899e-12,3.928621e-12,3.7519206e-12,3.6584494e-12,3.777844e-12,3.7062723e-12,3.696226e-12,3.6547458e-12,3.6134758e-12,3.4567872e-12,3.89955e-12,3.690851e-12,3.7548705e-12,3.694119e-12,3.6710452e-12,3.669225e-12,3.5653067e-12,3.4083656e-12,3.450391e-12,4.0974724e-12,3.679647e-12,2.0700334e-11,3.179251e-11,2.69906e-11,2.60422e-11,2.3801136e-11,2.3157509e-11,3.5169295e-11,8.005815e-12,1.569922e-11,9.842325e-12,2.2584034e-11,1.4405808e-11,2.7372432e-11,1.7502524e-11,1.3851236e-11,2.6765444e-11,1.6867363e-11,3.424358e-11,2.9522853e-11,2.5034223e-11,3.2694653e-11,2.1479377e-11,2.1104425e-11,2.7069276e-11,3.2441275e-11,1.6597628e-11,8.535233e-08,7.3749447e-06,1.12129236e-07,3.7675507e-06,7.2539e-06,5.067962e-06,1.26271725e-05,6.0794605e-06,6.89249e-05,1.5038639e-06,8.741638e-05,0.0005959423,7.578623e-05,0.004077855,2.0864562e-05,0.017498624,0.008096652,0.006612864,0.08612863,0.0037912584,0.2206831,0.004704721,0.15636382,0.19162604,0.049063023,0.14399526,0.0012159229,0.09123698,0.008295892,0.0012567046,0.003663085,5.7037578e-05,0.0007207334,4.209537e-06,7.4732156e-06,6.438642e-06,8.7914236e-07,7.702043e-11,2.053556e-11,3.7580387e-11,2.7270968e-11,1.998889e-11,2.252832e-11,5.792832e-11,2.4181854e-11,3.0269235e-11,7.0365054e-11,3.543303e-11,5.6140266e-11,4.8285292e-11,2.135739e-11,7.513172e-11,2.4241933e-11,5.014024e-11,3.4644853e-11,3.871575e-11,8.3512294e-11,2.689599e-11,3.013524e-11,2.8519829e-11,1.35951484e-11,6.9349335e-12,3.5737695e-12,3.4392409e-12,3.5706629e-12,3.5117061e-12,3.5515898e-12,4.0287257e-12,3.6415666e-12,3.838947e-12,3.744678e-12,3.742915e-12,3.3479096e-12,3.4182223e-12,3.7600444e-12,3.9489497e-12,3.4409077e-12,3.7674534e-12,3.7393894e-12,4.1672564e-12,3.5281682e-12
5.218999e-12,4.78662e-12,4.577279e-12,4.9657097e-12,4.585825e-12,4.6242446e-12,5.0170614e-12,4.8858712e-12,4.727832e-12,4.551753e-12,4.88684e-12,4.8015333e-12,4.5926184e-12,4.8812135e-12,4.9534686e-12,4.954792e-12,4.9415784e-12,4.6434406e-12,4.4249326e-12,5.3045138e-12,4.9632663e-12,6.411781e-12,1.7471033e-11,6.402799e-12,1.3227225e-11,5.081491e-12,2.4100576e-11,1.7252871e-11,6.6169028e-12,1.7980263e-11,1.620244e-11,1.0800278e-11,1.1325699e-11,1.9622838e-11,1.4081625e-11,7.49193e-12,1.7394291e-11,1.2619244e-11,2.5383912e-11,2.3603884e-11,3.0475684e-11,2.5768408e-11,2.680283e-11,1.2702509e-11,2.2232832e-11,2.3151052e-11,2.0732095e-11,3.0743593e-08,3.2265289e-06,1.4772964e-07,1.3597161e-06,2.8108973e-06,2.0562707e-06,3.9996653e-06,1.7455553e-06,1.789434e-05,8.417353e-07,2.6444834e-05,0.00036022984,3.2001744e-06,0.0004389521,2.9408266e-06,0.0011757929,0.00030425485,0.00045752426,0.004776284,0.00021394888,0.08405839,0.0019193598,0.14313993,0.41145664,0.0047280905,0.273001,0.00048049452,0.06449775,0.0035489216,0.00039961157,0.0046052053,1.4891614e-05,0.0003432127,4.206077e-06,4.484794e-06,3.8681e-06,2.8762648e-07,4.515007e-11,1.2830566e-11,2.987284e-11,3.980545e-11,2.362929e-11,3.087053e-11,3.7934912e-11,1.5365612e-11,2.736861e-11,1.087586e-10,5.5844846e-11,3.507476e-11,4.0639655e-11,1.6713063e-11,5.5534688e-11,2.5258101e-11,2.7034179e-11,1.4044743e-11,2.4310502e-11,3.4683985e-11,1.0287119e-11,1.2152325e-11,1.9954295e-11,1.0012582e-11,6.882249e-12,4.735973e-12,5.1223023e-12,5.033375e-12,5.2879667e-12,5.230509e-12,5.0649628e-12,4.7977165e-12,5.3979946e-12,4.8579005e-12,4.779613e-12,5.3900005e-12,4.738151e-12,4.224548e-12,4.736795e-12,4.609292e-12,4.8051892e-12,4.8220182e-12,5.09743e-12,4.6335236e-12
2.0893194e-10,2.1545235e-10,2.0027666e-10,1.9868777e-10,2.1580399e-10,1.9064442e-10,2.022953e-10,1.9271812e-10,1.9442901e-10,1.982063e-10,2.1722499e-10,1.9645016e-10,1.8491852e-10,2.1137861e-10,2.0596205e-10,2.1926971e-10,1.9061606e-10,2.1143347e-10,1.8223922e-10,2.3137377e-10,2.0569745e-10,7.049281e-10,9.165876e-10,5.4697513e-10,4.904867e-10,5.4175253e-10,7.6378665e-10,8.080067e-10,3.875432e-10,1.766324e-09,6.214351e-10,9.0197455e-10,5.295865e-10,7.077695e-10,5.5530475e-10,6.4361955e-10,1.104604e-09,7.956969e-10,7.623545e-10,1.1197371e-09,1.5130375e-09,1.3331616e-09,1.6944958e-09,6.0074723e-10,1.3447612e-09,6.66742e-10,1.0871509e-09,2.5394918e-06,0.0003227517,2.5718206e-05,0.0001640672,0.00017728563,0.0002806111,9.6364805e-05,0.00014963071,0.0006446965,7.007768e-05,0.00033816928,0.004270773,0.0008146774,0.0031223658,0.00028792495,0.007531026,0.0044228453,0.01410716,0.022159733,0.0023252198,0.10952198,0.006720679,0.051800378,0.34523377,0.036850933,0.12649968,0.006040662,0.19943713,0.018888198,0.008238688,0.023731878,0.0008395928,0.004678946,6.29924e-05,7.752455e-05,5.6450303e-05,6.8025565e-06,1.5310361e-09,8.960417e-10,1.303718e-09,1.4265602e-09,1.3528239e-09,1.407651e-09,1.5287369e-09,1.0807502e-09,7.8088586e-10,2.0415054e-09,8.6350815e-10,1.7423528e-09,1.1161803e-09,7.689289e-10,1.4473901e-09,6.836934e-10,2.1495332e-09,5.1326543e-10,8.756556e-10,1.170008e-09,3.1872904e-10,5.221891e-10,1.1190965e-09,5.4253113e-10,3.0111744e-10,1.9371718e-10,2.0313203e-10,2.1002348e-10,2.1790972e-10,2.0889089e-10,2.078976e-10,1.9994079e-10,2.2067399e-10,2.1144476e-10,1.8456547e-10,2.050468e-10,1.9368875e-10,1.8491958e-10,2.1123675e-10,1.7849434e-10,1.8293017e-10,2.3854405e-10,2.0932844e-10,1.8765403e-10
1.9763136e-11,2.2888762e-11,1.9918596e-11,2.0463579e-11,2.0872519e-11,2.0470722e-11,2.1488063e-11,1.9382584e-11,1.7864658e-11,2.0879048e-11,2.1642474e-11,2.1246147e-11,1.9725364e-11,2.2585283e-11,1.8782876e-11,1.9941784e-11,2.0243926e-11,2.0118327e-11,2.0156082e-11,2.1619371e-11,2.0311067e-11,6.866731e-11,3.972552e-11,3.985188e-11,4.9721397e-11,3.5532112e-11,2.543355e-11,9.441422e-11,2.4622986e-11,5.217053e-11,2.5590674e-11,2.6242598e-11,5.4996587e-11,4.7674264e-11,3.6477908e-11,1.8921783e-11,6.052764e-11,2.4371189e-11,1.5970796e-11,5.3970318e-11,4.7170635e-11,2.6786177e-11,2.6489312e-11,2.6117114e-11,3.5237247e-11,3.0523632e-11,2.7184451e-11,2.3620468e-07,3.1374246e-05,3.835414e-07,4.0380314e-06,3.8859616e-05,2.1976864e-05,1.0814249e-05,3.925786e-06,4.1411517e-05,4.043596e-06,3.4946497e-05,0.00027521164,2.6720181e-05,0.0006354003,1.3695286e-05,0.0023634015,0.004678125,0.0054372046,0.0063394043,0.0011846853,0.04927967,0.0035961864,0.043669134,0.19076258,0.013757424,0.4235457,0.0056679053,0.1640072,0.060452055,0.015249521,0.0071860687,0.0001089554,0.001531165,1.632864e-05,1.911387e-05,4.9080427e-06,2.6809286e-07,9.176652e-11,3.8642717e-11,4.2830326e-11,1.4900403e-10,7.086069e-11,3.1637835e-11,6.867281e-11,2.957837e-11,4.9165283e-11,1.3236273e-10,7.6286207e-11,6.926675e-11,1.1102287e-10,6.918753e-11,7.081421e-11,7.625623e-11,2.4341285e-10,3.2117062e-11,6.765019e-11,1.2248627e-10,4.35219e-11,4.264618e-11,3.686041e-11,3.4121206e-11,3.152567e-11,2.0130378e-11,2.0298754e-11,2.1134596e-11,1.8994353e-11,2.022027e-11,2.1004152e-11,2.166614e-11,2.1640908e-11,2.116594e-11,1.997559e-11,2.009037e-11,2.0887573e-11,2.0939112e-11,2.1211486e-11,1.8658117e-11,2.0257058e-11,2.121165e-11,2.0525887e-11,2.0339678e-11
6.7176287e-10,6.891114e-10,6.4157546e-10,6.8368344e-10,6.4470973e-10,6.3963035e-10,6.905376e-10,6.6357075e-10,6.2190747e-10,6.3076677e-10,6.702437e-10,6.49376e-10,6.366033e-10,7.2414114e-10,6.675683e-10,6.832037e-10,6.3060923e-10,6.3618466e-10,6.2392963e-10,7.56783e-10,5.981624e-10,7.2627965e-10,7.2940043e-10,9.565192e-10,1.012761e-09,4.803593e-10,6.393449e-10,6.4229794e-10,3.568618e-10,9.586727e-10,5.545494e-10,6.5986894e-10,8.7542906e-10,8.755309e-10,1.085931e-09,6.0135175e-10,1.2045016e-09,6.130486e-10,7.578881e-10,6.3830796e-10,1.1390123e-09,6.9118855e-10,9.978549e-10,9.447554e-10,1.0638694e-09,4.6808046e-10,6.6637373e-10,7.699381e-07,0.00019820222,8.723647e-06,5.0277587e-05,6.262543e-05,7.571076e-05,5.102023e-05,3.4669658e-05,0.00015997549,1.083338e-05,0.00011204809,0.00048473885,0.0001041449,0.0005133631,2.5319523e-05,0.0027925603,0.00062549877,0.0042039743,0.024309503,0.0034846156,0.09904098,0.0033211673,0.075860396,0.28720593,0.04092739,0.121488646,0.004477086,0.2395213,0.015916226,0.015132574,0.05057292,0.0008771746,0.008004658,0.00014814494,8.4051746e-05,0.0001036317,9.125405e-06,1.1471445e-09,4.008113e-10,1.1258325e-09,1.1248732e-09,1.6184646e-09,6.2643496e-10,7.36897e-10,8.9844676e-10,8.529767e-10,1.3892847e-09,1.0299505e-09,1.3680119e-09,7.1667317e-10,6.6827666e-10,1.2344986e-09,1.1090316e-09,2.5144893e-09,7.258725e-10,1.0759811e-09,1.5575224e-09,4.5625212e-10,3.5885211e-10,1.0146365e-09,5.099626e-10,7.856116e-10,5.879416e-10,6.695972e-10,7.16311e-10,7.017171e-10,6.541322e-10,7.0836287e-10,6.937403e-10,6.875989e-10,7.0463824e-10,6.3428846e-10,6.4308486e-10,6.661565e-10,6.5525346e-10,6.8729467e-10,6.219692e-10,6.59499e-10,6.8528144e-10,6.5799505e-10,6.564231e-10
1.13303776e-10,1.15594714e-10,1.03958925e-10,1.1422272e-10,1.0986493e-10,1.0340284e-10,1.16207724e-10,1.1274179e-10,1.0554811e-10,1.0775084e-10,1.1016794e-10,1.0379883e-10,9.9641836e-11,1.13496504e-10,1.214073e-10,1.1430008e-10,1.1088892e-10,1.14946566e-10,9.833458e-11,1.2818814e-10,1.1897236e-10,2.943718e-10,7.1213013e-10,2.6733626e-10,3.9830553e-10,3.2046105e-10,7.365667e-10,4.5251333e-10,2.9081743e-10,1.5344929e-09,3.7058456e-10,4.4142595e-10,5.714023e-10,4.4351045e-10,4.6418985e-10,2.7093053e-10,9.1164704e-10,5.644287e-10,7.181729e-10,6.459948e-10,1.8467553e-09,1.4682447e-09,8.2822005e-10,5.915467e-10,6.5374417e-10,6.97019e-10,6.3460787e-10,1.4088896e-06,0.0001852334,8.998943e-06,0.00011952006,4.321429e-05,0.0004240835,0.00012474324,8.433927e-05,0.00091400545,8.472768e-05,0.002846661,0.0023132553,0.00017944122,0.0043705218,9.0459616e-05,0.007759676,0.004389779,0.028426496,0.024422213,0.0014567316,0.24401374,0.007946832,0.30794543,0.20141116,0.0044631665,0.074097045,0.0017424272,0.05361078,0.0080104545,0.0037425328,0.01031461,0.00015475662,0.0038725592,0.00011052239,0.00028050452,3.2460568e-05,5.548457e-06,1.9393886e-09,8.818678e-10,6.92738e-10,1.5997644e-09,1.6169374e-09,7.755575e-10,1.0644702e-09,4.4852963e-10,1.2448431e-09,4.5788435e-09,9.503635e-10,5.4508e-10,4.996595e-10,5.496768e-10,5.751485e-10,3.075226e-10,1.287373e-09,4.2477924e-10,3.328932e-10,8.212263e-10,3.7612974e-10,4.904141e-10,3.9456796e-10,3.0927552e-10,2.3703073e-10,9.488054e-11,1.1193187e-10,1.11736904e-10,1.1830324e-10,1.1665076e-10,1.145124e-10,1.1821956e-10,1.1637474e-10,1.130467e-10,1.03703456e-10,1.2278593e-10,1.07812724e-10,1.0244758e-10,1.1312046e-10,9.979342e-11,1.0717877e-10,1.2512985e-10,1.06956985e-10,1.0529496e-10
4.1604897e-10,4.9737775e-10,4.537028e-10,4.5995016e-10,4.686114e-10,4.2152207e-10,4.5628376e-10,4.5336027e-10,4.3536907e-10,4.4048007e-10,4.478768e-10,4.811648e-10,4.4479165e-10,4.95762e-10,4.5425352e-10,4.5406467e-10,4.3147869e-10,4.6185694e-10,4.1734768e-10,4.966668e-10,4.2245255e-10,1.1883596e-09,9.281259e-10,8.7598745e-10,1.3185718e-09,9.925027e-10,6.4707056e-10,8.2905033e-10,2.6418157e-10,8.1515167e-10,3.1059164e-10,4.6181023e-10,5.82356e-10,7.435189e-10,8.4013274e-10,3.917733e-10,7.3071815e-10,5.098375e-10,5.399881e-10,4.5087414e-10,7.636565e-10,5.593172e-10,5.656286e-10,5.1033466e-10,7.1653966e-10,6.0097494e-10,5.228217e-10,1.4925165e-06,0.00081245636,9.037453e-06,9.5552576e-05,0.00010893148,0.00021411081,0.00013470666,9.3230665e-05,0.0006822303,5.9242648e-05,0.00066173106,0.0022041027,0.00039360466,0.002847353,0.00015781235,0.007971027,0.0049214736,0.027045982,0.04028725,0.0043486063,0.19177575,0.008491032,0.12913509,0.17715329,0.055104196,0.11578702,0.008255896,0.1573678,0.017815959,0.013812594,0.025688717,0.0011082502,0.0050771167,8.3278e-05,0.00023785133,5.0858784e-05,5.295792e-06,1.0376353e-09,6.011503e-10,7.5010975e-10,8.1772267e-10,8.117987e-10,6.713496e-10,8.2927815e-10,8.239475e-10,5.403023e-10,1.9506976e-09,7.591892e-10,1.6273031e-09,1.2876514e-09,1.0543818e-09,1.5719744e-09,7.268511e-10,2.0742663e-09,5.8339994e-10,1.0269146e-09,3.0205736e-09,5.883413e-10,8.1381724e-10,2.0684192e-09,9.015045e-10,7.127489e-10,4.2043247e-10,4.4671739e-10,4.5527362e-10,4.5791063e-10,4.4443887e-10,4.7621257e-10,4.5679055e-10,4.6308746e-10,4.761989e-10,4.44717e-10,4.3354273e-10,4.312993e-10,4.7821597e-10,4.663333e-10,4.1320042e-10,4.6317933e-10,4.8000154e-10,4.615267e-10,4.3128948e-10
4.098805e-11,4.6234655e-11,3.923061e-11,4.4572117e-11,4.051918e-11,3.8250996e-11,4.4611922e-11,4.3301668e-11,4.0536338e-11,4.1254562e-11,3.9801763e-11,4.2524845e-11,3.886137e-11,4.3147416e-11,4.3380778e-11,4.2197294e-11,4.1145174e-11,4.133821e-11,3.7283048e-11,4.498e-11,4.26427e-11,1.8198479e-10,3.3536476e-10,1.7441255e-10,2.7401081e-10,1.2681828e-10,1.8720875e-10,1.6552908e-10,7.261686e-11,2.383869e-10,1.3310306e-10,1.179682e-10,1.6041823e-10,1.5452804e-10,1.926341e-10,6.625436e-11,1.8262458e-10,1.464966e-10,2.6292873e-10,1.3124332e-10,2.7505176e-10,2.4577168e-10,1.8363754e-10,1.5430832e-10,1.6155804e-10,1.5937673e-10,2.0855666e-10,2.0103474e-07,4.7441892e-05,8.705975e-07,1.2743339e-05,1.5129769e-05,4.2316835e-05,3.7947688e-05,2.155102e-05,0.00023803458,1.040459e-05,0.0004150015,0.0011908258,3.532273e-05,0.0033214167,2.6685124e-05,0.004419881,0.0026508006,0.010148035,0.018594427,0.0007552289,0.17362355,0.0026905888,0.15825327,0.32307714,0.0057216138,0.17939211,0.001288887,0.09004401,0.00783079,0.001999762,0.011770177,5.8743986e-05,0.0021615366,2.0566049e-05,6.8018446e-05,1.416069e-05,8.3950334e-07,4.8642984e-10,1.9112335e-10,1.6080452e-10,2.791265e-10,2.8793307e-10,1.4547666e-10,2.7213576e-10,1.11235944e-10,1.9802888e-10,8.041454e-10,2.4463753e-10,1.6074074e-10,1.8194729e-10,1.24667e-10,3.3493838e-10,1.1036756e-10,4.2815826e-10,1.3610132e-10,1.4563933e-10,4.1315373e-10,1.4296113e-10,1.848612e-10,2.1671409e-10,1.3474782e-10,8.290432e-11,3.7873926e-11,3.9326955e-11,4.1989034e-11,4.201242e-11,4.140047e-11,4.344669e-11,4.5885355e-11,4.3708683e-11,4.374388e-11,4.223933e-11,4.2754845e-11,4.1412e-11,3.8665588e-11,4.116009e-11,4.070547e-11,4.100963e-11,4.1050642e-11,4.192725e-11,3.935382e-11
1.6972628e-09,2.0499547e-09,1.7752421e-09,1.8578029e-09,2.0173572e-09,1.6475304e-09,1.8348076e-09,1.614429e-09,1.7454477e-09,1.8283028e-09,1.9841122e-09,1.7462234e-09,1.6102435e-09,1.9297177e-09,1.926092e-09,1.7956303e-09,1.7424207e-09,1.971625e-09,1.6136902e-09,2.086037e-09,1.8646618e-09,4.59737e-09,5.104602e-09,3.2540224e-09,4.7141557e-09,5.2459472e-09,3.2392846e-09,6.970313e-09,1.7925778e-09,1.1795076e-08,2.009354e-09,3.3388927e-09,4.9789506e-09,4.557123e-09,5.469779e-09,4.079264e-09,6.5341306e-09,4.314071e-09,4.4034816e-09,6.628817e-09,1.1098512e-08,6.1641527e-09,1.1429846e-08,3.5242003e-09,7.0164665e-09,3.6754377e-09,4.2532027e-09,1.9938125e-05,0.0023868436,0.00012359933,0.00069654675,0.0015218332,0.0010271072,0.0006155803,0.00045738977,0.0013564643,0.000640051,0.0010555112,0.007500469,0.0012369232,0.0053429347,0.0007932405,0.0069888923,0.02255085,0.023235159,0.05400552,0.003139488,0.11133499,0.02048594,0.07133727,0.38639462,0.018347565,0.09302275,0.0075883972,0.0834401,0.027510433,0.0072824927,0.02700716,0.0012572767,0.008610696,0.0009838259,0.00044289732,0.00023099105,2.7911281e-05,7.2397173e-09,4.5260258e-09,3.484238e-09,3.8576933e-09,6.8163057e-09,3.6851815e-09,5.6225757e-09,3.4116956e-09,4.0890793e-09,1.0352314e-08,4.732002e-09,5.7925416e-09,3.4476741e-09,3.9502535e-09,4.5151096e-09,4.853438e-09,9.09881e-09,3.6713954e-09,5.040861e-09,4.5136286e-09,2.2393916e-09,2.521593e-09,6.7601005e-09,2.791564e-09,3.072004e-09,1.6382675e-09,1.9353243e-09,1.8102521e-09,2.0408257e-09,1.8846709e-09,1.8678654e-09,1.8661062e-09,1.9959163e-09,1.8535559e-09,1.5600051e-09,1.914401e-09,1.6610636e-09,1.7290819e-09,1.8921265e-09,1.600018e-09,1.6685892e-09,2.2304907e-09,1.9678192e-09,1.7549181e-09
4.923082e-12,5.5560066e-12,4.7636122e-12,4.832062e-12,5.0375225e-12,4.622426e-12,5.088239e-12,4.774309e-12,4.351413e-12,5.0144958e-12,5.1923973e-12,4.9248756e-12,4.726307e-12,5.1696685e-12,4.7710503e-12,4.825559e-12,5.1366047e-12,5.040598e-12,4.618319e-12,5.2560894e-12,4.867685e-12,1.112591e-11,9.152098e-12,8.512717e-12,1.0896532e-11,6.009504e-12,4.8801132e-12,1.4683038e-11,7.095081e-12,1.1257166e-11,5.190001e-12,4.588388e-12,1.0650755e-11,8.930104e-12,6.9837634e-12,6.044693e-12,8.8278326e-12,4.746941e-12,3.5095607e-12,1.07804555e-11,1.1696964e-11,6.2128974e-12,8.873716e-12,6.3313773e-12,8.4148565e-12,6.7100735e-12,6.422158e-12,5.5183563e-08,3.6809188e-06,9.211362e-08,5.8989195e-07,6.770059e-06,3.3008764e-06,5.9748468e-06,9.239715e-07,1.20039995e-05,1.4867563e-06,1.0428738e-05,0.00019860375,5.118449e-06,0.00023911732,1.6133156e-06,0.00055469543,0.0016511057,0.001209125,0.0051905024,0.00022265219,0.0264853,0.0019094227,0.024198433,0.39418653,0.0047780205,0.39687827,0.0012155551,0.07805167,0.05205213,0.00501123,0.0054150377,1.80523e-05,0.00046551795,8.693923e-06,5.740192e-06,2.457166e-06,9.449411e-08,1.625202e-11,7.898847e-12,9.174295e-12,2.1789624e-11,1.56169e-11,6.046595e-12,9.340692e-12,5.701852e-12,9.968028e-12,2.3358938e-11,1.3077235e-11,1.4269068e-11,1.9911517e-11,1.00380294e-11,8.4456496e-12,1.4020169e-11,3.726075e-11,5.5091222e-12,1.2752513e-11,1.8133066e-11,6.7780295e-12,7.342453e-12,8.8217905e-12,6.6124853e-12,6.8624806e-12,4.7807973e-12,4.8185965e-12,5.040213e-12,5.0956106e-12,4.9620347e-12,4.9824246e-12,5.160654e-12,5.3586723e-12,4.9772387e-12,4.8930126e-12,4.9371397e-12,4.9354076e-12,4.9236826e-12,5.0226706e-12,4.663427e-12,4.7539e-12,4.950473e-12,4.9247533e-12,5.024472e-12
2.276012e-12,2.6434753e-12,2.2292838e-12,2.4618055e-12,2.4244523e-12,2.0884982e-12,2.4839453e-12,2.3294884e-12,2.2450464e-12,2.4513755e-12,2.4614345e-12,2.3312754e-12,2.320411e-12,2.2962398e-12,2.5275556e-12,2.3645844e-12,2.3846123e-12,2.2684192e-12,2.1561882e-12,2.5528757e-12,2.3752706e-12,1.0951385e-11,1.0008008e-11,7.2168074e-12,8.610888e-12,4.5932793e-12,5.0183677e-12,8.022633e-12,4.5116684e-12,1.1104066e-11,2.9451593e-12,7.376909e-12,5.8467237e-12,9.25187e-12,7.74277e-12,3.9189537e-12,6.4075446e-12,7.04463e-12,8.709117e-12,8.501758e-12,8.746273e-12,6.4214307e-12,5.504224e-12,7.488508e-12,4.1332593e-12,5.5694243e-12,6.704734e-12,2.7468404e-08,3.0729084e-06,9.580451e-08,1.5613072e-06,3.3116512e-06,3.0719066e-06,8.056677e-06,1.1960847e-06,3.4451048e-05,5.3192736e-07,7.30315e-05,0.00092640263,6.140448e-06,0.0019570354,3.830016e-06,0.006060422,0.004099148,0.006148805,0.08082618,0.00026665817,0.19291224,0.00028710839,0.04731083,0.53888637,0.0012121756,0.061732087,0.00010045452,0.039891135,0.009925063,0.000820399,0.005889978,7.5567414e-06,0.0005928714,1.4082183e-06,3.2635626e-06,3.940653e-06,8.965289e-08,1.0676151e-11,6.701857e-12,7.909153e-12,1.2341469e-11,1.16797665e-11,7.938367e-12,8.2255045e-12,9.892959e-12,7.2685555e-12,4.295888e-11,2.9661773e-11,5.60256e-12,5.146928e-12,4.1708685e-12,1.0777734e-11,9.451891e-12,2.3209877e-11,8.627624e-12,5.9680585e-12,2.7841014e-11,3.2478605e-12,8.655001e-12,1.06713865e-11,4.9099028e-12,4.2217002e-12,2.15904e-12,2.2767328e-12,2.3508819e-12,2.5174136e-12,2.4452068e-12,2.2922666e-12,2.506375e-12,2.6254563e-12,2.5679222e-12,2.1734806e-12,2.4061406e-12,2.346635e-12,2.250294e-12,2.2711854e-12,2.346756e-12,2.3736126e-12,2.2573525e-12,2.5048457e-12,2.2255281e-12
2.1723606e-06,2.3151183e-06,2.3280172e-06,2.1180188e-06,2.3140717e-06,2.2473332e-06,2.3570362e-06,2.2049337e-06,2.2514905e-06,2.1599492e-06,2.511245e-06,2.1962915e-06,2.287047e-06,2.3486311e-06,2.1938004e-06,2.2563786e-06,2.1669684e-06,2.163124e-06,2.1787425e-06,2.2927509e-06,2.3855894e-06,3.871778e-07,7.5386293e-07,3.599826e-07,3.402025e-07,4.7942575e-07,5.1730433e-07,3.9650843e-07,3.4267592e-07,2.4724613e-07,2.1913277e-07,4.0379862e-07,3.073749e-07,1.4990832e-07,3.3449786e-07,2.477536e-07,1.0970854e-07,1.7656308e-07,2.0762157e-07,1.7113864e-07,2.2315578e-07,8.88723e-08,1.3369436e-07,2.2082618e-07,1.6376138e-07,1.4323899e-07,1.8446002e-07,0.00021423578,0.0025512478,0.00033927182,0.0024802245,0.0029288386,0.007235822,0.012683165,0.006416981,0.01978223,0.0016788008,0.01344406,0.022652404,0.016195955,0.041290782,0.012409192,0.043511845,0.057436183,0.08275512,0.057238348,0.00811968,0.09516748,0.020233883,0.07912334,0.11639643,0.06523472,0.053683553,0.029877372,0.06955998,0.017368399,0.006217126,0.023283947,0.004386589,0.005636995,0.00076045236,0.0011776275,0.00026727348,0.00015094373,3.8121004e-07,4.6678068e-07,3.1686054e-07,3.023505e-07,2.7606984e-07,2.912733e-07,6.873747e-07,3.5562925e-07,1.6854709e-07,4.7264163e-07,4.1866778e-07,5.1879044e-07,3.5961068e-07,4.7020575e-07,2.4096562e-07,5.076452e-07,2.394724e-07,3.6163223e-07,3.1381003e-07,3.9247993e-07,2.5576884e-07,4.2856269e-07,7.7898676e-07,1.1196973e-06,1.5338261e-06,2.261575e-06,2.2368047e-06,2.1956507e-06,2.195768e-06,2.2502843e-06,2.3439277e-06,2.2376794e-06,2.4460733e-06,2.1788717e-06,2.2167114e-06,2.3521952e-06,2.2742145e-06,2.3122984e-06,2.128812e-06,2.2880151e-06,2.2685608e-06,2.342913e-06,2.2364209e-06,2.3402554e-06
2.8065102e-11,2.8731415e-11,2.9814238e-11,2.8601174e-11,2.9700947e-11,2.7506006e-11,2.9408722e-11,2.6883797e-11,2.8762449e-11,2.9039281e-11,2.7399397e-11,2.8857071e-11,3.0374682e-11,2.8449595e-11,3.0309515e-11,2.7909655e-11,2.9117927e-11,2.7971155e-11,2.9035514e-11,2.9918255e-11,2.9879592e-11,7.093077e-11,7.32005e-11,6.855728e-11,1.07847516e-10,1.1765429e-10,9.30502e-11,8.5749984e-11,6.799938e-11,9.5183084e-11,8.7951084e-11,1.3032486e-10,1.2222916e-10,1.7891683e-10,8.0059605e-11,9.119929e-11,1.337982e-10,1.4368147e-10,7.322787e-11,6.001382e-11,1.14068824e-10,7.741135e-11,1.11637456e-10,7.9142276e-11,7.887012e-11,1.1716789e-10,9.084062e-11,1.4931285e-07,2.876805e-05,1.0732621e-06,3.5518653e-05,1.056402e-06,5.6501838e-05,2.6058018e-05,8.599174e-05,0.0005638917,1.838639e-05,0.0014567919,0.00017467109,0.0016400985,0.016724331,0.0015134808,0.07055161,0.0017589725,0.25684178,0.05064969,0.04837115,0.13976568,0.013495465,0.30292678,0.0045340667,0.029099641,0.022293778,0.022178285,0.01299786,0.0002144066,0.0017790899,0.00010097308,5.4555785e-05,4.022423e-05,8.711992e-06,9.168841e-06,6.570826e-07,6.0692014e-07,1.8156873e-10,1.2485214e-10,5.6990558e-11,1.5875418e-10,9.554287e-11,9.4974174e-11,9.902687e-11,5.890358e-11,5.7603648e-11,1.7154748e-10,7.3470736e-11,5.778434e-11,1.14257825e-10,1.3527986e-10,6.8693405e-11,1.1004008e-10,1.1261953e-10,1.7629052e-10,1.5562598e-10,1.126191e-10,8.612009e-11,1.0740698e-10,9.8837036e-11,6.527647e-11,5.2770826e-11,2.8926177e-11,2.6795236e-11,2.6942728e-11,3.0068597e-11,2.9880733e-11,2.9172404e-11,2.950975e-11,2.9479034e-11,2.8432996e-11,2.8133811e-11,2.8220338e-11,2.8378381e-11,2.8896729e-11,3.0314487e-11,2.801109e-11,2.629913e-11,2.990479e-11,2.92782e-11,2.8061034e-11
1.2120752e-11,1.3600903e-11,1.2446967e-11,1.2459032e-11,1.3402766e-11,1.1928945e-11,1.29382815e-11,1.2026082e-11,1.2362807e-11,1.3772518e-11,1.22004715e-11,1.28095885e-11,1.2485105e-11,1.2662887e-11,1.321694e-11,1.1844876e-11,1.2956901e-11,1.2256543e-11,1.2101579e-11,1.3758708e-11,1.3021291e-11,2.1321285e-11,2.2731832e-11,2.4989661e-11,2.2425894e-11,2.5239902e-11,1.7841397e-11,1.8365344e-11,2.2109061e-11,4.816442e-11,1.129608e-11,3.4723308e-11,2.7137664e-11,4.2894577e-11,1.607038e-11,2.4563924e-11,2.6529912e-11,2.212509e-11,3.5218897e-11,2.0956566e-11,4.4065165e-11,4.181151e-11,2.2031687e-11,2.321473e-11,2.0949612e-11,1.672104e-11,1.8794234e-11,1.1023323e-07,1.4133279e-05,1.8765796e-07,1.8817516e-05,9.4168547e-07,4.079192e-05,2.224686e-05,1.19553815e-05,0.00028393936,4.273821e-06,0.0004852007,0.00020854613,0.000730582,0.011725534,0.00032906473,0.066785164,0.0022481063,0.27254426,0.10690661,0.0048722425,0.3756309,0.004075005,0.10745028,0.0108903805,0.008443602,0.0118665965,0.0017720244,0.011362355,0.00018112436,0.0007157775,0.00030651328,1.5832991e-05,4.869246e-05,3.4366412e-06,3.8705507e-06,5.510721e-07,3.5175933e-07,3.1358166e-11,3.576103e-11,1.6937642e-11,2.5132488e-11,3.4904052e-11,1.9435223e-11,2.7836858e-11,2.1312912e-11,1.2104972e-11,3.7991835e-11,3.0994138e-11,2.7444515e-11,2.1445437e-11,2.9290754e-11,3.514133e-11,1.8831336e-11,2.8978342e-11,2.8917166e-11,1.969938e-11,3.7504482e-11,1.34097716e-11,2.1237028e-11,3.1992884e-11,2.0609011e-11,1.7383216e-11,1.1908895e-11,1.1711614e-11,1.1309598e-11,1.3931834e-11,1.3324007e-11,1.2107328e-11,1.3204088e-11,1.3596753e-11,1.2820392e-11,1.2747778e-11,1.2333931e-11,1.2841487e-11,1.2575829e-11,1.31806874e-11,1.2812057e-11,1.2002801e-11,1.2810444e-11,1.3202905e-11,1.203003e-11
2.01577e-11,2.1148187e-11,2.0335376e-11,1.96212e-11,2.1998564e-11,1.9037225e-11,1.987905e-11,1.9416739e-11,2.0162812e-11,2.0477361e-11,2.120255e-11,2.1213958e-11,2.0797215e-11,2.035043e-11,2.111562e-11,2.0532154e-11,2.0363633e-11,1.9120013e-11,1.8099598e-11,2.2084369e-11,2.164062e-11,4.259594e-11,4.610563e-11,4.156852e-11,7.286296e-11,4.7530813e-11,4.4487594e-11,1.0074526e-10,3.4744384e-11,5.2177797e-11,1.9321128e-11,1.2308278e-10,4.707797e-11,7.6927506e-11,4.63435e-11,3.629448e-11,7.856276e-11,5.129699e-11,7.590232e-11,1.0122042e-10,1.3168887e-10,6.686893e-11,3.8154292e-11,5.7289052e-11,4.2896225e-11,4.73344e-11,2.8102642e-11,4.2588272e-07,8.1921644e-05,8.278288e-07,3.0149567e-05,9.847953e-06,0.0002456875,0.00012011115,4.38733e-05,0.00090788037,4.7640438e-06,0.0009033022,0.0003243159,0.0014258852,0.01109563,0.00021775781,0.039191607,0.011465033,0.23429973,0.059466265,0.011555704,0.26632467,0.0028893845,0.20984133,0.019910082,0.036354024,0.04666014,0.0041994955,0.03190054,0.0031910108,0.005814926,0.0011678617,8.5448584e-05,0.00023608368,6.69024e-06,2.5238878e-05,1.1419505e-06,1.2233921e-06,1.2038211e-10,7.3197684e-11,6.962439e-11,7.878515e-11,1.1553783e-10,7.3264866e-11,1.0086753e-10,7.487679e-11,3.4324668e-11,1.2351126e-10,4.9845985e-11,4.7158315e-11,4.8001922e-11,6.460597e-11,3.874294e-11,6.1180075e-11,6.943144e-11,5.510485e-11,4.8502584e-11,5.995624e-11,2.8460982e-11,5.24014e-11,3.307387e-11,4.2971234e-11,2.7295223e-11,2.0486193e-11,2.0179896e-11,1.8951906e-11,2.1549179e-11,2.1446752e-11,2.1079766e-11,2.1281395e-11,2.064789e-11,2.126922e-11,2.2092416e-11,2.1243758e-11,2.056696e-11,2.0104595e-11,2.1142177e-11,1.9467615e-11,1.8573296e-11,2.0380028e-11,2.2541602e-11,2.0291477e-11
1.5306788e-10,1.5641709e-10,1.638893e-10,1.435572e-10,1.8143627e-10,1.4461636e-10,1.5057353e-10,1.3575295e-10,1.5834602e-10,1.435865e-10,1.6833099e-10,1.6861183e-10,1.642382e-10,1.6132658e-10,1.635795e-10,1.6573518e-10,1.5301124e-10,1.4797244e-10,1.432555e-10,1.7546573e-10,1.7297948e-10,3.2792072e-10,4.3220283e-10,4.2231563e-10,6.0597166e-10,6.1734845e-10,3.4852227e-10,1.5170074e-09,3.154822e-10,7.7764833e-10,2.0411843e-10,1.2587545e-09,4.6285528e-10,7.4574324e-10,6.305509e-10,4.657334e-10,7.7776696e-10,6.1706007e-10,5.1506577e-10,9.3120256e-10,1.2789306e-09,5.949281e-10,5.250323e-10,3.0685318e-10,4.4118476e-10,4.0500064e-10,3.0629183e-10,2.6633747e-06,0.00029586267,4.9395467e-06,6.8810106e-05,0.00019293597,0.00039856095,0.00038894976,0.00018436434,0.0013104428,3.4580233e-05,0.0007394018,0.0020881267,0.0022616393,0.0071582524,0.00026776138,0.019660063,0.04502333,0.13224083,0.08234067,0.015788645,0.3361911,0.008435045,0.116824515,0.07334403,0.045086835,0.042962212,0.009845837,0.032827377,0.010626118,0.006732063,0.0048162565,0.00085757376,0.0008443403,4.3035387e-05,8.854524e-05,1.4889577e-05,9.454522e-06,1.231264e-09,8.400496e-10,5.331488e-10,7.1873674e-10,1.1771302e-09,5.7914823e-10,1.5134901e-09,7.504577e-10,4.85972e-10,1.8371904e-09,8.862358e-10,7.8680296e-10,6.872035e-10,8.004549e-10,4.3553777e-10,6.327399e-10,8.4312834e-10,1.5541023e-09,8.941753e-10,5.463951e-10,2.1989786e-10,4.935346e-10,6.1356736e-10,3.5712083e-10,2.5311878e-10,1.5116487e-10,1.5425192e-10,1.4179705e-10,1.6652957e-10,1.6683858e-10,1.5370566e-10,1.6005434e-10,1.6119463e-10,1.6167714e-10,1.5601426e-10,1.5728768e-10,1.4505505e-10,1.4586435e-10,1.632622e-10,1.4319457e-10,1.3562666e-10,1.743967e-10,1.7564789e-10,1.4610659e-10
4.0166577e-12,3.9950964e-12,3.932498e-12,4.0226078e-12,4.190516e-12,3.881275e-12,3.9364003e-12,3.8315965e-12,3.9331732e-12,3.7745107e-12,4.3360983e-12,4.0113065e-12,4.1068e-12,3.811406e-12,4.008163e-12,3.837535e-12,3.8304564e-12,3.695903e-12,3.613484e-12,4.2623075e-12,4.0665795e-12,1.3868503e-11,2.6069692e-11,3.5116555e-11,3.0478092e-11,1.8421134e-11,2.2249647e-11,3.583581e-11,1.3850421e-11,1.1744346e-11,8.603433e-12,3.804907e-11,1.1344754e-11,1.9155608e-11,1.8542399e-11,2.0299573e-11,3.601294e-11,1.5961057e-11,1.7377488e-11,2.8697947e-11,3.636364e-11,1.7803333e-11,2.957962e-11,1.9420224e-11,2.5310155e-11,2.0195802e-11,1.4103757e-11,1.2614635e-07,1.6558855e-05,1.6164057e-07,2.9720004e-06,8.2961e-06,8.976949e-06,1.1416617e-05,1.8095396e-05,0.00016165561,1.126003e-06,9.343194e-05,0.00023263229,0.00047074063,0.0022862782,2.7872338e-05,0.005814815,0.0121976165,0.034976866,0.043969363,0.02864439,0.58652407,0.003644352,0.16534704,0.041801076,0.035039805,0.021687396,0.0008453669,0.009901049,0.004569923,0.0009530113,0.0005530942,3.201552e-05,0.00015118728,2.976746e-06,2.898219e-06,5.3316444e-07,8.0647357e-07,3.9889918e-11,2.774194e-11,2.1788193e-11,3.8191797e-11,5.2580124e-11,2.944548e-11,7.518321e-11,3.90413e-11,2.0219621e-11,6.1657214e-11,3.0029965e-11,3.341482e-11,1.6950094e-11,2.3389322e-11,1.8105507e-11,3.58231e-11,3.7584776e-11,4.119684e-11,4.2941668e-11,5.381707e-11,3.3998825e-11,2.6560455e-11,1.7896618e-11,1.407519e-11,6.9721915e-12,3.824164e-12,4.055008e-12,3.6901415e-12,4.1943064e-12,4.007154e-12,3.8858083e-12,4.0100596e-12,4.115724e-12,4.139973e-12,4.1011014e-12,4.062176e-12,3.798836e-12,3.7968582e-12,3.9720137e-12,3.7725955e-12,3.7765984e-12,3.984625e-12,4.1317848e-12,3.6697863e-12
1.8452885e-08,1.6676932e-08,1.842781e-08,1.880342e-08,1.9134935e-08,1.8110962e-08,1.790867e-08,1.7420131e-08,1.85355e-08,1.5352262e-08,2.080662e-08,1.7884094e-08,1.8730791e-08,1.7763712e-08,1.9997248e-08,1.9592369e-08,1.6871294e-08,1.5399772e-08,1.603811e-08,1.8004021e-08,1.7646567e-08,1.8389677e-08,7.6358425e-08,3.5841826e-08,6.250311e-08,4.459711e-08,2.7000647e-08,9.486027e-08,2.1331749e-08,4.6001542e-08,3.8045947e-08,9.105656e-08,4.2109487e-08,5.4892016e-08,3.8034916e-08,2.9414435e-08,8.355486e-08,6.789762e-08,3.396447e-08,1.2467696e-07,8.0811326e-08,1.0460636e-07,8.431143e-08,2.6855039e-08,1.0759395e-07,3.7322813e-08,4.8752828e-08,3.1941512e-05,0.0027952658,0.0002652846,0.0004494681,0.006311177,0.0022959618,0.0035170198,0.002466056,0.0043678447,0.0011094575,0.0032523114,0.018195014,0.0075321104,0.015798127,0.00071684853,0.0084884865,0.04045076,0.04853175,0.103489526,0.021464111,0.20259753,0.008827118,0.06393295,0.19194917,0.025162168,0.071029015,0.0053043105,0.028660998,0.083184965,0.0082076145,0.014832718,0.00091650395,0.001893642,0.00065331394,0.0004752516,0.00040509284,0.00043507764,1.6779585e-07,6.46114e-08,5.3408744e-08,7.368797e-08,1.5000182e-07,7.384697e-08,1.0459498e-07,4.0312273e-08,5.3615327e-08,2.0961623e-07,6.39708e-08,7.804913e-08,4.9949158e-08,6.335675e-08,4.6692104e-08,5.2437603e-08,5.88142e-08,1.0632665e-07,8.044133e-08,3.181533e-08,2.7165278e-08,4.6761805e-08,5.4798175e-08,2.7675082e-08,2.2093683e-08,1.649673e-08,1.859641e-08,1.7508773e-08,1.8618662e-08,1.9710663e-08,1.844923e-08,1.8862941e-08,1.85017e-08,1.9538072e-08,1.6241748e-08,1.9065135e-08,1.764936e-08,1.5385298e-08,1.7802924e-08,1.6201678e-08,1.64582e-08,1.9482735e-08,1.9498835e-08,1.6790493e-08
2.2137288e-12,2.1698348e-12,2.2469862e-12,2.5953577e-12,2.3173405e-12,2.1962415e-12,2.3543003e-12,2.1652046e-12,2.2894867e-12,2.1019371e-12,2.4032274e-12,2.3172566e-12,2.3685557e-12,2.361262e-12,2.3243172e-12,2.2877147e-12,2.2520876e-12,2.1185805e-12,2.2158577e-12,2.4142626e-12,2.2685569e-12,2.2754947e-12,6.0304986e-12,1.2892343e-11,9.505093e-12,4.157809e-12,8.71611e-12,7.484278e-12,4.1883897e-12,7.095019e-12,5.255001e-12,6.6901176e-12,4.493735e-12,8.313164e-12,5.4430744e-12,1.2577463e-11,1.1678158e-11,4.323421e-12,9.467097e-12,1.5821386e-11,1.4893265e-11,1.3072557e-11,1.3354389e-11,8.896262e-12,1.544136e-11,8.507952e-12,5.5624155e-12,2.560453e-08,9.1862324e-07,4.1430773e-08,7.540587e-07,1.1182602e-06,1.3530434e-06,1.7605812e-06,2.0803182e-06,6.2797167e-06,5.2124367e-08,2.784801e-06,1.3913611e-05,3.7499027e-05,0.00014820365,7.5847413e-07,0.0007175821,0.00022026437,0.0011764906,0.03311957,0.0061537763,0.18368447,0.0010970978,0.1111482,0.42509642,0.15077509,0.0756912,0.00014065336,0.009502373,0.00042723725,0.00015215659,0.0006371868,7.456893e-06,3.3481716e-05,9.401953e-07,3.1523427e-07,3.255394e-07,1.8622657e-07,2.0572573e-11,6.234829e-12,6.441449e-12,9.391829e-12,7.0462807e-12,1.0969045e-11,1.6647026e-11,7.669935e-12,6.421967e-12,1.2089147e-11,9.523876e-12,2.9621732e-11,7.794495e-12,2.897303e-12,6.461444e-12,7.758777e-12,7.484092e-12,1.0192128e-11,2.0037829e-11,7.1458672e-12,6.236636e-12,7.620125e-12,7.92153e-12,4.802324e-12,3.8547295e-12,2.1587387e-12,2.2699893e-12,2.2369459e-12,2.4687073e-12,2.2470975e-12,2.3938488e-12,2.3113109e-12,2.6339623e-12,2.3259136e-12,2.274362e-12,2.2922877e-12,2.4345257e-12,2.3756186e-12,2.3776673e-12,2.1197243e-12,2.1600072e-12,2.3551673e-12,2.2289644e-12,2.3168193e-12
7.5975806e-12,7.322621e-12,7.831699e-12,7.369615e-12,7.721405e-12,6.923166e-12,7.469155e-12,7.0346316e-12,7.3878265e-12,6.9163555e-12,7.904031e-12,7.997415e-12,7.481388e-12,7.985831e-12,7.1275247e-12,7.1052105e-12,7.2187807e-12,7.189869e-12,7.277646e-12,7.932545e-12,8.117934e-12,7.0773205e-12,8.749732e-12,1.6722878e-11,1.29440495e-11,9.063848e-12,1.1796756e-11,1.1038484e-11,7.596884e-12,1.5296098e-11,1.02136815e-11,1.7167321e-11,1.028131e-11,1.5982547e-11,6.9495733e-12,2.3182902e-11,2.8586904e-11,6.9986577e-12,8.751802e-12,1.20517945e-11,2.3385594e-11,1.6157254e-11,1.1691922e-11,1.1231707e-11,1.8195358e-11,1.1621752e-11,1.0318203e-11,7.8147195e-08,3.6318331e-06,6.2219875e-08,1.4348398e-06,7.09031e-07,2.4146548e-06,2.518537e-06,7.598759e-07,9.79807e-06,9.168374e-08,5.5384703e-06,2.0798875e-06,5.998746e-06,0.00012881574,9.175656e-07,0.00033830255,4.2046893e-05,0.00091472483,0.0009541224,0.0007665967,0.069854096,0.0021462552,0.17395817,0.01735002,0.10894762,0.5106721,0.0022620074,0.108298324,0.00043632358,0.0021867068,0.0005741829,1.6148293e-05,0.00011399399,1.6015332e-06,1.0674433e-06,8.814356e-08,6.5160094e-07,3.5245754e-11,7.954575e-12,1.3447158e-11,1.8920036e-11,2.1986758e-11,1.9614149e-11,1.8378755e-11,8.894609e-12,1.1501394e-11,2.5734264e-11,1.0559305e-11,1.0334196e-11,2.0506815e-11,5.5950774e-12,1.3426912e-11,5.8841382e-12,1.5616957e-11,7.1321213e-12,9.637271e-12,1.4897087e-11,6.2551557e-12,9.208796e-12,1.1714423e-11,1.605949e-11,1.0682758e-11,7.142059e-12,7.549045e-12,8.0839415e-12,7.453357e-12,7.096001e-12,7.749202e-12,7.329356e-12,7.825278e-12,7.2247035e-12,7.976878e-12,7.920208e-12,7.90397e-12,7.513076e-12,7.993236e-12,6.9511905e-12,7.371809e-12,7.7904e-12,7.379631e-12,7.2132205e-12
8.4092226e-11,8.353957e-11,8.2858484e-11,8.159489e-11,8.392719e-11,8.0259584e-11,8.512471e-11,8.093938e-11,8.114992e-11,8.1721824e-11,8.6799345e-11,8.4603026e-11,8.7471114e-11,8.8090764e-11,7.976893e-11,8.3547384e-11,7.61923e-11,8.292473e-11,7.926902e-11,8.7331246e-11,8.205326e-11,1.0962633e-10,9.847217e-11,1.537176e-10,1.9970352e-10,1.2027312e-10,1.108325e-10,1.05812796e-10,5.1805546e-11,5.262317e-11,5.17235e-11,1.3670855e-10,4.899521e-11,6.69251e-11,4.8587696e-11,6.9058745e-11,9.4403096e-11,3.011486e-11,4.6313293e-11,6.514612e-11,5.560044e-11,2.7693145e-11,4.691028e-11,5.7420454e-11,3.9163544e-11,3.7854643e-11,4.0093737e-11,2.8444796e-07,4.8833117e-05,7.0804793e-07,3.5475285e-05,8.667665e-06,5.708658e-05,9.3749295e-06,1.1910573e-05,0.00011496097,5.0843386e-07,3.699041e-05,2.3296898e-05,0.00011953281,0.0002475889,4.570767e-06,0.0016063725,0.00020847388,0.0036370421,0.0027099503,0.003352363,0.10834494,0.00062156917,0.10329171,0.027435709,0.30605537,0.1404279,0.0020276585,0.22123393,0.007502755,0.063994154,0.0038913446,0.00076186616,0.002147331,5.014737e-06,2.1911037e-05,1.5495543e-06,1.2606681e-06,5.6402605e-11,2.3506858e-11,4.2728026e-11,4.4456477e-11,5.5794216e-11,3.5871035e-11,7.4699795e-11,6.2487744e-11,3.500548e-11,6.572999e-11,4.2587267e-11,7.3880936e-11,5.4308936e-11,3.5262876e-11,4.908566e-11,3.914137e-11,1.3874067e-10,4.1281322e-11,9.252193e-11,1.3265622e-10,7.031129e-11,6.044323e-11,8.027306e-11,1.2540896e-10,9.7776134e-11,8.06209e-11,8.4869056e-11,8.4257434e-11,8.720707e-11,7.750427e-11,8.4583666e-11,8.3777485e-11,8.691813e-11,8.7691784e-11,8.384863e-11,8.3120934e-11,8.887315e-11,8.887061e-11,8.5786295e-11,7.864675e-11,7.808578e-11,8.66399e-11,8.73779e-11,7.8919773e-11
1.5792848e-11,1.6598816e-11,1.5596833e-11,1.6615287e-11,1.6391858e-11,1.602094e-11,1.6085609e-11,1.5405602e-11,1.5547884e-11,1.5461738e-11,1.7140426e-11,1.5977e-11,1.7477023e-11,1.624365e-11,1.5376596e-11,1.5502993e-11,1.4795089e-11,1.5035362e-11,1.5324889e-11,1.5850729e-11,1.5473421e-11,2.3497817e-11,3.8058095e-11,4.5744693e-11,6.9751524e-11,3.667573e-11,2.483763e-11,3.8909823e-11,2.0062058e-11,1.3404342e-11,1.8446604e-11,3.6927086e-11,1.517463e-11,3.0859742e-11,2.2824395e-11,2.568444e-11,5.4776697e-11,1.6535934e-11,2.1294327e-11,4.669179e-11,3.4085852e-11,1.41583195e-11,2.3047066e-11,1.5818291e-11,1.6181802e-11,1.5942449e-11,2.2717597e-11,1.5284725e-07,4.1788728e-05,4.7030633e-07,1.8524952e-05,1.6888811e-05,3.675455e-05,1.1318429e-05,1.5656791e-05,8.606949e-05,1.4594506e-06,5.9549275e-05,6.8221765e-05,0.00018581812,0.00075974467,8.418638e-06,0.0030493808,0.0025683478,0.026752409,0.031694267,0.032674618,0.30357188,0.0025359083,0.15454814,0.046393182,0.12498288,0.12260735,0.001424359,0.07342851,0.023216238,0.04311422,0.0044736816,0.00029478676,0.0013340135,1.0803994e-05,1.16131005e-05,1.6277187e-06,9.2579893e-07,4.412232e-11,2.1873192e-11,2.225535e-11,5.917489e-11,6.051593e-11,2.6305616e-11,6.028047e-11,2.0866812e-11,2.5154436e-11,6.681137e-11,2.6649074e-11,2.9601994e-11,2.5348291e-11,1.3246029e-11,1.2547956e-11,2.2333252e-11,5.1512055e-11,2.0731611e-11,4.1579417e-11,3.7133043e-11,3.513165e-11,1.926525e-11,2.1042508e-11,2.2121954e-11,1.977609e-11,1.4695418e-11,1.6106332e-11,1.530532e-11,1.6475644e-11,1.5230478e-11,1.6049875e-11,1.6325183e-11,1.6106363e-11,1.7238455e-11,1.5305233e-11,1.5912707e-11,1.6805566e-11,1.6907612e-11,1.6136804e-11,1.5055823e-11,1.528557e-11,1.661814e-11,1.5915378e-11,1.4234543e-11
3.966773e-11,3.938637e-11,4.102117e-11,3.894503e-11,4.0434066e-11,4.0153318e-11,4.0175606e-11,3.8441344e-11,3.8305723e-11,3.7970595e-11,4.2946462e-11,3.9540975e-11,4.1624502e-11,4.267667e-11,3.9553652e-11,3.7777212e-11,3.8844587e-11,4.0041425e-11,3.9674847e-11,4.073938e-11,3.9393808e-11,1.003308e-10,7.260779e-11,1.0060002e-10,7.656006e-11,7.055802e-11,5.3156465e-11,6.418574e-11,3.6256127e-11,5.0879516e-11,5.835202e-11,8.115572e-11,3.8529503e-11,3.9528082e-11,3.5942777e-11,6.487599e-11,5.3152108e-11,4.04107e-11,2.6540886e-11,5.2013515e-11,5.8188187e-11,3.108607e-11,5.9828954e-11,4.3283047e-11,4.6652546e-11,2.2688204e-11,2.7145267e-11,1.9729833e-07,9.437264e-06,2.9856523e-07,9.476072e-06,4.1028125e-06,6.9005723e-06,3.7197726e-06,3.657196e-06,2.675949e-05,9.71344e-07,7.3714673e-06,1.0644717e-05,2.8330958e-05,9.7452474e-05,4.23605e-06,0.0010052572,0.00010676463,0.0010140265,0.0009182943,0.0020689543,0.045869008,0.0016055274,0.032124024,0.016746199,0.13236807,0.26592213,0.007847443,0.40527385,0.010286759,0.06797184,0.0037310943,0.0009774917,0.0039163576,1.10061665e-05,1.7818082e-05,2.0830962e-06,2.4396725e-06,8.6890536e-11,5.1634145e-11,7.600267e-11,8.025292e-11,9.855702e-11,4.766242e-11,1.0020362e-10,4.7586116e-11,4.6011424e-11,6.903445e-11,4.3692387e-11,8.016603e-11,8.9214275e-11,5.845215e-11,7.083296e-11,3.9464276e-11,1.1874376e-10,4.309934e-11,1.3007863e-10,1.01464885e-10,5.985897e-11,4.3747173e-11,5.966941e-11,6.919422e-11,4.7086116e-11,3.9147678e-11,4.0497352e-11,3.9359335e-11,4.0579002e-11,3.905952e-11,4.0726946e-11,3.814692e-11,4.094425e-11,4.2760347e-11,4.096683e-11,4.0986055e-11,4.192889e-11,3.99134e-11,4.033693e-11,3.782379e-11,3.7729618e-11,4.143914e-11,4.0292485e-11,3.8751787e-11
1.2398502e-10,1.3608731e-10,1.2747257e-10,1.3043229e-10,1.4323108e-10,1.1828794e-10,1.3858728e-10,1.0835597e-10,1.2536519e-10,1.2038581e-10,1.4086238e-10,1.262569e-10,1.3512255e-10,1.3348007e-10,1.266718e-10,1.2649023e-10,1.15996934e-10,1.195919e-10,1.16187365e-10,1.332359e-10,1.2683522e-10,3.7284062e-10,2.2951957e-10,2.5895566e-10,2.851861e-10,4.3088227e-10,1.638842e-10,4.3740314e-10,1.9012569e-10,6.614606e-10,1.4062587e-10,6.923882e-10,2.804307e-10,3.559462e-10,3.735439e-10,4.1599724e-10,3.507133e-10,1.9937088e-10,2.0036434e-10,3.494906e-10,3.920146e-10,2.2887214e-10,1.6835401e-10,1.1754618e-10,1.3679412e-10,1.2731902e-10,1.2934546e-10,2.1099177e-06,0.00041031413,2.355719e-06,9.481916e-05,0.00021474856,0.00012507323,0.00027339513,8.229999e-05,0.00087007013,3.0586743e-05,0.00048187046,0.002323657,0.0010687829,0.005896536,0.00012269996,0.013584849,0.021480141,0.051961303,0.11809894,0.006737878,0.38189232,0.008272223,0.08596971,0.12733889,0.04172911,0.06364371,0.0024141134,0.037158415,0.0113397455,0.007652373,0.0064092115,0.00036469844,0.0018597022,5.2383344e-05,2.0005116e-05,1.6146141e-05,4.8215497e-06,5.1390264e-10,3.1028186e-10,2.0421527e-10,2.329984e-10,8.4264234e-10,2.0857498e-10,5.402846e-10,4.2796072e-10,3.1757938e-10,1.0682903e-09,4.918362e-10,2.793843e-10,4.082228e-10,2.5391403e-10,4.1309073e-10,3.579997e-10,8.955607e-10,6.362139e-10,7.7637036e-10,7.5322487e-10,2.4101804e-10,3.2855407e-10,9.1231867e-10,2.7253058e-10,2.0607109e-10,1.09831234e-10,1.2571526e-10,1.1803686e-10,1.3550375e-10,1.2545537e-10,1.2463779e-10,1.3011771e-10,1.3349688e-10,1.3230778e-10,1.14585626e-10,1.378034e-10,1.1765115e-10,1.2464586e-10,1.2565246e-10,1.2251788e-10,1.1454979e-10,1.407885e-10,1.2874268e-10,1.1778317e-10
1.2943369e-12,1.3885706e-12,1.3332121e-12,1.4184119e-12,1.2816705e-12,1.3271888e-12,1.4345078e-12,1.3234576e-12,1.3580611e-12,1.380732e-12,1.4026894e-12,1.3991463e-12,1.474994e-12,1.2792135e-12,1.4015796e-12,1.3090873e-12,1.3807926e-12,1.2946949e-12,1.3996107e-12,1.2998317e-12,1.2334852e-12,6.2097072e-12,1.1651155e-11,1.1863947e-11,9.253567e-12,1.0223656e-11,1.227122e-11,1.0650647e-11,1.0784521e-11,1.311452e-11,1.1538191e-11,1.5467424e-11,7.80576e-12,1.933135e-11,2.0987944e-11,1.6661457e-11,2.3654566e-11,1.8027876e-11,1.8831027e-11,1.453263e-11,1.8924067e-11,2.5660142e-11,1.7983916e-11,1.4939591e-11,1.0142219e-11,1.311452e-11,1.07163835e-11,6.569414e-08,2.6975982e-05,3.0395117e-07,1.486304e-05,1.0854042e-06,1.8416418e-05,5.762933e-05,1.6567452e-05,0.00013757769,2.0643367e-06,0.00054743234,0.00028679508,0.00023749158,0.02504688,0.00010805665,0.045958742,0.0034976967,0.10952054,0.5243899,0.016649595,0.161725,0.0006653733,0.07095096,0.009837148,0.0045037433,0.016741617,0.0003474461,0.0057385936,0.00055788486,0.0015695237,0.0007579023,1.0728483e-05,7.00559e-05,2.7095034e-06,1.5433397e-06,8.4080233e-07,1.8118506e-07,2.4347371e-11,1.9806094e-11,1.2739427e-11,2.8010988e-11,2.6786351e-11,3.047264e-11,4.1387924e-11,1.9720713e-11,6.0311e-12,3.7524404e-11,1.27615574e-11,9.535531e-12,1.2105329e-11,9.46082e-12,1.3056018e-11,1.7252725e-11,2.9074755e-11,2.4051282e-11,2.2407659e-11,2.1124777e-11,6.0027304e-12,1.4559014e-11,7.501675e-12,5.291009e-12,2.7369931e-12,1.324963e-12,1.1941995e-12,1.1553535e-12,1.4032379e-12,1.4136962e-12,1.4010423e-12,1.41865e-12,1.3358109e-12,1.3912534e-12,1.3806767e-12,1.292149e-12,1.3641177e-12,1.3451712e-12,1.3694959e-12,1.3132411e-12,1.2593691e-12,1.2983203e-12,1.2810911e-12,1.3574242e-12
4.748162e-11,5.069889e-11,5.0692023e-11,5.155418e-11,4.8442864e-11,4.408637e-11,5.5039317e-11,4.4168853e-11,5.3689938e-11,4.7767394e-11,5.08045e-11,4.833562e-11,5.0351865e-11,4.7535448e-11,5.4331623e-11,5.0049864e-11,4.6885495e-11,4.9294596e-11,5.1605144e-11,5.164118e-11,5.2513573e-11,9.592539e-11,2.2641415e-10,1.6330443e-10,1.9114593e-10,1.2722892e-10,1.2256508e-10,2.6555252e-10,1.4396893e-10,3.488465e-10,1.3403546e-10,4.929321e-10,1.0198942e-10,3.2993183e-10,2.9065886e-10,1.6324744e-10,6.0107314e-10,2.802505e-10,2.7319827e-10,3.5016914e-10,4.4412676e-10,3.4537276e-10,4.6148155e-10,2.3571115e-10,2.3036864e-10,2.3373503e-10,1.8738842e-10,2.4132298e-06,0.0012831611,1.606878e-05,0.00036252418,8.725607e-05,0.00034479986,0.0006718707,0.00027765354,0.0009232824,3.240842e-05,0.0012968618,0.0013840416,0.00067759893,0.02298247,0.00030377042,0.037471388,0.013404394,0.09900705,0.3129501,0.02019264,0.26511618,0.003334289,0.063217804,0.038162682,0.009375344,0.057955123,0.0012931777,0.021241622,0.009325498,0.006799186,0.0075346595,0.0003241122,0.0024920306,8.818205e-05,2.7079952e-05,2.9263494e-05,1.2046592e-05,1.1118763e-09,3.7168532e-10,1.9647879e-10,7.3962453e-10,6.3681355e-10,4.908858e-10,5.452693e-10,4.5921356e-10,1.8839977e-10,8.382227e-10,2.9977157e-10,1.7377896e-10,1.713176e-10,1.2146245e-10,2.5854202e-10,3.1500272e-10,5.258145e-10,4.1945183e-10,3.7739456e-10,2.6322475e-10,5.845086e-11,1.2769279e-10,1.0965915e-10,1.1361413e-10,8.592663e-11,4.8398726e-11,4.6258906e-11,4.1439255e-11,5.1708797e-11,5.3871293e-11,5.1012097e-11,4.975765e-11,5.152086e-11,5.2994435e-11,5.121234e-11,4.8086236e-11,4.7751907e-11,4.7680186e-11,5.1251038e-11,4.5175513e-11,4.4338002e-11,5.7607044e-11,4.869865e-11,5.209825e-11
9.771671e-13,1.0572146e-12,1.0358709e-12,1.1183102e-12,1.0439573e-12,9.559596e-13,1.1227921e-12,9.972423e-13,1.0679318e-12,1.0515355e-12,1.0280861e-12,1.073679e-12,1.0847368e-12,9.95344e-13,1.0684432e-12,1.0002694e-12,9.864838e-13,1.0250981e-12,1.0314035e-12,1.0427396e-12,1.069842e-12,4.2326555e-12,9.834988e-12,6.678439e-12,4.2423053e-12,4.7362552e-12,4.309088e-12,5.352456e-12,4.351748e-12,8.260594e-12,3.4449728e-12,1.2032189e-11,4.127058e-12,1.0994431e-11,1.0010544e-11,6.906804e-12,1.9069132e-11,8.83306e-12,6.5209465e-12,5.7981137e-12,8.398413e-12,1.4043865e-11,8.196309e-12,8.987593e-12,5.147328e-12,7.1146956e-12,4.562655e-12,1.01537104e-07,4.8915786e-05,2.7960903e-07,1.45438125e-05,1.0507247e-06,1.8378913e-05,5.0610433e-05,1.7397138e-05,0.0001550247,1.2916715e-06,0.00043842496,0.00016188236,0.00033239726,0.02350735,0.00023374993,0.053386997,0.0038406216,0.22685379,0.25702778,0.017161056,0.26506886,0.0016103847,0.08931438,0.007540545,0.008957277,0.03322619,0.0013094657,0.0067157974,0.0006978843,0.0016970247,0.0004660436,2.0918218e-05,0.000115839764,3.850222e-06,3.1967475e-06,4.5966544e-07,2.4297302e-07,2.1607995e-11,1.0373325e-11,4.034855e-12,1.3475078e-11,1.0283259e-11,1.0361935e-11,1.3005854e-11,7.1476384e-12,3.1180549e-12,1.8121773e-11,5.8028816e-12,5.968728e-12,4.9586607e-12,5.1942933e-12,6.036851e-12,7.32482e-12,1.4387796e-11,9.414229e-12,1.1000262e-11,9.1242005e-12,3.4930685e-12,6.9230533e-12,4.743786e-12,3.7368945e-12,1.884991e-12,1.0047303e-12,9.096844e-13,8.8897444e-13,1.0801164e-12,1.1739119e-12,1.1025463e-12,1.1242749e-12,1.0903561e-12,1.0827112e-12,1.1282188e-12,1.0263796e-12,1.0582637e-12,1.0460544e-12,1.0612634e-12,9.816618e-13,9.99234e-13,1.0621039e-12,1.0012791e-12,1.0477837e-12
7.793529e-09,8.770459e-09,8.395306e-09,8.099939e-09,8.8490655e-09,7.820541e-09,8.82651e-09,6.7701276e-09,7.990165e-09,8.6423615e-09,8.890581e-09,7.544993e-09,8.271079e-09,9.023975e-09,8.197044e-09,8.543891e-09,7.865839e-09,8.333882e-09,7.480625e-09,8.947571e-09,8.4889225e-09,1.1388155e-08,6.641588e-09,8.698291e-09,1.8788075e-08,1.3817358e-08,8.322478e-09,1.9405336e-08,4.538925e-09,2.5176636e-08,3.494668e-09,2.390387e-08,5.667929e-09,1.4495555e-08,1.0578023e-08,1.0259456e-08,1.583153e-08,7.691398e-09,7.979596e-09,1.0111232e-08,1.1932818e-08,9.243296e-09,6.6921215e-09,6.0325585e-09,4.577614e-09,5.8875784e-09,4.00215e-09,1.9666568e-05,0.012525123,4.181167e-05,0.0024336905,0.00069702,0.009054986,0.0050189034,0.0015380555,0.018634137,0.0002564154,0.013370154,0.005247315,0.018079022,0.08404685,0.0014013747,0.062064994,0.01282737,0.2602003,0.062003177,0.005412401,0.19179492,0.0084934905,0.05768308,0.019942457,0.026637318,0.056249406,0.004419951,0.034247153,0.0031345312,0.013758163,0.005203204,0.00093227206,0.0021513528,0.00019013135,0.00018480538,6.0194445e-05,4.381566e-05,1.943571e-08,1.1334328e-08,8.145612e-09,1.20056445e-08,2.2851037e-08,1.0759901e-08,1.3810033e-08,2.2570084e-08,7.976429e-09,3.2743838e-08,1.7631459e-08,1.0888147e-08,2.4849266e-08,2.1290735e-08,2.3108404e-08,1.6614226e-08,3.990216e-08,2.4738604e-08,1.531205e-08,2.0046626e-08,2.8592808e-09,1.3036777e-08,1.7720602e-08,1.1655283e-08,1.1481941e-08,7.0241537e-09,7.702291e-09,8.237512e-09,8.772768e-09,9.284961e-09,8.61307e-09,8.965713e-09,8.999843e-09,8.527903e-09,8.11689e-09,8.866365e-09,7.610669e-09,8.176682e-09,8.753579e-09,7.8430675e-09,7.3405833e-09,9.377795e-09,8.806263e-09,7.810375e-09
2.1628468e-09,2.2799207e-09,2.2873428e-09,2.0641964e-09,2.5953961e-09,2.1729567e-09,2.3021365e-09,1.7057749e-09,2.1340436e-09,2.0597248e-09,2.3798985e-09,2.1532316e-09,2.294373e-09,2.4447757e-09,2.0890425e-09,2.3061664e-09,2.030753e-09,2.1974682e-09,1.9985902e-09,2.2839117e-09,2.3637168e-09,1.1167437e-08,8.519981e-09,7.335009e-09,5.617032e-09,1.41849785e-08,4.175052e-09,1.9969642e-08,5.487479e-09,2.2727969e-08,7.680912e-09,2.1871244e-08,1.017606e-08,1.2289547e-08,1.0311006e-08,1.432462e-08,1.2120172e-08,9.6027435e-09,7.967318e-09,1.4750213e-08,1.7048132e-08,1.0265364e-08,6.897875e-09,4.9223887e-09,5.6892526e-09,7.999065e-09,4.1762944e-09,3.075028e-05,0.012220861,4.9722123e-05,0.0019076015,0.0011595328,0.004838635,0.0110872025,0.0024461078,0.03238393,0.00063816743,0.008475661,0.00563013,0.017929189,0.041680966,0.0023415901,0.051101323,0.027703987,0.25872812,0.05548896,0.011319484,0.2736075,0.009731137,0.04146228,0.01083633,0.035702042,0.03525593,0.0046931216,0.019990165,0.0019667668,0.009957212,0.0048940983,0.0013308749,0.002741288,0.00026381962,0.0003107292,3.6922094e-05,5.707066e-05,1.687138e-08,1.3497787e-08,7.561427e-09,1.04034985e-08,2.4998286e-08,1.3617592e-08,2.1216742e-08,1.4255172e-08,2.0488605e-08,3.0170717e-08,1.9438964e-08,1.650547e-08,2.0468725e-08,1.3885804e-08,1.8647013e-08,1.5807082e-08,2.1685773e-08,3.414157e-08,1.8293951e-08,2.0876056e-08,6.853549e-09,1.3907168e-08,1.9380618e-08,5.4487956e-09,3.6731174e-09,1.9284587e-09,2.1537039e-09,2.2322053e-09,2.3952407e-09,2.2690705e-09,2.2990692e-09,2.3289444e-09,2.2891538e-09,2.2298947e-09,2.3516427e-09,2.3419828e-09,2.0767585e-09,2.1941304e-09,2.3814333e-09,2.1338156e-09,1.9072208e-09,2.4857443e-09,2.218013e-09,2.0136353e-09
3.7585464e-09,3.7940993e-09,3.6648478e-09,3.881067e-09,3.993968e-09,3.841518e-09,4.2834967e-09,3.4406527e-09,3.9978705e-09,3.5464596e-09,4.6696176e-09,3.757558e-09,3.9003916e-09,4.1451083e-09,3.9740136e-09,4.143559e-09,3.810184e-09,3.6126293e-09,3.7167285e-09,4.047774e-09,4.1115804e-09,2.62388e-08,4.0609226e-08,3.5180307e-08,6.5009814e-08,4.6541125e-08,3.9793097e-08,6.3272694e-08,1.854579e-08,7.0795046e-08,2.5105525e-08,8.517293e-08,2.206252e-08,5.671425e-08,5.740358e-08,2.9785467e-08,5.2106294e-08,3.721327e-08,3.086501e-08,3.3837345e-08,4.6488246e-08,3.4914386e-08,3.6268673e-08,2.1963096e-08,1.8307155e-08,2.4890964e-08,2.1159122e-08,7.464349e-05,0.014842933,0.0004325358,0.0041200947,0.0021053602,0.0047243563,0.00751292,0.0041110204,0.013461056,0.0014915791,0.015598534,0.020705475,0.013611175,0.05821949,0.0019079916,0.031471886,0.032347463,0.117111795,0.16903338,0.008999304,0.18852165,0.009440089,0.05406997,0.06218005,0.017288214,0.055465445,0.0045605595,0.028754355,0.011672939,0.011028858,0.023689779,0.0015859088,0.0073780064,0.0010134543,0.00085781707,0.00028935523,0.00031788886,9.988502e-08,4.2274138e-08,2.9790812e-08,6.377795e-08,6.0853864e-08,6.700414e-08,6.525181e-08,5.837164e-08,3.0635565e-08,2.0278259e-07,7.40868e-08,3.0328014e-08,3.952019e-08,3.8309107e-08,7.421182e-08,6.4111155e-08,1.3771505e-07,1.05724816e-07,5.340161e-08,4.074329e-08,1.2121403e-08,3.2883342e-08,3.5520667e-08,1.7541396e-08,9.812992e-09,3.5710037e-09,3.7340238e-09,3.777506e-09,3.9759698e-09,4.358394e-09,3.8996477e-09,4.1128505e-09,4.2037724e-09,4.0343324e-09,3.6766241e-09,4.030548e-09,3.600522e-09,3.734679e-09,3.7982844e-09,3.5184047e-09,3.60382e-09,4.437427e-09,3.893479e-09,3.7051773e-09
1.7933732e-09,2.0585296e-09,1.9522655e-09,1.879708e-09,2.301525e-09,1.9285205e-09,1.9891613e-09,1.6939334e-09,2.0372186e-09,1.9498656e-09,2.2305868e-09,1.79963e-09,1.9261308e-09,2.0455744e-09,1.9462723e-09,1.9919406e-09,1.8022202e-09,1.9951953e-09,1.8507528e-09,2.133973e-09,2.1351008e-09,1.3873433e-08,1.5800714e-08,2.0139963e-08,1.35366065e-08,1.3909705e-08,1.0481869e-08,3.2166998e-08,9.839295e-09,3.593269e-08,1.2188066e-08,3.620491e-08,1.22639e-08,2.27611e-08,2.0328647e-08,1.5963748e-08,2.5106837e-08,1.1972999e-08,9.190634e-09,2.0935259e-08,2.5409282e-08,1.6940831e-08,1.3428524e-08,7.974216e-09,8.826603e-09,9.5413935e-09,6.9256085e-09,4.7088684e-05,0.010719365,8.855152e-05,0.0019969642,0.0023892738,0.0037764835,0.0061395257,0.0045173164,0.023577644,0.0014446942,0.011475177,0.016048515,0.03093695,0.08466799,0.005686527,0.043447807,0.050014317,0.24029069,0.119037285,0.017965466,0.20034023,0.0083586695,0.020330746,0.023205178,0.01706413,0.026210964,0.0034737086,0.009679181,0.0031975007,0.0024464307,0.0063542966,0.001164439,0.0031376176,0.000318623,0.00021462243,9.488836e-05,0.0001400034,4.432459e-08,1.8713596e-08,1.1275387e-08,1.9100275e-08,2.5656481e-08,2.3054891e-08,2.0070592e-08,1.8700142e-08,2.4206523e-08,5.6509467e-08,3.3848732e-08,1.7349254e-08,2.148071e-08,1.8939277e-08,2.9687202e-08,3.0822033e-08,4.7317656e-08,4.6201976e-08,2.6208859e-08,1.7168695e-08,6.736707e-09,1.2207981e-08,1.8088985e-08,6.5310477e-09,3.2700533e-09,1.6933134e-09,2.022063e-09,1.947104e-09,2.0822708e-09,2.0772168e-09,1.8561261e-09,2.0110509e-09,2.062869e-09,2.0418285e-09,1.798412e-09,2.0159976e-09,1.7031083e-09,1.8558819e-09,2.0538626e-09,1.7847127e-09,1.7559579e-09,2.2721096e-09,2.0442328e-09,1.8536781e-09
1.0041638e-11,1.1763758e-11,1.1296018e-11,1.1135747e-11,1.2677534e-11,1.1324472e-11,1.1886181e-11,1.02308275e-11,1.16470575e-11,1.1961664e-11,1.08299454e-11,1.15837175e-11,1.1539438e-11,1.2311839e-11,1.0818713e-11,1.1053599e-11,1.1407785e-11,1.2144079e-11,1.01237916e-11,1.282969e-11,1.1843681e-11,7.005785e-11,3.1928696e-11,4.3073805e-11,5.004861e-11,3.5581958e-11,2.4308517e-11,3.9888537e-11,1.8465347e-11,5.243129e-11,1.3874583e-11,8.642777e-11,3.7618755e-11,7.5081864e-11,2.8689672e-11,6.797263e-11,1.2187408e-10,3.346711e-11,5.900993e-11,8.534137e-11,7.570466e-11,5.799166e-11,1.9981952e-11,4.6912856e-11,2.908383e-11,4.674868e-11,2.3258435e-11,5.346683e-07,0.0018248622,7.668469e-07,0.00042443056,2.2445247e-05,0.0035589063,0.0022426504,0.00045837165,0.053474978,7.196767e-05,0.019435676,0.0019806311,0.10158225,0.13967906,0.0002227904,0.102275774,0.0010920074,0.17681564,0.04827687,0.0018129417,0.2837777,0.00088841736,0.026383922,0.0016727026,0.014014144,0.011624708,0.00012631202,0.00417959,8.040405e-05,0.0013434828,0.00040952774,4.3496304e-05,0.00018063861,4.314483e-06,1.3571211e-05,1.2530609e-06,2.2671138e-06,1.09349994e-10,5.3406286e-11,3.1284215e-11,3.1405697e-11,8.109665e-11,3.498264e-11,5.1920964e-11,5.1547874e-11,3.78677e-11,7.5029476e-11,2.6124835e-11,4.2296548e-11,5.388371e-11,2.7772373e-11,4.889744e-11,2.5133402e-11,5.8494674e-11,4.0330794e-11,4.007353e-11,7.293373e-11,1.7305973e-11,3.4011655e-11,5.94968e-11,2.676927e-11,1.2945712e-11,1.0478679e-11,1.0932825e-11,1.1761065e-11,1.3131381e-11,1.2410058e-11,1.1735519e-11,1.3099911e-11,1.1646237e-11,1.1948964e-11,1.1719816e-11,1.2491133e-11,1.0499446e-11,1.1810047e-11,1.2139355e-11,1.1565615e-11,9.8623765e-12,1.2269993e-11,1.20249375e-11,1.01994975e-11
1.6086997e-12,1.7876308e-12,1.704891e-12,1.8013489e-12,1.7991584e-12,1.6663505e-12,1.8018094e-12,1.6464155e-12,1.8451644e-12,1.7214314e-12,1.7143147e-12,1.9139232e-12,1.8228954e-12,1.8069029e-12,1.8060552e-12,1.5489847e-12,1.8098002e-12,1.6925368e-12,1.6610448e-12,1.8609064e-12,1.8105529e-12,6.793864e-12,6.7024684e-12,1.4855703e-11,9.008343e-12,8.625531e-12,6.321572e-12,5.802594e-12,5.2948123e-12,1.3456408e-11,1.0457756e-11,1.1374935e-11,1.1695791e-11,3.2009066e-11,1.12076425e-11,1.2292859e-11,2.2797705e-11,1.1431245e-11,2.0255903e-11,2.4034393e-11,4.063627e-11,2.4241291e-11,1.6268006e-11,1.7351289e-11,1.9093411e-11,1.5912296e-11,1.27540565e-11,5.0708145e-08,2.4987849e-06,9.158446e-08,2.2451422e-06,3.7343463e-07,3.5819567e-06,5.0848585e-06,1.7756103e-06,4.1586725e-05,6.1781293e-07,1.5521711e-05,7.267154e-06,5.210973e-05,0.00021705493,2.2219165e-06,0.00074764434,3.1983593e-05,0.0016143442,0.008248437,0.0022738208,0.5650786,0.004895833,0.15833677,0.05044485,0.06152897,0.11179465,0.00076029846,0.028983155,0.00039637156,0.001921027,0.002367802,7.889832e-05,0.00013774869,2.4538358e-06,3.3573815e-06,4.1907737e-07,4.3905322e-07,4.0190656e-11,2.2938504e-11,1.3566191e-11,2.238885e-11,2.5190038e-11,3.081989e-11,4.015985e-11,1.6774327e-11,2.0458116e-11,2.532913e-11,1.1426231e-11,1.6947763e-11,2.171782e-11,8.152404e-12,1.38017636e-11,1.0990071e-11,2.4003471e-11,2.3700167e-11,3.6575864e-11,2.1942162e-11,1.13840075e-11,9.702497e-12,1.5332624e-11,6.54532e-12,3.332086e-12,1.7756081e-12,1.7000137e-12,1.7177972e-12,1.9546077e-12,1.7349527e-12,1.7324163e-12,1.7887255e-12,1.9055417e-12,1.8121698e-12,1.7039222e-12,1.7941106e-12,1.7631147e-12,1.7265808e-12,1.7934161e-12,1.7229884e-12,1.4495822e-12,1.7492238e-12,1.7200004e-12,1.6894759e-12
2.1723606e-06,2.3151183e-06,2.3280172e-06,2.1180188e-06,2.3140717e-06,2.2473332e-06,2.3570362e-06,2.2049337e-06,2.2514905e-06,2.1599492e-06,2.511245e-06,2.1962915e-06,2.287047e-06,2.3486311e-06,2.1938004e-06,2.2563786e-06,2.1669684e-06,2.163124e-06,2.1787425e-06,2.2927509e-06,2.3855894e-06,3.871778e-07,7.5386293e-07,3.599826e-07,3.402025e-07,4.7942575e-07,5.1730433e-07,3.9650843e-07,3.4267592e-07,2.4724613e-07,2.1913277e-07,4.0379862e-07,3.073749e-07,1.4990832e-07,3.3449786e-07,2.477536e-07,1.0970854e-07,1.7656308e-07,2.0762157e-07,1.7113864e-07,2.2315578e-07,8.88723e-08,1.3369436e-07,2.2082618e-07,1.6376138e-07,1.4323899e-07,1.8446002e-07,0.00021423578,0.0025512478,0.00033927182,0.0024802245,0.0029288386,0.007235822,0.012683165,0.006416981,0.01978223,0.0016788008,0.01344406,0.022652404,0.016195955,0.041290782,0.012409192,0.043511845,0.057436183,0.08275512,0.057238348,0.00811968,0.09516748,0.020233883,0.07912334,0.11639643,0.06523472,0.053683553,0.029877372,0.06955998,0.017368399,0.006217126,0.023283947,0.004386589,0.005636995,0.00076045236,0.0011776275,0.00026727348,0.00015094373,3.8121004e-07,4.6678068e-07,3.1686054e-07,3.023505e-07,2.7606984e-07,2.912733e-07,6.873747e-07,3.5562925e-07,1.6854709e-07,4.7264163e-07,4.1866778e-07,5.1879044e-07,3.5961068e-07,4.7020575e-07,2.4096562e-07,5.076452e-07,2.394724e-07,3.6163223e-07,3.1381003e-07,3.9247993e-07,2.5576884e-07,4.2856269e-07,7.7898676e-07,1.1196973e-06,1.5338261e-06,2.261575e-06,2.2368047e-06,2.1956507e-06,2.195768e-06,2.2502843e-06,2.3439277e-06,2.2376794e-06,2.4460733e-06,2.1788717e-06,2.2167114e-06,2.3521952e-06,2.2742145e-06,2.3122984e-06,2.128812e-06,2.2880151e-06,2.2685608e-06,2.342913e-06,2.2364209e-06,2.3402554e-06
4.1625872e-10,4.0570816e-10,4.076699e-10,4.247327e-10,3.9309536e-10,4.0129217e-10,4.0593962e-10,3.9613154e-10,3.9262024e-10,3.851835e-10,4.4210052e-10,3.7399334e-10,4.119824e-10,4.0485937e-10,3.926023e-10,4.0425596e-10,4.0361647e-10,3.9476938e-10,4.0080259e-10,4.189837e-10,4.0967238e-10,2.7671748e-10,2.139792e-10,2.412597e-10,1.490827e-10,1.5825637e-10,2.059907e-10,6.0814626e-10,3.126787e-10,2.2338253e-10,4.2797413e-10,6.295883e-10,4.1116444e-10,1.9901733e-10,3.248858e-10,2.9533606e-10,2.5438882e-10,3.769014e-10,1.7602725e-10,2.8186756e-10,3.0429753e-10,1.8614113e-10,2.5669325e-10,2.4685998e-10,2.025582e-10,2.447544e-10,2.0179006e-10,9.92906e-07,5.105289e-05,2.3496202e-06,5.9130176e-05,1.5603015e-05,0.00021039728,0.00015898357,9.966192e-05,0.00027958342,1.1939243e-05,0.00015935229,9.069702e-05,0.00016074875,0.00058937556,4.6683443e-05,0.0010589054,0.00021912048,0.0025743688,0.0010842498,0.0018439437,0.018277088,0.0009349916,0.026131734,0.0184341,0.07679864,0.545651,0.020653361,0.09362395,0.02680262,0.15126453,0.002707315,0.0023842442,0.007435776,4.3136974e-05,0.00011686681,1.4882255e-05,8.560688e-06,4.694248e-10,2.8085434e-10,2.7557345e-10,3.4381994e-10,3.36616e-10,1.954239e-10,4.0839757e-10,1.3899958e-10,9.72508e-11,2.5205027e-10,2.1300679e-10,3.2878317e-10,3.7850797e-10,2.5654398e-10,8.9398065e-11,3.021795e-10,2.2522646e-10,1.0540097e-10,1.9614349e-10,2.152769e-10,1.03877774e-10,1.4889855e-10,1.4624658e-10,3.2039477e-10,3.0514025e-10,4.0349332e-10,4.020529e-10,3.9971396e-10,4.1801387e-10,4.37744e-10,4.1690076e-10,4.2476106e-10,4.1538947e-10,4.114657e-10,4.045429e-10,4.1292172e-10,4.1635717e-10,4.1918755e-10,4.0634862e-10,3.9522746e-10,3.8981907e-10,4.139863e-10,3.968485e-10,4.4048443e-10
2.5202795e-11,2.5344182e-11,2.6255442e-11,2.5945648e-11,2.65346e-11,2.4574452e-11,2.5840455e-11,2.5174307e-11,2.566216e-11,2.5035826e-11,2.727594e-11,2.5856475e-11,2.5655162e-11,2.5399106e-11,2.6359559e-11,2.566534e-11,2.4922767e-11,2.4892883e-11,2.515151e-11,2.7079375e-11,2.7600935e-11,1.4003623e-11,1.1814047e-11,2.0548434e-11,8.348193e-12,1.8977535e-11,1.939899e-11,1.11642995e-11,1.19354466e-11,2.1815612e-11,1.8782932e-11,4.1838366e-11,2.3994933e-11,2.1083043e-11,1.6757042e-11,3.5917404e-11,2.6194618e-11,2.1019284e-11,1.9052537e-11,1.7857079e-11,4.1574424e-11,2.1626364e-11,2.0683148e-11,4.768559e-11,2.7642607e-11,2.5444006e-11,1.9008834e-11,9.538684e-08,4.0607274e-06,1.0740158e-07,7.675659e-06,2.411864e-07,9.638825e-06,3.6038823e-06,5.94428e-06,6.879383e-05,5.547115e-07,4.2256732e-05,2.4035805e-06,6.2470164e-05,0.0001316068,1.0007368e-05,0.0044099493,5.017517e-05,0.008610247,0.0011259873,0.00803819,0.3245441,0.006749304,0.28626704,0.0013703298,0.19516,0.098134294,0.003612878,0.05833849,8.930279e-05,0.0027130693,9.4096584e-05,7.225942e-05,0.00026721458,1.4215681e-06,9.168265e-07,4.771505e-08,1.124168e-06,4.2833393e-11,1.798135e-11,1.714703e-11,2.6461973e-11,4.0219602e-11,4.7444448e-11,3.5872222e-11,4.230886e-11,1.9908667e-11,2.5453665e-11,2.953798e-11,2.2833456e-11,4.916899e-11,1.4579919e-11,2.0724809e-11,1.5820586e-11,3.174819e-11,2.8745738e-11,2.403776e-11,4.1952476e-11,1.2175032e-11,2.1556559e-11,2.427222e-11,3.8013117e-11,2.6604486e-11,2.5686644e-11,2.4401729e-11,2.549273e-11,2.6737461e-11,2.7274067e-11,2.6419157e-11,2.614989e-11,2.6681574e-11,2.4227724e-11,2.7028548e-11,2.7339481e-11,2.6991404e-11,2.4962777e-11,2.7489028e-11,2.4981925e-11,2.4650173e-11,2.5487773e-11,2.4706138e-11,2.4656145e-11
2.5763967e-09,2.8432676e-09,2.755837e-09,2.6519664e-09,2.6511926e-09,2.514819e-09,2.6611429e-09,2.3072126e-09,2.5206488e-09,2.6647133e-09,2.7483096e-09,2.4624365e-09,2.6799842e-09,2.7162907e-09,3.0005813e-09,2.7935174e-09,2.6902938e-09,2.442137e-09,2.4654347e-09,3.0976732e-09,2.8368108e-09,3.4866225e-09,3.3848335e-09,3.1931155e-09,3.2973173e-09,4.23855e-09,4.7563855e-09,9.0923855e-09,3.218982e-09,7.528713e-09,1.5772013e-09,6.6787265e-09,3.2189331e-09,4.788098e-09,2.947381e-09,2.8861926e-09,4.0855688e-09,2.2573414e-09,4.6425983e-09,7.1588895e-09,1.1872374e-08,5.089113e-09,4.340372e-09,3.4776033e-09,2.1003845e-09,3.299985e-09,3.9632084e-09,1.7574295e-05,0.005536797,3.957453e-05,0.0020673918,0.00042434747,0.014032947,0.00069820165,0.0034330394,0.008752882,0.000140722,0.00918878,0.0029090045,0.006818552,0.023924608,0.00095562363,0.09359041,0.020385772,0.23330724,0.02272493,0.010651489,0.09558679,0.0023989119,0.12697609,0.031022575,0.05065308,0.08082468,0.0033730436,0.10124382,0.009315102,0.027258217,0.0026184449,0.0020296003,0.006737654,9.173351e-05,0.00018359558,5.765319e-05,2.88725e-05,7.1315513e-09,3.1985408e-09,4.529736e-09,6.534026e-09,5.6321565e-09,3.9838155e-09,7.341557e-09,5.5996043e-09,1.7329866e-09,8.367116e-09,4.508085e-09,3.9407464e-09,1.4216367e-08,3.5640537e-09,9.679661e-09,3.7237786e-09,7.809384e-09,2.099151e-09,2.6725318e-09,4.50219e-09,5.6225263e-10,2.9600966e-09,2.515961e-09,3.689673e-09,3.528509e-09,2.6557478e-09,2.6003852e-09,2.572277e-09,2.7617355e-09,3.0106309e-09,2.8697575e-09,2.6386766e-09,2.937061e-09,2.7099876e-09,2.518155e-09,3.0568577e-09,2.802574e-09,2.5008517e-09,2.9125822e-09,2.4010032e-09,2.5000313e-09,3.2525933e-09,2.901537e-09,2.4479103e-09
9.640642e-10,1.0628033e-09,1.0128196e-09,9.607564e-10,9.819205e-10,8.956942e-10,1.0121205e-09,8.963727e-10,9.355604e-10,9.982267e-10,1.0089634e-09,8.954943e-10,9.135066e-10,1.0212131e-09,1.0278355e-09,9.753538e-10,9.0877267e-10,9.610166e-10,9.612879e-10,1.1066403e-09,1.0446929e-09,1.2794378e-09,9.360406e-10,1.9138289e-09,1.9755748e-09,1.3838718e-09,1.1279956e-09,4.1429673e-09,7.5542506e-10,1.895758e-09,8.015257e-10,1.9256265e-09,1.4018599e-09,1.1626505e-09,1.1271052e-09,1.1096014e-09,1.6037586e-09,8.6253155e-10,1.0677123e-09,1.6351402e-09,2.8163862e-09,1.0770884e-09,2.082075e-09,1.3073728e-09,7.3630596e-10,1.1923806e-09,1.0337909e-09,8.296342e-06,0.0015934575,1.8399534e-05,0.0004290066,0.00018857229,0.002524092,0.00010060603,0.00058716256,0.00083605264,3.4752007e-05,0.0009785675,0.00030775552,0.0010433719,0.003212825,0.00022537916,0.015651518,0.005530992,0.059215143,0.006245132,0.010750598,0.06637391,0.003946795,0.16702461,0.036684494,0.12945166,0.17032456,0.008152249,0.17911199,0.022740804,0.08094499,0.0029717966,0.0061787944,0.01604354,0.00017948275,0.00032709204,3.9550203e-05,2.1966696e-05,1.818687e-09,8.6648894e-10,1.13559e-09,1.5668316e-09,1.3687123e-09,6.059507e-10,1.8047818e-09,1.0029999e-09,7.723944e-10,2.3143378e-09,1.5419991e-09,1.7644103e-09,1.6413083e-09,1.1127232e-09,1.1457524e-09,1.1312856e-09,1.9663344e-09,4.1607992e-10,9.486074e-10,1.0387462e-09,2.9676003e-10,6.52774e-10,5.1602833e-10,1.3922087e-09,1.2331746e-09,9.468287e-10,9.560693e-10,9.591287e-10,9.758935e-10,1.0719013e-09,1.0341242e-09,9.618877e-10,1.0511308e-09,1.0580179e-09,9.0067603e-10,1.0230593e-09,1.022244e-09,9.635146e-10,1.0404514e-09,9.0340135e-10,9.243769e-10,1.1667803e-09,1.0490657e-09,9.2915664e-10
1.9330539e-11,2.0867596e-11,1.809374e-11,1.925242e-11,1.7893758e-11,1.9391396e-11,1.8455605e-11,1.7787962e-11,1.6516195e-11,2.00869e-11,2.0366518e-11,1.8134058e-11,1.8322255e-11,1.9487873e-11,1.7888399e-11,1.7923168e-11,1.8349813e-11,1.8164279e-11,1.8275102e-11,1.9071071e-11,1.851039e-11,3.1801565e-11,1.7102014e-11,3.5058272e-11,2.2815205e-11,1.6391322e-11,2.2999233e-11,1.04787116e-10,3.6643546e-11,2.2822647e-11,3.7264993e-11,5.3067176e-11,4.338956e-11,2.0515645e-11,2.5732779e-11,3.855123e-11,2.8481632e-11,2.0664567e-11,2.0762388e-11,6.775987e-11,4.109718e-11,1.9413972e-11,3.3680635e-11,3.973934e-11,1.5934233e-11,3.353218e-11,2.4661119e-11,1.7086498e-07,1.1235314e-05,2.1405083e-07,5.787842e-06,1.0940735e-06,7.1182e-05,2.3494395e-06,1.0618155e-05,1.8162862e-05,2.2262859e-07,2.0508198e-05,2.305474e-06,6.541771e-05,6.3724e-05,2.3950333e-06,0.00050064054,1.9092204e-05,0.002185038,0.00017746801,0.002668116,0.007176848,0.00013369211,0.048732456,0.005850394,0.19997194,0.3011411,0.0017855185,0.071900554,0.0066634114,0.34694117,0.00032072785,0.0011299724,0.0023809127,7.944921e-06,3.4858946e-05,1.4472639e-06,1.2740892e-06,3.5961057e-11,1.5825438e-11,3.8109293e-11,7.697071e-11,4.0134604e-11,1.26412995e-11,4.5251587e-11,2.2350288e-11,1.2547327e-11,4.2540915e-11,3.4258953e-11,5.7525706e-11,4.148925e-11,1.7172356e-11,1.0246242e-11,3.57732e-11,5.76562e-11,5.6813855e-12,3.2586784e-11,3.3704026e-11,9.531603e-12,2.1350154e-11,9.1627825e-12,2.4828053e-11,1.9009804e-11,1.759599e-11,1.8195903e-11,1.9597386e-11,1.8482941e-11,2.0158632e-11,1.9829529e-11,1.908115e-11,1.9494342e-11,2.055858e-11,1.801983e-11,1.952657e-11,2.0383539e-11,1.9963413e-11,2.0230507e-11,1.72077e-11,1.7463253e-11,1.930821e-11,1.9264727e-11,2.0566344e-11
8.131818e-09,8.727928e-09,8.2872065e-09,7.936115e-09,8.354673e-09,7.83618e-09,9.2051575e-09,7.0244264e-09,7.881808e-09,7.683323e-09,8.724433e-09,8.1908444e-09,8.873154e-09,8.353383e-09,9.50918e-09,8.4202325e-09,7.980879e-09,7.1252124e-09,7.9451565e-09,8.632301e-09,8.740306e-09,7.556317e-09,1.1950251e-08,6.418225e-09,1.7501761e-09,1.0399007e-08,4.0024277e-09,8.804641e-09,1.3096076e-08,1.8131468e-08,9.067685e-09,2.7867856e-08,1.0096264e-08,8.345898e-09,2.5784026e-08,1.0272896e-08,1.952095e-08,3.5104385e-08,2.9695407e-08,2.43464e-08,5.6633752e-08,1.8679355e-08,1.7528027e-08,2.2609784e-08,2.3420315e-08,1.7418415e-08,3.2771535e-08,1.9151772e-05,0.002586507,0.00033923384,0.003304497,0.0010297738,0.0024049121,0.008271535,0.0016306378,0.0032243119,0.00033818756,0.0043084915,0.0039366884,0.0007589544,0.015360534,0.00077028445,0.014854185,0.010460569,0.010249402,0.06572834,0.0028926372,0.07830921,0.010956405,0.175821,0.10040905,0.020178162,0.21919037,0.011340339,0.09793783,0.02806338,0.011406731,0.08549726,0.0015297226,0.0063077873,0.0002763562,0.00014858534,6.378143e-05,9.4078736e-05,1.5936e-08,1.1885035e-08,1.03629905e-08,1.5552478e-08,1.52705e-08,2.3256414e-08,1.2293898e-08,1.1163232e-08,1.1510915e-08,3.2952432e-08,2.5812565e-08,4.1437596e-09,1.4858377e-08,5.0873346e-09,9.293915e-09,1.5528913e-08,1.0223132e-08,1.4137402e-08,1.3831764e-08,9.68106e-09,4.400605e-09,1.2865428e-08,7.0885857e-09,6.8435244e-09,8.437868e-09,8.462933e-09,8.48137e-09,8.44381e-09,8.858814e-09,8.942474e-09,9.14789e-09,8.506822e-09,8.68033e-09,8.852345e-09,7.761596e-09,9.178947e-09,8.82559e-09,7.5073014e-09,7.730391e-09,7.7805975e-09,8.458914e-09,8.769847e-09,8.469101e-09,7.761654e-09
9.953983e-10,1.1699524e-09,1.1261778e-09,1.0337503e-09,1.0921662e-09,1.086809e-09,1.12516e-09,1.0126369e-09,1.0199543e-09,1.0094068e-09,1.0679656e-09,1.1101718e-09,1.1223565e-09,1.1842154e-09,1.1602832e-09,1.0545554e-09,1.0428044e-09,1.1246838e-09,1.023878e-09,1.2626552e-09,1.1697894e-09,7.8271e-09,5.813346e-09,3.680676e-09,3.0234404e-09,7.595725e-09,1.8285703e-09,4.6906896e-09,2.5616622e-09,5.617576e-09,2.5910474e-09,4.9436317e-09,2.8834741e-09,4.0249675e-09,3.9676022e-09,2.015133e-09,6.5873085e-09,3.428615e-09,4.0281543e-09,6.1384307e-09,9.269363e-09,3.7175263e-09,6.1575447e-09,5.447941e-09,2.4803866e-09,6.0757057e-09,4.914638e-09,1.5613588e-05,0.026211442,0.0001287733,0.002112333,0.0006079778,0.0056639886,0.001065322,0.00406786,0.017116647,0.00017414337,0.007748923,0.005611278,0.00350414,0.046268325,0.0007903094,0.02840638,0.00941989,0.1299904,0.046764128,0.012398934,0.18053491,0.0014218139,0.078647345,0.03360076,0.032434594,0.123387046,0.0034117007,0.08743979,0.015541737,0.040779784,0.014449501,0.0069141607,0.032099515,0.00022080058,0.00089977804,9.890939e-05,5.0875846e-05,8.085068e-09,5.318615e-09,4.290075e-09,5.330822e-09,6.6152355e-09,3.7458117e-09,6.9488975e-09,6.6359096e-09,2.4450173e-09,1.0077337e-08,5.351727e-09,3.1098324e-09,7.950374e-09,4.311033e-09,4.960814e-09,2.873164e-09,5.404658e-09,4.028546e-09,5.006717e-09,5.786387e-09,1.1073485e-09,2.6906581e-09,3.3016911e-09,2.6949212e-09,1.5996935e-09,1.0303272e-09,1.1037616e-09,1.0656398e-09,1.097868e-09,1.1091982e-09,1.1766009e-09,1.0674646e-09,1.0705169e-09,1.213316e-09,9.845506e-10,1.1492705e-09,1.0976712e-09,1.0927454e-09,1.1059955e-09,1.06052e-09,1.0655788e-09,1.3172454e-09,1.1604293e-09,1.0249233e-09
1.1917169e-11,1.29613525e-11,1.1534334e-11,1.1837788e-11,1.1333224e-11,1.1970477e-11,1.1881127e-11,1.12261485e-11,1.0834409e-11,1.228032e-11,1.2728149e-11,1.14580715e-11,1.1610108e-11,1.2244675e-11,1.1164203e-11,1.0861266e-11,1.17565575e-11,1.1558934e-11,1.1839684e-11,1.2121611e-11,1.1782777e-11,3.5674654e-11,1.982392e-11,3.1774996e-11,1.9920992e-11,1.7207067e-11,2.0284318e-11,8.323401e-11,2.7426103e-11,1.8125992e-11,3.814243e-11,3.9828023e-11,3.271674e-11,1.599183e-11,1.8819203e-11,3.8705494e-11,2.843396e-11,1.844356e-11,1.9033487e-11,6.840795e-11,3.4811515e-11,1.838936e-11,4.2186254e-11,3.5725315e-11,1.8537017e-11,3.223803e-11,2.1951411e-11,7.933112e-08,2.8098266e-06,1.13853325e-07,2.1942801e-06,7.7517564e-07,1.0542071e-05,8.946841e-07,4.4358662e-06,7.175923e-06,2.994131e-07,5.9761564e-06,2.3019863e-06,2.1279855e-05,2.926544e-05,1.9611784e-06,0.00019063456,1.6955848e-05,0.0005880201,0.00011867298,0.002131908,0.00868599,0.00021130429,0.038086176,0.011212667,0.23802963,0.39301795,0.0030628634,0.06665766,0.010639454,0.22399756,0.00038759375,0.0009546101,0.0018941035,4.4283506e-06,1.911287e-05,1.5592917e-06,1.0141774e-06,3.3965306e-11,1.7111174e-11,2.8211716e-11,5.2864293e-11,3.2716926e-11,1.0443026e-11,4.0777492e-11,2.046846e-11,1.38279015e-11,4.368241e-11,3.1868584e-11,7.540263e-11,5.293704e-11,1.818559e-11,9.017849e-12,3.299215e-11,4.6072486e-11,7.529092e-12,3.9775717e-11,5.04835e-11,1.1673437e-11,2.330075e-11,1.04779215e-11,2.2671129e-11,1.5538473e-11,1.1312427e-11,1.1610728e-11,1.2361749e-11,1.1538515e-11,1.1792064e-11,1.2141927e-11,1.1513366e-11,1.2041693e-11,1.2666056e-11,1.12244354e-11,1.20237015e-11,1.2002095e-11,1.2386175e-11,1.2610251e-11,1.0981626e-11,1.0837489e-11,1.22305525e-11,1.2108763e-11,1.2648697e-11
6.356746e-12,6.077369e-12,6.0189744e-12,6.8139426e-12,5.659827e-12,6.0950607e-12,6.81874e-12,6.4884305e-12,6.0749353e-12,5.8617854e-12,6.705692e-12,5.923354e-12,6.2166028e-12,6.417414e-12,6.68758e-12,6.017321e-12,5.5276846e-12,6.9684293e-12,5.8918035e-12,7.230474e-12,6.1824526e-12,5.2838196e-11,6.92467e-11,6.0570514e-11,1.830412e-11,2.7151347e-11,4.149739e-11,6.3845144e-11,8.624254e-11,9.896963e-11,1.659549e-10,1.4036726e-10,4.104351e-11,5.0524262e-11,1.4422179e-10,1.3325697e-10,1.955188e-10,8.642961e-11,1.7979014e-10,1.0282365e-10,1.4875476e-10,1.0671004e-10,2.3427776e-10,2.1722021e-10,1.611278e-10,6.478763e-11,4.0260503e-10,3.3378006e-07,1.5027413e-05,1.8728679e-06,1.1343708e-05,5.8542732e-06,1.8855231e-05,7.1937543e-06,0.00029391522,5.5414275e-05,3.2401528e-07,2.652601e-05,0.00021999697,0.00019072526,0.00013503844,3.5009773e-06,0.001024481,2.4426467e-05,0.0007625522,0.0039603193,0.0036726762,0.010749361,3.2815406e-05,0.026954765,0.26155114,0.3504788,0.31451866,7.590387e-05,0.017145086,0.00019232657,0.001524999,0.0021059492,0.0004537821,0.003758414,2.656326e-06,3.7082716e-06,1.9961604e-05,1.3332843e-06,1.3094029e-10,8.361624e-11,4.820728e-11,4.425352e-11,6.109426e-11,4.6118217e-11,8.592909e-11,5.023215e-11,1.8884363e-11,3.9316675e-11,1.7371335e-10,1.6188685e-10,4.8378235e-11,9.9676205e-12,1.5109204e-11,5.4690325e-11,3.863838e-11,3.762688e-11,1.5069322e-10,3.2465614e-11,2.3526818e-11,2.2337281e-11,3.844387e-11,1.8030381e-11,7.76516e-12,6.427287e-12,6.425461e-12,6.2087813e-12,6.5967834e-12,6.3798606e-12,6.5877802e-12,6.286859e-12,6.519257e-12,6.7569964e-12,6.2767946e-12,6.6604916e-12,6.3819913e-12,6.5418023e-12,6.217326e-12,6.1112643e-12,6.414942e-12,6.302624e-12,6.0428546e-12,6.6559323e-12
1.3627022e-12,1.5603566e-12,1.3810683e-12,1.4609571e-12,1.3000615e-12,1.3655852e-12,1.5244755e-12,1.366505e-12,1.3504198e-12,1.3510563e-12,1.4191175e-12,1.4463455e-12,1.4005365e-12,1.3856992e-12,1.3612423e-12,1.3068737e-12,1.4357305e-12,1.3680254e-12,1.3512315e-12,1.5598508e-12,1.497778e-12,8.945675e-12,2.063663e-11,1.4286726e-11,5.9635847e-12,1.11712115e-11,7.99492e-12,2.0494556e-11,1.2609603e-11,1.2408025e-11,1.0209289e-11,1.126321e-11,1.3407525e-11,1.1549172e-11,1.3038194e-11,1.0880508e-11,2.3297732e-11,1.3841889e-11,2.0691336e-11,2.3533677e-11,3.1545527e-11,2.2852517e-11,2.0849485e-11,1.6394063e-11,1.6841426e-11,2.2484535e-11,2.8771931e-11,8.93098e-08,8.509861e-06,3.5044758e-07,3.72189e-06,1.5153454e-06,8.69286e-06,5.797346e-06,5.5060395e-06,2.5314379e-05,4.4880457e-07,2.9794592e-05,1.1208468e-05,6.481559e-06,0.0004099768,3.0756132e-06,0.0003119314,7.4892734e-05,0.0010024331,0.0015734156,0.00039401074,0.018581662,0.0009475554,0.14050314,0.023307506,0.022216454,0.72094846,0.0016071666,0.048949227,0.0030224924,0.012749285,0.0021754298,9.8373595e-05,0.0009854021,1.2134046e-05,1.3843779e-05,2.7543392e-06,1.8953438e-06,5.377817e-11,1.4568841e-11,1.5588046e-11,3.515689e-11,2.368304e-11,1.6965583e-11,2.7611071e-11,9.080018e-12,2.1538497e-11,7.2129e-11,4.0853553e-11,2.0763922e-11,5.2207464e-11,1.1664134e-11,1.6403072e-11,2.4792644e-11,3.0868776e-11,9.7640195e-12,1.9691684e-11,1.6601049e-11,6.142031e-12,8.998709e-12,4.262924e-12,5.0027022e-12,2.8486872e-12,1.3711131e-12,1.3655096e-12,1.4265861e-12,1.328244e-12,1.4810994e-12,1.4829735e-12,1.3504275e-12,1.4048198e-12,1.4334211e-12,1.4096432e-12,1.4113812e-12,1.3481114e-12,1.3854347e-12,1.3929811e-12,1.285852e-12,1.4294649e-12,1.4849746e-12,1.4186845e-12,1.350997e-12
4.9327455e-11,5.013197e-11,4.6392355e-11,5.1292828e-11,4.966789e-11,4.7057903e-11,5.004751e-11,4.4991007e-11,4.8873617e-11,4.676933e-11,5.0447927e-11,4.798457e-11,4.4860934e-11,4.5666228e-11,5.0599996e-11,4.849458e-11,4.5509627e-11,4.6648966e-11,4.5052323e-11,5.4757573e-11,5.5113514e-11,1.0641397e-10,2.777893e-10,1.9184258e-10,1.6005676e-10,1.3564372e-10,2.0811093e-10,6.2507954e-10,1.861556e-10,3.1875258e-10,1.06923e-10,4.886908e-10,2.1763422e-10,2.5082722e-10,2.1829273e-10,1.6775757e-10,5.5832594e-10,2.5953725e-10,4.0216014e-10,3.929438e-10,6.120665e-10,2.5277086e-10,5.16636e-10,1.8520858e-10,1.2949758e-10,2.7306038e-10,2.098324e-10,1.7064721e-06,0.00060524914,3.3373335e-06,0.00015651557,3.2001743e-05,0.00069855415,0.0001243739,0.0002880588,0.0008469087,1.8367453e-05,0.0015974548,0.00024088261,0.0003041846,0.015203467,9.594734e-05,0.022541694,0.009154958,0.12476372,0.034845814,0.01284357,0.09081485,0.0039953454,0.290355,0.027193984,0.041323595,0.18758635,0.0017386243,0.08256245,0.01646199,0.024147352,0.004390042,0.0005165893,0.0043597724,8.359901e-05,8.339071e-05,8.971563e-06,1.1382867e-05,6.3974304e-10,2.3931043e-10,1.9730736e-10,4.123085e-10,4.059797e-10,2.422644e-10,3.3034508e-10,1.342392e-10,1.529097e-10,7.4842915e-10,1.7985989e-10,1.4765186e-10,1.8989346e-10,9.086804e-11,1.5216373e-10,1.8670249e-10,2.6188185e-10,1.6819104e-10,2.749869e-10,9.775624e-11,7.417636e-11,1.3853185e-10,4.0722814e-11,1.2883633e-10,7.9285696e-11,4.5004566e-11,4.9211493e-11,4.8002605e-11,4.993195e-11,5.1178003e-11,4.756749e-11,4.835843e-11,4.8207126e-11,5.0016404e-11,4.612669e-11,4.966638e-11,4.8312427e-11,4.8454633e-11,4.8379276e-11,4.372638e-11,4.641882e-11,5.0161618e-11,5.1293414e-11,5.0717878e-11
3.1200034e-12,3.3136963e-12,2.8695596e-12,3.3439696e-12,3.0030542e-12,2.9965657e-12,3.1145806e-12,2.9698798e-12,2.96296e-12,3.1428428e-12,3.182863e-12,3.148585e-12,3.2321285e-12,3.0853133e-12,2.801857e-12,3.0270636e-12,2.8364312e-12,3.0075942e-12,3.0487167e-12,3.2889503e-12,2.734818e-12,1.05497625e-11,1.2369473e-11,1.3465662e-11,7.543358e-12,7.401324e-12,1.605168e-11,2.3705702e-11,9.023001e-12,8.837231e-12,6.7289637e-12,7.027094e-12,5.6217557e-12,7.653984e-12,7.3492054e-12,7.649986e-12,1.2350283e-11,3.918477e-12,7.973592e-12,1.2305395e-11,1.098459e-11,6.4633975e-12,8.927887e-12,5.9557238e-12,7.851082e-12,1.0238608e-11,1.03986125e-11,4.2010793e-08,9.366383e-06,1.9440643e-07,5.7069983e-06,7.443147e-07,1.1950801e-05,1.4109977e-06,6.770129e-06,5.8502033e-06,7.7968e-08,8.589824e-06,6.604582e-06,2.0453104e-05,9.571283e-05,2.1597914e-06,0.00097423914,6.452827e-05,0.007321737,0.004624064,0.009157897,0.045983214,0.00020844825,0.30427983,0.07668234,0.30596915,0.15436608,0.0005087672,0.049630173,0.0019052514,0.035827033,0.0018513764,0.00021184959,0.00024986826,1.4348972e-06,6.1837436e-06,8.3238706e-07,1.02826334e-07,6.7313776e-12,3.479447e-12,4.5735243e-12,7.914922e-12,6.761397e-12,3.2630255e-12,7.613783e-12,4.7048455e-12,3.0171952e-12,1.3047659e-11,9.713708e-12,2.3557411e-11,5.531981e-12,3.9732744e-12,3.83505e-12,6.1073416e-12,1.9259226e-11,3.798809e-12,2.0704896e-11,1.3603385e-11,3.5777017e-12,7.593783e-12,7.989973e-12,6.3433672e-12,4.504457e-12,2.7955901e-12,2.9040167e-12,3.1348266e-12,3.1627231e-12,3.062483e-12,3.0612797e-12,3.1225036e-12,3.1537477e-12,3.4077645e-12,2.930111e-12,3.097454e-12,3.140446e-12,3.414655e-12,3.30503e-12,2.7744168e-12,3.1675647e-12,3.2009566e-12,3.2021048e-12,3.049909e-12
2.1479704e-12,2.346429e-12,2.2345585e-12,2.282729e-12,2.2201566e-12,2.067078e-12,2.4932866e-12,2.1467745e-12,2.1756787e-12,2.2030472e-12,2.2124375e-12,2.3618301e-12,2.1816045e-12,2.2749138e-12,2.4198419e-12,2.0875463e-12,2.208205e-12,2.1966107e-12,2.124955e-12,2.3954389e-12,2.4385418e-12,8.718607e-12,2.060694e-11,1.319964e-11,9.424868e-12,1.534319e-11,1.177912e-11,2.457828e-11,1.8264399e-11,4.4166754e-11,3.1736606e-11,3.198942e-11,1.8197359e-11,2.1675285e-11,2.7977875e-11,2.2455485e-11,5.839304e-11,3.4269927e-11,9.836686e-11,1.1288404e-10,1.6310772e-10,4.852027e-11,9.28821e-11,6.02487e-11,5.4534915e-11,4.6133878e-11,6.684383e-11,1.8044575e-07,5.506065e-05,1.0133666e-06,2.6484e-05,3.3910671e-06,1.6805174e-05,2.6712218e-05,1.3492627e-05,2.358928e-05,1.299635e-07,4.772556e-05,1.3517651e-05,6.673979e-06,0.00075536175,3.5010578e-06,0.0009884242,0.0002113063,0.002872367,0.0076187453,0.00088244444,0.028198205,0.0004869186,0.48755226,0.027003676,0.031207807,0.37277812,0.0003964361,0.033636954,0.0015467884,0.001604892,0.0017916255,3.30182e-05,0.00018952433,1.9475583e-06,3.2863747e-06,7.611772e-07,8.481e-07,3.225545e-11,1.0350917e-11,1.2603163e-11,2.8194622e-11,2.5968554e-11,2.5428612e-11,2.7270202e-11,1.37444734e-11,1.6646363e-11,1.0255923e-10,5.959655e-11,2.1600914e-11,2.6926801e-11,6.819261e-12,1.3321855e-11,2.1271703e-11,2.2184136e-11,8.9812385e-12,2.1541421e-11,2.5636947e-11,6.9942763e-12,1.7747224e-11,6.661369e-12,5.4206353e-12,3.7493975e-12,2.2095951e-12,2.1814711e-12,2.2618131e-12,2.320181e-12,2.227265e-12,2.2964677e-12,2.1942073e-12,2.4357803e-12,2.3469124e-12,2.3638402e-12,2.3538612e-12,2.3077083e-12,2.194919e-12,2.1854278e-12,2.0016014e-12,2.3303282e-12,2.3156802e-12,2.1853526e-12,2.10108e-12
1.6091921e-10,2.0281037e-10,1.9777928e-10,1.7096564e-10,1.9302498e-10,1.9955568e-10,1.7595282e-10,1.804053e-10,1.9083113e-10,1.7579986e-10,1.760381e-10,2.036768e-10,1.8516354e-10,2.0808691e-10,1.9164964e-10,1.6429974e-10,2.0424905e-10,1.8829875e-10,1.8049687e-10,2.2404748e-10,2.0389289e-10,4.823619e-09,3.9009693e-09,5.715649e-09,1.4995151e-09,4.7187956e-09,2.4156432e-09,4.1288986e-09,3.4094372e-09,7.524724e-09,3.7055001e-09,2.3941351e-09,7.1586865e-09,5.505174e-09,4.320937e-09,1.3953018e-09,4.3713793e-09,3.4202687e-09,3.0669092e-09,3.0698177e-09,6.8645374e-09,4.6118775e-09,4.147803e-09,3.5151357e-09,4.0347374e-09,5.8238014e-09,6.4918044e-09,8.47648e-06,0.0018721254,1.35360915e-05,0.0003003662,0.0001706879,0.0003323372,0.0010597268,0.00020258309,0.002862424,5.2973457e-05,0.0005639552,0.00094528706,0.0011850215,0.0066876533,0.0002605675,0.0351361,0.003779751,0.025205791,0.07324968,0.011237461,0.41749305,0.02405408,0.09824316,0.052892566,0.031249171,0.059588045,0.00396328,0.10414186,0.0072851577,0.0044615488,0.016687758,0.0030742406,0.011157569,0.00030012423,0.00018417048,5.8082227e-05,3.943718e-05,1.0622842e-08,8.821372e-09,5.5247495e-09,7.1833473e-09,7.1220643e-09,5.78309e-09,1.009167e-08,5.2457247e-09,4.7586006e-09,6.0433574e-09,2.3268574e-09,2.3219806e-09,5.554991e-09,2.778681e-09,6.491174e-09,1.9295257e-09,2.2620483e-09,4.6491744e-09,3.5198051e-09,4.4357233e-09,2.4860096e-09,2.4080484e-09,4.593249e-09,1.3456496e-09,4.835767e-10,1.7790472e-10,1.7837223e-10,1.8284547e-10,1.9348168e-10,1.935758e-10,2.1252805e-10,1.9920543e-10,1.7946973e-10,1.857656e-10,1.7039983e-10,2.0357893e-10,1.8776009e-10,1.8833576e-10,1.9576536e-10,1.8261719e-10,1.572191e-10,1.898661e-10,1.8945155e-10,1.8453772e-10
1.3223601e-11,1.3673663e-11,1.2833094e-11,1.3527563e-11,1.309904e-11,1.3240435e-11,1.3074353e-11,1.29463575e-11,1.3673062e-11,1.3544034e-11,1.329312e-11,1.44477754e-11,1.3383382e-11,1.39555095e-11,1.2176485e-11,1.2124271e-11,1.3348074e-11,1.2388753e-11,1.340502e-11,1.5031995e-11,1.3328103e-11,2.9531252e-11,6.030882e-11,4.600733e-11,3.275777e-11,4.9061966e-11,4.6810347e-11,5.369167e-11,4.3384327e-11,3.370414e-11,3.5791474e-11,2.9946965e-11,5.267719e-11,6.0284666e-11,4.616186e-11,5.8062288e-11,1.07906746e-10,6.039066e-11,6.386085e-11,7.108271e-11,6.9400465e-11,6.141028e-11,7.0046906e-11,3.992013e-11,1.1105488e-10,6.9821746e-11,1.03126896e-10,1.704928e-07,2.6171954e-05,6.535308e-07,3.3763808e-06,2.0082346e-06,6.463794e-06,8.91569e-06,3.5091296e-06,1.5301617e-05,7.866654e-07,2.2528222e-05,9.298849e-06,1.0800236e-05,0.00023241394,7.689339e-06,0.00020279248,3.1208005e-05,0.0010888993,0.0012466933,0.00036566812,0.021111913,0.0015900957,0.19261874,0.043320477,0.037052527,0.6328521,0.00833257,0.054053176,0.0015624895,0.0026596298,0.0012138325,3.7770114e-05,0.00030334125,2.0513264e-06,2.0126367e-06,1.097035e-06,8.2612144e-07,9.622573e-11,3.9295157e-11,3.4864077e-11,8.1751744e-11,7.3151776e-11,5.1045473e-11,6.264514e-11,3.1490102e-11,2.7128773e-11,1.0252343e-10,5.3933077e-11,3.1131424e-11,9.7113706e-11,2.3544904e-11,3.3941544e-11,3.4025026e-11,3.968971e-11,2.5649075e-11,2.693265e-11,6.752889e-11,2.017524e-11,3.11078e-11,4.0381528e-11,3.323646e-11,2.2319905e-11,1.237659e-11,1.2939249e-11,1.3909988e-11,1.2801949e-11,1.3377411e-11,1.3893283e-11,1.3255698e-11,1.3181372e-11,1.3146246e-11,1.29344365e-11,1.3907652e-11,1.3531665e-11,1.4056274e-11,1.3950321e-11,1.2468737e-11,1.25391884e-11,1.3162681e-11,1.3641152e-11,1.45427715e-11
4.9079385e-09,5.5952043e-09,4.988737e-09,4.960084e-09,5.2275433e-09,4.9517843e-09,5.5122635e-09,4.774053e-09,4.845997e-09,5.045387e-09,5.578996e-09,4.81809e-09,5.0252758e-09,5.0599582e-09,4.892974e-09,5.094083e-09,4.423015e-09,5.191465e-09,4.6083395e-09,6.103614e-09,4.9826414e-09,1.9706318e-08,1.8996472e-08,1.2777587e-08,4.268786e-09,1.3169017e-08,8.228662e-09,1.0726059e-08,8.930169e-09,1.8697001e-08,7.0262898e-09,2.6781809e-08,1.37199905e-08,1.6728363e-08,1.857579e-08,1.5733017e-08,1.6544007e-08,2.0394587e-08,2.090513e-08,1.5030917e-08,2.7604248e-08,1.3061353e-08,3.2196272e-08,1.613197e-08,2.0429745e-08,1.0043485e-08,2.5568353e-08,2.5997102e-05,0.004898826,0.0001927545,0.003477354,0.0017993936,0.0035279095,0.0022359646,0.0053922967,0.013434507,0.0011393506,0.004077464,0.01019737,0.0069094333,0.028026205,0.00303177,0.05600707,0.013914697,0.08345849,0.09046159,0.014486365,0.10856425,0.00568452,0.04658322,0.061326057,0.033120934,0.09440028,0.0054559996,0.20246884,0.02252409,0.0059304065,0.03936946,0.0039342227,0.023251586,0.00025048602,0.0001511909,0.00024964704,3.8968516e-05,2.2226542e-08,1.9054896e-08,1.45078465e-08,1.5361735e-08,1.9807686e-08,2.082621e-08,2.418017e-08,1.4668646e-08,8.62562e-09,1.9106102e-08,2.0024245e-08,1.844217e-08,1.4170231e-08,1.22141985e-08,2.2463379e-08,1.9831464e-08,3.3190236e-08,9.417955e-09,1.3684003e-08,1.7256614e-08,5.2557767e-09,7.031129e-09,1.720252e-08,8.101399e-09,7.12562e-09,4.7983724e-09,5.43759e-09,4.964343e-09,5.9068737e-09,4.6274704e-09,5.0124864e-09,5.0754627e-09,5.2803646e-09,5.362495e-09,4.7262243e-09,5.166631e-09,4.8539337e-09,5.246052e-09,5.209617e-09,5.040847e-09,4.75088e-09,5.9591203e-09,5.44661e-09,5.171975e-09
2.2959573e-11,2.6838214e-11,2.4273973e-11,2.354025e-11,2.406473e-11,2.4133818e-11,2.3012314e-11,2.2930031e-11,2.2734327e-11,2.4864692e-11,2.5148095e-11,2.5109562e-11,2.4623102e-11,2.5907564e-11,2.3406919e-11,2.2072552e-11,2.3852012e-11,2.5385881e-11,2.3517542e-11,2.5887657e-11,2.3687531e-11,1.8431241e-10,8.24208e-11,1.0062779e-10,6.1807975e-11,1.0502365e-10,6.920131e-11,2.112858e-10,7.1762256e-11,9.5534886e-11,8.466279e-11,1.245235e-10,9.796098e-11,8.860509e-11,7.9258926e-11,7.1457396e-11,1.08654655e-10,8.4695244e-11,6.89794e-11,1.2206287e-10,1.329922e-10,5.863749e-11,9.3561534e-11,1.5063813e-10,8.005413e-11,1.0809097e-10,7.425916e-11,5.529979e-07,7.855481e-05,9.965361e-07,3.1304928e-05,7.2917e-06,0.00010748337,9.996958e-06,4.4210396e-05,0.00024403998,2.4301366e-06,0.00013963495,2.4221392e-05,0.00019299271,0.00047261352,1.733042e-05,0.0035147876,0.00023903948,0.007980828,0.0013428308,0.007882702,0.037773013,0.00068550097,0.046317525,0.0074642454,0.106632195,0.33411887,0.006469106,0.21250114,0.009284326,0.19618677,0.0018842452,0.0033258714,0.01483963,2.1843256e-05,0.00014824659,8.192754e-06,5.4334537e-06,2.5733532e-10,1.1713397e-10,1.4369604e-10,3.3400388e-10,2.0190893e-10,8.392546e-11,2.114293e-10,8.081539e-11,5.614235e-11,1.1056988e-10,7.235682e-11,8.71968e-11,1.5205869e-10,7.990433e-11,7.251156e-11,6.981381e-11,1.5887965e-10,3.4858384e-11,1.0420674e-10,1.0821763e-10,4.826683e-11,5.7812356e-11,4.6296796e-11,6.3056955e-11,3.0785718e-11,2.276661e-11,2.3691507e-11,2.4216353e-11,2.4725933e-11,2.4423375e-11,2.458251e-11,2.306289e-11,2.3453484e-11,2.5588547e-11,2.3700998e-11,2.4763974e-11,2.5536134e-11,2.5065635e-11,2.5220439e-11,2.3522162e-11,2.167393e-11,2.6341209e-11,2.5347514e-11,2.4802167e-11
3.727311e-11,3.7532935e-11,3.335715e-11,3.855514e-11,3.3124847e-11,3.5655503e-11,3.7280224e-11,3.3603263e-11,3.5596658e-11,3.6824956e-11,3.975444e-11,3.7119162e-11,3.9489783e-11,3.6690345e-11,3.7228068e-11,3.3835178e-11,3.8406296e-11,3.1203495e-11,3.6173776e-11,3.7684862e-11,3.2487003e-11,2.788776e-10,3.2651393e-10,1.9084952e-10,2.0723949e-10,1.6155842e-10,3.07446e-10,2.0309936e-10,2.498346e-10,2.0924049e-10,1.0561364e-10,2.663557e-10,1.2334915e-10,2.4848967e-10,2.9727162e-10,2.7717642e-10,4.3243858e-10,3.360943e-10,3.8390496e-10,3.8659875e-10,3.196823e-10,4.1002324e-10,3.3361747e-10,1.9591571e-10,1.4728142e-10,1.8416518e-10,2.3023833e-10,1.418947e-06,0.00021268707,8.399543e-06,0.00018963145,3.7470567e-05,0.0001644881,0.00014783026,0.00022680163,0.00039162138,2.8946286e-05,0.00090292015,0.0003641606,0.00047595202,0.017219523,0.000452544,0.044029772,0.00426044,0.09373737,0.17566192,0.047361027,0.21581772,0.0019218258,0.20058121,0.042907424,0.017920844,0.073515445,0.0009272688,0.041877795,0.004072927,0.006406062,0.0066487505,0.00012696747,0.0013436213,1.818783e-05,1.5414802e-05,2.0444115e-05,3.1799264e-06,3.4438496e-10,2.1866738e-10,2.5379118e-10,3.9427486e-10,2.8077873e-10,3.5669398e-10,3.509122e-10,2.1123264e-10,1.4148904e-10,6.2712646e-10,3.2564196e-10,1.9588359e-10,1.8964624e-10,1.455611e-10,4.36083e-10,3.9754308e-10,4.7747134e-10,3.3141168e-10,4.0399759e-10,3.1667827e-10,6.5362216e-11,2.479906e-10,2.3182821e-10,7.034796e-11,5.8085595e-11,3.3897316e-11,3.4769673e-11,3.7671352e-11,3.677498e-11,3.6912577e-11,3.8569852e-11,3.8856796e-11,3.7333303e-11,4.074721e-11,3.289278e-11,3.7879293e-11,3.8425492e-11,3.4980005e-11,3.5857785e-11,3.2165645e-11,3.4190293e-11,3.828854e-11,3.558756e-11,3.8289854e-11
2.1723606e-06,2.3151183e-06,2.3280172e-06,2.1180188e-06,2.3140717e-06,2.2473332e-06,2.3570362e-06,2.2049337e-06,2.2514905e-06,2.1599492e-06,2.511245e-06,2.1962915e-06,2.287047e-06,2.3486311e-06,2.1938004e-06,2.2563786e-06,2.1669684e-06,2.163124e-06,2.1787425e-06,2.2927509e-06,2.3855894e-06,3.871778e-07,7.5386293e-07,3.599826e-07,3.402025e-07,4.7942575e-07,5.1730433e-07,3.9650843e-07,3.4267592e-07,2.4724613e-07,2.1913277e-07,4.0379862e-07,3.073749e-07,1.4990832e-07,3.3449786e-07,2.477536e-07,1.0970854e-07,1.7656308e-07,2.0762157e-07,1.7113864e-07,2.2315578e-07,8.88723e-08,1.3369436e-07,2.2082618e-07,1.6376138e-07,1.4323899e-07,1.8446002e-07,0.00021423578,0.0025512478,0.00033927182,0.0024802245,0.0029288386,0.007235822,0.012683165,0.006416981,0.01978223,0.0016788008,0.01344406,0.022652404,0.016195955,0.041290782,0.012409192,0.043511845,0.057436183,0.08275512,0.057238348,0.00811968,0.09516748,0.020233883,0.07912334,0.11639643,0.06523472,0.053683553,0.029877372,0.06955998,0.017368399,0.006217126,0.023283947,0.004386589,0.005636995,0.00076045236,0.0011776275,0.00026727348,0.00015094373,3.8121004e-07,4.6678068e-07,3.1686054e-07,3.023505e-07,2.7606984e-07,2.912733e-07,6.873747e-07,3.5562925e-07,1.6854709e-07,4.7264163e-07,4.1866778e-07,5.1879044e-07,3.5961068e-07,4.7020575e-07,2.4096562e-07,5.076452e-07,2.394724e-07,3.6163223e-07,3.1381003e-07,3.9247993e-07,2.5576884e-07,4.2856269e-07,7.7898676e-07,1.1196973e-06,1.5338261e-06,2.261575e-06,2.2368047e-06,2.1956507e-06,2.195768e-06,2.2502843e-06,2.3439277e-06,2.2376794e-06,2.4460733e-06,2.1788717e-06,2.2167114e-06,2.3521952e-06,2.2742145e-06,2.3122984e-06,2.128812e-06,2.2880151e-06,2.2685608e-06,2.342913e-06,2.2364209e-06,2.3402554e-06
2.2132028e-10,2.3285215e-10,2.2998663e-10,2.4797292e-10,2.2873285e-10,2.1623796e-10,2.2728379e-10,2.1899148e-10,2.3257694e-10,2.2599905e-10,2.4663518e-10,2.1997947e-10,2.3271272e-10,2.3117937e-10,2.3547564e-10,2.2097021e-10,2.359108e-10,2.2448167e-10,2.1739174e-10,2.4860655e-10,2.3282017e-10,2.5984462e-10,7.141446e-10,6.439809e-10,3.4553543e-10,4.3373427e-10,5.6291277e-10,5.764707e-10,3.5912456e-10,4.3966467e-10,7.201247e-10,9.679069e-10,3.7091613e-10,4.063737e-10,5.450737e-10,7.9047696e-10,4.963141e-10,8.0190743e-10,8.475373e-10,3.9437906e-10,9.468804e-10,5.9770616e-10,6.5097816e-10,8.0451024e-10,3.3811487e-10,4.428038e-10,4.9391735e-10,6.378981e-07,0.00015520089,3.1959548e-06,0.0006076621,1.654196e-05,0.0002792588,0.00055512594,0.0005555817,0.002877176,1.7743516e-05,0.0056231837,0.0027167136,0.00773018,0.066971175,0.0023854708,0.13872965,0.004700918,0.14397602,0.08487787,0.031934496,0.3202761,0.0014931568,0.06488487,0.026696919,0.039770834,0.033846896,0.0018872049,0.01415699,0.00043995754,0.0011023285,0.00031475318,0.0001459997,0.00023994959,5.3776153e-06,1.7021352e-05,3.7442403e-06,4.053674e-06,6.614061e-10,4.0034523e-10,2.1077727e-10,6.9618444e-10,4.6689985e-10,4.719271e-10,6.8852796e-10,2.6494534e-10,1.7459788e-10,5.852183e-10,4.98136e-10,6.950594e-10,3.6690964e-10,3.6614206e-10,4.690358e-10,2.5744215e-10,3.56629e-10,3.0701036e-10,4.72958e-10,4.177312e-10,2.1888291e-10,3.3015776e-10,3.4042116e-10,5.072492e-10,2.8762287e-10,2.3340083e-10,2.1732044e-10,1.9740055e-10,2.3009895e-10,2.430719e-10,2.3391603e-10,2.3333496e-10,2.3056816e-10,2.1264931e-10,2.3127993e-10,2.3229321e-10,2.2646852e-10,2.169775e-10,2.3841135e-10,2.2293789e-10,2.0150212e-10,2.371397e-10,2.3056992e-10,2.2238579e-10
1.526291e-09,1.5187697e-09,1.5662993e-09,1.6178787e-09,1.621289e-09,1.4050797e-09,1.4678561e-09,1.3200989e-09,1.6987917e-09,1.4791514e-09,1.6480995e-09,1.5857601e-09,1.6137089e-09,1.6249887e-09,1.6036724e-09,1.5747407e-09,1.6853177e-09,1.4871486e-09,1.5300364e-09,1.7415038e-09,1.7506055e-09,1.7292437e-09,3.1774008e-09,2.9278402e-09,1.09204e-09,2.367788e-09,1.6590088e-09,4.4574118e-09,1.5791138e-09,2.6141476e-09,1.6688091e-09,2.9607259e-09,1.3213004e-09,1.9842978e-09,2.024894e-09,2.369396e-09,1.2439606e-09,2.164973e-09,1.9404585e-09,1.6810638e-09,2.2871736e-09,1.4374404e-09,1.5320543e-09,1.5579864e-09,1.212727e-09,1.4730757e-09,9.862524e-10,5.956619e-06,0.0006395226,1.793748e-05,0.0013048886,0.0003132429,0.0008752041,0.004069695,0.0009187678,0.0064966152,0.00010632031,0.010208498,0.017203765,0.017532032,0.091416314,0.005789462,0.12272642,0.05377056,0.065054916,0.15212518,0.0064365435,0.24740085,0.0043208166,0.054801896,0.08264003,0.019064974,0.014127355,0.0029677427,0.011319153,0.002357615,0.0006473852,0.00236887,0.00034985354,0.00048680956,2.943541e-05,6.479649e-05,2.6821499e-05,1.3605975e-05,1.6094731e-09,1.974851e-09,8.078581e-10,2.0562714e-09,1.4668009e-09,1.709267e-09,3.1141323e-09,1.1164879e-09,9.964857e-10,3.900949e-09,3.4662822e-09,3.2989744e-09,1.7354954e-09,2.1678077e-09,2.9248093e-09,1.12692e-09,1.5038754e-09,1.7073414e-09,2.07754e-09,1.8453404e-09,8.341225e-10,1.9325652e-09,3.5091288e-09,3.1126595e-09,2.0090862e-09,1.5919696e-09,1.4815541e-09,1.4528235e-09,1.6589392e-09,1.7204861e-09,1.5631387e-09,1.5986791e-09,1.6107444e-09,1.4937894e-09,1.5085408e-09,1.610339e-09,1.5078417e-09,1.463643e-09,1.5898638e-09,1.5012616e-09,1.4448208e-09,1.7586577e-09,1.6638668e-09,1.4293614e-09
7.022284e-09,6.9979227e-09,6.8013644e-09,7.310437e-09,6.901017e-09,6.748384e-09,6.8085297e-09,6.6359465e-09,7.4633295e-09,6.563178e-09,7.2233393e-09,6.7956467e-09,7.274412e-09,7.1622615e-09,7.541157e-09,7.4612805e-09,7.750591e-09,6.364782e-09,6.9229547e-09,7.74115e-09,7.779308e-09,6.6300134e-09,9.966753e-09,8.386447e-09,5.772089e-09,5.514546e-09,8.977527e-09,1.0236206e-08,5.1058247e-09,6.692e-09,5.585342e-09,6.500116e-09,4.4302e-09,4.961087e-09,5.7105467e-09,4.323466e-09,3.7566505e-09,5.896327e-09,6.203282e-09,3.3778287e-09,6.3916312e-09,3.5684402e-09,3.728895e-09,5.07555e-09,3.1890675e-09,3.3138543e-09,3.0599778e-09,3.55764e-06,0.0006338575,2.1683602e-05,0.0017145815,0.00014333919,0.0022234977,0.0047556553,0.0027664145,0.011212403,0.00014283853,0.022839969,0.011124245,0.026939822,0.1315748,0.004318213,0.18404673,0.0154695595,0.103680804,0.11250202,0.012415283,0.1514709,0.0028733916,0.049896363,0.07966689,0.017136326,0.020186482,0.0037195657,0.017881768,0.0021013443,0.0012544672,0.0035287444,0.00054039754,0.00092851353,3.0654955e-05,0.00017858105,5.158735e-05,2.410761e-05,8.456447e-09,7.1918986e-09,4.258808e-09,9.419231e-09,5.0897424e-09,7.4789765e-09,1.2114619e-08,4.5793116e-09,4.6989537e-09,2.150625e-08,1.5091214e-08,9.394345e-09,8.202322e-09,9.197316e-09,1.0606114e-08,3.3820515e-09,6.4261143e-09,4.8061857e-09,6.4659376e-09,5.130112e-09,3.2224643e-09,7.880833e-09,9.419573e-09,1.1821013e-08,8.80476e-09,7.2388966e-09,6.5180807e-09,6.7388664e-09,7.155093e-09,7.901272e-09,7.225323e-09,7.3290063e-09,7.3178725e-09,7.1323254e-09,6.5693526e-09,7.2367428e-09,7.1227677e-09,6.328732e-09,6.99472e-09,7.02566e-09,6.6234027e-09,7.4362325e-09,7.771329e-09,6.435829e-09
9.672241e-09,9.618172e-09,9.75956e-09,9.960122e-09,1.0204548e-08,9.55416e-09,1.0094323e-08,8.756978e-09,1.1023229e-08,9.365452e-09,9.979061e-09,9.4688755e-09,1.02157856e-08,1.0421447e-08,1.14412675e-08,1.1234943e-08,1.0764531e-08,9.458226e-09,9.7584625e-09,1.046024e-08,1.1544668e-08,2.6843734e-09,2.2107727e-09,2.4900375e-09,3.4631331e-09,4.437854e-09,2.9975835e-09,6.830642e-09,1.9981623e-09,4.749495e-09,1.9321251e-09,5.685518e-09,2.194175e-09,6.2911223e-09,4.361217e-09,3.3550092e-09,5.5060014e-09,4.8505013e-09,2.9270613e-09,5.039213e-09,4.5365143e-09,1.909309e-09,4.7417106e-09,3.4635887e-09,1.8667454e-09,2.3578395e-09,1.5210933e-09,2.0169326e-05,0.005378708,0.00013086417,0.0016619515,0.0004396381,0.005758395,0.0032952176,0.0029929138,0.0076889936,0.00022892197,0.014706048,0.0040831226,0.012645901,0.04897848,0.003529724,0.14747094,0.024313416,0.18795632,0.09148042,0.022840973,0.15695938,0.006658326,0.0731417,0.038514473,0.022585204,0.03739357,0.008591798,0.042746037,0.0074180877,0.008498871,0.006160923,0.0016970205,0.0034591102,0.00023543896,0.00015773013,8.4936924e-05,9.5654475e-05,8.041068e-09,5.466677e-09,2.6890878e-09,4.6493054e-09,4.5551474e-09,5.4473794e-09,7.0201818e-09,4.9104862e-09,3.442664e-09,1.603941e-08,7.094079e-09,2.9587415e-09,6.533091e-09,3.766789e-09,4.7559676e-09,6.199497e-09,6.6161427e-09,3.1547587e-09,8.335051e-09,2.6324227e-09,1.0179447e-09,4.032213e-09,3.6103387e-09,5.9504903e-09,9.2824015e-09,1.0736069e-08,1.0134546e-08,1.0505447e-08,1.0628856e-08,1.20068915e-08,1.0304042e-08,1.0949449e-08,1.0088105e-08,1.02236015e-08,8.419961e-09,1.0137252e-08,1.01519575e-08,8.898207e-09,1.0365167e-08,9.440114e-09,9.103176e-09,1.1716633e-08,1.0853304e-08,9.937654e-09
1.4177351e-10,1.5401438e-10,1.4244654e-10,1.4829057e-10,1.6182768e-10,1.3273704e-10,1.4193802e-10,1.2804481e-10,1.4140408e-10,1.5376987e-10,1.493878e-10,1.388289e-10,1.4938664e-10,1.5486805e-10,1.6072706e-10,1.4631629e-10,1.504561e-10,1.3900829e-10,1.2982998e-10,1.5859145e-10,1.5784787e-10,1.9524204e-10,8.0360274e-11,1.1953726e-10,1.5640186e-10,2.209915e-10,1.3399518e-10,1.9506301e-10,9.9861876e-11,2.6340022e-10,8.1653476e-11,1.9533887e-10,1.0401693e-10,1.4749539e-10,1.2532678e-10,1.4667731e-10,2.1526002e-10,1.6342107e-10,1.6535974e-10,1.6187524e-10,2.1267872e-10,9.9044106e-11,1.112653e-10,1.07942454e-10,5.2465157e-11,7.737331e-11,6.277964e-11,1.3228212e-06,0.0011295538,8.769532e-06,0.00048840116,0.00012865943,0.0022102306,0.00072220183,0.00088581763,0.00924194,3.5321435e-05,0.008888192,0.0057702116,0.009445307,0.043708324,0.00064109545,0.11248395,0.021238185,0.13050035,0.1261902,0.00514992,0.23806165,0.0022594815,0.10392945,0.0509242,0.040897638,0.029227888,0.002174006,0.040188096,0.0040979483,0.0041473964,0.0037029365,0.0004308218,0.0010342302,1.7947725e-05,1.977027e-05,1.6481446e-05,2.0898929e-06,1.2258107e-10,1.3483095e-10,8.5477334e-11,9.5140305e-11,1.5277182e-10,7.1523266e-11,2.050749e-10,1.3382558e-10,6.842407e-11,1.8605588e-10,1.6436638e-10,1.2875036e-10,1.2640348e-10,9.4058254e-11,1.621317e-10,6.413237e-11,1.1213626e-10,9.861884e-11,1.3396553e-10,2.115427e-10,5.4643547e-11,1.458877e-10,3.031406e-10,1.4864794e-10,1.897617e-10,1.3114632e-10,1.4067505e-10,1.4449145e-10,1.6109965e-10,1.5989139e-10,1.3877596e-10,1.4974838e-10,1.5365612e-10,1.473573e-10,1.3502602e-10,1.5959616e-10,1.4677302e-10,1.336302e-10,1.5797949e-10,1.3974892e-10,1.2566907e-10,1.6715425e-10,1.5181963e-10,1.3630039e-10
1.6538278e-11,1.6674287e-11,1.6269212e-11,1.6731248e-11,1.5066032e-11,1.6042234e-11,1.5999148e-11,1.4991787e-11,1.6585537e-11,1.5987739e-11,1.7245374e-11,1.528252e-11,1.718712e-11,1.6887516e-11,1.7352807e-11,1.6107357e-11,1.8600588e-11,1.5115307e-11,1.569724e-11,1.7963572e-11,1.5821804e-11,2.3847301e-11,3.6849437e-11,3.295359e-11,4.7911907e-11,3.2041737e-11,6.892133e-11,8.127735e-11,4.7768282e-11,7.564245e-11,3.7719126e-11,4.494507e-11,1.8909943e-11,3.830537e-11,3.8620676e-11,2.7500271e-11,6.710938e-11,5.0160705e-11,8.3805574e-11,4.644242e-11,9.6420254e-11,6.687734e-11,9.034723e-11,4.396392e-11,2.2746144e-11,3.6313168e-11,3.6232774e-11,1.1351234e-07,5.1524286e-05,1.7598941e-06,9.37931e-05,3.1145362e-06,0.000173129,0.00011278085,0.0001492024,0.0007357828,9.138753e-06,0.0027159005,0.0014549964,0.0023324154,0.0431749,0.00067217776,0.30525765,0.010944638,0.17939122,0.16041139,0.035977617,0.14005855,0.0019051139,0.051925577,0.019378599,0.0078871325,0.017676204,0.0013106605,0.01364928,0.0007297537,0.0013467396,0.0002910545,6.0702165e-05,0.00010541621,4.000685e-06,3.457658e-06,3.5184812e-06,1.0964751e-06,1.13601725e-10,5.194978e-11,5.5706564e-11,7.99416e-11,4.944656e-11,6.178351e-11,8.538614e-11,4.3107167e-11,1.36465865e-11,8.0584574e-11,3.7959313e-11,2.0976082e-11,4.5671838e-11,3.1482705e-11,7.090056e-11,2.7842803e-11,6.45136e-11,2.2298451e-11,4.407021e-11,3.923066e-11,1.589658e-11,3.2395576e-11,2.2016819e-11,3.481788e-11,2.556852e-11,1.6618722e-11,1.500489e-11,1.4438102e-11,1.6256618e-11,1.7895244e-11,1.6404947e-11,1.710386e-11,1.6677593e-11,1.628548e-11,1.5036462e-11,1.7224533e-11,1.6760314e-11,1.5283627e-11,1.7036332e-11,1.5757536e-11,1.44636785e-11,1.7124621e-11,1.6412519e-11,1.5779128e-11
1.0014091e-11,9.788648e-12,9.516771e-12,9.4645645e-12,8.883678e-12,9.014526e-12,9.679442e-12,8.944068e-12,9.523019e-12,9.409595e-12,9.426443e-12,9.076672e-12,9.971171e-12,9.502986e-12,9.794326e-12,9.1592445e-12,1.007148e-11,9.064976e-12,9.585012e-12,1.00820515e-11,9.267564e-12,2.6816587e-11,3.5492338e-11,3.3544813e-11,3.59709e-11,3.3210587e-11,5.0291844e-11,5.8499566e-11,3.3439664e-11,4.2753672e-11,4.6611645e-11,4.8568385e-11,3.7232138e-11,4.1297046e-11,4.2827124e-11,5.6439797e-11,1.0740484e-10,6.082204e-11,6.0999095e-11,6.5841624e-11,7.648841e-11,6.6490924e-11,1.1812866e-10,5.3157694e-11,4.23747e-11,4.4266237e-11,3.372264e-11,9.211252e-08,1.3475089e-05,3.2113593e-07,1.3582821e-05,9.430837e-07,2.623909e-05,1.6297583e-05,6.438901e-05,0.0002202458,5.182303e-06,0.00072572165,0.00024726853,0.001417321,0.02661675,0.0011678335,0.25002846,0.005762056,0.2781104,0.08311498,0.102865696,0.15954554,0.0025980691,0.052059274,0.0030511,0.011228314,0.01224305,0.0015915473,0.005336713,0.00035502875,0.0013497057,0.00010871653,3.876548e-05,6.88754e-05,4.491103e-06,2.2162608e-06,8.6755347e-07,4.5952197e-07,1.2619372e-10,5.265215e-11,5.075091e-11,8.844897e-11,5.3835412e-11,4.470661e-11,8.8665845e-11,3.9337877e-11,2.485499e-11,6.34445e-11,3.5947034e-11,3.425579e-11,5.143933e-11,4.6725755e-11,4.181924e-11,7.116759e-11,7.657468e-11,4.8915334e-11,6.81632e-11,7.432001e-11,3.6925206e-11,3.7829424e-11,1.9425433e-11,2.6661139e-11,1.4859381e-11,9.699957e-12,8.76405e-12,8.263047e-12,9.78932e-12,1.0116957e-11,9.808683e-12,9.6203245e-12,9.4580324e-12,9.410707e-12,9.428422e-12,9.51452e-12,9.635933e-12,9.2840536e-12,1.0140719e-11,9.471282e-12,8.960802e-12,9.163193e-12,9.3396445e-12,9.499977e-12
1.7368865e-11,1.907593e-11,1.6900693e-11,1.8187073e-11,1.7469469e-11,1.7043646e-11,1.822927e-11,1.6686248e-11,1.7140992e-11,1.8859586e-11,1.786939e-11,1.7612562e-11,1.721921e-11,1.7724006e-11,1.7672391e-11,1.6509094e-11,1.8523653e-11,1.7156528e-11,1.7156984e-11,1.8334648e-11,1.7535801e-11,5.304851e-11,1.0966055e-10,8.3646985e-11,3.529933e-11,5.7583285e-11,5.744572e-11,9.1700696e-11,4.6905597e-11,5.334428e-11,5.335018e-11,7.418278e-11,7.225621e-11,7.0986474e-11,6.0531906e-11,7.054848e-11,2.0969532e-10,9.578583e-11,1.0032202e-10,8.010629e-11,8.4582154e-11,1.1401132e-10,1.4832148e-10,5.8689116e-11,6.6678885e-11,6.404195e-11,6.834507e-11,1.3605975e-07,3.2975222e-05,3.833212e-07,2.9629102e-05,1.0768897e-06,4.5257857e-05,5.5560078e-05,6.9677255e-05,0.0009840336,1.7272747e-05,0.0031421431,0.0005381648,0.011516646,0.27358118,0.018662335,0.2700303,0.0050635287,0.30316874,0.018987916,0.027467735,0.05126828,0.0011121155,0.00808068,0.00044157865,0.0016791187,0.002434037,0.00032123298,0.0009932901,3.7055564e-05,0.00015437772,2.0087631e-05,1.51918875e-05,4.0980718e-05,3.8691037e-06,2.2943716e-06,5.9079184e-07,5.976031e-07,2.094419e-10,1.305056e-10,7.341284e-11,8.644819e-11,9.855874e-11,6.531553e-11,2.4223826e-10,6.999399e-11,4.578278e-11,1.3954365e-10,7.9452125e-11,8.1040966e-11,1.3450405e-10,7.067036e-11,6.480304e-11,3.9144552e-11,7.560652e-11,2.1586772e-11,7.2872944e-11,5.299855e-11,6.5717404e-11,5.587607e-11,3.2414238e-11,3.6266996e-11,2.1947427e-11,1.829992e-11,1.6170428e-11,1.5746989e-11,1.827153e-11,1.829755e-11,1.8108603e-11,1.8550984e-11,1.7784316e-11,1.7582052e-11,1.8272786e-11,1.8284185e-11,1.8867179e-11,1.8095277e-11,1.841069e-11,1.7760283e-11,1.7198302e-11,1.675031e-11,1.811866e-11,1.7381095e-11
1.0557192e-08,1.1984194e-08,1.0951808e-08,1.0819923e-08,1.1636724e-08,1.1057153e-08,1.1180837e-08,9.3534736e-09,1.06392815e-08,1.1671267e-08,1.1876744e-08,1.007428e-08,1.0917479e-08,1.1836468e-08,1.1532235e-08,1.1856872e-08,1.176552e-08,1.0701375e-08,9.822756e-09,1.2306923e-08,1.2106026e-08,4.78502e-09,2.8941187e-09,3.7350243e-09,5.28747e-09,5.9559624e-09,3.5519798e-09,6.928172e-09,2.0586162e-09,9.223755e-09,2.2720184e-09,9.052513e-09,2.8483804e-09,6.870442e-09,4.093844e-09,4.2826263e-09,9.065905e-09,4.121894e-09,4.17493e-09,6.2431167e-09,7.3076634e-09,3.742733e-09,3.965665e-09,4.36861e-09,2.5372415e-09,3.1037581e-09,1.7517028e-09,1.3367953e-05,0.008495103,6.0017373e-05,0.0029615678,0.0009410635,0.02694853,0.0075591025,0.0037989803,0.03289043,0.0007043779,0.043280523,0.009553058,0.04514571,0.08856432,0.0024013214,0.09851113,0.025345443,0.1988149,0.04545477,0.0069515626,0.14640607,0.007863702,0.055539705,0.020964012,0.029241893,0.028931715,0.004891478,0.038473245,0.0035306397,0.0081007285,0.0040482534,0.0012025257,0.0019747776,0.00016210844,0.00015804662,7.16885e-05,4.3361102e-05,7.480845e-09,7.1351276e-09,3.5939727e-09,4.1833954e-09,5.6786895e-09,3.2513956e-09,5.0433284e-09,6.0558394e-09,3.0922003e-09,1.1943439e-08,5.864899e-09,4.080661e-09,8.456028e-09,4.111701e-09,7.403046e-09,5.1680313e-09,7.941325e-09,4.007088e-09,4.0438963e-09,5.5522027e-09,1.3748145e-09,4.8638227e-09,8.264588e-09,8.926237e-09,1.03370335e-08,1.0811692e-08,1.1099922e-08,1.1418181e-08,1.20718315e-08,1.2955953e-08,1.1384475e-08,1.2053471e-08,1.1780678e-08,1.1696783e-08,9.917355e-09,1.17735794e-08,1.0574723e-08,1.0441742e-08,1.1559783e-08,1.0574482e-08,9.733831e-09,1.25960335e-08,1.2579083e-08,1.0952164e-08
1.9426247e-09,2.1583846e-09,2.0369642e-09,1.9261328e-09,2.0800615e-09,2.0652016e-09,2.0349296e-09,1.7941241e-09,1.9328343e-09,2.1347446e-09,2.1542552e-09,1.8684145e-09,2.0088218e-09,2.1406894e-09,2.1306321e-09,2.0570874e-09,2.2877973e-09,1.875881e-09,1.8729993e-09,2.1413509e-09,2.1042759e-09,1.0998494e-09,9.377272e-10,8.7239554e-10,1.2948721e-09,9.754242e-10,1.1039941e-09,1.5660663e-09,7.176322e-10,2.2384095e-09,6.551512e-10,1.954846e-09,1.0416722e-09,1.2892015e-09,1.0881478e-09,9.398382e-10,3.2901144e-09,1.3010016e-09,1.4028626e-09,2.0132982e-09,3.1843657e-09,1.3555319e-09,1.0940915e-09,1.2710968e-09,7.562955e-10,8.853432e-10,5.3260163e-10,3.3569952e-06,0.004682609,1.0484535e-05,0.0012367605,0.00016018726,0.011759858,0.003384046,0.0014444711,0.020736005,0.00018454753,0.022945922,0.0019183896,0.0277633,0.110337876,0.0012573586,0.09883013,0.020431021,0.32574978,0.04443897,0.008402436,0.15282942,0.004510205,0.046467602,0.014753515,0.01921758,0.025939465,0.0026245369,0.01807323,0.00144736,0.004846414,0.0021879235,0.00037035224,0.00084517204,4.56653e-05,0.00012347517,1.9825804e-05,2.0647685e-05,2.7703952e-09,2.2526936e-09,1.139219e-09,1.3037887e-09,2.1431283e-09,1.097245e-09,2.177966e-09,1.8196753e-09,1.4770426e-09,5.708668e-09,1.9346564e-09,1.6547268e-09,3.3949485e-09,1.2527896e-09,2.2243096e-09,1.3133982e-09,2.7580265e-09,1.2948028e-09,1.270062e-09,1.8659e-09,6.7446304e-10,2.1217954e-09,1.4190227e-09,1.5807986e-09,1.941173e-09,1.9588173e-09,1.8886617e-09,2.1021895e-09,2.1369935e-09,2.3349456e-09,2.019856e-09,2.1567386e-09,2.096172e-09,2.2731088e-09,1.8815463e-09,2.0930078e-09,1.9648343e-09,1.8963142e-09,2.0535436e-09,1.879319e-09,1.803611e-09,2.2383713e-09,2.228803e-09,1.963115e-09
5.4912613e-11,5.7554066e-11,5.2195293e-11,5.3830378e-11,5.5377508e-11,5.5212557e-11,5.976771e-11,5.090952e-11,5.520856e-11,5.0861867e-11,5.723551e-11,5.0562887e-11,5.70301e-11,5.4996778e-11,6.002991e-11,5.9957365e-11,5.857783e-11,4.9360235e-11,5.174803e-11,5.78616e-11,5.855158e-11,7.531291e-11,6.990512e-11,6.2687175e-11,7.716907e-11,8.484875e-11,7.26143e-11,9.184125e-11,4.4085832e-11,1.4002435e-10,7.4249586e-11,2.2385561e-10,7.202036e-11,1.5920465e-10,1.09718706e-10,7.5508086e-11,2.129122e-10,2.0306617e-10,9.624899e-11,1.3637744e-10,1.4147132e-10,1.000064e-10,1.3420627e-10,1.1133986e-10,5.7898478e-11,1.14478274e-10,4.360381e-11,1.1430091e-06,0.0013421358,1.530698e-05,0.00052252057,3.5781668e-05,0.0011714163,0.001149296,0.0008498527,0.0056299395,0.00012537935,0.013909644,0.0012397165,0.0057714223,0.058815394,0.00124923,0.09591245,0.018006703,0.24609087,0.15456569,0.029278873,0.15945357,0.0073874732,0.0946302,0.013353354,0.018098999,0.033175424,0.003777685,0.024384568,0.001875233,0.0044676806,0.00246677,0.00024121655,0.0009022131,4.703169e-05,3.7356305e-05,8.283729e-06,1.0129112e-05,3.2442454e-10,1.3467295e-10,8.6780076e-11,1.3751918e-10,7.305497e-11,1.0161499e-10,1.441821e-10,7.415532e-11,4.5529542e-11,2.436529e-10,7.441816e-11,3.9896433e-11,1.1714187e-10,5.0694986e-11,7.3210916e-11,1.1142654e-10,1.3796238e-10,9.9127505e-11,9.62365e-11,8.3260024e-11,3.4391233e-11,1.031231e-10,6.416556e-11,8.5618033e-11,6.462221e-11,5.666221e-11,5.1394018e-11,5.277783e-11,5.7069596e-11,6.2280424e-11,5.6309585e-11,5.6364063e-11,5.5623735e-11,5.7414167e-11,5.1742895e-11,5.601714e-11,5.517582e-11,5.024381e-11,5.4943206e-11,5.128053e-11,4.7535236e-11,5.971928e-11,5.6556825e-11,5.469206e-11
1.2594501e-09,1.2608657e-09,1.2112521e-09,1.1767545e-09,1.2383973e-09,1.2128218e-09,1.2672162e-09,1.1142797e-09,1.2196629e-09,1.1414071e-09,1.2354624e-09,1.128318e-09,1.263796e-09,1.2419692e-09,1.208695e-09,1.2072618e-09,1.2831519e-09,1.090924e-09,1.0778978e-09,1.2713852e-09,1.274296e-09,2.4781424e-09,2.00973e-09,1.8309309e-09,1.5385699e-09,1.750502e-09,1.6371713e-09,2.8713474e-09,1.209357e-09,1.8713138e-09,1.9075452e-09,3.806559e-09,1.8140786e-09,2.2993243e-09,2.009657e-09,1.7132621e-09,3.6417827e-09,4.780372e-09,2.6108236e-09,3.97691e-09,4.5674526e-09,2.0776627e-09,2.4864946e-09,2.5475582e-09,1.8093618e-09,3.0051255e-09,1.6096663e-09,5.4407105e-06,0.003460608,4.0343937e-05,0.001556022,0.0002505546,0.009727504,0.00720008,0.0032111355,0.05865401,0.0006592993,0.03965399,0.0058702775,0.03706455,0.09086243,0.0028334984,0.074890845,0.010932088,0.1425607,0.026566178,0.01643016,0.19299264,0.0066246293,0.09183955,0.01964624,0.05338685,0.047683187,0.0065384335,0.03127259,0.0033047847,0.00772159,0.0032164594,0.0006221397,0.002424341,4.451979e-05,0.00017320919,3.885641e-05,4.017397e-05,4.715478e-09,3.747165e-09,2.7624962e-09,2.9883496e-09,2.7525608e-09,2.3550188e-09,3.8035255e-09,2.4675586e-09,2.1099424e-09,6.1215752e-09,2.395109e-09,1.5435225e-09,2.8338654e-09,1.6138565e-09,2.0951003e-09,1.4549476e-09,2.370594e-09,1.8794766e-09,1.6619984e-09,3.5166394e-09,1.197474e-09,3.3297478e-09,2.2212823e-09,2.488881e-09,1.3120811e-09,1.1622932e-09,1.1310134e-09,1.2706749e-09,1.2157633e-09,1.3063901e-09,1.2465113e-09,1.2427677e-09,1.1925531e-09,1.318443e-09,1.184745e-09,1.2409036e-09,1.1826023e-09,1.1387172e-09,1.2779422e-09,1.2112821e-09,1.0479715e-09,1.283688e-09,1.3214617e-09,1.1275844e-09
2.5630864e-09,2.6577058e-09,2.4612694e-09,2.6780906e-09,2.5568367e-09,2.611317e-09,2.7843379e-09,2.3415374e-09,2.670185e-09,2.3751472e-09,2.957001e-09,2.476725e-09,2.6662765e-09,2.604085e-09,2.746268e-09,2.757427e-09,2.7054348e-09,2.3317859e-09,2.3514461e-09,2.6654123e-09,2.7414429e-09,3.653109e-09,3.5939767e-09,2.5750722e-09,5.9619243e-09,4.05674e-09,3.9335926e-09,4.1913304e-09,1.6800797e-09,3.681002e-09,2.6637348e-09,6.081925e-09,2.2519202e-09,5.673932e-09,4.61481e-09,2.0872672e-09,5.0027786e-09,5.95263e-09,2.9199099e-09,5.433449e-09,5.620593e-09,2.8644935e-09,6.4830474e-09,3.4253822e-09,2.7497067e-09,3.424272e-09,2.013018e-09,8.964478e-06,0.00433988,0.00019151879,0.0019499867,0.00063655217,0.0054226406,0.0044309874,0.003133593,0.013457642,0.0013129751,0.015037286,0.0043408982,0.009238837,0.0330352,0.0022824544,0.033188287,0.020219564,0.09521348,0.084382154,0.021125656,0.12925406,0.01842593,0.101569764,0.044890646,0.045817964,0.108233474,0.018235348,0.08854402,0.022578549,0.028093858,0.02132933,0.003256532,0.015349554,0.00069800974,0.00047945976,0.0001612164,0.00013344956,1.2048703e-08,5.834935e-09,4.7341513e-09,7.786204e-09,5.1995865e-09,7.085688e-09,9.807939e-09,4.6671955e-09,3.4255394e-09,1.7263117e-08,5.2855396e-09,2.4911182e-09,7.4010487e-09,3.5851309e-09,6.352442e-09,5.8407474e-09,9.275384e-09,5.139284e-09,5.087341e-09,5.819619e-09,1.7440435e-09,4.299212e-09,3.9453742e-09,4.274095e-09,3.4711183e-09,2.6219773e-09,2.4779916e-09,2.616073e-09,2.6876086e-09,2.846922e-09,2.5795261e-09,2.5877456e-09,2.6399722e-09,2.7905267e-09,2.3129867e-09,2.690255e-09,2.4459663e-09,2.3128457e-09,2.5008395e-09,2.4365512e-09,2.266606e-09,2.9373715e-09,2.7693279e-09,2.4509068e-09
2.8039654e-10,3.026552e-10,2.7706323e-10,2.902989e-10,2.8090613e-10,2.6785857e-10,3.0551806e-10,2.606032e-10,3.0260905e-10,2.6851024e-10,2.9472425e-10,2.6500768e-10,2.9754724e-10,2.8374292e-10,3.0121836e-10,2.939708e-10,2.9380484e-10,2.6235925e-10,2.7228125e-10,3.046231e-10,3.1244063e-10,3.7113296e-10,3.65099e-10,2.7865157e-10,5.75174e-10,3.835075e-10,3.654132e-10,5.5457505e-10,2.540415e-10,5.695149e-10,3.0521752e-10,1.1231458e-09,2.5564897e-10,8.3830787e-10,6.9403583e-10,3.9519257e-10,1.2187424e-09,9.829042e-10,4.1817871e-10,8.958103e-10,6.746035e-10,3.6282274e-10,6.323175e-10,4.6378126e-10,2.3105169e-10,4.4754286e-10,2.1405584e-10,2.973822e-06,0.0014040798,2.4075247e-05,0.00058907113,0.00013736139,0.0025722461,0.001472697,0.0012526708,0.009056698,0.00030753607,0.014371949,0.0020494848,0.007949118,0.0622458,0.002994339,0.09697344,0.026207123,0.20911016,0.08771463,0.021596426,0.16389188,0.010463278,0.116268285,0.022427108,0.031266876,0.04847472,0.0068281703,0.028926205,0.006167714,0.009533266,0.0035101075,0.0006503917,0.0032546236,0.00016367248,8.994285e-05,3.5321627e-05,1.6499213e-05,1.5739394e-09,6.1117744e-10,4.307049e-10,8.75159e-10,3.799573e-10,4.4998746e-10,6.55794e-10,5.763073e-10,3.433211e-10,1.7279354e-09,4.2771192e-10,2.5431496e-10,4.52423e-10,2.8913347e-10,5.4141747e-10,7.552189e-10,1.1056234e-09,5.447633e-10,7.028011e-10,5.84079e-10,1.6113924e-10,5.0753796e-10,3.7888695e-10,5.456263e-10,3.618179e-10,2.786946e-10,2.6339866e-10,2.8444244e-10,2.9660552e-10,3.1783154e-10,2.8411007e-10,2.8805075e-10,2.8607747e-10,2.9732145e-10,2.5906638e-10,2.8332434e-10,2.7378314e-10,2.5016167e-10,2.841892e-10,2.629574e-10,2.4903907e-10,3.213708e-10,2.9825523e-10,2.86628e-10
7.2184077e-12,8.155009e-12,6.583903e-12,7.1922407e-12,7.044607e-12,6.4529146e-12,7.332809e-12,7.102486e-12,7.1453143e-12,7.493111e-12,6.76799e-12,7.163955e-12,7.485255e-12,6.8085156e-12,7.216508e-12,6.3065594e-12,7.0606416e-12,6.656102e-12,6.4449435e-12,7.554041e-12,6.7880805e-12,3.6258812e-11,3.2530843e-11,2.9057522e-11,3.1094953e-11,2.1185755e-11,3.4377116e-11,2.4364104e-11,1.838559e-11,3.6779964e-11,1.1186147e-11,4.95932e-11,3.2589095e-11,4.7073883e-11,3.3943057e-11,2.8234727e-11,6.188689e-11,4.668849e-11,6.119693e-11,5.1261433e-11,9.2253066e-11,5.051832e-11,2.5222316e-11,4.1727746e-11,3.131935e-11,3.5245012e-11,2.3996348e-11,2.0056262e-07,3.4893284e-05,4.9660844e-07,6.273452e-05,1.8686159e-06,0.00020027756,0.00014604858,4.3269916e-05,0.000852257,6.8826866e-06,0.002137802,0.00023977859,0.0022854712,0.015171313,0.0001865767,0.08793145,0.0020934723,0.34044766,0.116788246,0.00635607,0.18559046,0.0020317119,0.14076358,0.008777962,0.029800879,0.027738975,0.0008119616,0.022399712,0.00070590817,0.005152975,0.001092709,2.1295893e-05,0.00010902513,3.0536844e-06,1.0890143e-05,1.4951493e-06,6.9051487e-07,5.95592e-11,3.7956027e-11,3.7151813e-11,3.7632647e-11,4.8735575e-11,3.6940118e-11,4.6502923e-11,2.5572253e-11,2.356905e-11,7.362467e-11,2.7825742e-11,3.29344e-11,3.1562346e-11,2.4383535e-11,4.6477912e-11,1.8621552e-11,5.958624e-11,3.1703286e-11,2.0847912e-11,5.878004e-11,1.41066716e-11,2.9030708e-11,2.446142e-11,2.3880103e-11,9.3483e-12,6.9306566e-12,6.4949964e-12,6.609571e-12,7.743424e-12,7.3036915e-12,6.85943e-12,7.0727183e-12,6.9071138e-12,7.718798e-12,7.2228703e-12,6.9198514e-12,6.9594543e-12,6.9086156e-12,7.1890866e-12,7.1799333e-12,6.5298513e-12,6.8421293e-12,7.645303e-12,6.712043e-12
7.3797274e-11,7.6970985e-11,6.741167e-11,7.579616e-11,6.637592e-11,6.466122e-11,7.6107044e-11,6.914943e-11,7.414464e-11,6.662884e-11,7.212325e-11,6.710251e-11,7.5365984e-11,7.2191794e-11,7.183549e-11,7.111188e-11,7.549548e-11,6.400292e-11,6.485514e-11,7.577332e-11,7.1204584e-11,7.3629124e-11,1.0430016e-10,9.900817e-11,1.5334012e-10,1.1138435e-10,1.717862e-10,1.7623876e-10,8.3455486e-11,2.1351709e-10,1.0085315e-10,2.5140712e-10,9.926835e-11,1.6932623e-10,1.4337403e-10,7.5878616e-11,2.8611555e-10,3.4798467e-10,2.5650707e-10,2.1674512e-10,2.5253608e-10,1.846128e-10,2.3477612e-10,1.9157555e-10,8.1380715e-11,1.3149566e-10,1.1187256e-10,3.9406854e-07,0.00019492902,6.1220403e-06,0.00012603159,1.00795705e-05,0.00033948408,0.00040100535,0.00020832095,0.0015671453,3.7317273e-05,0.0022349437,0.0008201866,0.0015475734,0.030448683,0.000733869,0.09844457,0.007293048,0.2105023,0.10046999,0.02698541,0.20882487,0.0054373667,0.11563229,0.01784409,0.025649123,0.07514466,0.005020035,0.053115323,0.002783627,0.0057289363,0.00178905,0.00013049242,0.00046407987,2.1968994e-05,2.4132387e-05,1.2552402e-05,5.9814097e-06,6.4292927e-10,1.6999999e-10,2.4708116e-10,3.6495545e-10,1.5872481e-10,2.6396588e-10,3.9497167e-10,1.897214e-10,1.0354101e-10,4.4303541e-10,1.2383378e-10,9.769132e-11,2.916802e-10,1.2071094e-10,2.2126298e-10,1.5415948e-10,2.7995667e-10,1.3969155e-10,1.3175676e-10,1.9184981e-10,4.606732e-11,8.3011445e-11,6.459059e-11,1.2921969e-10,9.110836e-11,7.340085e-11,6.462399e-11,6.4649876e-11,6.4922345e-11,7.501721e-11,7.134828e-11,7.539604e-11,7.22433e-11,7.4521486e-11,7.223959e-11,7.040966e-11,6.825914e-11,6.587571e-11,7.242556e-11,6.863657e-11,6.4095035e-11,7.5255385e-11,7.3525276e-11,6.9010034e-11
4.1316087e-12,4.3066943e-12,3.8946793e-12,4.0549274e-12,3.7517827e-12,3.830804e-12,4.097095e-12,3.860378e-12,4.0974077e-12,3.963655e-12,3.966423e-12,3.910624e-12,4.2343165e-12,3.9583363e-12,4.045703e-12,3.8207337e-12,4.334912e-12,3.6672085e-12,4.0195213e-12,4.248052e-12,3.9525726e-12,1.4469386e-11,2.8833717e-11,1.9202855e-11,2.759447e-11,2.0882067e-11,3.5733607e-11,2.849062e-11,1.8781076e-11,2.0069757e-11,2.1701493e-11,4.2191143e-11,2.2075976e-11,3.22633e-11,3.2721152e-11,2.214176e-11,5.105031e-11,3.8701854e-11,3.68651e-11,2.7370016e-11,2.8900339e-11,2.9786014e-11,4.0868885e-11,3.313023e-11,2.7033197e-11,2.8133142e-11,2.1399054e-11,1.1458854e-07,1.2388735e-05,4.9281454e-07,2.2559423e-05,9.742572e-07,3.5577705e-05,2.7330869e-05,4.7098612e-05,0.000395853,9.782171e-06,0.0015653394,0.00046343502,0.0015017546,0.03737218,0.0016788475,0.25578663,0.0056315176,0.2572444,0.113266684,0.038763996,0.16581693,0.003089956,0.07315028,0.0059077363,0.009080904,0.014339479,0.0018222363,0.01007883,0.0005502023,0.0019004632,0.00025237267,4.3623484e-05,0.00012662681,7.0921546e-06,4.3805317e-06,1.6568911e-06,3.2528408e-07,7.933808e-11,2.8554163e-11,2.866439e-11,5.0563262e-11,2.7253536e-11,2.5381683e-11,5.2034554e-11,3.3093854e-11,1.3182519e-11,4.7404216e-11,2.2630203e-11,2.0328034e-11,2.4558388e-11,1.9798592e-11,3.3572076e-11,3.59532e-11,6.623586e-11,2.7668147e-11,2.3030374e-11,4.276622e-11,1.8635704e-11,1.8155045e-11,1.231491e-11,1.28453055e-11,6.258678e-12,3.997776e-12,3.560908e-12,3.5172481e-12,4.0628703e-12,4.191632e-12,4.1234993e-12,4.0432657e-12,4.0793324e-12,3.9741166e-12,4.1738887e-12,4.0637073e-12,4.058626e-12,3.875428e-12,4.1171966e-12,3.9331394e-12,3.5799627e-12,3.8788e-12,3.9647894e-12,3.9746023e-12
7.0174756e-12,8.003638e-12,6.6951e-12,7.402973e-12,7.2269894e-12,6.7699123e-12,7.312346e-12,6.8592315e-12,7.29496e-12,7.355093e-12,6.956042e-12,7.19272e-12,7.381768e-12,6.9939315e-12,6.9214994e-12,6.412828e-12,7.515625e-12,6.8138277e-12,6.619877e-12,7.217043e-12,6.922477e-12,3.521846e-11,7.1659935e-11,7.218726e-11,1.9380456e-11,3.3712904e-11,2.8138328e-11,4.8295555e-11,2.7298623e-11,3.487966e-11,3.6852774e-11,6.8478105e-11,4.6210865e-11,4.9919943e-11,4.0869093e-11,3.8778602e-11,9.690653e-11,1.102809e-10,6.551973e-11,6.111259e-11,7.5679324e-11,6.7865165e-11,7.79724e-11,4.520984e-11,3.1349288e-11,4.4051676e-11,3.9169463e-11,1.708101e-07,5.223216e-05,8.3949715e-07,7.457421e-05,4.4583894e-06,0.0001311318,0.00022674902,0.00019532918,0.0031648232,6.667178e-05,0.00678429,0.0011590279,0.011025807,0.21512313,0.020209946,0.24797279,0.0069801933,0.23288824,0.02907668,0.03406054,0.123588786,0.004067414,0.038746875,0.0020938662,0.006803212,0.00905257,0.0014102854,0.004059445,0.00019316927,0.00058278604,7.5929966e-05,3.5020028e-05,7.6178745e-05,7.3141046e-06,7.774902e-06,1.0658978e-06,7.015693e-07,1.095948e-10,7.784134e-11,4.6409255e-11,7.306187e-11,4.3983504e-11,3.340719e-11,1.2147106e-10,3.2362193e-11,2.6497117e-11,7.637623e-11,3.892978e-11,2.7645395e-11,4.550016e-11,4.02301e-11,4.2399168e-11,1.8344914e-11,3.645359e-11,1.37855925e-11,2.3980833e-11,3.62532e-11,3.1589256e-11,2.527736e-11,1.6457832e-11,1.6354317e-11,7.404584e-12,7.231705e-12,6.513791e-12,6.3613698e-12,6.946523e-12,7.0370714e-12,7.2467553e-12,7.272039e-12,6.86989e-12,7.170283e-12,7.654274e-12,7.145217e-12,7.136691e-12,7.0637515e-12,7.75751e-12,7.2464786e-12,6.5183145e-12,6.796513e-12,7.747278e-12,6.9317785e-12
1.9385901e-11,1.98878e-11,1.779578e-11,1.8839054e-11,1.8410792e-11,1.6834124e-11,1.8352347e-11,1.8117617e-11,1.8694478e-11,1.8379563e-11,1.8545564e-11,1.9244287e-11,1.7355317e-11,1.8452942e-11,1.884049e-11,1.8044264e-11,1.9306971e-11,1.6866359e-11,1.7225742e-11,1.9777341e-11,1.7063743e-11,1.9259231e-11,2.045268e-11,2.335805e-11,3.2426655e-11,9.192671e-12,2.251319e-11,1.7867988e-11,1.1208021e-11,2.1251407e-11,1.7825914e-11,2.261165e-11,1.2323133e-11,1.6533762e-11,1.4121537e-11,1.2477149e-11,1.5925952e-11,7.836886e-12,8.9171864e-12,1.2904536e-11,1.833772e-11,9.813846e-12,1.5169255e-11,1.4782316e-11,1.644667e-11,1.0264577e-11,1.1392776e-11,5.108472e-08,8.7723865e-06,2.1787513e-07,8.192453e-06,8.169566e-07,2.269156e-05,1.5085826e-05,8.625017e-06,7.6964345e-05,1.5763296e-06,4.061436e-05,2.2221766e-05,0.00010801587,0.00035484845,7.0136543e-06,0.0018395203,6.944379e-05,0.011187792,0.0055309264,0.0019212943,0.08727528,0.0031904292,0.20207725,0.09168776,0.22843204,0.21221003,0.0051657553,0.12867028,0.0008074861,0.0153020015,0.0037538402,6.227146e-05,0.0001280704,3.948007e-06,6.9938565e-06,1.6081835e-06,2.8455267e-07,2.5415982e-11,1.2428458e-11,2.5710083e-11,1.9440888e-11,2.2614024e-11,1.4728002e-11,2.127152e-11,1.5832394e-11,1.2742984e-11,3.5315074e-11,2.5629639e-11,4.477692e-11,2.5345977e-11,2.0671798e-11,2.9892103e-11,1.2150004e-11,6.857264e-11,1.9285955e-11,2.2868983e-11,3.5535817e-11,1.2278579e-11,1.3837472e-11,3.4439607e-11,2.1988902e-11,1.7005519e-11,1.7798938e-11,1.7629497e-11,1.876532e-11,1.927088e-11,1.8174932e-11,1.8363866e-11,1.7777698e-11,1.9225867e-11,2.0051658e-11,1.88612e-11,1.8556108e-11,1.815612e-11,1.7883263e-11,1.9700202e-11,1.7192752e-11,1.6544172e-11,1.81181e-11,1.9978857e-11,1.7578694e-11
