0,1,2,3,4,5,6,7,8,9,10,11,12,13,14,15,16,17,18,19,20,21,22,23,24,25,26,27,28,29,30,31,32,33,34,35,36,37,38,39,40,41,42,43,44,45,46,47,48,49,50,51,52,53,54,55,56,57,58,59,60,61,62,63,64,65,66,67,68,69,70,71,72,73,74,75,76,77,78,79,80,81,82,83,84,85,86,87,88,89,90,91,92,93,94,95,96,97,98,99,100,101,102,103,104,105,106,107,108,109,110,111,112,113,114,115,116,117,118,119,120,121,122,123,124,125,126,127
2.1587773e-06,2.3006994e-06,2.3151554e-06,2.108693e-06,2.3065345e-06,2.2396073e-06,2.3444618e-06,2.1940282e-06,2.242163e-06,2.150361e-06,2.5053198e-06,2.187493e-06,2.2746372e-06,2.34061e-06,2.1842618e-06,2.244101e-06,2.1534559e-06,2.1476108e-06,2.1674994e-06,2.2796407e-06,2.3771295e-06,3.7445227e-07,7.4576894e-07,3.501788e-07,3.2902594e-07,4.5515222e-07,5.0698e-07,3.829317e-07,3.3072092e-07,2.3434905e-07,2.0591057e-07,3.8648903e-07,2.8898583e-07,1.4114863e-07,3.2057264e-07,2.364309e-07,1.025292e-07,1.658269e-07,1.9818133e-07,1.6281503e-07,2.1118957e-07,8.3223156e-08,1.2482415e-07,2.091775e-07,1.5285345e-07,1.3448886e-07,1.753811e-07,0.00021248082,0.002497087,0.00033792108,0.0025523792,0.002980302,0.007201352,0.012695981,0.006326001,0.019668702,0.0016465983,0.013566092,0.023056637,0.016465709,0.040900506,0.012589744,0.043888044,0.058734965,0.08209075,0.05729388,0.008241153,0.096358724,0.019975865,0.07903125,0.11864223,0.06531645,0.052215554,0.02928524,0.06818484,0.017038327,0.00588698,0.022928558,0.0042947712,0.0054911897,0.00073604763,0.0011567821,0.00025636874,0.0001461007,3.6369175e-07,4.420052e-07,3.0097272e-07,2.9060814e-07,2.6199183e-07,2.8089988e-07,6.628188e-07,3.3921788e-07,1.5833155e-07,4.5629002e-07,4.0220934e-07,5.0396426e-07,3.4130835e-07,4.5011646e-07,2.3456725e-07,4.895408e-07,2.2410288e-07,3.4292597e-07,3.0410254e-07,3.8132023e-07,2.496827e-07,4.2364928e-07,7.680302e-07,1.0962732e-06,1.5136405e-06,2.247751e-06,2.2265613e-06,2.181098e-06,2.1857206e-06,2.239419e-06,2.3302625e-06,2.225232e-06,2.4384778e-06,2.1699977e-06,2.204948e-06,2.343903e-06,2.268091e-06,2.3062178e-06,2.1182386e-06,2.276152e-06,2.260128e-06,2.33225e-06,2.2226404e-06,2.3277526e-06
2.3889297e-07,2.3086609e-07,2.4038118e-07,2.15828e-07,2.6204953e-07,2.2316212e-07,2.4728004e-07,1.8800165e-07,2.2102292e-07,2.1001081e-07,2.5540368e-07,2.369584e-07,2.297946e-07,2.3634453e-07,2.2065983e-07,2.4890312e-07,2.1171327e-07,2.1492342e-07,2.021458e-07,2.443889e-07,2.5357278e-07,1.9185853e-07,1.7943486e-07,2.1144771e-07,2.588499e-07,5.431776e-07,2.6002064e-07,4.329945e-07,1.8309436e-07,5.02778e-07,1.3873323e-07,1.8653363e-07,1.7061484e-07,1.2688189e-07,2.5751095e-07,2.1109713e-07,1.1314354e-07,8.897439e-08,1.4213214e-07,1.7236543e-07,2.4279157e-07,1.9836908e-07,1.767069e-07,8.900206e-08,8.563457e-08,1.1685675e-07,1.0342552e-07,0.00021683346,0.0034264387,0.00022518917,0.0010415681,0.0030990029,0.0015271577,0.0077719986,0.0018634058,0.0062950007,0.0006282823,0.002164976,0.011263482,0.0022647032,0.01452139,0.0017641832,0.020312414,0.06678769,0.068674274,0.07775442,0.005163579,0.13813455,0.02147054,0.10877974,0.10326618,0.0528318,0.09722261,0.02419063,0.07640775,0.014222199,0.013566802,0.026913065,0.006994802,0.01613601,0.0016732605,0.0006616267,0.00050195085,0.00023544143,2.9490118e-07,2.611195e-07,1.5218916e-07,1.8284761e-07,2.9634015e-07,3.805591e-07,5.177583e-07,3.947298e-07,3.8865383e-07,5.3173164e-07,7.6660393e-07,3.5936034e-07,9.696236e-07,5.6583644e-07,3.4684152e-07,4.0148464e-07,3.790971e-07,4.9465467e-07,4.1683427e-07,4.2305135e-07,1.551183e-07,3.1790955e-07,6.084693e-07,3.555105e-07,4.3319113e-07,2.2149221e-07,2.3145691e-07,2.2397703e-07,2.4033764e-07,2.4650447e-07,2.454601e-07,2.5004607e-07,2.487152e-07,2.1086936e-07,2.2165068e-07,2.5035243e-07,2.2136719e-07,2.2518455e-07,2.248575e-07,2.2372299e-07,2.1434087e-07,2.7010913e-07,2.300643e-07,2.3696565e-07
2.207371e-08,1.94224e-08,2.2163906e-08,2.0589525e-08,2.1325922e-08,1.9639131e-08,2.0605828e-08,1.8266027e-08,2.0500492e-08,1.895042e-08,2.3164572e-08,2.0701437e-08,2.0763878e-08,2.1321735e-08,2.1672793e-08,2.1202991e-08,2.0894543e-08,1.9836852e-08,1.830729e-08,2.4405704e-08,2.1999817e-08,8.369327e-08,1.227838e-07,1.13589806e-07,2.6397026e-07,2.871103e-07,1.1138939e-07,5.5108126e-07,8.554638e-08,3.7286816e-07,1.5095868e-07,1.3636419e-07,1.4872887e-07,1.2699151e-07,2.362165e-07,1.4315454e-07,2.7651498e-07,2.3694297e-07,1.8074729e-07,4.1152705e-07,4.5961994e-07,3.5454474e-07,8.5288036e-07,1.4052792e-07,2.429666e-07,2.1611585e-07,2.8384227e-07,0.0001615696,0.009288068,0.0009996619,0.0019084133,0.0045036064,0.0023620545,0.004102778,0.0060053035,0.003205013,0.0015714116,0.0041794395,0.018440904,0.0064820396,0.013090359,0.0029544556,0.0129719,0.04755196,0.03697258,0.046336535,0.026912235,0.07979876,0.04591832,0.11675284,0.18166496,0.032971248,0.08113928,0.021050734,0.028788261,0.05726318,0.021489756,0.033746526,0.018745208,0.021543149,0.0030001686,0.0038579805,0.0012548881,0.0010016354,3.8975236e-07,1.8782131e-07,1.0657655e-07,2.3848452e-07,2.730434e-07,1.8997476e-07,3.0584076e-07,1.0529292e-07,3.3506214e-07,8.6428787e-07,3.2599706e-07,1.6639252e-07,3.1665314e-07,1.2433473e-07,1.1722101e-07,1.397605e-07,1.3319796e-07,1.9152831e-07,3.7594958e-07,1.6487454e-07,1.1051473e-07,5.3875276e-08,8.107855e-08,6.8583e-08,5.264633e-08,1.9117275e-08,2.1901137e-08,1.791437e-08,2.124193e-08,2.2483501e-08,2.0368406e-08,2.1778462e-08,2.2009134e-08,2.102102e-08,1.9265373e-08,2.1230752e-08,2.024516e-08,2.0488258e-08,2.1109374e-08,1.9585936e-08,1.9353026e-08,2.4090655e-08,2.221012e-08,1.968646e-08
3.854413e-08,3.2517644e-08,3.738406e-08,3.134429e-08,3.4597758e-08,3.5941888e-08,3.4557722e-08,3.1919367e-08,3.3651382e-08,3.1018615e-08,3.9316348e-08,3.475517e-08,3.5247652e-08,3.7134335e-08,3.6254058e-08,3.473138e-08,3.511425e-08,3.328643e-08,2.9600086e-08,4.2741032e-08,3.6680433e-08,1.3579988e-07,1.7391115e-07,1.561858e-07,4.811549e-07,4.417407e-07,1.7135667e-07,8.615062e-07,1.3415557e-07,4.408527e-07,2.7379588e-07,3.304121e-07,3.037241e-07,1.2201056e-07,3.6409583e-07,2.1706265e-07,4.5739935e-07,2.2952594e-07,2.5086277e-07,9.5776e-07,7.589813e-07,5.6561703e-07,1.6799756e-06,2.6264482e-07,4.5184117e-07,2.4129977e-07,4.4462567e-07,0.00016493686,0.006390142,0.0008958551,0.0013354811,0.005308943,0.001688248,0.0026340866,0.0045620315,0.0018450845,0.0011971414,0.0017413804,0.014722248,0.00806395,0.010632898,0.0025417309,0.005324128,0.026289359,0.022611959,0.019156326,0.03042281,0.054352324,0.051667903,0.08877669,0.19930498,0.059474833,0.12684807,0.022242378,0.0329213,0.100442976,0.021712903,0.03326679,0.012174714,0.020447128,0.0031301833,0.0029021553,0.0015092959,0.0012768016,6.8254553e-07,3.0081148e-07,2.3964768e-07,3.1486675e-07,4.3065182e-07,1.7404554e-07,4.2447036e-07,1.4776774e-07,5.3596204e-07,9.8349e-07,3.7183895e-07,4.2983615e-07,5.8686226e-07,1.6511746e-07,1.437592e-07,1.6496256e-07,1.2698736e-07,1.7548321e-07,4.4432898e-07,1.5230114e-07,1.2298229e-07,5.0427367e-08,1.4258305e-07,1.11669515e-07,8.075042e-08,3.2643047e-08,3.7906414e-08,3.129942e-08,3.4673e-08,3.6567403e-08,3.3582005e-08,3.5741312e-08,3.7258918e-08,3.7387625e-08,3.3865927e-08,3.5060843e-08,3.513998e-08,3.6427206e-08,3.477964e-08,3.2355427e-08,3.231361e-08,3.999281e-08,3.784753e-08,3.3187977e-08
8.112109e-10,7.6863693e-10,7.879685e-10,6.6005845e-10,7.3450945e-10,8.012081e-10,7.472526e-10,6.9847034e-10,6.6946e-10,7.1237827e-10,8.337525e-10,7.5267825e-10,7.398483e-10,8.434824e-10,7.323733e-10,7.6956846e-10,7.616291e-10,7.204594e-10,6.143662e-10,8.5682744e-10,7.9769796e-10,1.9841933e-09,1.0595997e-09,1.6560321e-09,2.1671027e-09,1.5624485e-09,6.200226e-10,3.7150656e-09,6.1320715e-10,1.9704052e-09,1.1577119e-09,1.4587084e-09,9.248094e-10,6.235318e-10,1.3223529e-09,9.410085e-10,1.0440321e-09,7.136715e-10,5.3178495e-10,3.463443e-09,1.8140941e-09,1.0934019e-09,5.843125e-09,9.374561e-10,2.3295605e-09,1.059628e-09,1.1450976e-09,5.22805e-06,0.00036926416,3.4150977e-05,7.1637514e-05,0.00032898554,0.00020990607,0.00023024064,0.0003634067,0.00021251348,5.4888893e-05,0.00015692478,0.0008251485,0.0009923604,0.0006545891,9.5945536e-05,0.0008473017,0.002001813,0.0032895764,0.0026296778,0.0056282873,0.013986259,0.011079186,0.032527294,0.11594108,0.08187443,0.36815888,0.027647624,0.10818604,0.14436974,0.035573676,0.01996546,0.0053382744,0.014538417,0.0009862467,0.0005688962,0.00018042693,7.617633e-05,3.4442402e-09,2.131528e-09,1.6833592e-09,1.898241e-09,1.9620345e-09,9.47194e-10,2.391619e-09,5.513407e-10,1.3265894e-09,3.08266e-09,1.4252355e-09,2.4134774e-09,2.1130455e-09,8.120762e-10,4.243594e-10,6.355922e-10,6.0375666e-10,2.8931016e-10,1.628841e-09,5.050516e-10,4.6448975e-10,2.1704935e-10,5.1445526e-10,1.1252735e-09,7.2518686e-10,7.1120393e-10,7.78631e-10,6.7402633e-10,7.3977763e-10,7.7152024e-10,7.2660317e-10,6.9961303e-10,7.6397594e-10,7.761385e-10,7.8096607e-10,7.688305e-10,8.2059937e-10,8.663786e-10,7.3844125e-10,6.8516587e-10,6.408277e-10,8.0954e-10,8.077493e-10,7.067914e-10
8.843524e-10,9.15142e-10,9.745929e-10,7.9765766e-10,9.0027896e-10,8.748283e-10,8.727866e-10,7.9972035e-10,8.2987744e-10,8.338043e-10,9.586071e-10,8.489937e-10,8.4709956e-10,9.641686e-10,8.786092e-10,9.400748e-10,8.3414e-10,8.695349e-10,7.509898e-10,9.81804e-10,8.8633495e-10,2.5669171e-09,9.573042e-10,2.1913247e-09,2.6594702e-09,3.0226412e-09,8.9355584e-10,5.796786e-09,8.7925456e-10,5.1164264e-09,1.4786915e-09,3.262238e-09,2.9256295e-09,2.2605227e-09,2.9096467e-09,4.2597303e-09,3.2898002e-09,1.7754691e-09,2.098592e-09,7.1869137e-09,6.2553394e-09,3.3371292e-09,6.611002e-09,2.5380762e-09,4.352371e-09,1.76408e-09,2.0171802e-09,1.4321122e-05,0.0010905229,4.863893e-05,0.0001382553,0.00045359368,0.000703783,0.0003668521,0.00039938407,0.0002973651,9.515633e-05,0.00023627275,0.00084208575,0.0022381814,0.0008866513,0.00016790604,0.0023976576,0.005569758,0.010113035,0.0053348346,0.006494837,0.036211856,0.020376084,0.09102245,0.11950466,0.22778769,0.16939056,0.02092197,0.09225093,0.09384304,0.051437393,0.012859275,0.007997553,0.01645674,0.0013239469,0.00045841385,0.00018354076,8.468303e-05,3.5563013e-09,1.4571055e-09,2.0520516e-09,1.8444817e-09,2.4114597e-09,9.325207e-10,3.3492322e-09,1.3569237e-09,2.8594656e-09,4.7092135e-09,2.4677702e-09,6.6068044e-09,3.828257e-09,1.5005314e-09,7.9121787e-10,1.4842892e-09,1.6719599e-09,6.5525985e-10,3.4850294e-09,1.5595055e-09,6.823821e-10,5.014583e-10,1.5804426e-09,1.1113315e-09,1.2115547e-09,8.6052643e-10,9.0181196e-10,7.8087903e-10,9.591575e-10,9.334035e-10,9.017191e-10,9.1624763e-10,9.542598e-10,9.315555e-10,8.727351e-10,9.875172e-10,9.2366104e-10,1.0132616e-09,8.796454e-10,8.3377255e-10,8.468218e-10,1.0284253e-09,9.669606e-10,8.384355e-10
1.1747303e-10,1.2482777e-10,1.3127203e-10,1.05022935e-10,1.1708604e-10,1.1160458e-10,1.1603868e-10,1.1118051e-10,1.1297702e-10,1.10957216e-10,1.2525302e-10,1.1103809e-10,1.1127597e-10,1.2753328e-10,1.1821409e-10,1.2708502e-10,1.12602476e-10,1.1990381e-10,1.01637684e-10,1.3400113e-10,1.1601698e-10,1.0579744e-09,4.103873e-10,9.443533e-10,1.4969743e-09,8.420135e-10,2.9827085e-10,1.9489288e-09,2.6677377e-10,2.2268252e-09,6.872249e-10,9.1634134e-10,9.824459e-10,7.588424e-10,9.256639e-10,1.0659753e-09,9.437787e-10,4.1089485e-10,8.5328383e-10,1.8254933e-09,2.715022e-09,1.3544351e-09,2.6823215e-09,7.324154e-10,1.2338814e-09,5.432686e-10,7.0968376e-10,4.2659985e-06,0.0003682803,1.9663965e-05,5.4237848e-05,0.0001616529,0.00019039084,0.00011360801,0.00023454057,0.0001263368,3.7162088e-05,0.00015319591,0.00043332818,0.00045314155,0.00077981816,6.797262e-05,0.001300361,0.0048729153,0.0058888663,0.005687847,0.005204217,0.020821057,0.020114115,0.10715345,0.12913087,0.15010826,0.21723557,0.015669761,0.092927374,0.13273728,0.05194324,0.0113647785,0.007859438,0.01425339,0.001695219,0.00059509656,0.00019800046,4.1265597e-05,1.9277007e-09,4.734624e-10,6.9216843e-10,7.093643e-10,8.348063e-10,2.2444906e-10,1.6207499e-09,3.7064238e-10,1.478527e-09,2.9825564e-09,1.3854364e-09,4.627649e-09,1.7960711e-09,7.9746854e-10,4.2570936e-10,5.471453e-10,9.791273e-10,2.0227259e-10,1.6271926e-09,6.2604294e-10,3.1271993e-10,1.8331162e-10,4.4820103e-10,2.905606e-10,2.1147344e-10,1.1354149e-10,1.1465725e-10,1.0281065e-10,1.2301889e-10,1.2141396e-10,1.1918966e-10,1.1469793e-10,1.2520834e-10,1.2797212e-10,1.1796274e-10,1.224811e-10,1.1969041e-10,1.3778226e-10,1.1439926e-10,1.0617744e-10,1.164655e-10,1.3162806e-10,1.2659561e-10,1.0827367e-10
1.2857972e-09,1.2515757e-09,1.3951634e-09,1.0951431e-09,1.1797856e-09,1.3051291e-09,1.2084755e-09,1.2000342e-09,1.1466827e-09,1.1615767e-09,1.4268083e-09,1.1352901e-09,1.184446e-09,1.3650739e-09,1.2720685e-09,1.2869601e-09,1.2598937e-09,1.2288693e-09,1.0600187e-09,1.4052344e-09,1.285493e-09,2.0697245e-08,1.193099e-08,1.46617705e-08,3.787108e-08,1.8954498e-08,1.0309353e-08,4.286291e-08,4.787806e-09,3.875016e-08,2.1954204e-08,1.2454206e-08,1.5322238e-08,1.1962276e-08,1.8819911e-08,1.557306e-08,1.8399207e-08,1.0856165e-08,2.455057e-08,5.4988906e-08,5.6114118e-08,3.512061e-08,9.548466e-08,1.5998015e-08,2.6324702e-08,1.6647238e-08,2.6535066e-08,3.9493065e-05,0.0017498872,0.00016876611,0.0004798556,0.00095932005,0.0005003051,0.0009304888,0.001425072,0.00077440153,0.00021172353,0.00082734524,0.002166001,0.0014089237,0.0043849666,0.00026287927,0.002097001,0.0075730095,0.007931089,0.015201696,0.010191163,0.039524697,0.03594064,0.11160528,0.14237857,0.073730886,0.28460878,0.014079854,0.064287394,0.10031906,0.019764505,0.020172363,0.009007197,0.019335002,0.0030662753,0.0020430977,0.0006304492,0.00022139946,4.0962142e-08,1.10697345e-08,1.1035287e-08,1.33540485e-08,1.4221196e-08,7.556798e-09,2.2007491e-08,4.752886e-09,2.3972342e-08,6.4306086e-08,2.565199e-08,3.6181248e-08,3.5380275e-08,1.2040768e-08,1.0030855e-08,8.285853e-09,1.1026326e-08,7.06637e-09,2.9719168e-08,1.3875106e-08,9.242514e-09,5.364339e-09,9.105212e-09,6.4719363e-09,3.4271646e-09,1.1742181e-09,1.2184996e-09,1.0952789e-09,1.1901845e-09,1.1910702e-09,1.2678949e-09,1.2199157e-09,1.2953011e-09,1.337561e-09,1.2229585e-09,1.2849538e-09,1.2065684e-09,1.4784426e-09,1.166539e-09,1.124935e-09,1.2371123e-09,1.4624201e-09,1.3414417e-09,1.1669996e-09
5.611054e-10,5.4735927e-10,5.8155064e-10,4.482644e-10,4.969411e-10,5.667998e-10,5.073778e-10,4.951964e-10,5.068661e-10,4.765692e-10,6.194744e-10,4.844638e-10,4.971895e-10,5.5724236e-10,5.4738125e-10,5.592227e-10,5.341945e-10,5.2884375e-10,4.662706e-10,6.366214e-10,5.3993715e-10,1.4221168e-08,1.0463596e-08,1.6109563e-08,2.9576212e-08,1.6346469e-08,1.16851915e-08,4.668201e-08,6.0657714e-09,3.521304e-08,3.4436393e-08,1.1719543e-08,1.19289645e-08,1.3882941e-08,1.8697582e-08,1.6182303e-08,1.760171e-08,8.47224e-09,2.6016618e-08,6.651425e-08,7.494663e-08,3.9059895e-08,1.130464e-07,1.4493389e-08,2.8708874e-08,1.5822494e-08,3.027973e-08,2.9907747e-05,0.001239647,0.00014196955,0.00027024822,0.0010268325,0.00030228347,0.0010017172,0.0015964784,0.0009164098,0.00028305544,0.0007428889,0.003889104,0.0010235865,0.008596354,0.00033199377,0.0028675862,0.009996311,0.009177278,0.027550878,0.013415111,0.05812015,0.029879142,0.094464675,0.1663813,0.034258727,0.31628898,0.008568999,0.048970345,0.09773062,0.009689014,0.021693911,0.004789182,0.020235216,0.0019088475,0.001757247,0.0006244421,0.00023850209,3.4910897e-08,8.784098e-09,1.4006646e-08,1.3233154e-08,1.6103328e-08,8.295863e-09,1.9558305e-08,4.801048e-09,3.208337e-08,6.746538e-08,2.2228546e-08,3.0532583e-08,4.2589747e-08,1.0235819e-08,1.0653845e-08,6.7070167e-09,9.007908e-09,6.686873e-09,2.540498e-08,1.6393617e-08,6.0195204e-09,5.0863673e-09,6.6523476e-09,4.134241e-09,1.4825907e-09,4.956481e-10,5.1516247e-10,4.736539e-10,5.136907e-10,5.2759047e-10,5.1941684e-10,5.0703636e-10,5.5639904e-10,5.533764e-10,5.1715904e-10,5.353226e-10,5.051212e-10,6.162313e-10,4.7860416e-10,4.67537e-10,4.8939913e-10,6.104418e-10,5.857352e-10,4.9991866e-10
2.8659353e-10,2.7350022e-10,2.770939e-10,2.1772177e-10,2.466706e-10,2.8976557e-10,2.5906782e-10,2.5089272e-10,2.4005692e-10,2.2571271e-10,2.916764e-10,2.417483e-10,2.4063546e-10,2.7454664e-10,2.6531263e-10,2.7144792e-10,2.6157426e-10,2.5940255e-10,2.3445174e-10,3.3066272e-10,2.7832914e-10,1.6155917e-08,1.3037899e-08,1.9667816e-08,2.8824667e-08,1.5658046e-08,1.1205999e-08,4.0391622e-08,4.337356e-09,3.7069963e-08,4.2397286e-08,1.23952315e-08,8.463977e-09,1.02834194e-08,1.761311e-08,1.4543216e-08,1.4535064e-08,5.488079e-09,2.5370328e-08,5.763397e-08,4.3644445e-08,4.915039e-08,1.4849594e-07,1.42616265e-08,2.3043881e-08,1.3480326e-08,2.8210378e-08,3.077518e-05,0.0010125927,9.755627e-05,0.00025053223,0.0009880603,0.0002111164,0.0008074217,0.0017673154,0.0007867443,0.00017591055,0.00069054007,0.0044246623,0.0017845364,0.016355421,0.00024968974,0.0029805496,0.007571709,0.012519279,0.032676436,0.013499246,0.03804628,0.013035233,0.061969604,0.1701948,0.0350037,0.3507737,0.0064719925,0.059881672,0.0950274,0.011880923,0.030695414,0.004090129,0.017758638,0.0013271797,0.0020617999,0.0023899719,0.00051026413,5.0245948e-08,1.3891774e-08,2.45204e-08,1.5285673e-08,2.2948878e-08,9.906704e-09,2.3818767e-08,5.3292823e-09,2.804332e-08,8.48514e-08,2.629642e-08,3.8756546e-08,4.7361773e-08,1.0185641e-08,1.3082287e-08,5.647168e-09,9.201503e-09,4.9854525e-09,2.6329293e-08,1.1738277e-08,4.422843e-09,4.0044874e-09,5.1885216e-09,3.9003845e-09,8.158562e-10,2.4496258e-10,2.424622e-10,2.3710953e-10,2.5415056e-10,2.6871208e-10,2.4453076e-10,2.4873048e-10,2.7366617e-10,2.7699243e-10,2.6039898e-10,2.5119679e-10,2.4483882e-10,3.0102132e-10,2.3425953e-10,2.2999422e-10,2.365521e-10,2.945511e-10,2.905947e-10,2.3320118e-10
3.740281e-11,3.5968013e-11,3.752472e-11,3.100382e-11,3.541038e-11,4.1066105e-11,3.6989627e-11,3.241701e-11,3.5605973e-11,3.2366165e-11,4.007451e-11,3.524731e-11,3.6003634e-11,4.0558033e-11,3.5736195e-11,3.6888593e-11,3.687818e-11,3.6016756e-11,3.1576082e-11,4.592961e-11,3.963725e-11,2.2075322e-09,9.919411e-10,1.512192e-09,4.902148e-09,1.4126131e-09,1.2835473e-09,4.001719e-09,7.30022e-10,4.6224424e-09,1.95531e-09,2.1419657e-09,1.3506528e-09,2.4482272e-09,3.1495035e-09,2.5678302e-09,3.3021375e-09,1.076052e-09,4.512566e-09,1.4722294e-08,1.1665524e-08,7.2831443e-09,1.5777614e-08,2.3683726e-09,4.823993e-09,3.50572e-09,3.1810055e-09,8.354513e-06,0.00097210536,3.4887606e-05,0.00014765293,0.00019800456,0.00011606722,0.00095531985,0.0004968012,0.00035217364,4.5898356e-05,0.00019697659,0.0010814967,0.00072578277,0.01543004,0.000114915594,0.0039597135,0.006676593,0.007108579,0.03467332,0.01905919,0.08584038,0.019691557,0.09656289,0.08627716,0.04713737,0.46276528,0.0030135894,0.038470086,0.043837644,0.0051343953,0.0076110894,0.0022401374,0.007951435,0.00054293126,0.00033485508,0.0001569072,7.8275996e-05,6.666863e-09,1.6913796e-09,2.5187212e-09,2.033868e-09,2.2780282e-09,1.5646254e-09,4.805865e-09,1.2721407e-09,5.5142086e-09,7.6539255e-09,1.4595908e-09,6.377651e-09,8.703077e-09,1.2607683e-09,2.168157e-09,1.1827049e-09,8.2696455e-10,9.2456076e-10,6.78487e-09,2.0346596e-09,6.35385e-10,5.794611e-10,4.3917744e-10,2.8857883e-10,1.0888873e-10,3.408632e-11,3.7293894e-11,3.1555012e-11,3.728927e-11,3.5116857e-11,3.6596635e-11,3.7710696e-11,4.2286282e-11,3.7234684e-11,3.6145583e-11,3.8076552e-11,3.5592664e-11,4.5473292e-11,3.1801048e-11,3.3240553e-11,3.1744444e-11,4.3155934e-11,4.10929e-11,3.3527407e-11
3.3013974e-09,3.4568004e-09,3.3770975e-09,2.828093e-09,3.5297165e-09,3.4886205e-09,3.4323995e-09,2.9044513e-09,3.0741316e-09,2.8275213e-09,3.5580652e-09,3.1614957e-09,3.0339042e-09,3.5872711e-09,3.305821e-09,3.4875425e-09,3.170336e-09,3.3408358e-09,2.9905505e-09,3.8807633e-09,3.639206e-09,8.407263e-08,7.381329e-08,8.6839044e-08,1.1494611e-07,1.0942407e-07,1.1138026e-07,2.3141318e-07,4.885484e-08,3.0021434e-07,1.5728959e-07,1.0807953e-07,6.4393376e-08,1.2609968e-07,1.8240276e-07,1.36727e-07,1.05412084e-07,5.5896237e-08,1.6062943e-07,3.403549e-07,2.679621e-07,2.647079e-07,4.2982398e-07,8.5598465e-08,1.0198978e-07,1.298987e-07,2.0180288e-07,0.0001176551,0.003093693,0.0003425701,0.001379043,0.0024966835,0.0009965162,0.0068656085,0.0043308125,0.004839957,0.00079963205,0.0041032135,0.025333334,0.004535351,0.0540023,0.0030840691,0.023985393,0.052643936,0.03860202,0.08884339,0.023040101,0.088782996,0.024187695,0.087469,0.14023852,0.022949291,0.15517527,0.009070005,0.036815695,0.04299842,0.005397838,0.02047012,0.004475981,0.014419156,0.0014743364,0.0011096424,0.0012430523,0.0002804254,2.438557e-07,1.2503295e-07,1.0027843e-07,1.2185734e-07,1.3876311e-07,9.556086e-08,1.5698687e-07,7.193198e-08,1.8238745e-07,4.02704e-07,1.7702902e-07,1.3170143e-07,2.5591956e-07,1.0322941e-07,9.459141e-08,5.9617335e-08,6.404234e-08,7.2848216e-08,1.5261381e-07,1.10175485e-07,2.8274904e-08,6.0962236e-08,6.8496206e-08,3.123199e-08,1.3242377e-08,2.9722171e-09,3.2493586e-09,3.071787e-09,3.3199368e-09,3.2341974e-09,3.313737e-09,3.4791579e-09,3.6347803e-09,3.2751686e-09,3.1555918e-09,3.488141e-09,3.11978e-09,3.6774297e-09,3.1061829e-09,3.1312735e-09,2.958078e-09,4.0727643e-09,3.5910088e-09,3.0969425e-09
2.8220004e-10,2.9564495e-10,3.0121972e-10,2.4638727e-10,3.05548e-10,2.9383085e-10,2.810291e-10,2.8662436e-10,2.6820846e-10,2.8148023e-10,3.2087064e-10,2.8056635e-10,2.6355865e-10,3.1679262e-10,2.842431e-10,3.0845704e-10,2.7413502e-10,3.045461e-10,2.5466365e-10,3.426462e-10,2.8402955e-10,1.505275e-08,6.061271e-09,1.1646517e-08,2.234544e-08,8.11309e-09,7.150182e-09,2.4571595e-08,2.5784757e-09,1.8674552e-08,1.1386538e-08,8.1511065e-09,9.099427e-09,1.2859593e-08,1.40268e-08,1.05427835e-08,1.04562705e-08,4.3722777e-09,1.5614575e-08,2.144125e-08,2.6152234e-08,1.948885e-08,3.1809833e-08,9.329171e-09,1.2712004e-08,1.139964e-08,1.1754977e-08,2.1195568e-05,0.0016308387,7.369138e-05,0.000397802,0.0007703948,0.000615365,0.0011273103,0.00077782373,0.0009349271,0.0002459002,0.0012984796,0.0051112073,0.0017567036,0.017211331,0.0007629874,0.012579547,0.030738441,0.017147223,0.04228638,0.012816896,0.055361256,0.016111484,0.096539356,0.13188818,0.07972785,0.22350219,0.006450065,0.09343091,0.09919836,0.013997051,0.014361734,0.0065084756,0.011723461,0.0011193571,0.0014387202,0.0002944573,4.205152e-05,1.6206638e-08,4.4100927e-09,8.4186125e-09,6.2493597e-09,6.3064762e-09,4.6766457e-09,1.3521384e-08,4.502336e-09,1.5408158e-08,3.2888767e-08,1.0354556e-08,4.597474e-08,1.5350373e-08,9.150456e-09,6.5435786e-09,4.8274917e-09,6.9225314e-09,2.0554736e-09,1.5110771e-08,1.4230335e-08,4.1371346e-09,4.0099555e-09,4.348699e-09,2.4360052e-09,7.733163e-10,2.7205824e-10,2.8330455e-10,2.6465427e-10,2.9658648e-10,2.7840738e-10,3.066766e-10,3.0743855e-10,3.3258016e-10,3.0547573e-10,2.7771793e-10,2.9281935e-10,2.8335104e-10,3.4870126e-10,2.7383504e-10,2.8159677e-10,2.8207844e-10,3.432297e-10,3.288033e-10,2.62928e-10
1.0536486e-09,1.0343971e-09,1.0533512e-09,8.4069585e-10,9.906271e-10,1.0645367e-09,1.0310092e-09,9.530584e-10,9.1014013e-10,8.7201046e-10,1.1820037e-09,9.1718744e-10,9.1547464e-10,1.0818823e-09,1.0456763e-09,1.0076677e-09,9.812322e-10,9.983777e-10,8.859623e-10,1.2236347e-09,1.0663249e-09,5.6986465e-08,5.7188995e-08,7.2514894e-08,1.3581668e-07,7.8271924e-08,7.850158e-08,1.749264e-07,2.8742395e-08,1.9287026e-07,2.3371068e-07,8.9296634e-08,7.328325e-08,1.0304912e-07,1.5014105e-07,8.547864e-08,1.347916e-07,5.7548114e-08,2.2054304e-07,3.2616038e-07,2.9344653e-07,3.2495825e-07,8.023427e-07,1.2707599e-07,1.3746586e-07,1.9569167e-07,2.408656e-07,0.00011666416,0.0037415882,0.0005840339,0.0011003438,0.002257677,0.0006606191,0.00249424,0.0034851762,0.002055666,0.00044823953,0.003901891,0.0116863595,0.0026219026,0.039512377,0.0012219766,0.012862527,0.026089065,0.019422075,0.07418367,0.024712473,0.056634046,0.01636158,0.10802032,0.14057276,0.018493356,0.23631774,0.006108048,0.051216323,0.0688145,0.0068489537,0.024008807,0.005401098,0.019971596,0.002350554,0.0037307672,0.0015357028,0.0004486064,2.501665e-07,6.911427e-08,1.11657116e-07,1.00894574e-07,9.312092e-08,5.6517546e-08,1.3468264e-07,3.9879144e-08,1.4181272e-07,4.0395912e-07,1.2122575e-07,1.01528535e-07,1.1667689e-07,5.7257537e-08,4.524246e-08,3.8323027e-08,4.126954e-08,3.7901696e-08,1.0132347e-07,6.9866836e-08,2.3842556e-08,3.5360085e-08,2.5879567e-08,1.0957681e-08,4.3799147e-09,8.8877183e-10,9.877066e-10,9.2819724e-10,9.755144e-10,9.49466e-10,1.00188e-09,1.0247121e-09,1.1455237e-09,1.0835179e-09,9.493683e-10,1.038196e-09,9.595592e-10,1.1284654e-09,9.117247e-10,9.1692154e-10,9.502051e-10,1.1871731e-09,1.0540586e-09,9.350276e-10
2.8558293e-11,2.8752153e-11,3.0663888e-11,2.5744424e-11,2.8443371e-11,3.1465094e-11,2.8981916e-11,2.7846874e-11,2.8793369e-11,2.6926922e-11,3.288005e-11,2.7642609e-11,2.7949146e-11,3.3128323e-11,2.7576257e-11,2.7908235e-11,2.892691e-11,2.8847019e-11,2.5118333e-11,3.3644882e-11,3.0340536e-11,1.8603822e-09,1.0031034e-09,1.2108532e-09,3.7029466e-09,1.2394118e-09,1.2882805e-09,3.151089e-09,6.137488e-10,2.4900269e-09,1.9691648e-09,1.3246547e-09,1.3205126e-09,1.5823952e-09,2.322116e-09,1.1522594e-09,2.009187e-09,6.4336636e-10,2.0265525e-09,4.4175588e-09,3.1295204e-09,3.1500555e-09,5.0091113e-09,1.0772079e-09,1.3604825e-09,2.1370516e-09,1.6683358e-09,6.7159444e-06,0.0007265187,2.5421794e-05,0.00018443327,0.00017527475,9.337367e-05,0.00075762294,0.00024190433,0.00025927534,2.7075866e-05,0.00017282006,0.00063946325,0.00039306047,0.0062508546,7.635231e-05,0.0036278712,0.005970941,0.0060438896,0.027509874,0.016238939,0.07054243,0.020892054,0.09592032,0.10454801,0.09377378,0.3773401,0.0070159836,0.08032697,0.047604654,0.009777053,0.00832577,0.006338764,0.0071313577,0.0005073417,0.00039845947,0.00011024131,2.496859e-05,3.3866852e-09,6.383207e-10,1.3038791e-09,1.107086e-09,9.46244e-10,1.0133455e-09,2.783745e-09,6.7052686e-10,2.702146e-09,3.0904654e-09,1.4497241e-09,4.308063e-09,2.7698897e-09,1.0125628e-09,1.1677423e-09,1.0114009e-09,7.43519e-10,7.8664386e-10,3.3621312e-09,1.7390918e-09,1.0468694e-09,7.5427764e-10,6.265036e-10,3.5118206e-10,1.1104989e-10,2.6814835e-11,2.8990319e-11,2.5713409e-11,2.9099343e-11,2.698116e-11,3.006334e-11,2.9811924e-11,3.3215382e-11,3.06918e-11,2.7953891e-11,3.000119e-11,2.8034625e-11,3.3782366e-11,2.6768537e-11,2.6317563e-11,2.6053803e-11,3.495006e-11,3.1114295e-11,2.6788453e-11
1.0381176e-09,1.0327261e-09,1.0963996e-09,8.9341934e-10,1.0730012e-09,1.1043646e-09,1.0831674e-09,1.0497417e-09,1.0451188e-09,9.981574e-10,1.1843223e-09,1.0133872e-09,9.639901e-10,1.1545156e-09,1.046128e-09,1.0417515e-09,9.79027e-10,1.0858524e-09,9.0074603e-10,1.165374e-09,1.1206887e-09,2.7197462e-08,3.391047e-08,1.8125125e-08,4.6358696e-08,1.572376e-08,2.0775365e-08,8.6296474e-08,7.587896e-09,5.1002154e-08,2.947244e-08,3.4968693e-08,2.5208006e-08,4.1400682e-08,4.0577312e-08,2.9083273e-08,3.4669046e-08,1.6827421e-08,4.264284e-08,8.505537e-08,5.8653207e-08,5.5295196e-08,7.087555e-08,2.0300725e-08,2.7380207e-08,3.8772132e-08,3.649161e-08,4.7137917e-05,0.0062590097,6.781597e-05,0.0013554504,0.0011700146,0.0013118734,0.0050022583,0.001247934,0.0035054926,9.6930984e-05,0.0021887035,0.0039388174,0.005851898,0.059095535,0.0008814661,0.036894348,0.017010404,0.03739707,0.06611768,0.016307473,0.11718113,0.013458672,0.10797251,0.09280304,0.0880222,0.21056981,0.004329746,0.05202992,0.02079178,0.008247243,0.006139917,0.0029863697,0.008448145,0.0004013584,0.00064925477,0.00016190416,5.8114987e-05,4.5897497e-08,1.00852455e-08,1.5446687e-08,1.6908206e-08,1.493824e-08,1.2689919e-08,4.5617863e-08,9.441723e-09,3.6882206e-08,4.261243e-08,3.2905984e-08,4.1378737e-08,2.3823755e-08,1.9071603e-08,1.8484796e-08,1.2800649e-08,1.0519731e-08,1.6836282e-08,4.5445912e-08,2.3870058e-08,1.6848297e-08,1.4593589e-08,1.7541824e-08,9.596227e-09,3.3097636e-09,9.277802e-10,1.0842442e-09,9.2278746e-10,1.0391081e-09,9.779856e-10,1.136198e-09,1.149635e-09,1.2409342e-09,1.1237409e-09,1.0920377e-09,1.0576239e-09,1.0188409e-09,1.1366142e-09,9.521689e-10,1.0110356e-09,9.398452e-10,1.2048486e-09,1.1012641e-09,1.0609131e-09
6.740139e-10,6.357479e-10,6.5523215e-10,5.240892e-10,6.2254235e-10,6.5545713e-10,6.501529e-10,6.1143124e-10,6.227549e-10,5.6411975e-10,7.6074397e-10,6.037399e-10,5.5917165e-10,6.810959e-10,6.2969324e-10,6.7871875e-10,5.847385e-10,6.16135e-10,5.611493e-10,7.606221e-10,6.624578e-10,2.4366116e-08,3.587402e-08,3.348677e-08,6.309491e-08,2.6882752e-08,5.43147e-08,1.0644428e-07,1.600229e-08,1.1785769e-07,1.7936668e-07,6.139759e-08,3.1566156e-08,7.358371e-08,4.8679397e-08,5.100915e-08,5.721106e-08,1.7444794e-08,5.974548e-08,1.0758548e-07,1.01894855e-07,9.585273e-08,1.509529e-07,3.256134e-08,3.286044e-08,5.3481195e-08,8.629168e-08,3.811448e-05,0.0034864948,9.301158e-05,0.0007812186,0.0005672807,0.00069442345,0.0030098374,0.001692717,0.0021474059,5.0080424e-05,0.0018122039,0.0044129784,0.0029377714,0.057493,0.00035539796,0.025641324,0.009585782,0.026034884,0.061569527,0.0108389845,0.091463715,0.004967809,0.104401715,0.09749939,0.036987364,0.3258404,0.002923643,0.07103332,0.021232523,0.0053925263,0.017326662,0.0016084583,0.004840463,0.00023432804,0.000613801,0.00030257742,8.620315e-05,9.9748846e-08,1.34180596e-08,3.4659514e-08,3.387704e-08,2.9405166e-08,2.1039027e-08,4.8844758e-08,1.2056674e-08,4.1244697e-08,1.04476484e-07,4.3404086e-08,4.1830887e-08,6.697344e-08,2.4962029e-08,4.6445773e-08,1.7986745e-08,2.6135544e-08,2.3832111e-08,4.7226166e-08,5.0582564e-08,1.0062782e-08,2.0596396e-08,1.7750697e-08,9.237651e-09,2.2751683e-09,5.700318e-10,6.139976e-10,5.7135535e-10,6.2853894e-10,6.1352934e-10,6.397315e-10,6.730055e-10,7.6629825e-10,6.7690886e-10,6.38828e-10,6.1299704e-10,6.140269e-10,6.6421646e-10,5.671546e-10,5.694993e-10,5.8484556e-10,7.3227036e-10,6.806231e-10,5.836733e-10
4.7711474e-10,4.4482668e-10,4.4869103e-10,3.6499279e-10,4.2725398e-10,4.6378335e-10,4.5105158e-10,4.387982e-10,4.2715703e-10,3.8869435e-10,5.1976357e-10,4.3045884e-10,3.9439088e-10,4.693774e-10,4.3868936e-10,4.640736e-10,4.218682e-10,4.3485396e-10,3.9989623e-10,5.5254934e-10,4.7555565e-10,2.8356268e-08,3.5625117e-08,3.2106072e-08,8.371061e-08,2.2123094e-08,4.5519183e-08,1.0151865e-07,1.3122784e-08,9.0376304e-08,1.1893525e-07,3.6970146e-08,1.6231107e-08,4.5513886e-08,3.353072e-08,3.2106012e-08,3.773615e-08,1.1310065e-08,5.1621427e-08,8.898702e-08,7.2586026e-08,8.0353836e-08,1.5158757e-07,2.5106313e-08,2.2295929e-08,3.96852e-08,6.2331374e-08,4.0948362e-05,0.0036756392,7.7684635e-05,0.0008483205,0.00073799794,0.0007198985,0.0031209234,0.0019178904,0.002449809,7.728818e-05,0.0030905085,0.006924461,0.00432242,0.08529706,0.00034127757,0.023163702,0.008583191,0.025830775,0.05650112,0.012353102,0.08126305,0.004785304,0.10814426,0.0932145,0.02549057,0.29962152,0.0026119996,0.082576536,0.023815088,0.005252837,0.021248464,0.0019877225,0.0077378373,0.00034052978,0.0011509091,0.0005663501,0.00011633108,8.1854004e-08,1.41109515e-08,3.490749e-08,2.9688335e-08,2.981113e-08,2.0527242e-08,4.5341288e-08,1.1879056e-08,3.8196124e-08,1.2310403e-07,3.824577e-08,3.655449e-08,5.4943175e-08,2.0120726e-08,4.239465e-08,1.210725e-08,1.8825542e-08,1.1702586e-08,3.1508034e-08,3.5220417e-08,6.984881e-09,1.4247718e-08,1.1437973e-08,7.1882784e-09,1.490211e-09,3.995798e-10,4.176975e-10,4.0322873e-10,4.2467038e-10,4.2742354e-10,4.400537e-10,4.6391785e-10,5.222658e-10,4.806147e-10,4.4095777e-10,4.2166626e-10,4.2478054e-10,4.71504e-10,3.88853e-10,3.841879e-10,4.0386838e-10,5.044932e-10,4.8622995e-10,3.9873174e-10
7.049892e-11,6.820568e-11,7.088401e-11,5.732702e-11,6.93845e-11,7.609387e-11,7.3330494e-11,6.584169e-11,7.1387646e-11,6.4860235e-11,8.176365e-11,6.899914e-11,6.608477e-11,8.012624e-11,6.881356e-11,7.093053e-11,6.8298624e-11,6.924964e-11,6.142016e-11,8.400201e-11,7.5816006e-11,5.5715073e-09,3.853019e-09,4.1604684e-09,1.5084673e-08,2.9972673e-09,4.3991943e-09,1.4054885e-08,1.8146158e-09,1.0997099e-08,7.0757644e-09,9.705536e-09,4.2884114e-09,1.0314476e-08,7.738371e-09,6.3654344e-09,1.1453073e-08,4.259407e-09,9.787181e-09,2.3839133e-08,1.5806854e-08,1.3766644e-08,1.9348649e-08,5.1564e-09,5.52328e-09,1.1850172e-08,7.535244e-09,2.1702272e-05,0.0049972595,3.9237446e-05,0.00066817907,0.00032030247,0.00047165132,0.0045114243,0.00074952707,0.0022259916,4.6245175e-05,0.00081287883,0.0016396458,0.002465551,0.06488625,0.00021202865,0.013975135,0.0051617003,0.008330065,0.033697855,0.012135539,0.13431606,0.0079526305,0.072050124,0.03786265,0.042423066,0.48009264,0.0016262624,0.038688228,0.010776389,0.0026946962,0.0057677594,0.0017168893,0.006170633,0.00021469887,0.00019250017,4.5391218e-05,4.084222e-05,1.9063432e-08,3.7431453e-09,4.800815e-09,5.8005716e-09,3.964801e-09,4.602953e-09,1.29781315e-08,3.4494125e-09,1.0564597e-08,1.0241473e-08,4.150054e-09,9.900094e-09,1.2039265e-08,4.767817e-09,5.699108e-09,3.579427e-09,2.3127096e-09,3.7362975e-09,9.828674e-09,7.3177993e-09,3.3221812e-09,2.9474692e-09,1.8944677e-09,9.462854e-10,2.4827457e-10,6.236192e-11,7.6084875e-11,6.118374e-11,7.11913e-11,6.43798e-11,7.6181866e-11,7.888671e-11,8.770788e-11,7.1229335e-11,7.175952e-11,7.1487385e-11,6.801679e-11,8.165362e-11,6.257305e-11,6.5286956e-11,6.1000795e-11,8.317171e-11,7.529576e-11,6.513472e-11
5.6709495e-11,5.4497056e-11,5.7929883e-11,4.572067e-11,5.5217855e-11,5.8965284e-11,5.9247794e-11,5.2833956e-11,5.598011e-11,5.040625e-11,6.318864e-11,5.5032177e-11,5.216507e-11,6.230494e-11,5.385896e-11,5.70668e-11,5.4953087e-11,5.5905842e-11,5.121478e-11,6.677831e-11,6.225338e-11,8.064665e-09,6.7656205e-09,5.669257e-09,2.7731291e-08,5.0606093e-09,7.435557e-09,2.1237879e-08,2.4464275e-09,2.0008189e-08,1.040348e-08,1.5729999e-08,7.457728e-09,1.37592595e-08,1.1144818e-08,8.63613e-09,1.7734727e-08,5.151462e-09,1.1865703e-08,3.91294e-08,1.9319245e-08,2.1218566e-08,2.1524116e-08,5.892621e-09,5.3018345e-09,1.8277179e-08,8.79827e-09,2.0985859e-05,0.0050366665,3.74026e-05,0.00081166986,0.00030040008,0.00057993433,0.006358399,0.0010583929,0.0025501954,4.3774173e-05,0.001802483,0.0017636425,0.0023083212,0.086945124,0.0002501904,0.01922509,0.006343923,0.013246205,0.034626916,0.014810802,0.11153126,0.006993719,0.09581538,0.03911249,0.038216926,0.45567444,0.0015277005,0.02636142,0.010650478,0.0030273953,0.0052303113,0.0021131341,0.004870855,0.00021283848,0.0004535473,5.3896787e-05,3.307852e-05,3.2201275e-08,5.432494e-09,6.2694094e-09,1.02832765e-08,4.4864366e-09,4.745921e-09,1.5769052e-08,3.5251204e-09,1.1011113e-08,1.4801763e-08,4.3191997e-09,8.805069e-09,9.159613e-09,6.006918e-09,6.3979293e-09,4.6411666e-09,2.5395333e-09,5.5266485e-09,1.38401415e-08,1.3010317e-08,4.712564e-09,5.170401e-09,2.6335645e-09,1.5601687e-09,2.2057946e-10,4.8910605e-11,5.8117802e-11,4.832428e-11,5.6225153e-11,5.395232e-11,6.1407116e-11,6.279719e-11,6.8297146e-11,5.709554e-11,5.6207785e-11,5.786627e-11,5.523914e-11,6.337113e-11,5.23264e-11,5.1572278e-11,4.8724563e-11,6.596874e-11,5.9429336e-11,5.260078e-11
7.998244e-12,7.749932e-12,8.2948535e-12,7.402163e-12,8.720798e-12,8.72045e-12,8.432215e-12,8.491543e-12,8.38439e-12,7.580822e-12,9.78979e-12,8.603168e-12,7.637468e-12,8.724175e-12,9.110913e-12,8.9807545e-12,8.246251e-12,8.333372e-12,7.3244e-12,9.1450545e-12,9.125156e-12,4.811469e-10,8.0400087e-10,3.5688758e-10,2.290892e-09,3.3910685e-10,4.8739357e-10,2.4980635e-09,2.2826169e-10,1.1801592e-09,3.2948774e-10,9.386071e-10,4.8265797e-10,1.0894908e-09,6.433964e-10,5.4880617e-10,9.275817e-10,3.229399e-10,1.1755492e-09,2.4871762e-09,1.4471533e-09,1.6684868e-09,1.1277344e-09,4.4444184e-10,2.7977876e-10,8.1799484e-10,4.67537e-10,4.126897e-06,0.00054176786,2.351915e-06,0.00024094465,0.00013044306,0.0005423178,0.0013509733,0.00022248254,0.0008207966,1.1370998e-05,0.0019228652,0.00087662874,0.0021742627,0.073750615,0.00016361664,0.039030366,0.020538395,0.09057856,0.07912656,0.021943951,0.16521399,0.0046461257,0.20602752,0.03732327,0.05420712,0.15713888,0.00096404424,0.02097593,0.010506145,0.0048225042,0.0019951472,0.0003894296,0.0015098442,5.9573576e-05,0.00022546992,1.2952792e-05,8.646459e-06,1.4488988e-09,3.5487155e-10,3.3479258e-10,5.4286253e-10,3.2718125e-10,3.2998015e-10,7.434232e-10,1.9079656e-10,5.1232085e-10,1.4196772e-09,4.039949e-10,6.193847e-10,2.4950528e-10,3.288467e-10,3.7275866e-10,2.9607455e-10,2.2725168e-10,4.5900672e-10,8.307798e-10,6.9410144e-10,3.4249997e-10,7.67956e-10,2.459446e-10,1.2929408e-10,2.9081997e-11,7.298977e-12,8.971698e-12,7.539409e-12,8.1391335e-12,8.3280015e-12,8.8445406e-12,9.815984e-12,1.0068678e-11,8.979572e-12,8.668378e-12,8.800552e-12,8.85835e-12,9.082042e-12,7.569885e-12,7.497721e-12,7.856271e-12,8.924354e-12,8.878836e-12,8.31283e-12
7.737965e-12,7.200508e-12,8.075299e-12,7.008372e-12,8.029622e-12,8.0840525e-12,8.125544e-12,8.135825e-12,7.640612e-12,7.00308e-12,9.3850015e-12,8.189805e-12,7.156011e-12,7.967166e-12,8.69064e-12,8.559006e-12,7.719685e-12,7.648209e-12,6.9865502e-12,8.512119e-12,8.534716e-12,6.6778816e-10,1.0828363e-09,4.210137e-10,2.337586e-09,4.1573273e-10,6.0879396e-10,2.793991e-09,3.2114125e-10,1.9107447e-09,6.168356e-10,9.761362e-10,5.914876e-10,1.2239008e-09,6.3857064e-10,6.399033e-10,1.0403727e-09,3.836687e-10,1.3088356e-09,3.088004e-09,2.277034e-09,2.180233e-09,2.1088464e-09,5.525588e-10,4.4529952e-10,1.1652643e-09,7.197028e-10,4.7289063e-06,0.0003942714,3.49548e-06,0.00014807346,9.2952134e-05,0.0003330595,0.00061011146,0.00019423946,0.00040094228,7.1741542e-06,0.0014199266,0.0007246386,0.0022503398,0.049564674,0.00011188123,0.0319998,0.014450278,0.083564185,0.07847781,0.019880695,0.15761383,0.003848993,0.23972225,0.04951908,0.06218279,0.15674002,0.0009381823,0.023925848,0.008991955,0.0059497165,0.0035832666,0.0004665194,0.0014593797,5.1419764e-05,0.00033203416,2.4154262e-05,1.7231268e-05,1.9326631e-09,4.599908e-10,4.736601e-10,6.255331e-10,4.5359236e-10,3.607274e-10,9.0917546e-10,2.2698518e-10,6.475166e-10,2.2242992e-09,4.650838e-10,9.2884556e-10,3.1016675e-10,3.920726e-10,4.1769035e-10,3.565962e-10,3.2824374e-10,5.922305e-10,9.41761e-10,9.55503e-10,2.6711847e-10,9.136152e-10,2.6173316e-10,1.2751283e-10,2.8847636e-11,6.896677e-12,8.114253e-12,6.9737553e-12,7.984752e-12,7.835541e-12,8.240793e-12,9.074888e-12,9.476052e-12,8.614396e-12,8.329285e-12,8.337869e-12,8.226187e-12,8.5433e-12,7.0281966e-12,7.0720474e-12,7.676839e-12,8.549934e-12,8.27049e-12,7.593627e-12
3.335083e-11,3.4646445e-11,3.701358e-11,3.275983e-11,3.5763975e-11,3.6248823e-11,3.5579185e-11,3.5857345e-11,3.564153e-11,3.241648e-11,3.992127e-11,3.5262127e-11,3.2808353e-11,4.0622783e-11,3.6546925e-11,3.493084e-11,3.5244443e-11,3.5455347e-11,3.296756e-11,4.001015e-11,3.586528e-11,8.3437207e-10,1.4226104e-09,1.1528167e-09,3.1668481e-09,6.65491e-10,1.2215833e-09,3.3685599e-09,3.9808906e-10,2.184322e-09,8.5247887e-10,8.8965274e-10,5.104511e-10,1.8080192e-09,8.566271e-10,7.981613e-10,1.3130246e-09,3.6632367e-10,1.0947675e-09,2.39546e-09,2.6845184e-09,1.9384234e-09,1.7152627e-09,5.1593746e-10,4.0771375e-10,1.1686103e-09,9.981366e-10,2.6969421e-06,0.00073822646,4.864033e-06,0.00016740203,0.000100568745,0.0002098741,0.0004312415,0.00016859,0.00019026714,3.8476455e-06,0.00091500324,0.0011543231,0.0013219948,0.049978446,0.000109627676,0.059117574,0.036431458,0.10969135,0.107231796,0.028504215,0.17588665,0.00409714,0.14389054,0.06635021,0.051043995,0.09681301,0.00087828655,0.0480984,0.009439931,0.0032790513,0.0024122829,0.00056039065,0.0005715349,3.3749497e-05,0.00012994048,2.5791194e-05,1.5698657e-05,2.999833e-09,5.7291705e-10,8.2839546e-10,1.073945e-09,6.6971595e-10,5.9490607e-10,1.2870955e-09,3.6350623e-10,8.318994e-10,2.5302116e-09,8.1567986e-10,2.4573799e-09,1.0639851e-09,4.4229737e-10,1.995071e-09,6.51838e-10,7.090847e-10,6.3687416e-10,1.1794259e-09,1.4885501e-09,3.3305328e-10,8.334527e-10,5.6567995e-10,3.8153006e-10,1.2019032e-10,3.0459434e-11,3.7875144e-11,3.058833e-11,3.506314e-11,3.09724e-11,3.7787544e-11,3.811182e-11,4.1275566e-11,3.892137e-11,3.6408196e-11,3.561476e-11,3.4291108e-11,3.8930872e-11,3.385529e-11,3.02667e-11,3.541777e-11,3.9643327e-11,3.7480324e-11,3.2633667e-11
2.3991064e-11,2.632863e-11,2.421024e-11,2.148237e-11,2.4490392e-11,2.7244821e-11,2.5483856e-11,2.5414882e-11,2.260149e-11,2.4553437e-11,2.91522e-11,2.6636447e-11,2.3391324e-11,2.784637e-11,2.2588816e-11,2.5516932e-11,2.4457714e-11,2.6402859e-11,2.2602094e-11,3.007283e-11,2.6131316e-11,5.612307e-10,3.7948267e-10,3.7743977e-10,1.4998814e-09,3.6439887e-10,2.1574567e-10,7.2455963e-10,1.6649478e-10,7.9651413e-10,5.2745874e-10,3.091935e-10,2.4079647e-10,4.0155582e-10,4.4169285e-10,3.5686173e-10,4.869541e-10,1.6911735e-10,3.5294037e-10,8.3478424e-10,6.620259e-10,5.3068794e-10,6.1135425e-10,1.2595668e-10,2.9979383e-10,2.6233904e-10,2.2497117e-10,1.2480211e-06,0.00014128083,5.2903865e-06,3.103642e-05,4.0967214e-05,4.5054654e-05,0.00017088957,2.4748448e-05,2.3436456e-05,2.8401837e-06,4.1025232e-05,0.000168968,8.368732e-05,0.0006619104,5.6314693e-06,0.0005459266,0.0013564745,0.0011770668,0.0023883765,0.0011883687,0.0076594846,0.0060394816,0.024339944,0.045992658,0.0680922,0.26000345,0.00875281,0.388231,0.093418255,0.04369614,0.03156253,0.010077035,0.0033584386,0.00017939055,0.00046827094,2.302117e-05,1.6303363e-06,4.5231655e-10,8.447399e-11,1.5347641e-10,1.8860395e-10,1.3633222e-10,1.3170871e-10,2.8909522e-10,7.277948e-11,1.9664895e-10,4.2562506e-10,2.7270883e-10,6.252281e-10,2.7468627e-10,2.0306432e-10,2.946105e-10,1.5930404e-10,1.7526153e-10,8.1907654e-11,6.8436046e-10,2.2202935e-10,8.516902e-11,1.1674889e-10,1.2312434e-10,1.5857406e-10,6.688283e-11,2.3237376e-11,2.6205484e-11,2.2991324e-11,2.4380584e-11,2.2773674e-11,2.5747885e-11,2.4930493e-11,2.8982828e-11,2.7027387e-11,2.5272812e-11,2.3434775e-11,2.5331834e-11,2.7402627e-11,2.3735904e-11,2.0744604e-11,2.2945153e-11,2.9075848e-11,2.5120177e-11,2.225134e-11
1.2745568e-11,1.332594e-11,1.2886712e-11,1.0560564e-11,1.2616602e-11,1.2453025e-11,1.2785597e-11,1.1873199e-11,1.1238146e-11,1.2242293e-11,1.4325581e-11,1.2692972e-11,1.1372917e-11,1.4232574e-11,1.1722903e-11,1.2218919e-11,1.2524296e-11,1.2898514e-11,1.0531276e-11,1.4578819e-11,1.3956812e-11,1.8978467e-10,9.7573595e-11,7.290188e-11,3.7594033e-10,7.869519e-11,4.366009e-11,2.4150892e-10,6.5752785e-11,1.8831996e-10,1.7004693e-10,1.0242411e-10,7.718883e-11,1.1701129e-10,7.989223e-11,8.308302e-11,1.06030754e-10,2.8369928e-11,4.9883455e-11,3.0530464e-10,1.6141445e-10,8.7171784e-11,1.9371212e-10,4.2926506e-11,6.223176e-11,6.380678e-11,3.835392e-11,5.637485e-07,0.00024498897,1.5006435e-06,1.7623543e-05,2.6464979e-05,5.9178958e-05,0.00016211688,1.7241911e-05,3.4687942e-05,6.8951204e-07,2.2452805e-05,2.9364575e-05,5.6114648e-05,0.00047497245,2.550607e-06,0.0005916003,0.0003274089,0.0025163654,0.0021920914,0.001086763,0.010247632,0.0017145888,0.027004926,0.02229526,0.053345732,0.67307407,0.007744006,0.11232341,0.028880334,0.041756332,0.0061913356,0.001810738,0.005370632,0.00012113576,0.0002447747,6.926852e-06,3.3742492e-06,1.9991724e-10,3.4272987e-11,5.4046448e-11,1.1233458e-10,8.3552124e-11,4.63679e-11,1.0773666e-10,2.2330122e-11,8.216646e-11,1.7704052e-10,8.3735276e-11,1.3430261e-10,1.6208515e-10,8.790124e-11,5.407975e-11,5.833903e-11,7.517157e-11,3.0547516e-11,1.535546e-10,9.910013e-11,4.5865124e-11,4.9428465e-11,3.9320266e-11,5.3453887e-11,2.5440877e-11,1.11787775e-11,1.2177272e-11,1.1960571e-11,1.2105067e-11,1.2546579e-11,1.3589963e-11,1.3356884e-11,1.44879525e-11,1.3289542e-11,1.2765566e-11,1.1894937e-11,1.3328889e-11,1.3555274e-11,1.1548886e-11,1.1522483e-11,1.11264695e-11,1.4429624e-11,1.2391848e-11,1.1546132e-11
4.9420894e-11,5.3443857e-11,5.4020028e-11,4.8928108e-11,5.0378524e-11,4.937548e-11,5.11912e-11,5.3007126e-11,5.276322e-11,5.0198394e-11,5.613403e-11,5.2858308e-11,4.8408187e-11,5.763161e-11,5.4092203e-11,5.408044e-11,5.2340136e-11,5.2954478e-11,4.766269e-11,6.4668805e-11,5.2677553e-11,3.932311e-10,1.9705133e-10,3.1742461e-10,7.7897266e-10,1.6948956e-10,2.1887192e-10,5.293814e-10,1.206588e-10,7.1929096e-10,2.4694619e-10,3.3163564e-10,1.7709717e-10,2.6559735e-10,2.5632194e-10,4.0457146e-10,2.3274276e-10,4.5592616e-11,1.6480844e-10,3.2387423e-10,2.572378e-10,1.6104716e-10,1.9832729e-10,1.13681e-10,1.1120465e-10,6.8235244e-11,8.8992994e-11,9.635652e-07,0.00043772176,1.5301875e-06,5.3515734e-05,4.0482028e-05,0.00019569875,0.0002065765,7.7278295e-05,0.00019166102,1.915551e-06,0.00011401196,0.000189923,0.0014243282,0.0019189805,1.9889432e-05,0.008396615,0.0011486651,0.023463257,0.022968965,0.0061495104,0.053900417,0.0013838788,0.079528786,0.11549729,0.37027013,0.16791327,0.0028267347,0.11176177,0.006879658,0.012156864,0.006861858,0.0012164877,0.0026216037,5.209956e-05,0.000101832964,2.1885658e-05,3.9259826e-06,2.6178854e-10,5.1373333e-11,9.949345e-11,1.14288884e-10,9.714735e-11,8.213899e-11,1.8647195e-10,7.0578335e-11,1.180266e-10,2.7837496e-10,1.9250353e-10,7.4710593e-10,1.6706027e-10,1.3199458e-10,1.298917e-10,1.0307706e-10,1.8751269e-10,8.578081e-11,2.8155592e-10,1.4699131e-10,7.604515e-11,7.822986e-11,2.0874232e-10,1.5203033e-10,9.9575466e-11,4.678389e-11,5.2695636e-11,5.005603e-11,5.4464072e-11,5.1154206e-11,5.6076883e-11,5.97097e-11,5.9050764e-11,5.631978e-11,5.2653243e-11,5.2463575e-11,5.245597e-11,5.9266966e-11,4.781356e-11,4.49478e-11,4.918664e-11,5.822005e-11,5.3986243e-11,5.016939e-11
3.8256448e-10,3.9359424e-10,4.021549e-10,3.517412e-10,3.653284e-10,3.7906353e-10,3.9796652e-10,3.890785e-10,3.9283976e-10,3.646225e-10,4.2929607e-10,3.940224e-10,3.6986608e-10,4.2948528e-10,4.048694e-10,3.905842e-10,4.1094878e-10,3.9082784e-10,3.4187322e-10,4.9032955e-10,4.2928464e-10,4.0782875e-09,5.9339635e-09,5.5335634e-09,1.682208e-08,5.0109756e-09,5.061425e-09,1.44770524e-08,2.2708961e-09,1.2446576e-08,9.35308e-09,3.4489007e-09,2.7142442e-09,4.835526e-09,6.726024e-09,3.606023e-09,5.6866662e-09,1.5087664e-09,6.1036727e-09,9.333656e-09,8.60439e-09,7.979844e-09,1.0513143e-08,2.4983384e-09,2.7653873e-09,4.5889377e-09,5.9862564e-09,5.5460027e-06,0.0012983257,2.2750606e-05,0.00029407276,0.00022619106,0.00035900352,0.0009541134,0.00028608885,0.00034319368,1.7862436e-05,0.0009151496,0.0009823329,0.00051437534,0.0136390375,0.000120810335,0.008275772,0.0053112716,0.022789782,0.03537414,0.007800377,0.05487471,0.007326413,0.2249333,0.1676689,0.043381557,0.27619237,0.007609272,0.077690065,0.017803576,0.0079391245,0.008090057,0.0016236828,0.0041207266,0.00023661209,0.00082514645,0.00012463029,2.9406452e-05,8.401879e-09,1.5467627e-09,2.3610702e-09,4.2461545e-09,2.9372336e-09,2.5310298e-09,3.8328336e-09,8.22938e-10,3.1856806e-09,1.4608838e-08,7.0832478e-09,3.6139207e-09,6.613328e-09,2.6716747e-09,2.7704559e-09,1.5889798e-09,2.223921e-09,1.4646914e-09,3.19242e-09,3.2302239e-09,1.5942924e-09,1.9205948e-09,2.9095215e-09,2.068345e-09,1.4283896e-09,3.3784067e-10,3.8043976e-10,3.4252984e-10,3.7215178e-10,3.6492723e-10,3.9944795e-10,4.208065e-10,4.4190995e-10,4.2690934e-10,3.9230436e-10,3.8387507e-10,3.7479814e-10,4.21204e-10,3.572483e-10,3.1823874e-10,3.6446118e-10,4.4880138e-10,3.8864165e-10,3.7566628e-10
1.3172991e-11,1.4117524e-11,1.5558154e-11,1.3199703e-11,1.3604452e-11,1.6009888e-11,1.5158116e-11,1.4230203e-11,1.5775933e-11,1.361686e-11,1.5851036e-11,1.5198474e-11,1.5003969e-11,1.6395335e-11,1.5146471e-11,1.4257969e-11,1.5719464e-11,1.4733817e-11,1.31936614e-11,1.808554e-11,1.614506e-11,2.0249138e-10,1.2044403e-10,2.5288815e-10,8.4424856e-10,1.536207e-10,1.6440624e-10,3.769216e-10,8.081049e-11,4.4276377e-10,1.7992309e-10,1.8846284e-10,1.4288468e-10,3.91843e-10,4.0261308e-10,3.1921205e-10,3.5504807e-10,9.882674e-11,5.9300687e-10,8.199376e-10,8.767551e-10,5.951553e-10,4.8800447e-10,2.1620895e-10,2.211463e-10,2.9510294e-10,2.2145062e-10,1.4450792e-06,0.0007023008,1.3097439e-06,9.1591435e-05,3.1605854e-05,6.7035806e-05,0.00033476425,6.43386e-05,0.00048750918,4.2983897e-06,0.00014200767,0.00011164225,0.001224,0.009883027,2.1752798e-05,0.005321805,0.0009801645,0.0054943915,0.0367604,0.009670765,0.35205764,0.010572884,0.11699337,0.06571993,0.11739018,0.21683401,0.00071899476,0.039612435,0.0022762371,0.0016753257,0.0023432754,0.0007019469,0.0016485767,2.4386663e-05,2.3573895e-05,5.592135e-06,5.4583747e-06,3.789551e-10,7.073344e-11,1.4337007e-10,1.2546815e-10,1.6766902e-10,2.0669244e-10,3.4135328e-10,1.5992803e-10,4.0182213e-10,2.4367658e-10,1.370235e-10,3.165081e-10,3.997696e-10,1.4823291e-10,1.7516281e-10,9.5844103e-11,1.4819504e-10,2.2830118e-10,5.378277e-10,2.6385233e-10,1.7204439e-10,1.1720687e-10,1.4658813e-10,8.361281e-11,4.695347e-11,1.2578655e-11,1.4415475e-11,1.2754314e-11,1.5398086e-11,1.3602922e-11,1.6167555e-11,1.5826868e-11,1.734585e-11,1.4885473e-11,1.4738705e-11,1.4426065e-11,1.4097344e-11,1.7424204e-11,1.3577779e-11,1.271271e-11,1.2171691e-11,1.6353266e-11,1.4807742e-11,1.3984329e-11
2.3142495e-11,2.2054941e-11,2.529914e-11,2.04642e-11,2.169157e-11,2.4645114e-11,2.5104894e-11,2.2631898e-11,2.4537984e-11,2.176534e-11,2.5708035e-11,2.4524232e-11,2.234908e-11,2.6405475e-11,2.292389e-11,2.3490264e-11,2.4209681e-11,2.4306569e-11,2.1636614e-11,2.7609064e-11,2.650235e-11,9.0040736e-10,6.6454336e-10,7.1408046e-10,4.8277142e-09,5.291344e-10,1.0517276e-09,2.2401254e-09,2.540796e-10,2.308327e-09,9.3367e-10,1.2038468e-09,7.4070006e-10,1.6974855e-09,1.3917242e-09,1.3008198e-09,1.6861431e-09,3.9216994e-10,2.426259e-09,5.246165e-09,3.2018679e-09,2.9150726e-09,2.5904556e-09,8.1639573e-10,8.2693974e-10,1.6599385e-09,1.0358487e-09,4.454578e-06,0.0016337379,4.269679e-06,0.00021115814,8.9991176e-05,0.00016290075,0.0018087745,0.00027263627,0.0008810935,9.51613e-06,0.00061464973,0.00030513993,0.0010142146,0.031673525,3.505418e-05,0.006041961,0.0017066342,0.005919934,0.025450308,0.007914671,0.15258953,0.0071808244,0.13465737,0.06934704,0.053427268,0.4505362,0.00079917384,0.032576207,0.004297841,0.0019466374,0.0027418158,0.0011432554,0.0027251942,6.913398e-05,0.00017786454,1.9135226e-05,1.0896593e-05,2.4542506e-09,4.5041817e-10,7.379264e-10,9.299946e-10,7.9273715e-10,8.586406e-10,1.9205006e-09,4.42786e-10,1.3678081e-09,1.2797295e-09,4.9715826e-10,9.189283e-10,1.187731e-09,6.686105e-10,6.2112376e-10,3.7613754e-10,3.065428e-10,5.4856236e-10,1.998727e-09,1.0761533e-09,6.531346e-10,6.19725e-10,5.326471e-10,3.463701e-10,8.143859e-11,2.0388502e-11,2.2747708e-11,2.0678907e-11,2.4628482e-11,2.2616796e-11,2.6742735e-11,2.553202e-11,2.8056954e-11,2.3545617e-11,2.339797e-11,2.372291e-11,2.31207e-11,2.6552545e-11,2.2425384e-11,2.0938671e-11,1.9659297e-11,2.6993123e-11,2.377378e-11,2.2717833e-11
2.1587773e-06,2.3006994e-06,2.3151554e-06,2.108693e-06,2.3065345e-06,2.2396073e-06,2.3444618e-06,2.1940282e-06,2.242163e-06,2.150361e-06,2.5053198e-06,2.187493e-06,2.2746372e-06,2.34061e-06,2.1842618e-06,2.244101e-06,2.1534559e-06,2.1476108e-06,2.1674994e-06,2.2796407e-06,2.3771295e-06,3.7445227e-07,7.4576894e-07,3.501788e-07,3.2902594e-07,4.5515222e-07,5.0698e-07,3.829317e-07,3.3072092e-07,2.3434905e-07,2.0591057e-07,3.8648903e-07,2.8898583e-07,1.4114863e-07,3.2057264e-07,2.364309e-07,1.025292e-07,1.658269e-07,1.9818133e-07,1.6281503e-07,2.1118957e-07,8.3223156e-08,1.2482415e-07,2.091775e-07,1.5285345e-07,1.3448886e-07,1.753811e-07,0.00021248082,0.002497087,0.00033792108,0.0025523792,0.002980302,0.007201352,0.012695981,0.006326001,0.019668702,0.0016465983,0.013566092,0.023056637,0.016465709,0.040900506,0.012589744,0.043888044,0.058734965,0.08209075,0.05729388,0.008241153,0.096358724,0.019975865,0.07903125,0.11864223,0.06531645,0.052215554,0.02928524,0.06818484,0.017038327,0.00588698,0.022928558,0.0042947712,0.0054911897,0.00073604763,0.0011567821,0.00025636874,0.0001461007,3.6369175e-07,4.420052e-07,3.0097272e-07,2.9060814e-07,2.6199183e-07,2.8089988e-07,6.628188e-07,3.3921788e-07,1.5833155e-07,4.5629002e-07,4.0220934e-07,5.0396426e-07,3.4130835e-07,4.5011646e-07,2.3456725e-07,4.895408e-07,2.2410288e-07,3.4292597e-07,3.0410254e-07,3.8132023e-07,2.496827e-07,4.2364928e-07,7.680302e-07,1.0962732e-06,1.5136405e-06,2.247751e-06,2.2265613e-06,2.181098e-06,2.1857206e-06,2.239419e-06,2.3302625e-06,2.225232e-06,2.4384778e-06,2.1699977e-06,2.204948e-06,2.343903e-06,2.268091e-06,2.3062178e-06,2.1182386e-06,2.276152e-06,2.260128e-06,2.33225e-06,2.2226404e-06,2.3277526e-06
8.483712e-11,8.030562e-11,8.8035614e-11,8.671887e-11,9.145914e-11,8.1126966e-11,8.834748e-11,7.716511e-11,8.506867e-11,7.7118915e-11,9.5841765e-11,8.714367e-11,8.792822e-11,8.127596e-11,8.563455e-11,9.091579e-11,8.1230085e-11,7.682119e-11,7.678984e-11,8.795439e-11,8.829223e-11,6.7884906e-11,1.3667327e-10,1.2465554e-10,1.7821442e-10,9.3294136e-11,1.8131462e-10,2.4673016e-10,5.7751463e-11,1.5902198e-10,5.0395552e-11,2.1214326e-10,6.866586e-11,8.8462314e-11,9.880304e-11,1.6688262e-10,6.5186356e-11,4.3572146e-11,8.636744e-11,1.6182101e-10,9.570221e-11,7.872459e-11,8.9612186e-11,5.4422036e-11,5.0762925e-11,7.656024e-11,4.226864e-11,8.392267e-07,0.00010286402,6.055986e-07,5.7888392e-05,0.00022871996,9.0431386e-05,0.00050673814,0.00017772311,0.0016101125,1.7320686e-05,0.0011512048,0.007078708,0.0012982038,0.029753953,0.00014831658,0.054092597,0.20225818,0.022568738,0.09131205,0.004460659,0.26876137,0.0049822223,0.10070722,0.113168515,0.02887888,0.029525898,0.00058655255,0.029075613,0.005470826,0.00038502802,0.0012097335,5.2335676e-05,0.00026189306,7.8071635e-06,5.4074876e-06,3.6919532e-06,1.1159418e-06,1.6206192e-10,9.998257e-11,1.0560707e-10,1.6666506e-10,1.13000526e-10,1.5277572e-10,3.7211006e-10,1.1074496e-10,7.8781676e-11,2.2977918e-10,1.8249424e-10,1.8834363e-10,1.8394802e-10,9.776302e-11,2.0187754e-10,1.6315305e-10,8.2292534e-11,1.6515592e-10,2.0863453e-10,2.1347626e-10,1.0865352e-10,1.5559622e-10,2.261676e-10,1.6694247e-10,1.0561876e-10,8.347263e-11,8.1500744e-11,8.15589e-11,8.716146e-11,8.78248e-11,8.773389e-11,8.598118e-11,9.42228e-11,8.25291e-11,8.3802534e-11,9.19324e-11,8.374948e-11,8.2711116e-11,8.4206295e-11,8.214842e-11,8.41225e-11,8.694991e-11,8.8032595e-11,8.389337e-11
2.110741e-09,1.9989965e-09,2.4337055e-09,2.149266e-09,2.5027018e-09,2.0644664e-09,2.2738127e-09,1.8826387e-09,2.1161222e-09,2.148307e-09,2.4958802e-09,2.1377327e-09,2.1724245e-09,2.2781406e-09,2.0975932e-09,2.418283e-09,2.181218e-09,1.979736e-09,1.9303008e-09,2.2740685e-09,2.2896411e-09,2.1574436e-09,1.919979e-09,2.2713376e-09,3.03785e-09,2.1759368e-09,1.5747506e-09,2.7869327e-09,9.141796e-10,3.5752517e-09,7.436496e-10,1.9233548e-09,1.250377e-09,1.1484482e-09,1.3482356e-09,2.448502e-09,8.3035145e-10,7.066389e-10,8.566606e-10,1.2532015e-09,1.2510593e-09,9.302653e-10,8.755685e-10,5.2903915e-10,7.854654e-10,7.7912404e-10,6.770554e-10,9.158272e-06,0.00035147934,7.744733e-06,0.00013624999,0.0013127531,0.00024984896,0.0018185058,0.00018168251,0.001869298,0.00014456164,0.0008126101,0.05716085,0.0020313286,0.02817598,0.00035870503,0.024424098,0.18158804,0.006077436,0.08195546,0.00060848217,0.1606665,0.011515472,0.031091245,0.30363417,0.014461861,0.027394261,0.0018372047,0.024632663,0.022665074,0.00089087634,0.009266214,0.00075326214,0.00172381,0.00012280306,3.0766445e-05,3.0708758e-05,8.677612e-06,1.7495118e-09,1.6957044e-09,8.644703e-10,1.1842916e-09,1.3692009e-09,8.0438367e-10,2.4869087e-09,1.6091026e-09,1.4971706e-09,3.9062975e-09,2.668262e-09,2.5635378e-09,2.3650495e-09,2.28827e-09,2.9715619e-09,1.5281648e-09,1.5103988e-09,1.686071e-09,2.0389868e-09,5.457163e-09,1.3403001e-09,1.8406557e-09,6.2667724e-09,3.0908667e-09,2.966301e-09,2.034434e-09,2.1908666e-09,1.9588446e-09,2.2928837e-09,2.315588e-09,2.3655593e-09,2.3552764e-09,2.4226179e-09,2.1656559e-09,2.0837558e-09,2.4897373e-09,2.0921191e-09,2.2107256e-09,2.2258602e-09,2.1803366e-09,2.288602e-09,2.39015e-09,2.2302031e-09,2.101834e-09
4.2583337e-10,3.966267e-10,4.4164108e-10,4.1036988e-10,4.2600964e-10,3.9524622e-10,4.342628e-10,3.8338546e-10,4.0796772e-10,4.0481526e-10,4.707661e-10,4.2085618e-10,4.1097223e-10,4.4008716e-10,4.35194e-10,4.590904e-10,4.317455e-10,3.8597991e-10,3.752165e-10,4.6620624e-10,4.728349e-10,3.6536735e-10,6.043983e-10,8.77799e-10,1.2388729e-09,6.129919e-10,6.559105e-10,1.6710333e-09,2.185965e-10,1.0375643e-09,5.0712295e-10,8.197123e-10,3.8195416e-10,7.4142603e-10,4.3230836e-10,6.2791167e-10,4.4571574e-10,4.1867046e-10,8.803627e-10,8.9948143e-10,7.587508e-10,5.96412e-10,7.060649e-10,3.7988712e-10,3.9046863e-10,7.947607e-10,4.822113e-10,2.579974e-06,0.0006408595,5.522568e-06,0.000316134,0.0007798928,0.00019418733,0.001076935,0.00027955964,0.0020992726,7.476821e-05,0.0024446948,0.034802847,0.0018920742,0.06644774,0.0001903971,0.11762742,0.061750587,0.0030047467,0.07463414,0.0010485671,0.11420959,0.0069824257,0.04999649,0.28509155,0.009803897,0.106783874,0.0004049401,0.04435266,0.009816752,0.00018663525,0.002207372,9.7834985e-05,0.00064626965,5.1054732e-05,3.5526566e-05,1.47485625e-05,5.3572576e-06,9.119435e-10,2.9711353e-10,4.805082e-10,1.3057531e-09,2.6154892e-10,4.946957e-10,1.0675231e-09,3.9070777e-10,8.723928e-10,2.0768718e-09,6.6152406e-10,8.9009994e-10,1.1407396e-09,5.162116e-10,1.9760917e-09,1.1345835e-09,5.4755e-10,6.15788e-10,1.2978671e-09,1.6361953e-09,7.4439316e-10,4.565903e-10,9.063529e-10,8.762533e-10,6.4751515e-10,4.1870082e-10,4.2286857e-10,3.5651987e-10,4.146002e-10,4.364683e-10,4.799733e-10,4.395184e-10,5.0850224e-10,4.212015e-10,4.012653e-10,5.096441e-10,4.329569e-10,4.2536255e-10,4.2959908e-10,4.4289963e-10,4.3431667e-10,4.323149e-10,4.5026924e-10,4.5226783e-10
3.4497585e-09,2.9641374e-09,3.202204e-09,3.0660612e-09,3.5194028e-09,3.0663536e-09,3.3788936e-09,2.7074982e-09,3.1032268e-09,2.9901215e-09,3.7302774e-09,3.1359104e-09,2.9143779e-09,3.4309324e-09,3.1759937e-09,3.4882663e-09,3.1142082e-09,2.9480118e-09,2.6842362e-09,3.371568e-09,3.401007e-09,5.611089e-09,4.1938715e-09,8.990041e-09,1.2498422e-08,7.368761e-09,5.3295737e-09,2.0632251e-08,2.0343542e-09,1.0612149e-08,3.075274e-09,8.750605e-09,5.1830087e-09,4.91598e-09,4.46759e-09,6.8662924e-09,5.6958536e-09,3.0457485e-09,5.298154e-09,1.1409434e-08,5.7512892e-09,6.74157e-09,5.0663838e-09,2.1090565e-09,2.8288634e-09,3.5420367e-09,3.1395553e-09,1.48663485e-05,0.0005884201,1.8038703e-05,0.00019671126,0.004869744,0.00018004166,0.0020451,0.00013836446,0.0012783064,0.00021650005,0.00062305975,0.03436911,0.0017907134,0.031290554,0.00020398454,0.020518722,0.122740775,0.0024184515,0.05802541,0.0007133333,0.09552617,0.013845065,0.027368994,0.3864579,0.012295458,0.099646695,0.00084724004,0.022995222,0.049010277,0.00048658514,0.006093116,0.00032393844,0.002314272,0.0003616011,0.000111767484,5.1683597e-05,2.3430466e-05,6.5559376e-09,2.2054587e-09,2.3550448e-09,4.730385e-09,2.9713034e-09,2.675894e-09,6.6828196e-09,4.0831396e-09,1.1556637e-08,1.517244e-08,1.0195488e-08,8.043695e-09,1.1992776e-08,5.1073084e-09,9.37323e-09,7.961576e-09,7.0146706e-09,3.8136574e-09,7.143084e-09,1.2409511e-08,5.8709233e-09,2.6586728e-09,9.900671e-09,6.7072863e-09,6.6236847e-09,2.9976135e-09,3.3162397e-09,2.869961e-09,3.1782117e-09,3.226316e-09,3.4609489e-09,3.2246859e-09,3.5627565e-09,3.340873e-09,2.8864906e-09,3.4617214e-09,3.1477096e-09,3.278086e-09,3.222503e-09,3.1172689e-09,3.1774359e-09,3.5425907e-09,3.4089302e-09,3.2699679e-09
1.7539618e-09,1.3496865e-09,1.5210575e-09,1.4722477e-09,1.5997412e-09,1.5123037e-09,1.6155758e-09,1.3869133e-09,1.5338238e-09,1.3594732e-09,1.8313997e-09,1.5387905e-09,1.415871e-09,1.599616e-09,1.5522031e-09,1.5695687e-09,1.5193236e-09,1.4335174e-09,1.2647706e-09,1.6338934e-09,1.6889705e-09,3.9185495e-09,6.8413426e-09,7.785093e-09,2.0249923e-08,6.990168e-09,6.8372987e-09,4.344512e-08,2.346832e-09,8.595742e-09,4.5759916e-09,1.679655e-08,6.868656e-09,9.695767e-09,5.6853198e-09,7.1606596e-09,1.1484747e-08,4.7356794e-09,9.103397e-09,2.5723596e-08,1.0240341e-08,1.4645546e-08,1.3987545e-08,3.876171e-09,7.692926e-09,8.194858e-09,5.316531e-09,1.5487725e-05,0.0013425426,2.5160936e-05,0.00041947255,0.0050388845,0.0003310071,0.0025762785,0.00029981983,0.0015925278,0.0002006913,0.0012145079,0.021974286,0.0027344518,0.036261637,0.00013763653,0.014992215,0.059227206,0.0032419323,0.06086074,0.0032278027,0.13949938,0.012628058,0.06155325,0.29691905,0.016513107,0.15035349,0.00062803866,0.026752524,0.068277255,0.0009005998,0.0065013496,0.00018727512,0.0028598479,0.0003747909,0.00020803694,5.6786004e-05,7.238673e-05,1.4142819e-08,3.2663865e-09,5.2474807e-09,1.1413036e-08,5.7979497e-09,6.3718844e-09,1.11634195e-08,4.5755377e-09,1.0055116e-08,1.7495058e-08,7.873842e-09,6.836725e-09,1.254656e-08,4.3330566e-09,7.3796396e-09,6.7646697e-09,4.4576773e-09,6.1011796e-09,1.03875655e-08,8.492552e-09,9.845353e-09,3.1517315e-09,7.0963617e-09,4.87082e-09,4.180075e-09,1.4178572e-09,1.6364445e-09,1.3901205e-09,1.4713268e-09,1.6249488e-09,1.6838693e-09,1.6090316e-09,1.7013119e-09,1.6143159e-09,1.4422386e-09,1.6416215e-09,1.5493723e-09,1.5551842e-09,1.5124364e-09,1.4236454e-09,1.5292025e-09,1.6153385e-09,1.5719953e-09,1.6022512e-09
2.6614113e-09,2.141741e-09,2.4240052e-09,2.3605031e-09,2.4745692e-09,2.4734792e-09,2.6462765e-09,2.2104987e-09,2.4382314e-09,2.2378908e-09,2.7380225e-09,2.4113653e-09,2.3787037e-09,2.6465137e-09,2.3562972e-09,2.42054e-09,2.5005744e-09,2.3036153e-09,2.0547637e-09,2.6292863e-09,2.6061693e-09,6.467738e-09,1.24543655e-08,1.6454539e-08,3.4133933e-08,1.4205331e-08,8.859762e-09,3.970556e-08,4.9094275e-09,1.9141046e-08,7.1143083e-09,1.1554316e-08,9.436296e-09,8.766571e-09,4.256502e-09,7.882425e-09,8.7984136e-09,4.001383e-09,5.9087557e-09,1.9076499e-08,9.0746415e-09,9.905936e-09,8.677319e-09,2.4872702e-09,6.1089027e-09,5.2165077e-09,4.772951e-09,2.9016197e-05,0.0025402415,9.84442e-05,0.00081104634,0.005595675,0.0007760492,0.0021906137,0.00021247995,0.0010072518,0.00017541846,0.00048354335,0.0071304454,0.0024486773,0.0073170923,0.00012044302,0.004154779,0.007051602,0.0018308893,0.012565351,0.0013580191,0.12552696,0.021693086,0.08204178,0.34267706,0.04929107,0.183864,0.003473061,0.066595,0.041281987,0.0045112735,0.014909595,0.0010736341,0.0033706776,0.00082153844,0.00081783003,7.752025e-05,7.6315504e-05,6.1268026e-09,2.1933046e-09,3.0493215e-09,5.5096674e-09,3.3084862e-09,2.3996611e-09,7.071558e-09,2.0005722e-09,7.096149e-09,1.0900916e-08,6.7555055e-09,6.4993837e-09,5.8378227e-09,2.7561462e-09,5.4781264e-09,3.1217713e-09,4.514408e-09,2.5563367e-09,7.2433437e-09,9.759038e-09,5.689314e-09,2.7824876e-09,1.154141e-08,5.6901603e-09,4.9694777e-09,2.2065727e-09,2.4527844e-09,2.2747242e-09,2.4648514e-09,2.4442846e-09,2.664047e-09,2.4710225e-09,2.7578448e-09,2.6195452e-09,2.3961029e-09,2.487564e-09,2.5264049e-09,2.428874e-09,2.4182236e-09,2.2366275e-09,2.377937e-09,2.8141915e-09,2.4019369e-09,2.4375433e-09
4.2821813e-10,3.5148692e-10,3.819155e-10,3.7759423e-10,4.0459294e-10,3.865486e-10,4.1362389e-10,3.791386e-10,3.8546485e-10,3.6738543e-10,4.264933e-10,3.775323e-10,3.6247005e-10,4.2094767e-10,4.080743e-10,4.0767906e-10,3.9539394e-10,3.930045e-10,3.2893546e-10,4.233778e-10,3.983826e-10,1.284328e-09,1.6082679e-09,1.5387115e-09,6.186654e-09,2.507963e-09,2.7562765e-09,6.133453e-09,7.2047013e-10,3.4160994e-09,2.0210558e-09,2.131202e-09,1.604542e-09,1.678796e-09,9.180533e-10,1.3224508e-09,1.1630678e-09,4.723823e-10,7.9759727e-10,2.146001e-09,1.248918e-09,1.5559054e-09,2.1667463e-09,5.006071e-10,8.027559e-10,6.2059385e-10,6.258168e-10,6.3379193e-06,0.0005808679,2.5145468e-05,0.0001163611,0.0013741037,0.00010759794,0.00060044404,7.594512e-05,0.00015461794,4.344718e-05,0.00010184983,0.001877323,0.00019130256,0.0018055915,3.1240394e-05,0.0007047276,0.004560805,0.00037245668,0.0059374752,0.00037242437,0.04448479,0.0133020915,0.05910133,0.47471207,0.019886678,0.22585376,0.002992022,0.04895742,0.06579114,0.0014618639,0.01869953,0.000693239,0.00418602,0.00050293,0.00027731317,4.4307184e-05,1.3434289e-05,1.4791267e-09,6.3101635e-10,5.8213395e-10,1.2067353e-09,5.68523e-10,5.6826716e-10,2.1723e-09,4.434423e-10,1.5463435e-09,3.1778207e-09,1.5372037e-09,2.1879765e-09,1.67287e-09,1.3055637e-09,1.4338539e-09,1.211842e-09,1.4863836e-09,3.2022543e-10,1.6515018e-09,2.002209e-09,1.4205318e-09,6.224384e-10,2.533879e-09,1.2424933e-09,8.364138e-10,3.629834e-10,4.0685566e-10,3.8862744e-10,3.9980452e-10,3.9953008e-10,4.1906348e-10,4.00041e-10,4.4330362e-10,4.1101134e-10,3.6599643e-10,4.2544684e-10,4.065516e-10,3.723121e-10,4.0106782e-10,3.6659867e-10,3.8910064e-10,4.5007512e-10,3.8935305e-10,3.9378636e-10
8.540138e-11,7.576151e-11,7.8933214e-11,7.838052e-11,8.206002e-11,7.690483e-11,8.33278e-11,7.489771e-11,7.888536e-11,7.590933e-11,8.503923e-11,7.837036e-11,7.353134e-11,8.9066136e-11,8.131372e-11,8.578389e-11,8.030081e-11,8.1145465e-11,6.931849e-11,8.797209e-11,7.992582e-11,1.5075195e-10,1.1782299e-10,1.9762599e-10,5.6837873e-10,2.479225e-10,1.2923058e-10,4.036456e-10,6.496461e-11,1.270127e-10,9.7398145e-11,1.110808e-10,1.0367643e-10,1.11812025e-10,8.971608e-11,6.153965e-11,1.1798311e-10,4.8601245e-11,4.029492e-11,1.0224892e-10,7.434944e-11,6.021185e-11,7.799011e-11,2.4216861e-11,4.4494842e-11,4.3274443e-11,4.0851482e-11,4.5062637e-07,6.415874e-05,3.3881433e-06,9.502981e-06,0.00019206703,1.9272546e-05,8.728867e-05,7.526192e-06,3.4005236e-05,1.5820813e-05,1.5734384e-05,0.0005276188,3.0020681e-05,0.00037718093,1.0997924e-05,0.0004008067,0.0023388693,0.00026855373,0.0028031608,0.00022352122,0.029398466,0.008893299,0.029690152,0.49540225,0.0194562,0.22937445,0.010077193,0.09073041,0.0685656,0.0023060148,0.007514943,0.00022820056,0.000751192,0.00013717997,3.5762503e-05,8.188403e-06,5.399184e-07,1.0277783e-10,3.6250093e-11,3.7247382e-11,9.056092e-11,4.7440277e-11,2.8563405e-11,1.014865e-10,3.9459436e-11,6.640482e-11,8.309893e-11,1.1301141e-10,1.672483e-10,1.8362256e-10,1.0753185e-10,7.7579144e-11,4.7639306e-11,2.0107613e-10,1.9144953e-11,7.961908e-11,1.4414019e-10,1.8058001e-10,3.08235e-11,1.9513069e-10,1.2247633e-10,1.3212524e-10,7.534619e-11,7.8046354e-11,7.87032e-11,8.468023e-11,7.946524e-11,8.51293e-11,7.898878e-11,8.8650566e-11,8.195381e-11,7.2057006e-11,8.257864e-11,8.390033e-11,8.0229774e-11,8.585722e-11,7.1002135e-11,7.729468e-11,8.815501e-11,8.113866e-11,7.6632777e-11
4.1070463e-11,3.847036e-11,3.7821524e-11,3.8557706e-11,3.8669505e-11,3.638093e-11,4.137419e-11,3.9137346e-11,3.8598544e-11,3.6606593e-11,4.0454706e-11,3.7462117e-11,3.4514815e-11,3.9213112e-11,4.2626853e-11,4.0988057e-11,4.108229e-11,3.9643875e-11,3.243202e-11,4.2819814e-11,3.927621e-11,1.6020393e-10,2.3044913e-10,2.4745944e-10,9.933205e-10,3.9044687e-10,4.222953e-10,8.634054e-10,1.365655e-10,7.330157e-10,3.91302e-10,2.2724707e-10,4.5776466e-10,3.6300266e-10,2.1389376e-10,2.2577598e-10,2.855813e-10,1.2191648e-10,2.1527552e-10,3.6902872e-10,2.1959265e-10,5.525889e-10,5.5502686e-10,7.5646114e-11,1.7632351e-10,1.450251e-10,9.330169e-11,1.0005373e-06,6.0516148e-05,2.524254e-06,1.7779452e-05,0.00017840965,2.496127e-05,0.00015753653,2.4086106e-05,4.6393634e-05,4.752668e-05,0.0001311668,0.00055437576,5.0055954e-05,0.0015491389,1.3787856e-05,0.00091006275,0.009892753,0.0005630906,0.01097734,0.0005214697,0.051802114,0.047136366,0.14028892,0.31700838,0.01208193,0.27086887,0.0029608002,0.035189092,0.08748505,0.0008088787,0.006856398,0.00013278463,0.0010099992,0.0004314116,0.0002060739,6.530523e-06,2.5090542e-06,3.2562383e-10,1.2571337e-10,9.212942e-11,3.7916595e-10,1.5379178e-10,1.3731538e-10,6.327082e-10,5.3087933e-11,4.1297812e-10,1.0898553e-09,1.9772435e-10,3.8171877e-10,2.726164e-10,2.5805388e-10,1.2124421e-10,1.5772261e-10,2.6056093e-10,6.354836e-11,2.1814905e-10,1.8728451e-10,4.077645e-10,1.0233709e-10,1.8312761e-10,1.4002849e-10,9.6074475e-11,3.6030335e-11,3.869481e-11,3.773146e-11,4.0041623e-11,4.05389e-11,4.264311e-11,4.0562644e-11,4.1653382e-11,3.927539e-11,3.5816284e-11,4.3606768e-11,4.134579e-11,3.688554e-11,3.8947307e-11,3.6389464e-11,3.7798733e-11,4.29181e-11,3.9179097e-11,3.821338e-11
1.5614741e-10,1.4571261e-10,1.596928e-10,1.5715132e-10,1.5851565e-10,1.6006818e-10,1.6430725e-10,1.4368301e-10,1.6130608e-10,1.457204e-10,1.603481e-10,1.5673404e-10,1.5552737e-10,1.6789053e-10,1.5595097e-10,1.5494851e-10,1.6632494e-10,1.4898327e-10,1.3518407e-10,1.6674136e-10,1.5444544e-10,7.6512097e-10,1.1506349e-09,1.379443e-09,7.762547e-09,3.1547593e-09,7.9327844e-10,5.286544e-09,8.2353196e-10,3.023729e-09,1.0060223e-09,6.785503e-10,1.2374024e-09,1.4095588e-09,6.8221645e-10,6.595252e-10,9.913892e-10,4.615447e-10,3.2778774e-10,1.6654375e-09,1.3904214e-09,1.2247605e-09,9.977346e-10,1.908817e-10,4.296346e-10,5.089489e-10,2.8687386e-10,4.1377893e-06,0.0005853358,1.6061527e-05,3.86373e-05,0.0003738003,6.825917e-05,0.00063959206,2.5418854e-05,8.101781e-05,3.333848e-05,6.884316e-05,0.001259759,0.00028291237,0.0025785936,4.9767226e-05,0.0013264705,0.008642547,0.004983745,0.032792903,0.0018638911,0.15485232,0.048773844,0.0855216,0.36757666,0.028972099,0.14673638,0.012340677,0.029700067,0.043043826,0.0039988365,0.019101804,0.00049835024,0.0012316603,0.0015100127,0.00037013093,3.4339795e-05,2.2396061e-05,1.4341448e-09,4.1122578e-10,2.499296e-10,9.339994e-10,5.7001426e-10,2.4234037e-10,8.9169944e-10,2.1050763e-10,6.867113e-10,1.8135204e-09,4.77961e-10,8.8270047e-10,7.1439504e-10,3.838767e-10,3.2881842e-10,3.5805137e-10,1.3209417e-09,4.019373e-10,8.6779306e-10,8.481726e-10,7.784605e-10,3.4259465e-10,8.562707e-10,5.2947857e-10,3.206162e-10,1.3454075e-10,1.5531808e-10,1.4575041e-10,1.6149417e-10,1.518261e-10,1.7161349e-10,1.6623392e-10,1.6702274e-10,1.602643e-10,1.5155066e-10,1.5742252e-10,1.6407331e-10,1.6444111e-10,1.5026722e-10,1.3765146e-10,1.5139523e-10,1.7535111e-10,1.5526862e-10,1.4996572e-10
2.597654e-10,2.4340688e-10,2.618377e-10,2.5407046e-10,2.7813638e-10,2.6918542e-10,2.7410016e-10,2.4662863e-10,2.6077313e-10,2.2575697e-10,2.8263816e-10,2.5905883e-10,2.5132224e-10,2.75047e-10,2.70502e-10,2.7369476e-10,2.6106278e-10,2.527008e-10,2.1929916e-10,2.786461e-10,2.5410246e-10,8.1357765e-10,9.69866e-10,1.3703518e-09,6.167574e-09,3.016254e-09,7.9697476e-10,4.562141e-09,6.782828e-10,2.1067692e-09,8.064707e-10,1.2441834e-09,1.3815634e-09,1.5443173e-09,7.915453e-10,6.9639716e-10,1.4025546e-09,5.366764e-10,5.8927757e-10,2.114902e-09,1.4635645e-09,1.5438226e-09,8.685502e-10,2.1137313e-10,3.93446e-10,4.3454418e-10,2.3847144e-10,3.0050294e-06,0.0003342887,5.362743e-06,3.026131e-05,0.00069739815,3.5275625e-05,0.00092611974,1.6984788e-05,0.000118170436,0.0001086485,7.855372e-05,0.003119078,0.00039926363,0.0071824915,0.00011663166,0.0028801358,0.041716125,0.003714549,0.07063219,0.0013445412,0.14238007,0.080072366,0.03836216,0.30954844,0.01920106,0.13822843,0.005070898,0.013039443,0.10688842,0.001741894,0.008745361,0.00027267667,0.0015278864,0.0012896713,0.00014101103,1.9775645e-05,1.1316856e-05,1.4203169e-09,3.5004627e-10,2.7601507e-10,8.0745893e-10,5.45675e-10,3.8132783e-10,8.844619e-10,3.093369e-10,1.1558993e-09,1.2209661e-09,6.147254e-10,1.061972e-09,1.0022649e-09,5.732975e-10,4.3548173e-10,4.807159e-10,1.0066253e-09,4.0839873e-10,9.471027e-10,1.0218769e-09,1.3242647e-09,3.1790232e-10,9.715545e-10,5.694353e-10,4.5333062e-10,2.2420099e-10,2.5996463e-10,2.429857e-10,2.6338043e-10,2.598764e-10,2.8534436e-10,2.7458888e-10,2.8563185e-10,2.716695e-10,2.4808933e-10,2.672241e-10,2.6947722e-10,2.6676988e-10,2.703761e-10,2.3491314e-10,2.5785402e-10,3.028693e-10,2.6310729e-10,2.6402122e-10
7.6186175e-11,7.227622e-11,7.608482e-11,7.554025e-11,8.114247e-11,7.2888404e-11,8.173661e-11,6.7954364e-11,7.3342755e-11,6.8972376e-11,8.052084e-11,7.181643e-11,7.210411e-11,7.952508e-11,7.7818134e-11,7.7955996e-11,7.7257034e-11,7.3164745e-11,6.567158e-11,7.9390654e-11,7.012712e-11,3.3595368e-10,2.3202357e-10,3.2083716e-10,1.0159901e-09,5.772916e-10,1.9198115e-10,7.323068e-10,1.437324e-10,5.053806e-10,1.9336292e-10,2.5735136e-10,3.657435e-10,2.747948e-10,1.6447317e-10,1.6769762e-10,2.6989644e-10,9.425086e-11,1.155601e-10,3.9211023e-10,3.5299225e-10,2.7023433e-10,1.9804054e-10,4.9797336e-11,7.146566e-11,8.1672565e-11,4.7941352e-11,7.865274e-07,7.736019e-05,1.1689822e-06,8.753139e-06,0.00026930164,1.9110848e-05,0.00044083304,1.4017389e-05,0.00012308551,3.4250617e-05,7.001954e-05,0.004367964,0.00024359814,0.014836348,0.00010192166,0.0054227477,0.1462997,0.0050628693,0.08309056,0.0006814999,0.16564532,0.019776419,0.018052444,0.37341228,0.008450104,0.08611754,0.0018098131,0.008231929,0.05374711,0.0004771729,0.0024094207,7.794508e-05,0.0004596888,0.0001403067,2.0719124e-05,4.642147e-06,1.2902436e-06,2.7797087e-10,6.409037e-11,3.725176e-11,1.16234765e-10,9.6706684e-11,5.617241e-11,1.7790679e-10,5.7699734e-11,2.2703425e-10,2.5087538e-10,2.2058493e-10,3.219719e-10,2.6238212e-10,2.112937e-10,1.734498e-10,1.7174716e-10,4.992051e-10,8.988936e-11,1.9100814e-10,6.209628e-10,2.6635952e-10,9.851799e-11,2.498787e-10,1.7140549e-10,1.4088518e-10,6.217849e-11,7.2833926e-11,6.956639e-11,7.918725e-11,7.2317874e-11,8.1062025e-11,7.749405e-11,8.4811096e-11,7.807771e-11,6.727781e-11,7.6955546e-11,7.342253e-11,7.6217276e-11,7.668287e-11,6.952434e-11,7.461719e-11,8.771049e-11,7.896433e-11,7.428348e-11
4.200303e-11,3.9669486e-11,4.1662333e-11,4.1460897e-11,4.3168715e-11,3.941675e-11,4.4285926e-11,3.9314635e-11,4.1203034e-11,3.7352e-11,4.3227297e-11,4.0378204e-11,3.7448086e-11,4.2792023e-11,4.1646842e-11,4.305401e-11,4.1590956e-11,4.0004958e-11,3.586021e-11,4.2783783e-11,3.975288e-11,2.0910144e-10,1.253178e-10,1.9252896e-10,5.748851e-10,2.381032e-10,9.845016e-11,4.6357748e-10,6.4385025e-11,2.680495e-10,1.01615404e-10,1.09308285e-10,1.456165e-10,1.2823335e-10,8.95611e-11,8.592431e-11,1.2769931e-10,5.1828743e-11,5.5387347e-11,2.08382e-10,1.2433164e-10,1.2963064e-10,1.2655241e-10,2.080733e-11,3.377376e-11,3.851497e-11,2.2941822e-11,5.692183e-07,7.063245e-05,6.3265384e-07,8.273531e-06,0.00021243507,1.179698e-05,0.00023884398,1.20100185e-05,6.7315865e-05,2.1486121e-05,3.6305562e-05,0.0018716771,0.0001818683,0.00967798,3.244725e-05,0.004393277,0.05742145,0.0034224,0.07149967,0.0009251736,0.14690374,0.0247824,0.028687984,0.37004015,0.01749799,0.15088099,0.0020118617,0.015533671,0.08701847,0.00091093866,0.004229949,0.0001419448,0.00092959654,0.00028553212,2.8123957e-05,8.859796e-06,1.5793503e-06,1.856852e-10,3.776808e-11,3.012312e-11,1.1007613e-10,6.2135685e-11,4.6991574e-11,1.2409e-10,4.187241e-11,1.7726791e-10,2.0291484e-10,1.8946816e-10,2.730049e-10,1.6758087e-10,1.4215108e-10,9.6710535e-11,1.3055743e-10,2.8114178e-10,5.823885e-11,1.7912229e-10,2.9983263e-10,1.9467808e-10,4.46199e-11,1.3270372e-10,1.0731887e-10,7.643548e-11,3.5583994e-11,3.8897538e-11,3.7205104e-11,4.145631e-11,3.9792405e-11,4.324536e-11,4.103653e-11,4.4542862e-11,4.3088182e-11,3.5984223e-11,4.1069415e-11,4.033656e-11,4.176545e-11,4.1760425e-11,3.8147808e-11,4.143276e-11,4.5499344e-11,4.2406086e-11,4.066099e-11
1.8127956e-10,1.7050539e-10,1.8138503e-10,1.6912816e-10,1.7405144e-10,1.7986608e-10,1.9034965e-10,1.764087e-10,1.767485e-10,1.5903642e-10,1.8029268e-10,1.8522345e-10,1.6010564e-10,1.8080923e-10,1.854571e-10,1.9227193e-10,1.7947234e-10,1.9205275e-10,1.6545122e-10,2.0332845e-10,1.9518506e-10,2.5898752e-09,2.590038e-09,3.0291474e-09,1.4367073e-08,4.116251e-09,2.867097e-09,1.7861465e-08,1.2361844e-09,8.884415e-09,4.158533e-09,3.4917182e-09,4.304975e-09,8.37952e-09,2.2498394e-09,2.1923505e-09,3.1549798e-09,1.3909005e-09,2.743003e-09,7.125469e-09,3.429915e-09,5.914256e-09,6.933682e-09,1.0519855e-09,1.4354193e-09,2.0087234e-09,1.4054022e-09,4.9233827e-06,0.0009531896,4.3505747e-06,0.00010093627,0.0006323572,0.00013580652,0.0024196778,0.000110746696,0.00053433055,0.00010100434,0.0007293413,0.009772392,0.0010217653,0.06996738,4.9424656e-05,0.009147174,0.03745246,0.0056882747,0.10068469,0.0012409803,0.07502506,0.020053972,0.0495355,0.2095821,0.011560173,0.3109211,0.0011919367,0.018480197,0.05129765,0.0006286539,0.007862926,0.00019228131,0.0017696841,0.0005347042,0.000516176,7.17462e-05,2.4689938e-05,6.9614705e-09,1.4753765e-09,1.5499135e-09,4.5762545e-09,2.3277968e-09,1.9502813e-09,4.7753814e-09,8.665089e-10,4.9925153e-09,1.2215641e-08,2.3063886e-09,5.224981e-09,5.391055e-09,2.4184121e-09,2.872072e-09,2.7225187e-09,3.1034315e-09,1.6838534e-09,5.5930904e-09,3.4810654e-09,2.1000228e-09,9.57177e-10,1.2240776e-09,1.0299277e-09,4.2413192e-10,1.6036938e-10,1.6702421e-10,1.60204e-10,1.7902924e-10,1.7832243e-10,2.012972e-10,1.8831152e-10,1.9884693e-10,1.7744299e-10,1.699547e-10,1.8853363e-10,1.7412216e-10,1.8543268e-10,1.7342777e-10,1.6928177e-10,1.7666729e-10,1.9792931e-10,1.950734e-10,1.8148055e-10
6.326745e-11,5.3777614e-11,5.933425e-11,5.7232646e-11,6.114876e-11,6.0308876e-11,6.5002684e-11,5.773458e-11,5.917185e-11,5.0747306e-11,6.3353184e-11,6.087343e-11,5.1872524e-11,5.886049e-11,6.424587e-11,6.317195e-11,6.0953596e-11,5.8414475e-11,5.0248774e-11,6.584711e-11,6.535014e-11,8.0378265e-10,1.5433441e-09,9.525494e-10,5.345064e-09,1.4119798e-09,1.0279164e-09,7.795868e-09,5.386644e-10,3.3410552e-09,1.6688133e-09,2.192543e-09,1.1985124e-09,2.3917281e-09,1.0428817e-09,9.980575e-10,1.2223397e-09,4.9663e-10,1.0357551e-09,3.5482686e-09,1.6854763e-09,2.9973541e-09,2.1353936e-09,2.9932903e-10,6.4896677e-10,7.8476325e-10,4.6547236e-10,3.4011425e-06,0.00047445053,3.6510444e-06,4.6014015e-05,0.00031400562,5.7911886e-05,0.0012214212,7.1710914e-05,0.0002941736,4.8578426e-05,0.00030497022,0.003669845,0.0009345894,0.035598364,6.862511e-05,0.0063288105,0.028408313,0.010321782,0.09383689,0.004623697,0.1824551,0.023550376,0.079539314,0.2353521,0.01837894,0.20919298,0.0010950529,0.009640326,0.04469143,0.0009379074,0.006734353,0.00012218615,0.001044952,0.00029524163,0.000298047,2.5031417e-05,1.5406415e-05,2.0478383e-09,6.1024236e-10,6.038868e-10,1.526458e-09,9.677972e-10,6.2658734e-10,1.659279e-09,3.4730063e-10,9.190872e-10,2.8051133e-09,1.01089e-09,1.1057103e-09,1.275007e-09,7.8802265e-10,5.988308e-10,6.749667e-10,7.3552864e-10,8.8153224e-10,2.0462336e-09,1.3507248e-09,1.0776746e-09,4.772948e-10,4.712863e-10,3.1326602e-10,1.4458439e-10,5.2072076e-11,5.8538056e-11,5.4471854e-11,5.851349e-11,6.140425e-11,6.5338554e-11,6.408689e-11,6.495448e-11,6.2455506e-11,5.7392795e-11,6.529047e-11,5.936674e-11,6.139511e-11,5.6830818e-11,5.772732e-11,5.6514432e-11,6.5990324e-11,6.3454166e-11,5.6435905e-11
3.195685e-11,2.7480775e-11,2.9070529e-11,2.908489e-11,3.0587456e-11,2.8959456e-11,3.2216153e-11,2.9744537e-11,2.8908848e-11,2.753865e-11,3.1418947e-11,3.0350118e-11,2.6085804e-11,3.103289e-11,3.0719472e-11,3.3277433e-11,3.100284e-11,3.106179e-11,2.5124205e-11,3.4025806e-11,3.1166e-11,3.6164383e-10,4.0262496e-10,3.0816671e-10,2.1594668e-09,4.447837e-10,6.0108113e-10,1.6471186e-09,2.0060288e-10,1.3368929e-09,8.0511814e-10,4.2064155e-10,5.1841736e-10,5.5678245e-10,3.0033356e-10,2.6903452e-10,2.8635186e-10,1.0058321e-10,3.08953e-10,7.0665174e-10,4.2422055e-10,7.649315e-10,8.395619e-10,8.561856e-11,1.9225967e-10,1.7527492e-10,1.0681448e-10,8.323046e-07,0.00017843286,1.3674895e-06,1.8590259e-05,0.00013553734,3.5304496e-05,0.00032300036,4.4636858e-05,9.728113e-05,1.775049e-05,0.00013261093,0.0017338293,8.917608e-05,0.00876988,1.4303675e-05,0.0023297537,0.014627027,0.0019306852,0.021409985,0.0007830528,0.090571314,0.019569146,0.08392141,0.33754554,0.0102037685,0.31295484,0.001184027,0.027786864,0.05298019,0.00075654464,0.008016224,0.00019886518,0.0012572778,0.00020401739,0.0001637806,1.1093999e-05,2.0114237e-06,4.819506e-10,1.1796615e-10,1.0142122e-10,3.4813993e-10,1.9192843e-10,1.5339448e-10,7.4405465e-10,7.1308674e-11,3.4984862e-10,1.0430516e-09,3.2624098e-10,4.3155493e-10,3.0784478e-10,2.4178504e-10,2.5020347e-10,1.5850453e-10,3.1435987e-10,1.0123027e-10,5.044262e-10,2.9748465e-10,2.7601976e-10,1.3390998e-10,2.7824723e-10,1.6280494e-10,7.451024e-11,2.6044838e-11,3.0361175e-11,2.8204727e-11,3.1070504e-11,2.9428522e-11,3.434858e-11,3.149238e-11,3.4416584e-11,3.0093376e-11,2.8722092e-11,3.3379396e-11,3.0154393e-11,2.9386958e-11,2.974085e-11,2.8372476e-11,2.9305124e-11,3.3980017e-11,3.0533246e-11,2.9126472e-11
1.36376e-10,1.251275e-10,1.3498681e-10,1.318161e-10,1.4182293e-10,1.4334833e-10,1.4825882e-10,1.2927888e-10,1.3381352e-10,1.2833155e-10,1.4777407e-10,1.4326033e-10,1.3286693e-10,1.5128478e-10,1.3656444e-10,1.412412e-10,1.4507184e-10,1.4434429e-10,1.169627e-10,1.5473776e-10,1.3844753e-10,1.6648257e-09,2.0063675e-09,1.738789e-09,1.4078839e-08,3.1193996e-09,1.3066319e-09,5.543986e-09,1.2005387e-09,6.560144e-09,1.666783e-09,1.2338329e-09,1.5483497e-09,2.1863569e-09,7.0971956e-10,9.95122e-10,8.575168e-10,3.896471e-10,6.404558e-10,2.3222302e-09,1.5724867e-09,1.4488581e-09,1.465881e-09,2.391794e-10,4.1897777e-10,4.667932e-10,3.215651e-10,4.857726e-06,0.0010671248,1.2045355e-05,8.3324696e-05,0.00035341116,0.00011646996,0.0011821596,4.5086395e-05,0.00019205324,2.0689336e-05,0.00013063375,0.0022908011,0.0004470263,0.013362527,6.711469e-05,0.0033269983,0.01335089,0.006897607,0.049605805,0.0014185414,0.15050854,0.025653938,0.069145136,0.27164987,0.031209193,0.2563368,0.0044978885,0.033052064,0.038843144,0.003054212,0.018265009,0.0007045435,0.002268675,0.0003586262,0.00041219516,3.998557e-05,2.4969126e-05,1.482374e-09,4.8617665e-10,4.1175272e-10,7.844021e-10,6.955119e-10,4.3635903e-10,1.4901413e-09,3.1175898e-10,7.883062e-10,2.6165967e-09,7.7891416e-10,1.4995359e-09,8.9483165e-10,7.168074e-10,8.007751e-10,3.6241113e-10,1.4159461e-09,4.2696768e-10,1.7920552e-09,1.3519379e-09,4.1802634e-10,4.806555e-10,9.969363e-10,5.37246e-10,2.9370117e-10,1.1740704e-10,1.3284182e-10,1.2949208e-10,1.3829182e-10,1.2481621e-10,1.5436752e-10,1.454381e-10,1.5768259e-10,1.3678447e-10,1.3386227e-10,1.3947166e-10,1.4146821e-10,1.4825768e-10,1.3525227e-10,1.2489908e-10,1.3232544e-10,1.6154018e-10,1.3807096e-10,1.3167538e-10
1.8569155e-10,1.7098781e-10,1.8209925e-10,1.7926649e-10,1.920049e-10,1.9646183e-10,1.9474974e-10,1.8374709e-10,1.7822836e-10,1.6247542e-10,2.0513019e-10,1.8787147e-10,1.7533001e-10,1.9267e-10,1.9173556e-10,1.9383661e-10,1.8812248e-10,1.92198e-10,1.515342e-10,2.1013014e-10,1.8699166e-10,2.7120668e-09,3.674672e-09,2.5978126e-09,1.8440524e-08,3.7879935e-09,2.2835147e-09,1.2948472e-08,1.493401e-09,6.0274243e-09,3.0144696e-09,3.4514096e-09,3.1625373e-09,4.793773e-09,2.5600555e-09,1.8563074e-09,2.7990539e-09,1.2939232e-09,2.4401912e-09,6.102581e-09,3.9734043e-09,4.2921133e-09,3.521799e-09,7.197812e-10,1.0606153e-09,1.3124457e-09,9.908598e-10,5.9524923e-06,0.0009767032,9.3675335e-06,8.6427855e-05,0.00073743984,0.00011561795,0.0020641265,0.000116476986,0.00044451395,0.00013541778,0.00040443358,0.0076120766,0.0013573935,0.043567587,0.00016206583,0.0072608762,0.05318781,0.012816325,0.11677575,0.004202622,0.12936696,0.030251663,0.046376903,0.23436189,0.017684074,0.18973269,0.0021603347,0.012899463,0.06715171,0.0018468617,0.011075676,0.00054903654,0.0030878347,0.00081139867,0.00051980146,5.7961697e-05,2.6621867e-05,6.1617045e-09,1.3056943e-09,1.4923276e-09,2.7807752e-09,2.1455933e-09,1.7419046e-09,5.0411666e-09,1.1419137e-09,4.2987662e-09,7.696587e-09,3.3629992e-09,4.2860107e-09,4.0496633e-09,3.1946388e-09,2.077832e-09,1.5936942e-09,3.5251324e-09,2.0088895e-09,6.2908843e-09,3.878282e-09,3.2422436e-09,1.0420054e-09,1.6909899e-09,8.268844e-10,4.7334775e-10,1.5538536e-10,1.8312082e-10,1.7335745e-10,1.801474e-10,1.7680832e-10,1.9801065e-10,2.0090951e-10,2.0592676e-10,1.9050125e-10,1.7611565e-10,1.9333518e-10,1.8543565e-10,1.9492886e-10,1.8191977e-10,1.6659608e-10,1.779824e-10,2.0824449e-10,1.904148e-10,1.7729121e-10
1.9386438e-10,1.8328855e-10,1.9027213e-10,1.8549756e-10,2.0244939e-10,1.8809844e-10,2.0660819e-10,1.7935542e-10,1.8390946e-10,1.7692134e-10,2.0649314e-10,1.9232267e-10,1.797623e-10,2.0547127e-10,1.9487943e-10,2.0140872e-10,1.9720596e-10,1.944035e-10,1.612215e-10,2.1331996e-10,1.8472718e-10,2.2846434e-09,1.4657959e-09,1.5136875e-09,6.26103e-09,1.8662336e-09,1.0786457e-09,4.2291184e-09,6.949002e-10,2.826458e-09,1.1592084e-09,1.6124987e-09,1.5921326e-09,1.82983e-09,1.1524602e-09,9.984638e-10,1.1844099e-09,5.378249e-10,1.1212934e-09,2.415537e-09,1.8321491e-09,1.5334741e-09,1.5970172e-09,3.2067313e-10,4.503254e-10,4.9098203e-10,4.1667358e-10,2.7787646e-06,0.00039283742,3.751563e-06,5.025662e-05,0.00046263242,8.7777764e-05,0.0010318873,0.000103489234,0.0005000394,7.2800234e-05,0.00037312965,0.009706274,0.0012863382,0.05802759,0.00019386108,0.01486376,0.11045714,0.013593201,0.11949326,0.0024320928,0.1498694,0.015703969,0.034640733,0.23885366,0.015937654,0.14587794,0.0016239019,0.013138418,0.044302344,0.00089925964,0.0040321397,0.00026294446,0.0013804595,0.00021699218,0.000102343176,1.8104864e-05,4.7646563e-06,2.1490216e-09,4.2636597e-10,4.1297543e-10,9.485974e-10,7.858032e-10,5.9165484e-10,2.1916788e-09,5.1662963e-10,2.0843895e-09,2.93406e-09,2.1664466e-09,2.8660931e-09,2.8149978e-09,2.06734e-09,1.5148776e-09,1.0913959e-09,3.0374114e-09,6.619045e-10,2.3426034e-09,4.1069295e-09,1.5904785e-09,4.968947e-10,1.1621262e-09,6.9616174e-10,4.744623e-10,1.5867539e-10,1.8606668e-10,1.7182114e-10,1.9546538e-10,1.7351724e-10,2.0118489e-10,1.9938294e-10,2.1404462e-10,1.9366996e-10,1.8039084e-10,1.9874885e-10,1.8046688e-10,2.0535763e-10,1.8497043e-10,1.7882766e-10,1.8512679e-10,2.2001675e-10,2.0237798e-10,1.8107098e-10
4.2158062e-11,4.1888507e-11,4.320871e-11,3.8228407e-11,4.0683686e-11,4.229514e-11,4.507776e-11,4.0300617e-11,4.1252852e-11,3.9078206e-11,4.2961603e-11,4.52985e-11,3.996145e-11,4.336873e-11,4.2956524e-11,4.2783253e-11,4.4187005e-11,4.3854007e-11,3.7591968e-11,4.6574022e-11,4.449943e-11,9.690031e-10,8.038437e-10,1.260852e-09,4.8608437e-09,1.661169e-09,5.4994576e-10,3.3977487e-09,3.454151e-10,2.3169484e-09,1.211449e-09,1.3047571e-09,1.2477728e-09,2.3591518e-09,6.866178e-10,8.5625373e-10,1.1345315e-09,6.3039324e-10,1.34503e-09,2.504693e-09,1.0756823e-09,1.5284883e-09,2.027055e-09,4.95383e-10,5.1381377e-10,6.070474e-10,4.12672e-10,1.4303189e-06,0.0003771576,1.7283866e-06,5.1988114e-05,0.00030609735,5.636936e-05,0.0010145494,8.917275e-05,0.0005278274,0.00010625173,0.00067922135,0.016140964,0.0011275631,0.120707326,0.00014628067,0.017354198,0.04531129,0.0056092795,0.12430871,0.0021703849,0.12641034,0.022612477,0.039731283,0.1476032,0.006556192,0.26484826,0.0013822321,0.013814425,0.035968434,0.00031696612,0.003076124,0.00012901021,0.0010666841,0.00022443308,0.00013671545,2.8263561e-05,7.1321897e-06,2.4061315e-09,5.2641597e-10,5.039449e-10,1.3760181e-09,7.7954604e-10,5.634976e-10,1.7250774e-09,3.820758e-10,1.877951e-09,2.7627187e-09,7.1973666e-10,1.3034885e-09,1.6616634e-09,9.678763e-10,9.036996e-10,7.2459766e-10,9.578162e-10,4.8324156e-10,2.1112156e-09,1.7280314e-09,8.590297e-10,2.6596275e-10,3.8801046e-10,2.48107e-10,9.4502774e-11,3.758638e-11,3.9252036e-11,3.6601718e-11,4.3535144e-11,3.88482e-11,4.5581386e-11,4.3220087e-11,4.803173e-11,4.1366317e-11,4.145367e-11,4.328972e-11,4.0570394e-11,4.3760093e-11,4.0157738e-11,3.9017505e-11,3.982259e-11,4.5564e-11,4.5510845e-11,4.0593768e-11
2.3895781e-11,2.3004819e-11,2.4370245e-11,2.3062415e-11,2.4487802e-11,2.422089e-11,2.4410949e-11,2.3287183e-11,2.3521542e-11,2.442553e-11,2.5156505e-11,2.4396799e-11,2.182777e-11,2.5593534e-11,2.310345e-11,2.4012056e-11,2.4699217e-11,2.4318518e-11,2.0014858e-11,2.5719985e-11,2.3514904e-11,4.913546e-10,4.942657e-10,4.8413196e-10,1.1950542e-09,3.7958373e-10,3.4402198e-10,2.0306503e-09,2.2188779e-10,7.4370926e-10,4.2047676e-10,5.758472e-10,4.7938137e-10,7.9986134e-10,3.1927228e-10,3.7234985e-10,4.4356338e-10,1.6656612e-10,2.1021862e-10,9.132979e-10,2.4006896e-10,4.8728077e-10,4.2233345e-10,6.2735e-11,1.3690019e-10,1.5629363e-10,9.509551e-11,1.3120441e-06,0.0004460973,9.407514e-07,6.293846e-05,0.00045656323,7.135284e-05,0.0018228017,0.00015563106,0.0008664721,0.0001225125,0.0009827685,0.018972855,0.0032062652,0.24914058,0.00061697315,0.036152065,0.21769312,0.021055898,0.08708619,0.0044728033,0.1159478,0.012929804,0.026751136,0.09576582,0.011411429,0.066572934,0.00062776875,0.0063732397,0.01823059,0.00023853255,0.0011925587,7.610871e-05,0.000355652,8.2010076e-05,4.8333048e-05,8.421763e-06,1.6681764e-06,5.956027e-10,1.2002412e-10,1.0132214e-10,2.7988215e-10,2.1165573e-10,2.0116404e-10,5.8927596e-10,1.09259865e-10,3.8729997e-10,6.958667e-10,4.1953624e-10,8.670944e-10,7.066012e-10,3.3835268e-10,3.4632364e-10,2.9523242e-10,4.2496767e-10,1.6595376e-10,7.1528233e-10,4.1653667e-10,4.2476023e-10,1.04706674e-10,1.9508907e-10,1.0161884e-10,5.1310747e-11,2.1626489e-11,2.3139657e-11,2.0676447e-11,2.384952e-11,2.2033316e-11,2.5362804e-11,2.4982072e-11,2.5980662e-11,2.407245e-11,2.2538964e-11,2.4801564e-11,2.2630415e-11,2.570194e-11,2.3483975e-11,2.2132466e-11,2.2960283e-11,2.7564164e-11,2.5882237e-11,2.3510464e-11
8.5069694e-12,8.582165e-12,8.661478e-12,7.9358724e-12,8.002112e-12,8.414181e-12,8.69556e-12,8.228442e-12,8.61674e-12,7.845198e-12,8.397843e-12,8.987497e-12,7.951933e-12,8.183757e-12,9.0804924e-12,8.600747e-12,8.8647475e-12,8.428219e-12,7.2363972e-12,9.406914e-12,8.865509e-12,2.832752e-10,2.6772784e-10,4.760872e-10,9.98301e-10,3.6263184e-10,2.5870545e-10,1.1683416e-09,1.09661724e-10,7.415376e-10,4.5516507e-10,6.048538e-10,4.3670642e-10,8.731184e-10,2.5596664e-10,3.6727474e-10,3.5355513e-10,1.9194761e-10,4.4573947e-10,9.188171e-10,2.747887e-10,6.5261596e-10,6.6816236e-10,1.5240596e-10,1.7727822e-10,2.2138803e-10,1.3850225e-10,6.90156e-07,0.00014390035,4.131577e-07,3.1503198e-05,0.00017592526,1.907823e-05,0.0007124107,0.00010133715,0.00066845154,6.369832e-05,0.0009834784,0.020691501,0.0017184906,0.25804576,0.00021464392,0.03986359,0.09359351,0.0061329184,0.16223073,0.0021017478,0.12933363,0.013775115,0.031759746,0.11110898,0.004889841,0.1017172,0.0002662224,0.007094807,0.011306263,4.4806937e-05,0.0009669548,1.624156e-05,0.00017033285,3.495903e-05,1.5026776e-05,4.444898e-06,1.5982494e-06,5.8497107e-10,1.525895e-10,1.6077885e-10,4.2245818e-10,1.9301374e-10,1.630406e-10,5.145914e-10,9.2024076e-11,4.602222e-10,8.889172e-10,1.772407e-10,3.87161e-10,5.573715e-10,2.1390895e-10,4.065655e-10,2.6276392e-10,2.896131e-10,1.8224365e-10,6.7442474e-10,5.061025e-10,3.5959438e-10,1.2662088e-10,1.5897787e-10,6.3300504e-11,2.0395095e-11,7.793252e-12,7.892279e-12,7.4015065e-12,8.981688e-12,7.603637e-12,9.071283e-12,8.733824e-12,9.281674e-12,8.317596e-12,8.256269e-12,8.9606066e-12,7.8738144e-12,8.490645e-12,7.776592e-12,7.943475e-12,7.832713e-12,8.964711e-12,9.478704e-12,8.153375e-12
5.7112713e-12,5.4316664e-12,5.609604e-12,5.4860686e-12,5.806668e-12,5.3084737e-12,5.831886e-12,5.3929543e-12,5.4489954e-12,5.708527e-12,5.66915e-12,5.871822e-12,5.216892e-12,5.78189e-12,5.954469e-12,5.89604e-12,5.7067745e-12,5.4961127e-12,4.7923688e-12,6.105135e-12,5.4998874e-12,8.364159e-11,5.5569997e-11,1.0340618e-10,2.1009612e-10,7.051178e-11,4.0168736e-11,1.697009e-10,2.6593297e-11,1.0890895e-10,4.8653335e-11,8.263875e-11,5.631981e-11,9.010202e-11,3.4050866e-11,6.510983e-11,3.6693048e-11,2.1241127e-11,3.518406e-11,1.1608941e-10,4.2681334e-11,6.0323885e-11,5.449777e-11,1.3235763e-11,1.7507367e-11,2.2945677e-11,1.3203665e-11,1.7735411e-07,1.9447765e-05,1.4656315e-07,5.254005e-06,0.00014522532,6.625306e-06,0.00017771992,1.8815404e-05,0.00015552879,1.5705753e-05,0.00013592807,0.0078956075,0.00054323825,0.06310759,0.00014458576,0.01954836,0.31738997,0.004440787,0.109853745,0.0013675882,0.17122252,0.009535483,0.015050859,0.21032818,0.004482515,0.039955005,0.0002625401,0.0038028012,0.019825086,4.0900573e-05,0.0004333738,1.0846621e-05,6.330505e-05,1.1043224e-05,2.6791204e-06,5.782876e-07,2.0221239e-07,4.3504065e-11,1.4671934e-11,1.6280328e-11,3.8676565e-11,2.4040948e-11,2.0098537e-11,6.5627496e-11,1.7546613e-11,4.7404695e-11,1.0564054e-10,5.736428e-11,6.465343e-11,5.73738e-11,3.0131855e-11,5.2200393e-11,3.322625e-11,3.6509372e-11,1.7540223e-11,6.786214e-11,8.63085e-11,4.6664412e-11,2.0656202e-11,3.301091e-11,1.7811242e-11,9.1366e-12,4.9605337e-12,5.244767e-12,5.039324e-12,6.034019e-12,5.2356418e-12,5.674819e-12,5.7396314e-12,6.28476e-12,5.8819664e-12,5.1603825e-12,5.787606e-12,5.37924e-12,5.6517573e-12,5.348762e-12,5.24888e-12,5.355642e-12,5.994535e-12,6.0722113e-12,5.1805604e-12
1.7090536e-11,1.5960058e-11,1.6884468e-11,1.7401507e-11,1.6849657e-11,1.6429913e-11,1.730506e-11,1.7441581e-11,1.6748216e-11,1.59178e-11,1.8547214e-11,1.7699968e-11,1.5429826e-11,1.7412665e-11,1.741924e-11,1.8048242e-11,1.7176417e-11,1.6345023e-11,1.3917263e-11,1.815929e-11,1.735603e-11,1.4897714e-10,1.8856122e-10,2.1675711e-10,1.3711497e-09,2.1049493e-10,1.368484e-10,1.1933404e-09,8.693339e-11,3.025028e-10,1.4234e-10,2.393359e-10,1.4001407e-10,2.9038077e-10,1.3181584e-10,1.2424212e-10,1.2845228e-10,5.9108864e-11,1.2868623e-10,4.1899936e-10,1.6700502e-10,3.0040415e-10,1.7820366e-10,3.7841872e-11,6.93813e-11,8.540754e-11,5.362987e-11,5.5837825e-07,7.305142e-05,5.6573936e-07,1.8043203e-05,0.00028303982,3.6917678e-05,0.0006002508,4.6116562e-05,0.00020048865,5.1500007e-05,0.00027081577,0.0052319225,0.0009864595,0.042290363,9.180764e-05,0.010836257,0.1282805,0.014450772,0.14438348,0.0061693834,0.14776425,0.03320176,0.058106117,0.22715709,0.010583817,0.09932189,0.0010046143,0.007313131,0.05873823,0.00031607025,0.0017112704,3.2571068e-05,0.0002522187,0.000142456,4.634702e-05,4.0203577e-06,1.7893717e-06,3.527642e-10,8.618977e-11,1.13309445e-10,2.3990265e-10,1.8674445e-10,1.3525871e-10,2.9635888e-10,6.611349e-11,1.4019577e-10,3.9783876e-10,1.8014203e-10,1.4955392e-10,1.986838e-10,1.3588708e-10,8.31314e-11,6.9298504e-11,8.21256e-11,8.3775105e-11,2.3232123e-10,1.4100245e-10,2.1524431e-10,5.760519e-11,7.858153e-11,4.9411995e-11,3.3247502e-11,1.44461275e-11,1.6847473e-11,1.566026e-11,1.7357421e-11,1.6639447e-11,1.8134577e-11,1.8261616e-11,1.8465604e-11,1.7268395e-11,1.5646049e-11,1.762249e-11,1.6834624e-11,1.704093e-11,1.5944112e-11,1.459886e-11,1.6483339e-11,1.707568e-11,1.7104559e-11,1.5400013e-11
9.064586e-11,8.201598e-11,9.015204e-11,9.1802746e-11,8.161602e-11,8.528882e-11,9.114534e-11,9.356787e-11,8.5389085e-11,8.0294306e-11,9.147816e-11,9.265892e-11,7.9401846e-11,8.842521e-11,9.1698975e-11,9.6008826e-11,9.110901e-11,8.1940454e-11,7.418279e-11,9.437947e-11,9.1468916e-11,1.2698409e-09,1.5229633e-09,1.0552439e-09,9.651052e-09,9.514932e-10,1.0522693e-09,5.661972e-09,3.7036962e-10,1.7403738e-09,1.2236911e-09,1.1173438e-09,7.352794e-10,1.8763737e-09,7.303552e-10,5.639852e-10,9.0420726e-10,2.6541466e-10,6.6031197e-10,2.9166853e-09,9.167699e-10,1.3835513e-09,1.4861412e-09,1.7154839e-10,2.7403527e-10,3.92464e-10,3.505038e-10,1.2561502e-06,0.00024546558,2.267274e-06,4.9136837e-05,0.00048805744,0.00012899378,0.0011382656,0.0001807776,0.0004641126,5.0406004e-05,0.0010193422,0.005357449,0.0019667037,0.0881601,9.938759e-05,0.015893241,0.06608085,0.027426194,0.109175034,0.0102537405,0.11104296,0.011712351,0.07691365,0.24269976,0.019617744,0.14616272,0.0012139677,0.0132754715,0.04388825,0.00082779553,0.0032207337,9.637882e-05,0.00056907337,0.00018989721,0.00036561568,1.8302128e-05,4.5142965e-06,2.0506303e-09,4.487118e-10,6.762287e-10,1.1951643e-09,1.0152091e-09,6.0590394e-10,2.0389612e-09,2.1028893e-10,4.9624593e-10,2.426569e-09,7.59597e-10,7.3755907e-10,7.547013e-10,5.5916205e-10,3.2046465e-10,2.5083752e-10,4.220905e-10,3.524795e-10,1.0700966e-09,6.499235e-10,7.7786405e-10,2.8897776e-10,3.6856773e-10,2.4413305e-10,1.7801978e-10,7.227028e-11,8.193357e-11,8.021134e-11,9.169128e-11,8.402726e-11,9.61991e-11,9.1181854e-11,9.293042e-11,9.190243e-11,8.2534306e-11,9.1921366e-11,8.7148164e-11,8.75228e-11,8.2537296e-11,7.8145344e-11,8.554264e-11,8.8277254e-11,9.0339146e-11,7.653644e-11
1.3903897e-10,1.318606e-10,1.543051e-10,1.3968197e-10,1.4370286e-10,1.4255273e-10,1.5174804e-10,1.4169531e-10,1.42194e-10,1.3353713e-10,1.4447622e-10,1.505367e-10,1.4151759e-10,1.5092942e-10,1.3736881e-10,1.450046e-10,1.4951572e-10,1.3788384e-10,1.2674768e-10,1.4780283e-10,1.4051328e-10,7.0861306e-10,6.2939337e-10,7.035976e-10,4.079981e-09,1.1526106e-09,3.8065867e-10,2.3570415e-09,3.0279604e-10,1.5025651e-09,4.711458e-10,3.940266e-10,4.625012e-10,7.8589213e-10,2.1499197e-10,3.7194145e-10,3.157445e-10,1.493994e-10,1.3912706e-10,8.551778e-10,3.5815134e-10,4.0622275e-10,4.657971e-10,6.3361844e-11,1.3141369e-10,1.7799104e-10,9.908866e-11,3.172507e-06,0.0009925258,9.1022275e-06,0.00010335532,0.00055070035,0.00013385146,0.0011602425,4.9131148e-05,0.00013822639,2.5881509e-05,8.3014485e-05,0.001458821,0.0004008442,0.013324487,8.937252e-05,0.0036340435,0.016385663,0.0054366817,0.03952546,0.0011964984,0.13607083,0.022584645,0.05368383,0.3039002,0.043742735,0.2425246,0.009373427,0.03690525,0.051810633,0.0033663106,0.00826707,0.00080834917,0.0014476446,0.00035717775,0.0004293282,1.745668e-05,9.397273e-06,4.1187442e-10,1.5668396e-10,1.2896191e-10,2.096579e-10,1.9804743e-10,1.2087799e-10,4.285587e-10,5.810374e-11,2.2587762e-10,6.6949785e-10,3.0924202e-10,6.009862e-10,2.4556648e-10,2.672706e-10,1.7941817e-10,1.7786578e-10,3.3897707e-10,1.1078897e-10,6.779454e-10,5.3133137e-10,1.7794317e-10,1.457066e-10,3.2747927e-10,2.4010316e-10,2.076014e-10,1.2038215e-10,1.3593789e-10,1.3354885e-10,1.4482275e-10,1.2876013e-10,1.6581667e-10,1.5111577e-10,1.6531171e-10,1.4297834e-10,1.4172179e-10,1.4408957e-10,1.4245026e-10,1.5211782e-10,1.3522132e-10,1.27034e-10,1.4293608e-10,1.6171653e-10,1.4535408e-10,1.3748704e-10
2.3922636e-11,2.383669e-11,2.466936e-11,2.4001292e-11,2.4547702e-11,2.4714104e-11,2.4073455e-11,2.4182894e-11,2.3803386e-11,2.3423492e-11,2.5703552e-11,2.4656754e-11,2.3256728e-11,2.4131934e-11,2.4661646e-11,2.4899768e-11,2.3913559e-11,2.3247237e-11,2.1270052e-11,2.5640143e-11,2.243311e-11,8.4271465e-11,1.1960863e-10,1.4469663e-10,3.851981e-10,1.08610745e-10,9.871331e-11,3.1190903e-10,3.727368e-11,1.0804233e-10,5.4094867e-11,7.373373e-11,5.1800935e-11,1.172462e-10,4.777034e-11,7.0405e-11,8.8382975e-11,2.5172866e-11,4.243356e-11,1.3398034e-10,5.652153e-11,1.10831726e-10,7.222971e-11,1.8303015e-11,3.4598532e-11,4.1597743e-11,1.8375879e-11,2.89225e-07,5.5373155e-05,3.2028458e-07,1.2347353e-05,0.00011094193,1.3990062e-05,0.00019915952,1.595413e-05,6.425316e-05,1.2177646e-05,7.045378e-05,0.0010571015,0.00031939015,0.019146144,5.9629852e-05,0.008752625,0.09275577,0.015043842,0.15913792,0.005981234,0.20876947,0.030504292,0.0689346,0.16762507,0.03252003,0.12747046,0.0015798125,0.017562618,0.039109245,0.00081406086,0.0018190884,8.890315e-05,0.00027470544,8.681596e-05,2.8591377e-05,2.4191238e-06,8.901538e-07,1.218849e-10,2.5056988e-11,3.7507532e-11,6.559114e-11,5.2866052e-11,4.723524e-11,1.1731778e-10,2.5063392e-11,6.371465e-11,1.1871358e-10,7.5451465e-11,1.5076462e-10,1.2527537e-10,5.8109642e-11,5.332868e-11,5.1981957e-11,6.846989e-11,3.6780242e-11,1.2604305e-10,9.003563e-11,9.414458e-11,2.9954927e-11,6.4020414e-11,4.512585e-11,3.6531764e-11,2.1493949e-11,2.3423357e-11,2.19925e-11,2.5100038e-11,2.2751377e-11,2.5347419e-11,2.481987e-11,2.7062387e-11,2.4626065e-11,2.280651e-11,2.3910821e-11,2.3305928e-11,2.4990787e-11,2.3634822e-11,2.0490313e-11,2.4020024e-11,2.5053501e-11,2.4971919e-11,2.3116096e-11
7.4573845e-12,7.071803e-12,7.4857e-12,7.85381e-12,7.056201e-12,7.302887e-12,7.612653e-12,7.355826e-12,7.475413e-12,6.834984e-12,7.856431e-12,7.388476e-12,6.953751e-12,7.1454257e-12,7.6615814e-12,7.739411e-12,7.6738815e-12,6.934347e-12,6.4482417e-12,7.584855e-12,7.1169715e-12,4.7076683e-11,1.0055609e-10,8.2793945e-11,2.5811903e-10,6.8353136e-11,7.248601e-11,2.6067293e-10,3.8921713e-11,1.2043369e-10,4.605532e-11,6.896101e-11,4.6353546e-11,9.137488e-11,3.0685367e-11,4.8823418e-11,6.3376276e-11,1.8128506e-11,3.8659503e-11,1.2615133e-10,6.339526e-11,1.15326616e-10,6.2860175e-11,1.214727e-11,2.1731813e-11,3.1539608e-11,1.6151313e-11,2.4242016e-07,4.6504367e-05,2.3232755e-07,1.0859262e-05,7.7208344e-05,1.9057434e-05,0.00017852722,2.0353411e-05,5.5416236e-05,1.3300048e-05,9.5495416e-05,0.0011028672,0.00032137887,0.028580856,7.0255934e-05,0.00888911,0.13892758,0.028529778,0.18461584,0.009236438,0.21640344,0.04046238,0.090813786,0.13804497,0.01407482,0.06742873,0.00087265496,0.00560044,0.02374716,0.00055988645,0.00092651125,3.4901783e-05,0.00010705944,9.751579e-05,3.2858592e-05,1.0956561e-06,4.673529e-07,6.530269e-11,1.824899e-11,1.938213e-11,4.6965563e-11,3.5434704e-11,2.588777e-11,7.74869e-11,1.01120536e-11,2.3143897e-11,8.5100114e-11,3.0416506e-11,3.962614e-11,4.3679383e-11,2.1507324e-11,1.9653137e-11,2.4029974e-11,2.4202468e-11,2.0690968e-11,5.726858e-11,4.41769e-11,5.5418812e-11,2.297448e-11,2.7818428e-11,2.038472e-11,1.3623252e-11,6.5243514e-12,7.2112546e-12,6.698949e-12,7.617751e-12,7.144254e-12,7.76117e-12,7.679767e-12,7.972408e-12,7.369364e-12,7.1827843e-12,7.54234e-12,7.2476716e-12,7.509654e-12,7.032272e-12,6.2752446e-12,7.290555e-12,7.4441954e-12,7.359687e-12,6.7588986e-12
1.2114808e-10,1.0912965e-10,1.3476742e-10,1.2511395e-10,1.2188418e-10,1.2291701e-10,1.3089839e-10,1.1937454e-10,1.256247e-10,1.1226398e-10,1.2147247e-10,1.3384216e-10,1.2199723e-10,1.2996747e-10,1.2000508e-10,1.2547624e-10,1.3543018e-10,1.2034065e-10,1.1122475e-10,1.3022851e-10,1.2586264e-10,3.0991776e-09,2.671434e-09,3.166772e-09,1.339475e-08,5.266813e-09,1.1106751e-09,6.643719e-09,1.0283709e-09,7.95055e-09,2.0527415e-09,1.4539135e-09,1.610312e-09,4.5293613e-09,8.054551e-10,1.6001839e-09,9.16664e-10,4.2148915e-10,7.5545237e-10,3.443969e-09,1.397026e-09,2.387607e-09,1.8934707e-09,2.584396e-10,4.9914073e-10,7.4781986e-10,4.5566192e-10,7.1755258e-06,0.0016933869,1.5060045e-05,0.00020515783,0.00049978483,0.0001747705,0.0025673276,9.936683e-05,0.00028990224,3.952954e-05,0.00032241372,0.0030189513,0.001859695,0.06461353,0.00040392717,0.011840933,0.040336486,0.019390075,0.1215342,0.002833605,0.2664611,0.02451754,0.070850946,0.1501778,0.034190275,0.13142645,0.006073692,0.017845964,0.017021302,0.0017910636,0.0063038943,0.00033552013,0.00063904375,0.00017705472,0.0004123239,1.3167814e-05,1.7491764e-05,1.4474498e-09,6.7746475e-10,4.309153e-10,7.5296375e-10,8.556773e-10,4.1658818e-10,1.500163e-09,1.619385e-10,4.7684334e-10,2.3516937e-09,5.8347893e-10,1.182082e-09,7.0300493e-10,7.0898376e-10,5.565811e-10,4.4665602e-10,7.818183e-10,5.110613e-10,1.8169986e-09,1.6879981e-09,5.0044674e-10,5.1691795e-10,7.3346196e-10,4.1117598e-10,2.5518423e-10,1.02704144e-10,1.17834e-10,1.159293e-10,1.2977869e-10,1.1031542e-10,1.4335304e-10,1.3272967e-10,1.392928e-10,1.2412325e-10,1.2839206e-10,1.2634223e-10,1.2444851e-10,1.339443e-10,1.13679226e-10,1.1432721e-10,1.231982e-10,1.4224451e-10,1.235295e-10,1.13089246e-10
6.452941e-11,6.02893e-11,6.855128e-11,6.710317e-11,6.432248e-11,6.0011655e-11,7.1348295e-11,6.729594e-11,6.39972e-11,6.3183125e-11,6.539874e-11,6.532817e-11,6.286949e-11,6.583277e-11,6.71991e-11,6.881315e-11,7.379054e-11,6.522322e-11,5.6607503e-11,6.7902836e-11,6.497241e-11,3.8211143e-10,4.71895e-10,3.7874387e-10,1.4322054e-09,8.6861357e-10,5.6039673e-10,1.0730713e-09,2.4224353e-10,1.2016796e-09,6.29145e-10,2.4006333e-10,4.1632994e-10,5.692357e-10,1.4159833e-10,2.4468613e-10,2.3189449e-10,1.222117e-10,2.5347813e-10,4.0454962e-10,3.2645714e-10,8.2964347e-10,4.519503e-10,8.463291e-11,1.7815238e-10,1.7235006e-10,5.91979e-11,1.466658e-06,0.0005062413,2.8963882e-06,7.69534e-05,0.00022382963,0.00010727707,0.0005547354,4.656807e-05,0.00013510328,0.00010501194,0.00019672507,0.002116357,0.00018666654,0.02968681,0.00027236802,0.007076659,0.06914081,0.007389563,0.036081113,0.0010977128,0.29943305,0.067555524,0.08365817,0.16890496,0.009563161,0.14236891,0.004790045,0.01907011,0.041804537,0.0010573871,0.0056831157,0.00015630544,0.0005448031,0.00024178106,0.00015963115,2.4288274e-06,1.1865415e-06,2.5478053e-10,1.3189382e-10,7.1049944e-11,2.1594505e-10,2.0117584e-10,8.401033e-11,3.7526002e-10,3.118897e-11,1.9214427e-10,6.0995814e-10,1.093115e-10,1.5663287e-10,1.4339924e-10,1.8461672e-10,1.4338691e-10,1.6845009e-10,1.9048509e-10,6.95261e-11,2.5498376e-10,3.7864928e-10,2.292711e-10,1.0598673e-10,2.1366586e-10,1.745284e-10,1.2577982e-10,5.6646816e-11,6.792045e-11,6.460576e-11,6.6623776e-11,5.987149e-11,7.458976e-11,7.046597e-11,7.4079076e-11,6.497948e-11,6.565808e-11,7.269061e-11,6.653793e-11,6.2305085e-11,6.3439004e-11,5.856494e-11,6.956483e-11,7.327805e-11,6.188499e-11,6.451759e-11
1.7344158e-10,1.6360188e-10,1.9050939e-10,1.7878958e-10,1.8143269e-10,1.8332644e-10,1.8680821e-10,1.7583114e-10,1.7840193e-10,1.7003632e-10,1.8415246e-10,1.8760592e-10,1.8020835e-10,2.0232176e-10,1.7896257e-10,1.7585462e-10,2.0037619e-10,1.8445195e-10,1.5893081e-10,1.9436765e-10,1.7161525e-10,2.4530304e-09,2.656297e-09,2.8226559e-09,9.647801e-09,3.4817078e-09,1.0980805e-09,4.5003477e-09,1.0623086e-09,8.014433e-09,1.1213795e-09,7.5319473e-10,1.002032e-09,2.7891858e-09,5.1151466e-10,8.088495e-10,7.5001505e-10,3.4782743e-10,4.7188414e-10,1.9035329e-09,1.0677974e-09,1.8427447e-09,1.1294097e-09,1.9111572e-10,3.712079e-10,4.6287713e-10,2.5855884e-10,8.703813e-06,0.0023626513,1.2707334e-05,0.0001391304,0.00047359444,0.00021181093,0.0017172383,5.718041e-05,0.00026647263,3.2538122e-05,0.0002778034,0.0025447204,0.0010879306,0.052921075,0.00037746417,0.009369198,0.04400424,0.028186271,0.083463594,0.0017881863,0.24958523,0.02936261,0.07710752,0.14599507,0.03599154,0.1553082,0.009114059,0.03128582,0.02079709,0.002949759,0.011125619,0.00044780606,0.0009188454,0.00024016845,0.00042633663,1.8043134e-05,2.3648276e-05,1.4651989e-09,7.756066e-10,4.490571e-10,6.64327e-10,1.019055e-09,3.9125342e-10,1.0862318e-09,2.2635979e-10,4.5632018e-10,2.3419617e-09,4.8417226e-10,1.4480487e-09,7.986687e-10,7.6028156e-10,7.3439543e-10,3.3521258e-10,1.0291339e-09,3.8243653e-10,1.2401654e-09,1.1545731e-09,2.6599054e-10,5.071411e-10,9.660298e-10,5.0739263e-10,3.7095949e-10,1.5087676e-10,1.7615609e-10,1.676401e-10,1.8358888e-10,1.5523556e-10,2.063468e-10,1.890766e-10,2.004534e-10,1.7215422e-10,1.8160233e-10,1.8324708e-10,1.7675315e-10,1.9967268e-10,1.693637e-10,1.6116534e-10,1.7906773e-10,2.0549334e-10,1.7735866e-10,1.7477224e-10
2.0163437e-11,1.9685307e-11,2.1298987e-11,2.0991705e-11,2.0704254e-11,2.1670285e-11,2.0875517e-11,2.0907316e-11,2.0293189e-11,1.9069942e-11,2.2506384e-11,2.12117e-11,2.010215e-11,2.1193016e-11,2.1451792e-11,2.1117963e-11,2.1813936e-11,1.9965049e-11,1.7939992e-11,2.122546e-11,1.9653681e-11,1.3945384e-10,2.536207e-10,2.9736563e-10,7.459306e-10,2.8470726e-10,1.2511366e-10,6.327866e-10,1.1062427e-10,3.388297e-10,9.395886e-11,1.3713215e-10,1.0779466e-10,3.025437e-10,1.1310948e-10,1.3353789e-10,1.2812877e-10,5.462893e-11,1.1719539e-10,2.7196093e-10,1.7409847e-10,3.2073325e-10,1.2916597e-10,3.201097e-11,5.742648e-11,8.3617537e-11,3.210967e-11,8.460384e-07,0.0001666763,7.866146e-07,1.901093e-05,0.00016049127,1.9624282e-05,0.00047014895,1.4805487e-05,6.8762696e-05,4.0499912e-05,9.2227085e-05,0.0019557918,0.0004953399,0.04058869,0.0003150966,0.00918867,0.1684738,0.022737576,0.2728064,0.0044600875,0.1803526,0.05774648,0.038234845,0.1105757,0.0071040173,0.050837506,0.0017789925,0.0044620936,0.02467154,0.0004565048,0.0012948347,4.501795e-05,0.00019092047,0.00013529047,3.4455057e-05,2.1392639e-06,1.7274598e-06,1.7396505e-10,5.5145985e-11,6.843278e-11,1.167387e-10,1.3251057e-10,8.960694e-11,2.0676441e-10,4.4460973e-11,1.0617974e-10,2.6997732e-10,1.1890751e-10,1.326666e-10,1.6737012e-10,1.0077565e-10,9.699619e-11,7.450159e-11,8.444327e-11,7.758119e-11,2.0240588e-10,1.5076052e-10,1.4538318e-10,4.9453195e-11,7.90697e-11,4.8059293e-11,3.962973e-11,1.7565874e-11,2.0733814e-11,1.8717831e-11,2.0510203e-11,1.9225376e-11,2.1625939e-11,2.1975758e-11,2.2196838e-11,2.020224e-11,1.9922597e-11,2.0973057e-11,2.0805477e-11,2.199358e-11,1.9702663e-11,1.7704593e-11,2.0009652e-11,2.1578968e-11,2.0606156e-11,1.979057e-11
3.0901594e-11,2.9438518e-11,3.2385206e-11,3.0516655e-11,3.354029e-11,3.0564773e-11,3.306177e-11,2.9054342e-11,3.051782e-11,3.017718e-11,3.2002234e-11,3.1325904e-11,2.981804e-11,3.3281433e-11,3.22901e-11,3.2428414e-11,3.2532928e-11,3.0797916e-11,2.6884769e-11,3.2394167e-11,2.8573088e-11,2.2156235e-10,1.6655548e-10,1.4986083e-10,2.9542196e-10,2.3237123e-10,7.323051e-11,3.5578931e-10,6.4652575e-11,2.493241e-10,7.286255e-11,1.2152616e-10,1.2010737e-10,2.1865053e-10,7.9257816e-11,9.339958e-11,7.871726e-11,4.4286276e-11,7.3644556e-11,2.0603291e-10,1.5802668e-10,1.5143746e-10,1.1869901e-10,2.5103178e-11,3.6115635e-11,4.354865e-11,2.725834e-11,6.049241e-07,0.00012494456,7.5631885e-07,2.0077376e-05,0.00027438527,6.1438994e-05,0.0006207172,5.6018944e-05,0.0002770872,4.5556804e-05,0.00033456626,0.0059506395,0.0010853873,0.09941562,0.00066011265,0.025845703,0.44412965,0.022967339,0.10683679,0.0017042283,0.12603535,0.009753544,0.012417251,0.08086875,0.004472338,0.03302136,0.001168317,0.0040193163,0.017025976,0.00019815602,0.0004342029,3.8842914e-05,9.7895936e-05,2.2075657e-05,1.3237408e-05,1.2470017e-06,5.50807e-07,1.1604028e-10,4.153793e-11,2.7207436e-11,6.270324e-11,7.538437e-11,3.8394912e-11,1.450458e-10,2.4277339e-11,7.751904e-11,1.7790679e-10,1.0291271e-10,1.3139985e-10,1.3983066e-10,1.3992191e-10,1.444522e-10,9.699412e-11,1.4831844e-10,3.53182e-11,1.2349244e-10,2.4016308e-10,5.477958e-11,4.442638e-11,8.0568316e-11,5.5014337e-11,5.2349465e-11,2.5427103e-11,2.9841938e-11,2.7455628e-11,3.2817807e-11,2.768374e-11,3.288429e-11,3.232023e-11,3.5028383e-11,3.0595627e-11,2.910337e-11,3.2332005e-11,2.918197e-11,3.3469037e-11,2.9368973e-11,2.885558e-11,3.0134156e-11,3.4913256e-11,3.296077e-11,2.98976e-11
9.910093e-10,8.961445e-10,1.0855973e-09,9.882535e-10,1.0355741e-09,1.0195694e-09,1.044696e-09,1.0111568e-09,1.0297204e-09,8.9721686e-10,1.0016894e-09,1.0119131e-09,9.19963e-10,1.0269039e-09,1.0638469e-09,1.044682e-09,1.0223269e-09,1.0290959e-09,8.8864005e-10,1.1233505e-09,1.0518016e-09,1.3924896e-08,1.0290003e-08,9.6718935e-09,1.9823949e-08,1.613041e-08,3.5744703e-09,4.5821384e-08,4.3544777e-09,2.6747927e-08,6.395097e-09,1.0653723e-08,6.778807e-09,1.9148615e-08,6.8965456e-09,5.734693e-09,7.4379662e-09,4.6244906e-09,5.890597e-09,1.8855088e-08,9.886065e-09,1.7578865e-08,1.1544651e-08,1.707868e-09,3.7239145e-09,4.9005986e-09,2.8805505e-09,2.1852156e-05,0.0032014318,1.7783339e-05,0.0003063307,0.0010072734,0.00055257336,0.0054509835,0.0002918084,0.0008723761,0.00025469827,0.00081127574,0.004996488,0.007146273,0.10397842,0.0010096123,0.024971124,0.04517958,0.03746058,0.069764934,0.008645861,0.17443666,0.03656455,0.08118307,0.12066653,0.06620733,0.11401404,0.006484875,0.019791706,0.043080118,0.00449688,0.009391915,0.0016000863,0.003629684,0.001050109,0.0013222088,8.3217674e-05,5.535879e-05,1.4904256e-08,4.6100213e-09,3.3637695e-09,5.819116e-09,6.650508e-09,3.3568923e-09,7.713444e-09,2.4214233e-09,8.940758e-09,1.4401901e-08,8.864009e-09,1.5270071e-08,7.537651e-09,7.627551e-09,4.1223123e-09,4.3587987e-09,4.6517203e-09,5.0625095e-09,1.2408302e-08,7.44948e-09,4.4405484e-09,2.2078872e-09,4.0077244e-09,2.3608733e-09,2.2689015e-09,8.530578e-10,9.858907e-10,8.746076e-10,9.931324e-10,9.254875e-10,1.0975835e-09,1.0750638e-09,1.1264143e-09,1.0811999e-09,9.871626e-10,1.045992e-09,1.0144446e-09,1.0537897e-09,9.977613e-10,9.565044e-10,1.0399365e-09,1.1508086e-09,9.852366e-10,9.720417e-10
1.2556486e-10,1.2073866e-10,1.2885307e-10,1.204741e-10,1.3687303e-10,1.2121583e-10,1.2924666e-10,1.11995836e-10,1.1961458e-10,1.2331602e-10,1.2703118e-10,1.270714e-10,1.1755458e-10,1.3579467e-10,1.2894674e-10,1.286944e-10,1.2774722e-10,1.2359906e-10,1.1041166e-10,1.3077116e-10,1.2031705e-10,7.6891404e-10,4.1783207e-10,4.337893e-10,7.854491e-10,5.581227e-10,1.9203593e-10,1.4893724e-09,1.4402428e-10,7.1085665e-10,2.2037193e-10,4.0703044e-10,3.3732295e-10,5.8893096e-10,3.0378833e-10,2.66403e-10,2.3696814e-10,1.231111e-10,2.0620769e-10,7.1554973e-10,4.4178522e-10,3.660447e-10,2.9970382e-10,5.4152585e-11,9.468177e-11,9.725598e-11,1.01012816e-10,1.6615777e-06,0.00025288577,1.6591217e-06,4.90385e-05,0.0005168679,0.00034668387,0.0011369451,0.00021791342,0.001012177,8.5223895e-05,0.0017083437,0.0096860435,0.004269445,0.12305296,0.0006498637,0.050102916,0.28402653,0.06021786,0.06867275,0.0036123926,0.13390867,0.010135294,0.02904547,0.09138709,0.019057015,0.06422791,0.0018291018,0.00991805,0.028105829,0.001302543,0.00073762,0.00019492062,0.00036366476,6.9394526e-05,8.690702e-05,8.865191e-06,1.5569486e-06,3.7685036e-10,1.11287805e-10,1.0037346e-10,2.2301046e-10,2.3176505e-10,8.900554e-11,3.6004955e-10,6.521281e-11,2.0253114e-10,4.733105e-10,3.1763836e-10,5.016692e-10,4.2486714e-10,4.771683e-10,2.8673586e-10,2.5499994e-10,4.5751528e-10,9.293905e-11,3.416718e-10,6.9652395e-10,1.2920254e-10,1.2220663e-10,2.7298597e-10,2.0558874e-10,1.9574321e-10,1.01617666e-10,1.1268493e-10,1.10339446e-10,1.310036e-10,1.14316334e-10,1.3302041e-10,1.235399e-10,1.3911097e-10,1.2309655e-10,1.1453502e-10,1.3205474e-10,1.1491994e-10,1.3234346e-10,1.197584e-10,1.1680248e-10,1.1672922e-10,1.4036577e-10,1.352147e-10,1.188219e-10
2.3097966e-11,2.0663773e-11,2.3575284e-11,2.1618513e-11,2.4006862e-11,2.14893e-11,2.3688647e-11,2.0599512e-11,2.200478e-11,2.2119914e-11,2.2715675e-11,2.3272289e-11,2.0712309e-11,2.4333762e-11,2.3109775e-11,2.3390125e-11,2.2698092e-11,2.2744593e-11,1.9814702e-11,2.3108673e-11,2.1457601e-11,2.678099e-10,1.720173e-10,2.447425e-10,3.9067247e-10,2.0159559e-10,8.4879076e-11,6.256529e-10,5.272655e-11,3.698065e-10,1.14361166e-10,1.8440338e-10,1.4253775e-10,2.7713926e-10,1.05637346e-10,1.1597104e-10,1.0954585e-10,5.527192e-11,1.2066237e-10,4.3949963e-10,2.0659133e-10,2.5264058e-10,2.1989267e-10,2.964808e-11,4.9766864e-11,5.8019457e-11,4.36417e-11,9.679815e-07,0.00022022998,6.9389955e-07,3.483614e-05,0.00042676498,0.0002210348,0.00082729047,0.00022290068,0.0007825483,5.6284345e-05,0.0014929692,0.00791541,0.0030900366,0.18429846,0.00045352036,0.055007093,0.36095506,0.050106015,0.07713349,0.0034210682,0.114959024,0.005020896,0.020876883,0.051352784,0.008112203,0.032996967,0.00044398988,0.0033905483,0.015309657,0.00033087388,0.00030113873,4.902878e-05,0.000122066194,3.1762313e-05,3.165602e-05,3.1120287e-06,6.8243065e-07,1.7372263e-10,4.972056e-11,5.684031e-11,1.2869503e-10,1.1880118e-10,4.4817882e-11,1.7019886e-10,3.3827153e-11,1.1040609e-10,2.9313083e-10,1.4284829e-10,2.389044e-10,1.9249305e-10,1.9898146e-10,1.2850321e-10,1.1408512e-10,2.0500084e-10,4.35318e-11,1.9932866e-10,3.3077494e-10,6.6150814e-11,5.1672517e-11,7.966933e-11,6.750237e-11,3.858219e-11,1.875192e-11,2.053028e-11,1.9090356e-11,2.2706101e-11,2.0709266e-11,2.413965e-11,2.2371265e-11,2.4705179e-11,2.2406025e-11,2.1312882e-11,2.3685665e-11,2.0492644e-11,2.447844e-11,2.1087493e-11,2.1026686e-11,2.1963311e-11,2.4554242e-11,2.3899634e-11,2.1428971e-11
3.3109795e-10,2.794332e-10,3.3411707e-10,3.2231834e-10,3.0381633e-10,3.167039e-10,3.169819e-10,3.1200148e-10,3.329033e-10,2.947015e-10,3.1963318e-10,3.2475464e-10,2.9423872e-10,3.382948e-10,2.9642486e-10,3.2647374e-10,3.228635e-10,3.0050826e-10,2.796598e-10,3.2941233e-10,3.236243e-10,9.586267e-10,1.0257567e-09,2.0804773e-09,4.1039385e-09,1.5018221e-09,4.862839e-10,7.896891e-09,5.0216736e-10,2.5298683e-09,7.1898126e-10,1.1531265e-09,6.7163847e-10,2.0458446e-09,5.7997e-10,6.565055e-10,8.061953e-10,2.981782e-10,7.703369e-10,2.7903815e-09,1.0323495e-09,1.8533465e-09,1.0312811e-09,1.6546398e-10,5.334279e-10,3.8913586e-10,2.8570096e-10,4.243666e-06,0.0010371611,3.7934085e-06,8.163783e-05,0.0005363062,0.000496846,0.0018042686,0.00016148158,0.00043259287,0.00022091628,0.0006208864,0.0021902889,0.0038254655,0.06703617,0.00034025725,0.016128939,0.053759847,0.056892313,0.06943567,0.0077736583,0.18796955,0.044713456,0.09001122,0.0923125,0.040881664,0.16501985,0.005952644,0.015438705,0.06236135,0.0060852324,0.0029284258,0.00037492675,0.0014332423,0.0011560573,0.00054715824,1.9125995e-05,1.2147858e-05,1.8591245e-09,4.285854e-10,6.603888e-10,8.9738467e-10,1.6030873e-09,5.968392e-10,1.2978806e-09,2.9989844e-10,8.415802e-10,1.9187762e-09,1.0715673e-09,1.3186311e-09,1.7424665e-09,8.654955e-10,3.6179418e-10,3.804044e-10,5.3983523e-10,3.876557e-10,9.804955e-10,8.013262e-10,5.909815e-10,2.0389564e-10,2.7208374e-10,3.802586e-10,4.0307205e-10,2.5683247e-10,3.0371206e-10,2.8624314e-10,3.0635341e-10,3.143718e-10,3.4060751e-10,3.3578318e-10,3.369772e-10,3.160082e-10,3.0377345e-10,3.125298e-10,3.1215386e-10,3.2860403e-10,2.9895267e-10,2.688821e-10,3.0809613e-10,3.313911e-10,3.117148e-10,2.9999112e-10
9.84201e-13,9.715666e-13,1.0875137e-12,1.1305118e-12,1.0574576e-12,1.0914787e-12,1.1292921e-12,1.0030769e-12,1.0730208e-12,1.0185194e-12,1.0973694e-12,1.1653752e-12,1.0634406e-12,1.1579836e-12,1.0861581e-12,1.0491724e-12,1.0899101e-12,1.0592461e-12,1.0011922e-12,1.1960324e-12,1.1313014e-12,1.3864438e-11,6.117134e-12,1.5767625e-11,2.6997885e-11,1.7790274e-11,4.269503e-12,2.6573342e-11,7.0199398e-12,2.4236781e-11,1.6084564e-11,1.5483604e-11,1.4637397e-11,6.4397244e-11,1.8237117e-11,1.0901019e-11,1.4373518e-11,7.884365e-12,1.602216e-11,6.929034e-11,1.7203046e-11,3.268889e-11,3.5818137e-11,9.453607e-12,1.6788135e-11,2.4378837e-11,1.0023238e-11,5.9284783e-08,9.002726e-06,1.5522772e-07,1.7006187e-06,9.402279e-06,3.824327e-06,4.9024966e-05,5.7600964e-06,1.9199899e-05,6.7948207e-07,3.6020832e-05,7.329094e-05,5.238267e-05,0.0011700543,4.4644107e-06,0.0008555229,0.0011091854,0.00054032874,0.027281478,0.002913196,0.18172084,0.006147438,0.13058436,0.38549748,0.09544513,0.15255842,0.0006017596,0.008712054,0.0027265672,0.0001538243,0.0015771681,4.6999965e-05,8.513256e-05,4.6653445e-06,2.8572035e-06,4.3106766e-07,1.2629329e-07,2.8168943e-11,8.112886e-12,7.2127786e-12,2.3429432e-11,6.84948e-12,1.4995722e-11,2.9080311e-11,1.08571945e-11,9.616042e-12,1.3533043e-11,1.1343269e-11,2.6718697e-11,2.246492e-11,7.106293e-12,4.5937715e-12,1.30273665e-11,7.836718e-12,9.938031e-12,4.6038794e-11,1.3759535e-11,9.524229e-12,1.4262533e-11,1.052199e-11,5.0321245e-12,2.5343876e-12,9.534075e-13,9.87631e-13,9.478771e-13,1.2265319e-12,1.0231574e-12,1.2355766e-12,1.108612e-12,1.3329733e-12,1.0419253e-12,9.890864e-13,1.0389843e-12,1.1588099e-12,1.132532e-12,1.0774465e-12,1.0291661e-12,9.493392e-13,1.1196236e-12,1.0705554e-12,1.1114617e-12
1.6479161e-10,1.4563183e-10,1.567736e-10,1.6058904e-10,1.6144468e-10,1.5310192e-10,1.6569207e-10,1.6246156e-10,1.6107435e-10,1.4872072e-10,1.6165974e-10,1.6218601e-10,1.40045e-10,1.7033233e-10,1.6210933e-10,1.7515965e-10,1.7065685e-10,1.7215222e-10,1.3625481e-10,1.7507447e-10,1.6655835e-10,1.3990493e-09,1.9176427e-09,8.6401636e-10,3.811957e-09,1.7159764e-09,1.4594307e-09,5.415621e-09,7.275566e-10,3.66521e-09,2.0963076e-09,8.999801e-10,1.5263782e-09,1.9158513e-09,8.414087e-10,7.426653e-10,6.9818334e-10,2.8444289e-10,1.0272511e-09,2.0869404e-09,1.2713488e-09,3.4252512e-09,1.4243535e-09,2.4963248e-10,6.495173e-10,6.090778e-10,3.9451006e-10,2.812795e-06,0.00068319094,3.0743472e-06,0.0001530237,0.00043094764,0.0005218765,0.0016414504,0.00023265823,0.0006400418,9.417327e-05,0.0024823353,0.0043740734,0.0007983397,0.059902355,0.0002610073,0.015257926,0.05414409,0.021271678,0.029310334,0.0020245619,0.13766737,0.035798643,0.1913262,0.15166524,0.015772063,0.2205154,0.0025593592,0.025319288,0.019766286,0.0012689015,0.0022651723,0.00025801887,0.0007969932,0.00026024948,0.00052269886,6.7202895e-06,1.4240802e-06,9.465609e-10,4.67753e-10,2.9419897e-10,1.0897635e-09,8.780195e-10,4.466507e-10,1.913295e-09,1.8650731e-10,1.1325029e-09,3.955289e-09,9.891703e-10,1.0728295e-09,1.2310706e-09,1.2758622e-09,7.9699913e-10,6.258833e-10,9.509856e-10,2.474419e-10,1.4130751e-09,1.3710972e-09,8.4908114e-10,6.4430045e-10,1.2805503e-09,6.372534e-10,4.0787718e-10,1.3957754e-10,1.5702437e-10,1.5524797e-10,1.5977575e-10,1.5911945e-10,1.8633417e-10,1.7547264e-10,1.7872819e-10,1.5310338e-10,1.5147647e-10,1.8476919e-10,1.5746224e-10,1.5658443e-10,1.6167825e-10,1.5399106e-10,1.5621987e-10,1.7804971e-10,1.5241082e-10,1.6389075e-10
1.7281128e-10,1.3613853e-10,1.5673274e-10,1.6142693e-10,1.5324811e-10,1.5155431e-10,1.5867646e-10,1.6308323e-10,1.559589e-10,1.4861647e-10,1.6568744e-10,1.6229815e-10,1.3437779e-10,1.6963796e-10,1.6498734e-10,1.7937273e-10,1.6121153e-10,1.7011392e-10,1.3622214e-10,1.7696947e-10,1.6455741e-10,3.778704e-09,4.5770046e-09,1.501901e-09,1.0385388e-08,2.3788886e-09,3.6771588e-09,1.2653747e-08,1.4245448e-09,1.2796021e-08,5.550686e-09,2.541847e-09,3.5992191e-09,5.693068e-09,1.9906181e-09,2.053466e-09,2.1014612e-09,8.074041e-10,2.8696574e-09,5.7847727e-09,5.091333e-09,1.1206452e-08,6.4930252e-09,6.838666e-10,1.9773696e-09,1.867361e-09,1.1468043e-09,6.7730866e-06,0.0010022772,5.86278e-06,0.00012216922,0.0004583254,0.00057263364,0.0017160367,0.0004199802,0.00065169134,0.00014213892,0.0020869798,0.005426418,0.0011028238,0.078114,0.00018383692,0.014297219,0.056279853,0.02259196,0.031883582,0.0019737396,0.12297522,0.024555294,0.14941174,0.17941064,0.011242647,0.2279658,0.001540637,0.021413812,0.030910214,0.0015213119,0.0056517934,0.00041652992,0.0019253169,0.00060802203,0.0013854345,2.26209e-05,4.5151455e-06,4.0304267e-09,1.3692947e-09,1.059262e-09,3.338093e-09,3.075676e-09,1.4485964e-09,7.014303e-09,5.799496e-10,3.3410419e-09,1.2952045e-08,1.961379e-09,3.059177e-09,2.7546319e-09,2.22161e-09,1.776266e-09,9.1063634e-10,1.6293562e-09,6.991406e-10,2.613406e-09,2.5148559e-09,1.4313756e-09,1.0875237e-09,1.6272537e-09,8.3860396e-10,4.3078305e-10,1.3420542e-10,1.53884e-10,1.4274706e-10,1.6378211e-10,1.5811996e-10,1.7733134e-10,1.7195873e-10,1.7071232e-10,1.546036e-10,1.5349852e-10,1.853185e-10,1.5529072e-10,1.5697478e-10,1.5369012e-10,1.4825068e-10,1.5447715e-10,1.6959524e-10,1.5766762e-10,1.555967e-10
1.6744871e-11,1.4957334e-11,1.6989564e-11,1.7730286e-11,1.7287484e-11,1.7657997e-11,1.7287354e-11,1.6627305e-11,1.8209212e-11,1.538267e-11,1.7841523e-11,1.759023e-11,1.7047279e-11,1.9825077e-11,1.6777671e-11,1.7494402e-11,1.7395049e-11,1.8681643e-11,1.4204494e-11,2.0775433e-11,1.8211365e-11,5.711959e-10,3.9548229e-10,4.4363102e-10,2.377678e-09,4.8801835e-10,2.1219494e-10,1.8018174e-09,2.2832077e-10,1.4992281e-09,4.0265224e-10,6.159277e-10,4.974671e-10,1.4367862e-09,7.748456e-10,4.955438e-10,5.2790217e-10,2.3769467e-10,5.6438404e-10,2.177141e-09,1.1225402e-09,1.7235154e-09,1.1104105e-09,2.714134e-10,5.144169e-10,5.2867904e-10,3.6634853e-10,1.4359474e-06,0.00036216958,2.8865811e-06,2.3502553e-05,0.00013156488,3.5588186e-05,0.0008258218,4.7071924e-05,0.0001807767,8.955811e-06,0.00016542255,0.001984377,0.00026765672,0.022657786,5.151988e-05,0.0037822167,0.008512926,0.003544285,0.078839585,0.0033694154,0.18148285,0.008814741,0.09004705,0.26938125,0.015221678,0.28637245,0.000923787,0.009835232,0.009983148,0.00022133873,0.00210954,0.00010315977,0.0005920412,5.9487185e-05,4.6422472e-05,8.030586e-06,2.7856618e-06,1.6812445e-09,3.1156477e-10,2.7507194e-10,8.75096e-10,5.1530763e-10,5.151268e-10,1.5347578e-09,4.92799e-10,7.285057e-10,1.0071928e-09,5.0028365e-10,9.881227e-10,1.79643e-09,5.507268e-10,5.700096e-10,3.1888278e-10,3.1650801e-10,3.4345354e-10,1.9991262e-09,6.6696054e-10,3.3680733e-10,2.3080776e-10,3.7231856e-10,1.0438283e-10,6.089607e-11,1.4421496e-11,1.6473446e-11,1.5132463e-11,1.787412e-11,1.5823877e-11,1.8727842e-11,1.8671063e-11,2.0382578e-11,1.556287e-11,1.6315472e-11,1.7887558e-11,1.7119353e-11,1.948911e-11,1.683396e-11,1.528003e-11,1.4548056e-11,1.8360221e-11,1.657667e-11,1.6653331e-11
3.5846423e-10,3.089907e-10,3.467178e-10,3.4144274e-10,3.7056755e-10,3.465889e-10,3.549278e-10,3.6808093e-10,3.5415215e-10,3.3455902e-10,3.62781e-10,3.6784367e-10,3.1337685e-10,3.764455e-10,3.3861508e-10,3.8954062e-10,3.426771e-10,3.9176928e-10,2.927095e-10,3.8653208e-10,3.584656e-10,7.053095e-09,5.515191e-09,1.6747073e-09,2.534231e-08,5.5830984e-09,3.780106e-09,2.2402082e-08,1.6047458e-09,1.37689975e-08,5.4443494e-09,5.5111427e-09,4.615398e-09,6.8178903e-09,3.403142e-09,2.565061e-09,2.2941018e-09,1.0147931e-09,2.6221314e-09,7.284608e-09,4.0746437e-09,9.984989e-09,4.8948823e-09,8.8026114e-10,1.7695084e-09,1.5758247e-09,1.3999486e-09,4.748454e-06,0.0011513402,1.0574212e-05,0.00016737664,0.0005159902,0.00028316077,0.0022652333,0.0002364097,0.00049866084,5.4968554e-05,0.00058102875,0.0042125643,0.00070548285,0.032467924,0.0001955943,0.0074298442,0.022543168,0.009498136,0.02862124,0.0019792512,0.10183718,0.016189566,0.08947645,0.26637632,0.02398978,0.31559536,0.004472967,0.024836253,0.031151136,0.001557435,0.005799595,0.0006835368,0.0035342497,0.00032815104,0.00071408483,2.8469023e-05,6.5643944e-06,6.392342e-09,1.5879539e-09,9.860375e-10,3.975058e-09,2.6800469e-09,1.9239328e-09,7.928163e-09,1.3190489e-09,4.3076893e-09,8.639951e-09,4.940712e-09,6.4881416e-09,4.167685e-09,5.945717e-09,4.1107553e-09,1.7270709e-09,3.174989e-09,1.4159375e-09,1.1622911e-08,4.0349923e-09,2.98893e-09,2.16081e-09,6.482761e-09,1.9919797e-09,1.0303098e-09,2.9015035e-10,3.392085e-10,3.1808606e-10,3.5563932e-10,3.3748992e-10,4.0216594e-10,3.9147796e-10,4.0042006e-10,3.363114e-10,3.3766825e-10,3.8360895e-10,3.520328e-10,3.633662e-10,3.5710074e-10,3.39965e-10,3.3839165e-10,3.892621e-10,3.462909e-10,3.585107e-10
3.3793746e-10,2.710757e-10,3.0664452e-10,3.0410036e-10,3.158575e-10,3.0293615e-10,3.1442512e-10,3.137242e-10,3.0550842e-10,2.9207978e-10,3.2473538e-10,3.2540004e-10,2.729507e-10,3.315548e-10,3.0839065e-10,3.5804112e-10,3.0789107e-10,3.4871198e-10,2.6001262e-10,3.5149522e-10,3.2241604e-10,1.0323105e-08,8.273518e-09,3.056298e-09,3.2056576e-08,7.490598e-09,6.165831e-09,2.9893982e-08,2.3126938e-09,3.7036852e-08,1.467853e-08,1.0882389e-08,9.2157375e-09,1.13141665e-08,6.0722534e-09,5.5571308e-09,4.684155e-09,2.0623543e-09,7.1218866e-09,1.8537218e-08,1.1272036e-08,2.9012453e-08,1.7047897e-08,1.907213e-09,4.72155e-09,4.2085504e-09,3.2114578e-09,6.743173e-06,0.0010202028,1.133036e-05,0.00011864137,0.0004136917,0.00025854315,0.0015332507,0.00034928217,0.0006067713,7.422461e-05,0.0007284124,0.004808657,0.00091115484,0.041375745,0.00014690885,0.006658356,0.022731826,0.0106523475,0.025877208,0.0019091368,0.1235826,0.017656403,0.10291049,0.24409468,0.01982035,0.3028797,0.002983224,0.020800924,0.029608542,0.0015561235,0.008572489,0.0006427151,0.0031648926,0.00046890377,0.0010213398,3.3969154e-05,9.773885e-06,1.3119682e-08,3.1722878e-09,2.2518545e-09,7.0258763e-09,6.0678307e-09,3.3816783e-09,1.6642348e-08,2.0802864e-09,7.988635e-09,2.1636847e-08,6.7543486e-09,9.812386e-09,7.274054e-09,7.725502e-09,6.4546524e-09,2.0537263e-09,4.148071e-09,2.5988582e-09,1.5267508e-08,6.2840364e-09,3.8558e-09,2.7444125e-09,6.2514234e-09,2.0948114e-09,9.374403e-10,2.5052144e-10,3.0294484e-10,2.7439034e-10,3.2647304e-10,3.0630604e-10,3.3988126e-10,3.3530698e-10,3.5012687e-10,2.9911917e-10,3.009338e-10,3.444417e-10,3.063142e-10,3.1591835e-10,3.094937e-10,2.9633096e-10,2.98309e-10,3.357191e-10,3.086531e-10,3.0742806e-10
3.273647e-10,2.8325003e-10,3.2254274e-10,3.2481276e-10,3.2854755e-10,3.3029743e-10,3.1507225e-10,3.2523123e-10,3.3125958e-10,2.730293e-10,3.411425e-10,3.2874437e-10,2.9684571e-10,3.4567438e-10,3.3927366e-10,3.386672e-10,3.1842887e-10,3.5800146e-10,2.6516667e-10,3.6991205e-10,3.3197936e-10,6.3045764e-09,1.0993165e-08,5.0860263e-09,2.5747179e-08,6.5507852e-09,2.850919e-09,3.9556504e-08,3.0163325e-09,2.8555245e-08,4.4541535e-09,1.0723506e-08,5.878159e-09,1.5866704e-08,7.771538e-09,5.916674e-09,6.701005e-09,2.7076783e-09,7.754496e-09,2.7056867e-08,1.0142958e-08,2.2344633e-08,9.248701e-09,1.8005092e-09,3.6558798e-09,4.394166e-09,3.5309933e-09,1.1514066e-05,0.0019274969,7.5031576e-06,0.00012059971,0.00093740027,0.00027135506,0.0030312652,0.00029881814,0.000783795,0.00015556136,0.0012242243,0.013366815,0.0035044744,0.13411926,0.00035941572,0.014966169,0.08894186,0.041766778,0.116527446,0.007904666,0.13128972,0.021120783,0.06778409,0.17725532,0.015545742,0.11343252,0.0014494237,0.00732161,0.028647525,0.0009973322,0.0029065032,0.00018267988,0.00093741366,0.0004060242,0.000427807,4.8107227e-05,2.0476107e-05,2.0225077e-08,3.7134587e-09,4.981997e-09,7.784474e-09,1.039211e-08,5.057876e-09,1.3873304e-08,3.2946077e-09,7.031976e-09,2.1872319e-08,7.78293e-09,9.721661e-09,1.3262361e-08,6.8253945e-09,6.5633166e-09,2.9581269e-09,4.0384855e-09,6.070932e-09,1.6257259e-08,5.1728346e-09,3.4837573e-09,2.0532558e-09,3.1072886e-09,1.1449885e-09,9.485485e-10,2.549825e-10,3.0435043e-10,2.8753938e-10,3.0377859e-10,3.0062972e-10,3.2474526e-10,3.5486333e-10,3.4217082e-10,3.0986227e-10,3.1096348e-10,3.4127526e-10,3.2406833e-10,3.4280512e-10,3.0460362e-10,2.8447633e-10,2.968061e-10,3.3344846e-10,3.1901123e-10,3.0618333e-10
1.2391175e-09,1.1063863e-09,1.2387584e-09,1.1621886e-09,1.2952347e-09,1.1320792e-09,1.2570666e-09,1.1844147e-09,1.1789985e-09,1.1409931e-09,1.2752366e-09,1.2839888e-09,1.122674e-09,1.350252e-09,1.1899125e-09,1.3872615e-09,1.1264103e-09,1.3580469e-09,1.0437918e-09,1.4043721e-09,1.2207587e-09,1.1619631e-08,6.715339e-09,6.936308e-09,2.152395e-08,1.0606383e-08,2.3480928e-09,1.8935497e-08,2.8931382e-09,1.7317824e-08,4.9923488e-09,7.9543065e-09,6.639306e-09,9.423281e-09,5.177625e-09,4.56861e-09,4.6132507e-09,2.4750855e-09,5.03888e-09,1.13900205e-08,6.919513e-09,9.6786685e-09,6.9552524e-09,2.0591004e-09,4.0342925e-09,2.298837e-09,2.6957863e-09,9.89611e-06,0.0015078086,2.5070334e-05,0.00015582588,0.00084402395,0.00031695,0.0013147766,0.00015989601,0.00040708052,0.00010221562,0.00029245732,0.0033397367,0.00080223265,0.014546916,0.00024049221,0.0056060045,0.02070839,0.008529358,0.027761195,0.0017847092,0.07384913,0.013539394,0.051626682,0.28189886,0.048253026,0.3171839,0.010037912,0.041482773,0.055349067,0.0043745465,0.007962414,0.0009829544,0.0037422755,0.0005300215,0.0006560076,6.2547726e-05,1.3135007e-05,1.0404294e-08,2.3960223e-09,2.4388425e-09,4.93815e-09,3.579117e-09,2.558431e-09,8.014644e-09,2.1860143e-09,5.810289e-09,8.5397325e-09,7.3260193e-09,2.1472612e-08,7.473363e-09,1.1669516e-08,4.7755497e-09,2.3335247e-09,5.826625e-09,1.522955e-09,1.0343509e-08,8.071883e-09,2.898164e-09,1.6056244e-09,4.531553e-09,2.6181586e-09,2.483427e-09,1.0382641e-09,1.1846113e-09,1.0731404e-09,1.2614427e-09,1.127797e-09,1.3395858e-09,1.2731028e-09,1.404297e-09,1.1676634e-09,1.1708615e-09,1.2024861e-09,1.2692939e-09,1.3503498e-09,1.2774837e-09,1.1138862e-09,1.1644741e-09,1.4063662e-09,1.2361291e-09,1.1631599e-09
9.432592e-10,7.9191526e-10,8.397461e-10,8.5263674e-10,8.7815005e-10,8.183323e-10,8.970872e-10,8.731796e-10,8.3875684e-10,8.1677903e-10,9.226643e-10,8.640081e-10,7.658542e-10,9.1116553e-10,8.6655955e-10,9.562383e-10,8.656311e-10,9.566945e-10,7.0910766e-10,9.565265e-10,8.7488655e-10,1.7222037e-08,1.5418724e-08,7.2352715e-09,3.9728853e-08,1.572883e-08,9.467222e-09,4.717639e-08,5.8509033e-09,4.5507672e-08,2.6558418e-08,1.4126096e-08,2.5207669e-08,1.8652672e-08,1.1257473e-08,7.646257e-09,1.3101385e-08,6.527105e-09,1.8174386e-08,4.428778e-08,3.1354464e-08,6.135055e-08,3.1173066e-08,6.1171503e-09,1.3475951e-08,8.729635e-09,7.8539335e-09,1.4136239e-05,0.0017241932,1.45714575e-05,0.00020970785,0.0008741987,0.00096126465,0.0016797527,0.0005182712,0.0011392733,0.00023277497,0.0021284225,0.0063272235,0.0017013161,0.06954266,0.00024404288,0.01265817,0.05209337,0.02835036,0.03331117,0.0031121313,0.12881711,0.024245916,0.1305138,0.18521637,0.016638167,0.2440793,0.002319743,0.013761886,0.025562722,0.0023135592,0.0045485743,0.0004686211,0.0020938613,0.0007561296,0.0017858057,3.0624535e-05,9.888167e-06,2.3604972e-08,7.61119e-09,5.0344613e-09,1.6534432e-08,1.4589804e-08,6.144174e-09,2.9058599e-08,3.0252187e-09,2.1771276e-08,5.6277067e-08,1.5147863e-08,1.7109082e-08,1.3036176e-08,1.9993351e-08,8.405622e-09,5.8394205e-09,1.5994909e-08,4.400652e-09,2.1568667e-08,1.4986671e-08,9.538198e-09,5.068695e-09,8.655673e-09,3.6591679e-09,2.4232905e-09,7.137607e-10,8.521328e-10,7.932425e-10,8.768964e-10,8.2770213e-10,9.315962e-10,9.551738e-10,9.439828e-10,8.5118085e-10,8.187506e-10,9.743752e-10,8.5878665e-10,8.914295e-10,8.795614e-10,8.1345203e-10,8.672954e-10,9.661714e-10,8.293441e-10,8.676412e-10
9.383471e-10,8.447464e-10,9.810525e-10,9.2934516e-10,9.92632e-10,1.0373212e-09,9.928326e-10,9.284256e-10,9.938027e-10,9.0447605e-10,9.836044e-10,9.991015e-10,9.803343e-10,1.0825161e-09,9.636787e-10,9.584691e-10,9.780631e-10,1.0555454e-09,8.295269e-10,1.1244454e-09,1.0242157e-09,4.0614687e-08,5.6835795e-08,2.8635636e-08,1.081673e-07,5.9513432e-08,1.4386355e-08,7.9493e-08,2.2229937e-08,2.5028248e-07,2.4460629e-08,3.1971936e-08,2.573642e-08,7.1260324e-08,1.4273147e-08,1.95271e-08,1.9848759e-08,1.372816e-08,1.6102492e-08,8.7910884e-08,4.841491e-08,7.9033256e-08,4.4414804e-08,9.846692e-09,1.810117e-08,1.7689851e-08,1.8072708e-08,8.077161e-05,0.008254862,6.53627e-05,0.0004630997,0.0010395327,0.00062317,0.0067018233,0.00029894433,0.0015090129,0.00010775726,0.001241896,0.0082879765,0.004302256,0.13665326,0.0005681424,0.013878406,0.030781163,0.034109537,0.09979486,0.0027392115,0.20599422,0.0219982,0.07800055,0.10784338,0.03129898,0.15767743,0.002824024,0.013650594,0.011441253,0.00272615,0.010520272,0.0007098563,0.0019968157,0.0003978441,0.0009910685,0.00013390902,0.00029246914,7.735797e-08,2.3062677e-08,2.1106741e-08,2.8106099e-08,4.8935e-08,1.4380869e-08,3.5064573e-08,1.27554065e-08,2.2649022e-08,9.5016084e-08,1.7817479e-08,4.2726583e-08,2.8733789e-08,2.3424384e-08,3.3423706e-08,7.9798905e-09,2.5537208e-08,2.3476538e-08,5.597556e-08,3.6112425e-08,3.5117564e-09,1.14460255e-08,1.9569045e-08,4.78785e-09,2.8136604e-09,7.8516166e-10,9.031503e-10,8.499732e-10,9.503176e-10,8.52467e-10,1.0482644e-09,1.0825016e-09,1.0922411e-09,9.1790847e-10,9.722526e-10,1.0013299e-09,9.770228e-10,1.0754797e-09,9.298984e-10,9.0597296e-10,9.18637e-10,1.1465203e-09,9.46869e-10,9.564912e-10
5.951531e-10,5.0517507e-10,5.8929517e-10,5.442797e-10,5.955051e-10,6.1017613e-10,5.812622e-10,6.0084926e-10,5.7799193e-10,5.0708066e-10,6.234784e-10,6.0057764e-10,5.3906846e-10,6.169591e-10,6.095155e-10,6.2167227e-10,5.724667e-10,6.425229e-10,4.86013e-10,6.5418904e-10,6.0984107e-10,3.1029074e-08,3.9553786e-08,2.5735835e-08,1.0556673e-07,3.7872653e-08,1.154348e-08,1.1208621e-07,1.38511975e-08,9.662122e-08,2.5394264e-08,4.5003116e-08,3.1194514e-08,6.681903e-08,2.8050671e-08,2.0495083e-08,2.3456218e-08,1.4926353e-08,3.0531993e-08,9.19583e-08,5.1760342e-08,9.809394e-08,5.1202218e-08,1.14394565e-08,1.9438472e-08,2.0151912e-08,1.5458967e-08,3.4473826e-05,0.004534378,2.6683192e-05,0.00022336152,0.0013014921,0.00029914855,0.0037152688,0.00044938232,0.0011296857,0.00030348467,0.0010344288,0.010616286,0.0052058343,0.15332712,0.00055519526,0.011088741,0.047515932,0.037547804,0.14866184,0.007961779,0.15042089,0.029826492,0.057790387,0.123684935,0.02095308,0.14304279,0.002003905,0.0051237233,0.019532429,0.001708912,0.0049987207,0.0005691282,0.0024882362,0.0009814944,0.0011060684,0.00010521502,0.00012928431,9.0554884e-08,1.8022037e-08,2.3558806e-08,3.4292636e-08,4.149916e-08,2.0946644e-08,4.676666e-08,1.5377069e-08,4.7111342e-08,9.71212e-08,3.4210387e-08,4.3745743e-08,4.4272298e-08,4.2603464e-08,2.8846578e-08,1.495719e-08,2.2760492e-08,3.1890266e-08,7.749782e-08,3.8110112e-08,1.4656901e-08,8.568296e-09,1.2305022e-08,3.5471661e-09,1.9509256e-09,4.6350038e-10,5.6245525e-10,5.052723e-10,5.597476e-10,5.375058e-10,5.973469e-10,6.6035444e-10,6.169015e-10,5.63572e-10,5.7905125e-10,6.1032635e-10,5.905418e-10,6.524246e-10,5.6225785e-10,5.223724e-10,5.445787e-10,6.640375e-10,5.797718e-10,5.6622906e-10
6.757084e-10,6.601841e-10,7.0084544e-10,6.609854e-10,7.5808665e-10,6.7969874e-10,7.031565e-10,6.6246464e-10,6.909834e-10,6.7142264e-10,7.1037926e-10,7.0955597e-10,6.2619643e-10,7.403392e-10,6.6987865e-10,7.347011e-10,6.6711303e-10,7.321579e-10,5.8175204e-10,7.4272943e-10,6.723069e-10,1.677606e-08,7.775136e-09,6.3063164e-09,2.0960218e-08,8.975486e-09,3.34296e-09,1.9174216e-08,1.8092833e-09,1.2708748e-08,5.7777365e-09,7.99189e-09,6.0224092e-09,1.4667855e-08,6.8086297e-09,4.1840953e-09,4.254527e-09,2.7655922e-09,4.864349e-09,1.558386e-08,6.5946955e-09,9.158623e-09,8.981856e-09,1.5002976e-09,2.4323497e-09,2.2372366e-09,2.5800289e-09,6.7471556e-06,0.0009636526,6.673129e-06,0.00013897833,0.0009190582,0.0002275905,0.0012336653,0.00035902837,0.0013604295,8.640817e-05,0.0013181509,0.01376154,0.0035043298,0.148138,0.00039371918,0.03621099,0.122181684,0.023670532,0.11407619,0.0042168405,0.17047271,0.013070015,0.04316146,0.122791335,0.022115227,0.11257906,0.0016895637,0.011901848,0.023879172,0.0007606352,0.001981708,0.00052503427,0.0018400114,0.00020059713,0.00021010934,3.570491e-05,1.114833e-05,1.4909729e-08,2.1779625e-09,2.4963511e-09,6.4960592e-09,4.978849e-09,3.3094625e-09,1.3976478e-08,3.022406e-09,1.1751138e-08,1.7500565e-08,1.421012e-08,1.7280714e-08,1.2983503e-08,1.6845222e-08,1.2839831e-08,6.950974e-09,1.2851297e-08,3.1546485e-09,1.740755e-08,1.8011033e-08,4.5504116e-09,2.7817912e-09,8.639447e-09,3.1032827e-09,1.7228181e-09,5.740573e-10,6.644933e-10,5.933347e-10,7.172247e-10,6.026278e-10,7.3257556e-10,7.253954e-10,7.622958e-10,6.7837375e-10,6.483702e-10,7.069406e-10,6.3216804e-10,7.5947026e-10,6.808535e-10,6.622676e-10,6.829567e-10,7.894771e-10,7.4485174e-10,6.7690814e-10
8.843209e-11,7.44778e-11,8.758405e-11,8.061083e-11,8.515761e-11,8.542505e-11,8.5579654e-11,8.538106e-11,8.601512e-11,7.690488e-11,8.9515464e-11,9.172885e-11,7.424901e-11,8.362319e-11,8.93558e-11,9.19643e-11,8.299712e-11,9.154288e-11,7.562555e-11,9.5325615e-11,9.257675e-11,2.1824134e-09,2.6195504e-09,2.0953583e-09,4.282169e-09,2.3328022e-09,9.437642e-10,9.366631e-09,7.390613e-10,7.1762507e-09,2.314741e-09,4.195878e-09,1.9536925e-09,5.535401e-09,1.9396649e-09,1.7109094e-09,1.7378289e-09,9.556742e-10,2.256101e-09,7.027081e-09,3.9323655e-09,8.005243e-09,4.978301e-09,8.572427e-10,2.2229376e-09,1.9574076e-09,1.1232516e-09,5.029532e-06,0.00068685407,3.6102513e-06,7.087358e-05,0.00032018352,0.00010161461,0.00088472053,9.753541e-05,0.00035917005,3.54761e-05,0.00033564452,0.0025227244,0.0016180332,0.08497191,0.00012881443,0.01277329,0.028821811,0.024832496,0.15407649,0.005827534,0.20093219,0.016984543,0.091749355,0.120389216,0.025162045,0.19517034,0.0010045284,0.007193066,0.016710382,0.00093427824,0.003378155,0.00011515947,0.0012428925,0.00027151938,0.00024786853,1.9785799e-05,2.0794749e-05,6.3311347e-09,1.2241832e-09,1.760324e-09,2.8579583e-09,2.9823681e-09,1.5019733e-09,3.0431397e-09,9.151918e-10,2.1301099e-09,5.9237646e-09,2.468526e-09,3.4070435e-09,2.8216574e-09,2.7250706e-09,1.5488592e-09,1.0938004e-09,9.799772e-10,2.0953423e-09,5.1901887e-09,2.8029157e-09,9.950204e-10,6.358385e-10,8.958622e-10,4.1578269e-10,2.0248872e-10,7.2725326e-11,8.340703e-11,7.529825e-11,8.523039e-11,8.417303e-11,9.264529e-11,9.4457046e-11,9.3061295e-11,8.469918e-11,8.7130844e-11,9.049467e-11,8.6321304e-11,9.255272e-11,7.855507e-11,8.005067e-11,8.091153e-11,9.053715e-11,8.683023e-11,8.2094984e-11
4.271191e-09,3.7315573e-09,4.260191e-09,4.0639243e-09,4.3141513e-09,4.430641e-09,4.616339e-09,4.070953e-09,4.1901607e-09,3.9937444e-09,4.2522355e-09,4.4542134e-09,3.958744e-09,4.5780735e-09,4.3363677e-09,4.4084376e-09,4.303968e-09,4.4999156e-09,3.749608e-09,4.7510276e-09,4.7659303e-09,2.1838693e-07,1.9074332e-07,1.0235375e-07,3.5268647e-07,2.7970447e-07,7.623991e-08,3.0405678e-07,6.946001e-08,7.5278746e-07,1.158847e-07,1.8192908e-07,1.6625921e-07,3.2797834e-07,5.428631e-08,6.742523e-08,6.1112736e-08,6.3145336e-08,7.713388e-08,3.2142677e-07,1.4914755e-07,2.171616e-07,2.0646668e-07,4.0406228e-08,6.845634e-08,7.5715896e-08,8.0357694e-08,0.00022461935,0.013842475,0.000253982,0.0019238023,0.0028696791,0.0020384481,0.01778523,0.00096909923,0.0030190877,0.00019165715,0.0021258108,0.008392924,0.0107172225,0.1600967,0.0009264457,0.017552614,0.021327648,0.02477866,0.08397977,0.0029122024,0.11139908,0.013677685,0.06805073,0.103919014,0.047988903,0.22241622,0.0038807655,0.0147672715,0.0120372465,0.0037162765,0.012549935,0.0013180089,0.004082107,0.0005241307,0.0024561894,0.00035799237,0.0009234185,2.1187714e-07,8.4559225e-08,7.575995e-08,7.729383e-08,1.0518107e-07,6.641473e-08,1.3255593e-07,2.9701146e-08,6.457587e-08,2.6400994e-07,8.5059064e-08,1.4735062e-07,7.6065746e-08,8.832066e-08,6.854413e-08,3.555073e-08,5.8081962e-08,5.1248453e-08,1.5580524e-07,1.3079539e-07,9.455288e-09,4.56957e-08,6.091676e-08,1.9874035e-08,1.0508837e-08,3.6849197e-09,3.8418237e-09,3.873078e-09,4.2730974e-09,3.8876733e-09,4.830966e-09,4.7144324e-09,5.1063527e-09,4.2281507e-09,4.2739536e-09,4.5058073e-09,4.322313e-09,4.5762922e-09,4.198e-09,4.416416e-09,4.085865e-09,5.18194e-09,4.355067e-09,4.1901287e-09
1.1245945e-09,9.102103e-10,1.0089225e-09,9.953819e-10,1.0560316e-09,1.0062089e-09,1.058833e-09,1.0323303e-09,9.825403e-10,9.831532e-10,1.0828041e-09,1.03561e-09,9.0534147e-10,1.0999228e-09,1.003717e-09,1.1710493e-09,1.0385157e-09,1.1445069e-09,8.598635e-10,1.1304656e-09,1.0348281e-09,1.61837e-08,1.5100785e-08,7.630276e-09,4.470867e-08,2.0543002e-08,1.5464346e-08,6.473066e-08,5.2194586e-09,3.9906112e-08,3.179651e-08,1.5427345e-08,2.0349418e-08,2.1905944e-08,1.0755426e-08,9.938836e-09,9.465272e-09,5.1913016e-09,1.4320281e-08,3.495749e-08,2.0857357e-08,5.3331473e-08,3.2099607e-08,6.4216725e-09,1.07088365e-08,8.030866e-09,6.569935e-09,1.3892784e-05,0.0015730251,1.5585958e-05,0.00019026952,0.00067236944,0.0005162113,0.0011819361,0.0003741618,0.0006848792,0.0001414315,0.0011417904,0.0047936323,0.0017276582,0.0742646,0.00041851576,0.013342309,0.047253963,0.027706994,0.029608008,0.0034149515,0.15827923,0.030326536,0.1276292,0.13221924,0.020866364,0.26141003,0.0033180604,0.020812,0.02034714,0.0029924337,0.0057271793,0.0010886398,0.0032544949,0.00083176565,0.0018081613,3.7657148e-05,1.4741226e-05,2.080269e-08,5.981161e-09,4.7652144e-09,1.341425e-08,1.3300977e-08,6.191868e-09,2.8047802e-08,2.871873e-09,2.3862093e-08,5.4419452e-08,1.8306801e-08,1.7317827e-08,1.4375423e-08,2.1832946e-08,1.1868941e-08,7.1998656e-09,1.3440759e-08,3.4634926e-09,2.392056e-08,2.054755e-08,6.9734654e-09,4.52417e-09,1.1019203e-08,5.0540603e-09,2.5662266e-09,8.688584e-10,1.0562653e-09,9.442583e-10,1.0681558e-09,9.871461e-10,1.1615661e-09,1.1483291e-09,1.1959377e-09,1.0250805e-09,1.0020873e-09,1.139271e-09,1.021275e-09,1.02769e-09,1.0623042e-09,9.573298e-10,1.0267888e-09,1.2009324e-09,1.0094614e-09,1.0591582e-09
2.5954963e-09,2.3178577e-09,2.658618e-09,2.5172922e-09,2.6582632e-09,2.7514688e-09,2.7430638e-09,2.5378197e-09,2.643227e-09,2.4887055e-09,2.6738947e-09,2.6783815e-09,2.592112e-09,2.9727671e-09,2.6600382e-09,2.6634652e-09,2.708925e-09,2.9527683e-09,2.267635e-09,3.1195657e-09,2.8315528e-09,9.456779e-08,1.03064934e-07,5.9763174e-08,2.135614e-07,1.323938e-07,3.753934e-08,1.9327882e-07,3.947333e-08,4.2292942e-07,4.5988376e-08,5.9052493e-08,5.9194804e-08,1.2539742e-07,3.0191394e-08,4.617568e-08,3.432041e-08,2.7736693e-08,3.281004e-08,1.7233386e-07,8.172444e-08,1.4262528e-07,1.02169096e-07,2.3588187e-08,3.7005876e-08,3.7477886e-08,3.4455528e-08,0.00012768185,0.0090552615,0.00013200365,0.00063549174,0.0017582738,0.000725434,0.0070495945,0.0003756789,0.0012497767,0.000114807146,0.00072358566,0.0070556076,0.0037611215,0.096334636,0.00087620365,0.010047319,0.029200703,0.025972845,0.081102125,0.0028319666,0.1564747,0.02131421,0.07909947,0.14314249,0.03476794,0.22294526,0.00615933,0.018191393,0.01410046,0.0036040058,0.012866708,0.0014529221,0.0035642064,0.0006330088,0.0018840244,0.00022777864,0.00043816637,1.1639958e-07,4.7335572e-08,3.2625945e-08,4.367333e-08,7.0957796e-08,3.141343e-08,7.783772e-08,1.9665748e-08,4.07366e-08,1.6739494e-07,4.332123e-08,9.156702e-08,5.5853928e-08,6.530334e-08,5.1058617e-08,1.8702085e-08,3.9785807e-08,2.9863568e-08,1.06238446e-07,7.332036e-08,8.057087e-09,2.0852067e-08,3.785412e-08,1.1500417e-08,7.3026394e-09,2.2551996e-09,2.51496e-09,2.3714348e-09,2.6154139e-09,2.3785107e-09,2.8574865e-09,3.003395e-09,3.0542897e-09,2.5075835e-09,2.6009277e-09,2.692195e-09,2.7300566e-09,2.820605e-09,2.5818292e-09,2.449659e-09,2.464266e-09,3.2336362e-09,2.5770028e-09,2.5885352e-09
7.975682e-10,6.985152e-10,8.2333307e-10,7.628745e-10,8.307835e-10,8.492595e-10,8.2172663e-10,8.245008e-10,7.907473e-10,7.2282363e-10,8.6788804e-10,8.204862e-10,7.674074e-10,8.485778e-10,8.332862e-10,8.1624363e-10,8.2272555e-10,8.6174873e-10,6.8550665e-10,9.1079744e-10,8.403938e-10,2.3268157e-08,3.4766334e-08,2.1950157e-08,4.6276288e-08,3.1689115e-08,7.45941e-09,1.0130812e-07,1.0646866e-08,5.9325483e-08,1.770496e-08,2.8099214e-08,2.2465034e-08,5.3850023e-08,2.1425333e-08,1.6014116e-08,1.6189075e-08,1.40406e-08,2.291983e-08,4.9624113e-08,3.0781415e-08,7.308149e-08,3.8103757e-08,1.0441573e-08,1.6594814e-08,1.7267103e-08,1.1070376e-08,2.7910812e-05,0.0022199384,2.3915332e-05,0.00021192772,0.0012706899,0.0002098872,0.0050491896,0.00031990395,0.00089491386,0.00052998174,0.0010506558,0.015739642,0.003430845,0.19898514,0.0015614653,0.012673364,0.08596589,0.024488518,0.18114749,0.006408002,0.13219577,0.03857982,0.034444027,0.101638116,0.008718902,0.11072136,0.0020109694,0.0037845995,0.017668849,0.0009297009,0.0035417438,0.00033975684,0.0017048875,0.00075496547,0.00058333983,8.40816e-05,8.839636e-05,6.034518e-08,1.8864776e-08,1.5685394e-08,2.2859275e-08,2.684004e-08,1.7762257e-08,3.5700186e-08,1.0119181e-08,3.579073e-08,6.6250436e-08,2.94187e-08,2.6143985e-08,3.506388e-08,3.4156763e-08,2.0138565e-08,1.5228782e-08,1.3641777e-08,2.6857862e-08,5.547766e-08,2.6930085e-08,1.36413085e-08,6.138132e-09,1.1237526e-08,3.311223e-09,2.2539577e-09,6.7518907e-10,7.897872e-10,7.2451584e-10,7.77777e-10,7.4052686e-10,8.466136e-10,9.464024e-10,8.790385e-10,7.9398754e-10,7.820537e-10,8.281335e-10,8.561554e-10,8.58245e-10,7.7161977e-10,7.3030415e-10,7.7478607e-10,9.1347496e-10,8.128769e-10,7.938543e-10
8.1211343e-10,7.1597706e-10,8.0854934e-10,7.7891615e-10,8.6475405e-10,7.7387385e-10,8.458458e-10,7.5853823e-10,7.90781e-10,7.7515766e-10,8.263716e-10,7.746314e-10,7.6900647e-10,8.5552754e-10,7.9465623e-10,8.276366e-10,7.780297e-10,7.955905e-10,7.1705675e-10,8.6351626e-10,7.8548806e-10,6.838319e-09,3.6271515e-09,3.4499665e-09,5.700045e-09,5.1798823e-09,1.695957e-09,1.029522e-08,1.3206364e-09,6.8990147e-09,2.0551476e-09,4.237999e-09,2.80144e-09,5.924701e-09,2.2565616e-09,2.8211455e-09,1.8093735e-09,1.4374771e-09,2.4151536e-09,7.402509e-09,4.207409e-09,5.2240043e-09,3.8572185e-09,1.4505155e-09,1.5912879e-09,1.2206739e-09,1.2385919e-09,5.0850626e-06,0.00036735932,5.205503e-06,6.424657e-05,0.00049375085,0.00011729154,0.0012882657,0.00017343297,0.00061213976,9.399328e-05,0.0006295338,0.009051948,0.0016448045,0.13490696,0.00087536586,0.018239433,0.14773762,0.014145209,0.12799738,0.0032515803,0.22203264,0.0096775545,0.026646178,0.13225126,0.0063649253,0.10938782,0.0010888932,0.0054743644,0.021646522,0.00044905534,0.0015041514,0.00021277394,0.0013085353,0.00011132574,0.00011287738,1.8873312e-05,1.1444884e-05,6.8891657e-09,1.6772955e-09,1.4174062e-09,2.4614544e-09,2.66456e-09,1.4177091e-09,5.776846e-09,1.1772807e-09,4.69881e-09,7.709233e-09,6.2861556e-09,5.0450786e-09,4.333265e-09,6.4563244e-09,4.5272213e-09,2.8434295e-09,3.3529355e-09,1.6909796e-09,5.6526455e-09,8.3995415e-09,1.4221345e-09,1.1586685e-09,3.4298826e-09,1.4512017e-09,1.4964799e-09,6.411786e-10,7.679731e-10,6.928273e-10,8.167644e-10,7.0791656e-10,8.4155566e-10,9.02057e-10,9.348188e-10,7.692543e-10,7.476375e-10,7.972082e-10,7.997302e-10,8.424823e-10,7.6800094e-10,7.343974e-10,7.6973133e-10,9.079812e-10,8.5111845e-10,7.857263e-10
9.0966935e-11,8.327923e-11,9.4194555e-11,8.7607775e-11,9.815368e-11,8.5453575e-11,9.3525195e-11,8.851933e-11,9.000047e-11,8.949788e-11,9.3471154e-11,9.538818e-11,8.308741e-11,9.5552066e-11,8.943986e-11,9.414804e-11,8.875974e-11,9.451958e-11,8.1078054e-11,9.573467e-11,8.686601e-11,1.1917742e-09,6.969082e-10,7.7138934e-10,1.2006336e-09,7.1025236e-10,2.5560867e-10,1.7654551e-09,1.303235e-10,9.0695673e-10,2.9911398e-10,4.947997e-10,2.7107408e-10,1.049695e-09,3.709379e-10,3.4901135e-10,2.4585256e-10,1.5869105e-10,2.6824015e-10,9.67443e-10,3.2496578e-10,6.5465344e-10,4.6560922e-10,9.130625e-11,1.4153607e-10,1.5465353e-10,1.1995549e-10,1.2793257e-06,0.00023346777,9.888976e-07,4.1131454e-05,0.00037206477,7.324438e-05,0.00038138093,0.0001222525,0.00044110615,4.988225e-05,0.00096073886,0.0074028717,0.0015347424,0.15177955,0.00042865396,0.03400412,0.1879276,0.020423125,0.111792654,0.0041179718,0.18755908,0.011432855,0.053161703,0.09149486,0.009299252,0.08978113,0.0008569589,0.007656318,0.024089837,0.00036220023,0.0008987107,0.0001432896,0.00097333646,0.00010207335,8.882504e-05,8.688247e-06,2.0874752e-06,1.0433315e-09,2.0154199e-10,2.6180208e-10,4.5143117e-10,3.7710288e-10,2.2971733e-10,9.3006686e-10,1.8784274e-10,6.562637e-10,1.6731453e-09,9.374723e-10,9.338584e-10,8.906572e-10,1.1110826e-09,8.255242e-10,4.948865e-10,6.3307454e-10,2.1186543e-10,1.0398131e-09,1.3482078e-09,2.9303387e-10,1.8709471e-10,5.5231325e-10,2.9126968e-10,1.8081654e-10,7.5886644e-11,8.625498e-11,7.625853e-11,9.199219e-11,8.134014e-11,9.885862e-11,9.641875e-11,1.00218916e-10,8.846566e-11,8.359385e-11,9.3806206e-11,8.799245e-11,9.982744e-11,8.8725215e-11,8.302832e-11,9.18868e-11,1.0344163e-10,9.7566476e-11,8.7657756e-11
