0,1,2,3,4,5,6,7,8,9,10,11,12,13,14,15,16,17,18,19,20,21,22,23,24,25,26,27,28,29,30,31,32,33,34,35,36,37,38,39,40,41,42,43,44,45,46,47,48,49,50,51,52,53,54,55,56,57,58,59,60,61,62,63,64,65,66,67,68,69,70,71,72,73,74,75,76,77,78,79,80,81,82,83,84,85,86,87,88,89,90,91,92,93,94,95,96,97,98,99,100,101,102,103,104,105,106,107,108,109,110,111,112,113,114,115,116,117,118,119,120,121,122,123,124,125,126,127
1.9598214e-09,2.088612e-09,2.1002489e-09,1.9107962e-09,2.0876678e-09,2.0274589e-09,2.1264288e-09,1.9892077e-09,2.0312094e-09,1.9486244e-09,2.26555e-09,1.981411e-09,2.063287e-09,2.118846e-09,1.9791635e-09,2.0356192e-09,1.9549569e-09,1.9514885e-09,1.965579e-09,2.068433e-09,2.1521884e-09,3.4929715e-10,6.801066e-10,3.2476266e-10,3.069178e-10,4.3251977e-10,4.6669235e-10,3.5771489e-10,3.0914923e-10,2.230561e-10,1.9769328e-10,3.6429182e-10,2.77302e-10,1.3524161e-10,3.017713e-10,2.2351392e-10,9.8974884e-11,1.5928851e-10,1.8730831e-10,1.5439479e-10,2.013227e-10,8.017722e-11,1.2061398e-10,1.9922101e-10,1.4773932e-10,1.292248e-10,1.6641284e-10,1.9327541e-07,2.3016391e-06,3.060782e-07,2.2375646e-06,2.6422872e-06,6.527884e-06,1.1442271e-05,5.789157e-06,1.7846778e-05,1.5145505e-06,1.2128722e-05,2.043614e-05,1.4611376e-05,3.725098e-05,1.1195102e-05,3.9254737e-05,5.1816747e-05,7.4658536e-05,5.1638268e-05,7.3252677e-06,8.5856496e-05,1.8254243e-05,7.138208e-05,0.00010500845,5.8852296e-05,4.8431266e-05,2.6954232e-05,6.275438e-05,1.5669111e-05,5.608855e-06,2.1005895e-05,3.9574143e-06,5.0854833e-06,6.860513e-07,1.0624109e-06,2.41124e-07,1.3617571e-07,3.4391326e-10,4.2111184e-10,2.8585956e-10,2.7276914e-10,2.4905975e-10,2.6277572e-10,6.2012345e-10,3.2083525e-10,1.520568e-10,4.2639936e-10,3.777062e-10,4.6803306e-10,3.2442712e-10,4.242018e-10,2.1739005e-10,4.579783e-10,2.1604292e-10,3.262509e-10,2.831075e-10,3.5408051e-10,2.3074496e-10,3.86633e-10,7.0277234e-10,1.0101485e-09,1.3837598e-09,2.0403073e-09,2.0179605e-09,1.9808328e-09,1.9809387e-09,2.0301212e-09,2.1146027e-09,2.0187496e-09,2.2067546e-09,1.9656954e-09,1.999833e-09,2.1220614e-09,2.0517101e-09,2.086068e-09,1.9205335e-09,2.0641606e-09,2.0466095e-09,2.1136872e-09,2.017614e-09,2.1112898e-09
1.7319793e-10,1.824018e-10,1.7671536e-10,1.9508185e-10,1.7159266e-10,1.6636469e-10,1.76106e-10,1.7079854e-10,1.793569e-10,1.6367427e-10,1.8732804e-10,1.711651e-10,1.817229e-10,1.7729979e-10,1.8932667e-10,1.7793263e-10,1.787374e-10,1.6540663e-10,1.7120982e-10,1.9062024e-10,1.7622362e-10,2.503296e-10,5.750927e-10,8.110014e-10,2.9977276e-10,3.4561268e-10,5.6166777e-10,6.199476e-10,4.0239398e-10,4.5895004e-10,7.205247e-10,9.29917e-10,4.812508e-10,6.4274536e-10,6.9082895e-10,1.0732204e-09,7.3324347e-10,9.446367e-10,1.3165785e-09,5.7581373e-10,1.444705e-09,1.0352744e-09,8.2875123e-10,1.1981938e-09,5.0083226e-10,7.810146e-10,8.919041e-10,9.769693e-07,0.00012297432,4.330558e-06,0.0002825557,9.646214e-06,0.00023025757,0.00041773345,0.0005236464,0.0015207164,1.6962065e-05,0.005443983,0.0025474227,0.009141256,0.060782228,0.0026107146,0.14026515,0.0041715163,0.16930601,0.081874125,0.02980664,0.28538436,0.001356902,0.068078905,0.029608153,0.0328471,0.04155993,0.0018559247,0.010268525,0.000343774,0.0009195286,0.00019441634,8.855025e-05,0.00025837732,9.93224e-06,1.6350681e-05,6.567527e-06,7.673137e-06,1.6600343e-09,7.7313705e-10,4.8509935e-10,1.3046545e-09,1.1326196e-09,1.1173507e-09,1.1945268e-09,4.98621e-10,2.549472e-10,1.0262309e-09,8.5904234e-10,1.1317515e-09,7.098264e-10,4.964573e-10,7.126331e-10,4.7363435e-10,5.518989e-10,4.056807e-10,5.301904e-10,3.9567744e-10,2.413198e-10,3.8877107e-10,3.211299e-10,4.656816e-10,2.0493204e-10,1.7769215e-10,1.6761771e-10,1.5848642e-10,1.8383414e-10,1.9149628e-10,1.8212853e-10,1.8113705e-10,1.8053241e-10,1.6495862e-10,1.7138103e-10,1.8710737e-10,1.8448292e-10,1.6817621e-10,1.8284452e-10,1.7886667e-10,1.5705884e-10,1.8443154e-10,1.8561022e-10,1.7577916e-10
3.887842e-12,3.6316653e-12,3.7161715e-12,3.8253988e-12,3.6566596e-12,3.5417843e-12,3.9456632e-12,3.432193e-12,3.823021e-12,3.681026e-12,3.667906e-12,3.6458514e-12,3.917804e-12,3.6613425e-12,4.156512e-12,3.804624e-12,3.879634e-12,3.5531313e-12,3.964833e-12,3.746475e-12,3.882484e-12,1.7779589e-11,1.3316348e-11,3.4897238e-11,1.3486739e-11,3.9982795e-11,3.9822208e-11,3.251775e-11,3.1836655e-11,5.09124e-11,4.4255315e-11,4.507733e-11,5.949538e-11,6.874993e-11,3.8451665e-11,9.445159e-11,1.1882367e-10,1.7828158e-10,6.168302e-11,7.488114e-11,6.585337e-11,1.2273452e-10,1.385913e-10,6.987149e-11,1.0163488e-10,8.267193e-11,5.6925513e-11,2.2025685e-07,1.8543897e-05,1.1546437e-06,1.2284186e-05,1.0301904e-06,9.662422e-06,3.3302607e-05,8.7560555e-05,0.00012021575,6.3119937e-06,0.00032608188,0.00022812789,0.00067473395,0.015775962,0.0011161709,0.09321432,0.0050938516,0.20271443,0.29319048,0.1649777,0.13656941,0.0020508762,0.052041367,0.004232884,0.008845329,0.011440075,0.0015537888,0.003335568,0.000161395,0.00034451883,0.00012395826,3.647259e-05,7.652091e-05,8.691615e-06,1.5083338e-06,5.449663e-07,8.646174e-07,2.0635713e-10,1.1320838e-10,3.576673e-11,1.245594e-10,9.1153245e-11,2.0571224e-10,1.7941754e-10,4.9814278e-11,3.4651296e-11,8.566616e-11,3.994148e-11,5.100337e-11,8.346762e-11,3.311082e-11,3.3503228e-11,1.0036501e-10,3.804024e-11,7.77986e-11,1.0574364e-10,3.026932e-11,3.3683983e-11,3.2492887e-11,1.8045355e-11,1.1959395e-11,6.7252675e-12,3.8862923e-12,3.5197628e-12,3.2779025e-12,4.011936e-12,4.1193624e-12,3.9312854e-12,3.920869e-12,3.852116e-12,3.609484e-12,3.6362675e-12,3.7817115e-12,3.9349912e-12,3.6897777e-12,3.7425323e-12,3.6604977e-12,3.5521013e-12,4.0044136e-12,3.6994596e-12,3.905665e-12
8.136455e-12,8.476727e-12,8.271997e-12,8.103126e-12,8.549894e-12,7.848683e-12,8.008692e-12,7.787559e-12,8.307209e-12,8.411466e-12,8.177809e-12,8.225051e-12,8.351342e-12,8.492424e-12,8.672154e-12,8.02467e-12,8.584487e-12,7.910015e-12,8.013856e-12,8.819783e-12,8.3496534e-12,2.0726977e-11,1.7602603e-11,2.7324877e-11,1.4921024e-11,2.4750512e-11,3.444944e-11,2.1387328e-11,1.6334645e-11,2.0747189e-11,1.4758614e-11,3.3015524e-11,3.150784e-11,4.2894202e-11,2.1291354e-11,3.422989e-11,3.190753e-11,2.4179197e-11,2.5903803e-11,2.9961603e-11,4.9074717e-11,3.153748e-11,4.0261725e-11,2.9874526e-11,2.2284523e-11,2.3354157e-11,1.977035e-11,1.558055e-07,9.831995e-06,1.955018e-07,1.7058053e-05,1.8622163e-06,2.7406073e-05,7.633419e-06,3.2466312e-05,0.0002448833,7.4530008e-06,0.0003225039,0.00019153535,0.00081452925,0.0029725148,0.000536012,0.07745037,0.0065207407,0.08020725,0.01561592,0.031208541,0.48458564,0.025096351,0.17440084,0.007985483,0.03896989,0.014879145,0.005631849,0.02763595,0.0004270904,0.0014419064,0.00010728223,0.000111260604,0.00011128108,5.0405433e-06,2.351782e-06,1.5182168e-07,3.3772244e-07,3.0824253e-11,2.7482674e-11,1.4912687e-11,3.1041194e-11,2.6899857e-11,1.7736333e-11,4.1389107e-11,2.1470667e-11,1.5662322e-11,3.7753342e-11,1.5571027e-11,1.9322724e-11,2.2183677e-11,1.4537315e-11,2.7661373e-11,2.182834e-11,1.9875384e-11,2.2873373e-11,2.9203865e-11,3.3977376e-11,3.062769e-11,1.9559783e-11,2.9929163e-11,1.8765664e-11,1.2304758e-11,8.461139e-12,8.213936e-12,8.02242e-12,8.727544e-12,8.512079e-12,8.500754e-12,8.472282e-12,8.684602e-12,8.069995e-12,8.195156e-12,8.703937e-12,8.682962e-12,7.830844e-12,9.171822e-12,7.975338e-12,7.833817e-12,8.418882e-12,8.445516e-12,8.007836e-12
7.1176567e-12,7.669118e-12,7.44906e-12,6.875969e-12,7.31e-12,6.8901213e-12,6.8708823e-12,6.5817013e-12,7.0179e-12,7.3625845e-12,7.367389e-12,6.9736274e-12,7.1085663e-12,7.454575e-12,7.373518e-12,6.9282063e-12,7.587291e-12,6.6912673e-12,6.8415638e-12,7.89107e-12,7.290895e-12,9.856099e-12,1.3143062e-11,1.29590574e-11,1.0102385e-11,1.2562075e-11,2.0013047e-11,1.5902682e-11,9.064464e-12,1.4024487e-11,8.892668e-12,1.8931499e-11,1.41642245e-11,2.4835198e-11,1.9397308e-11,1.4736781e-11,2.013626e-11,1.2093001e-11,1.2616342e-11,1.9068191e-11,3.9427142e-11,1.7600784e-11,2.455925e-11,1.6866116e-11,1.4369123e-11,1.3406991e-11,1.4026789e-11,6.991708e-08,5.791987e-06,1.977806e-07,8.0055515e-06,1.7871797e-06,3.28911e-05,3.0064284e-06,3.8786835e-05,0.00021869084,5.927559e-06,0.00025492144,0.0001268276,0.00080123346,0.0013516342,0.00031599568,0.05322399,0.0073868795,0.17407244,0.009017785,0.0443609,0.4627176,0.021241698,0.10971714,0.00702986,0.03412746,0.008938862,0.005961216,0.023637066,0.0006145892,0.0021347671,6.8674606e-05,0.0001860753,0.00011968947,4.7369845e-06,2.7729868e-06,2.422117e-07,4.6080456e-07,2.8449047e-11,1.9459786e-11,1.4207788e-11,2.5875203e-11,2.4449697e-11,1.1305376e-11,2.476944e-11,1.96312e-11,9.438863e-12,3.2457252e-11,1.4096845e-11,1.0449025e-11,1.7758192e-11,1.1962924e-11,2.294262e-11,1.8518999e-11,2.3542033e-11,1.6460274e-11,1.494945e-11,2.944183e-11,1.2242039e-11,1.1549042e-11,2.2096129e-11,1.5038219e-11,9.782346e-12,7.291813e-12,7.0617544e-12,6.7186864e-12,7.627658e-12,7.419085e-12,6.959569e-12,7.222218e-12,7.358766e-12,7.200156e-12,6.906832e-12,7.3061245e-12,7.1055024e-12,6.6596654e-12,7.814353e-12,6.7097985e-12,6.5921795e-12,7.1843256e-12,7.545497e-12,6.504005e-12
8.618829e-14,8.4055836e-14,9.410774e-14,7.902448e-14,9.776589e-14,8.5741655e-14,9.290178e-14,7.0990604e-14,8.813161e-14,8.276357e-14,9.0602534e-14,8.252114e-14,9.1797724e-14,9.1410196e-14,8.530709e-14,9.2430214e-14,8.24255e-14,8.5729065e-14,8.0297416e-14,9.4156575e-14,1.00414184e-13,1.4445556e-13,7.0888574e-14,1.5994195e-13,6.299696e-14,2.2110058e-13,5.1654793e-14,1.2518145e-13,6.4524104e-14,1.325164e-13,6.878664e-14,1.5091186e-13,1.0696437e-13,1.8378087e-13,1.9713914e-13,2.0837974e-13,8.6030954e-14,1.2187369e-13,9.318323e-14,1.0779796e-13,2.3157577e-13,1.2338653e-13,1.9519652e-13,9.3222874e-14,1.1768798e-13,1.1883361e-13,1.2774203e-13,8.507815e-10,4.4684622e-08,7.48843e-09,4.1197136e-08,3.7226958e-08,1.0920971e-07,7.2291364e-08,1.9644271e-07,2.930088e-07,4.7758075e-08,3.075172e-07,6.9864257e-07,3.5611436e-07,3.6677133e-07,5.284404e-07,1.9557435e-06,3.9711354e-06,6.504055e-06,2.2862778e-06,7.4169384e-07,7.942554e-06,1.3931875e-06,4.0953096e-06,2.8756317e-06,2.3256903e-06,1.094431e-06,3.228199e-06,3.2063167e-06,5.348327e-07,5.5657307e-07,1.7027895e-07,2.4718517e-07,1.8091595e-07,2.2774838e-08,7.294953e-09,4.399493e-09,2.0419624e-09,2.632178e-13,3.6580157e-13,1.9257866e-13,1.3159053e-13,2.535893e-13,2.1210743e-13,3.0046313e-13,2.838457e-13,1.4344462e-13,5.339138e-13,2.359892e-13,1.9828555e-13,3.2715651e-13,3.3245048e-13,2.5465806e-13,2.3715608e-13,2.5383173e-13,3.5462684e-13,3.8324416e-13,1.4403627e-13,8.357863e-14,9.80851e-14,2.9079926e-13,1.2031467e-13,1.01480856e-13,9.02123e-14,8.390351e-14,8.608709e-14,9.4876594e-14,9.3176125e-14,8.3732446e-14,8.8307616e-14,9.0922095e-14,8.2477075e-14,8.309352e-14,8.7671054e-14,8.585162e-14,8.3221516e-14,9.204721e-14,8.3522856e-14,7.43985e-14,9.339034e-14,8.7456436e-14,8.053346e-14
1.00379375e-11,1.0403934e-11,1.0033381e-11,9.525977e-12,9.824991e-12,9.52169e-12,1.02122425e-11,9.301936e-12,1.0086301e-11,1.01417815e-11,9.767441e-12,9.7814985e-12,1.02961485e-11,9.996247e-12,1.0421769e-11,9.392934e-12,1.0663665e-11,9.433043e-12,1.022343e-11,1.0716597e-11,1.009242e-11,5.2369796e-11,5.6455726e-11,4.9307534e-11,2.0935306e-11,4.9153726e-11,6.129777e-11,5.449629e-11,4.518125e-11,5.670826e-11,3.6636656e-11,6.3445825e-11,5.6003136e-11,1.1249362e-10,9.4227265e-11,8.651695e-11,9.802963e-11,7.444073e-11,9.695725e-11,7.732701e-11,1.1367321e-10,1.09994014e-10,1.0843257e-10,8.969509e-11,8.068513e-11,9.229905e-11,9.965545e-11,1.4750677e-07,2.289798e-06,6.002052e-07,2.2012051e-05,1.0812507e-06,5.3024534e-05,5.3984945e-06,0.00014565536,0.0002035681,2.664266e-05,0.00132438,0.00018811716,0.0043369294,0.0017824627,0.007429091,0.18461329,0.006875898,0.27885348,0.008141089,0.24317764,0.07894129,0.013421738,0.10558764,0.002300878,0.024102638,0.002775746,0.017648663,0.012879674,0.0006103474,0.0033690245,3.0237114e-05,0.00020507383,7.466156e-05,1.6641114e-05,1.4621754e-05,1.300288e-06,8.7268484e-07,1.6339995e-10,1.7184566e-10,1.194525e-10,1.202017e-10,9.675367e-11,6.532187e-11,1.1676286e-10,7.3925976e-11,4.9385655e-11,1.5112601e-10,6.53453e-11,5.2565542e-11,6.78652e-11,1.01308045e-10,8.372342e-11,1.0139813e-10,9.3464014e-11,6.601929e-11,7.513226e-11,8.138374e-11,4.4444653e-11,4.7673965e-11,4.475344e-11,3.4274538e-11,1.6978651e-11,1.0650859e-11,9.483447e-12,8.99383e-12,1.0710222e-11,1.0393461e-11,1.0103861e-11,1.0200952e-11,1.0290808e-11,1.0235722e-11,9.806194e-12,1.0026571e-11,1.0174991e-11,9.641208e-12,1.0229984e-11,9.564939e-12,9.286124e-12,9.907263e-12,1.0294145e-11,9.691209e-12
4.9284393e-11,5.1209748e-11,4.7344656e-11,4.9078398e-11,4.9666767e-11,4.7317032e-11,5.042957e-11,4.8048236e-11,4.7804167e-11,5.2577064e-11,4.9302257e-11,4.689046e-11,4.9161872e-11,5.0056594e-11,4.8923622e-11,4.68808e-11,5.1687148e-11,4.6626116e-11,4.5709027e-11,5.2193885e-11,4.7628512e-11,2.2273457e-10,3.0178493e-10,2.8795255e-10,9.379903e-11,1.8209813e-10,2.9421718e-10,1.9266108e-10,1.5093354e-10,2.1226865e-10,2.1275584e-10,4.4428056e-10,2.2144005e-10,2.8219083e-10,3.375701e-10,1.8203596e-10,3.1352368e-10,3.2611377e-10,2.6281863e-10,2.1545803e-10,3.5020087e-10,4.3227458e-10,2.9672223e-10,2.7220037e-10,3.0388744e-10,3.0785804e-10,2.9534e-10,5.7108895e-07,2.7377848e-05,8.223936e-06,0.00043726715,3.933084e-06,0.0007636161,5.2569452e-05,0.0010699681,0.0022802465,0.00022219402,0.0122863995,0.0003277051,0.011885258,0.005706758,0.044028293,0.16027343,0.0023624918,0.318063,0.0059507387,0.13628817,0.073534556,0.010138745,0.12407233,0.002596619,0.02833228,0.005182465,0.029299244,0.018374363,0.00023396876,0.003796305,5.3097443e-05,0.0003762633,0.00023074719,1.869637e-05,7.7401455e-05,2.6235039e-06,2.1149394e-06,4.0227e-10,5.362349e-10,2.4662888e-10,1.5653887e-10,2.0267181e-10,1.6242144e-10,2.8916558e-10,1.7646727e-10,1.2475963e-10,4.5340195e-10,1.8032917e-10,1.7590977e-10,2.0569701e-10,3.3866515e-10,3.1265895e-10,1.607372e-10,3.4810244e-10,1.8189887e-10,1.4706812e-10,2.3619742e-10,2.2646576e-10,1.7823744e-10,1.3441986e-10,1.6385682e-10,7.625167e-11,5.128384e-11,4.6942897e-11,4.5151435e-11,4.946427e-11,4.8714487e-11,4.979093e-11,5.0704933e-11,4.8508468e-11,5.079166e-11,4.883916e-11,4.9667624e-11,5.1491235e-11,4.8824625e-11,5.266739e-11,4.894528e-11,4.6980878e-11,4.824172e-11,5.1664777e-11,4.923319e-11
8.9167326e-11,8.956619e-11,8.5282274e-11,8.571082e-11,9.042375e-11,8.4345315e-11,8.6290516e-11,8.5312854e-11,8.735466e-11,9.067625e-11,8.84751e-11,9.0146154e-11,8.626221e-11,8.946869e-11,8.792433e-11,8.3593056e-11,9.246856e-11,8.497718e-11,8.459536e-11,9.421037e-11,8.952314e-11,1.994734e-10,1.667957e-10,2.2716232e-10,1.200926e-10,2.0646786e-10,2.1355274e-10,1.3097838e-10,1.1036052e-10,2.0513559e-10,2.1342204e-10,2.7015631e-10,1.9401485e-10,2.5601218e-10,2.5679564e-10,1.4611667e-10,2.2280089e-10,2.8290117e-10,1.7830719e-10,1.6487448e-10,3.0513506e-10,2.9918643e-10,1.9944334e-10,2.7486222e-10,3.3987207e-10,2.182e-10,2.0419014e-10,1.5505425e-07,3.4809789e-06,2.890226e-06,4.3481483e-05,9.432168e-07,7.5160366e-05,8.6336e-06,9.430153e-05,0.00020093078,3.4363107e-05,0.0003341555,2.8974884e-05,0.00044810743,0.0001768879,0.00058251806,0.009748809,0.00023169113,0.033551745,0.0035201884,0.035594564,0.10555043,0.030933231,0.39231595,0.013524068,0.12948315,0.032803085,0.09343165,0.09892274,0.0007544047,0.01593122,0.00047548022,0.00070155616,0.00018815088,2.5733907e-05,5.10163e-05,1.4555009e-06,7.6704265e-07,2.7274924e-10,4.6304618e-10,2.0752874e-10,1.902746e-10,2.4568192e-10,3.0899758e-10,2.8516892e-10,1.7256498e-10,1.6359517e-10,3.8934284e-10,2.2822196e-10,2.0690308e-10,2.2560184e-10,3.3728761e-10,2.796234e-10,2.0361456e-10,3.548105e-10,3.601918e-10,2.967681e-10,2.7981653e-10,2.7286476e-10,2.2516206e-10,2.1813676e-10,2.072388e-10,1.3279255e-10,9.1893625e-11,8.887256e-11,8.762265e-11,9.069112e-11,8.826273e-11,8.8607e-11,8.76173e-11,9.329803e-11,9.1668145e-11,8.767263e-11,8.746769e-11,8.9600695e-11,8.6729096e-11,8.938085e-11,8.4982195e-11,8.291042e-11,8.677145e-11,8.997541e-11,8.7877386e-11
2.793676e-11,2.8460448e-11,2.547259e-11,2.446108e-11,2.6191901e-11,2.3427095e-11,2.7157509e-11,2.6220394e-11,2.624531e-11,2.742716e-11,2.8118464e-11,2.920848e-11,2.7746333e-11,2.7068871e-11,2.6318146e-11,2.6481747e-11,2.8032467e-11,2.7127744e-11,2.5059696e-11,2.958741e-11,2.7803707e-11,1.00761614e-10,5.3739832e-11,9.490897e-11,2.6959535e-11,5.0990406e-11,5.421134e-11,4.3226655e-11,2.1919034e-11,4.7553315e-11,5.5734542e-11,1.3032236e-10,6.070109e-11,1.0286426e-10,1.2492501e-10,4.5375165e-11,6.117297e-11,8.4886854e-11,5.7189826e-11,6.828061e-11,7.6963484e-11,8.6875694e-11,9.028733e-11,7.665436e-11,9.5178e-11,7.078615e-11,7.777096e-11,8.955512e-08,5.673501e-06,2.5908014e-06,7.092638e-05,3.6397012e-06,5.458883e-05,9.100472e-06,0.000101539415,0.00013087408,1.1350742e-05,0.0003650878,7.017819e-05,0.00020754954,0.00012916542,0.00034355422,0.006048899,0.00020942249,0.0097515965,0.00134166,0.010733314,0.042448066,0.0043029776,0.23211889,0.030281613,0.0804343,0.08102049,0.084138356,0.3558738,0.0051040193,0.03774728,0.0014604307,0.0014288757,0.0010034458,1.3283454e-05,0.00014047878,3.9888155e-06,4.5612674e-07,8.382815e-11,1.3544611e-10,8.6169204e-11,6.127176e-11,8.237723e-11,6.683516e-11,1.0142394e-10,4.207048e-11,4.5071547e-11,2.0206334e-10,1.0952872e-10,6.408745e-11,9.4979594e-11,1.6735448e-10,1.0171706e-10,6.457925e-11,1.2216156e-10,6.04792e-11,8.453913e-11,8.7440576e-11,5.2159006e-11,4.983687e-11,6.7809494e-11,5.4910035e-11,3.099989e-11,2.9196114e-11,2.7831404e-11,2.7694519e-11,2.6902928e-11,2.70425e-11,2.6950126e-11,2.5814031e-11,2.9142813e-11,2.9175905e-11,2.665526e-11,2.666726e-11,2.763389e-11,2.6197546e-11,2.7026725e-11,2.7212628e-11,2.4101604e-11,2.6566385e-11,3.028016e-11,2.589288e-11
6.863858e-11,7.788369e-11,6.539678e-11,6.5752986e-11,6.603048e-11,5.831351e-11,6.826257e-11,6.7240415e-11,6.5326716e-11,6.989337e-11,7.375793e-11,7.334073e-11,7.0686235e-11,6.887359e-11,6.6299036e-11,6.723323e-11,7.2560145e-11,6.693919e-11,6.3726094e-11,7.3703925e-11,6.89067e-11,1.2846535e-10,6.6637536e-11,1.1774799e-10,2.935343e-11,5.0183736e-11,5.3606484e-11,3.3384594e-11,2.4882017e-11,5.4167254e-11,6.699233e-11,1.1060388e-10,4.0127353e-11,8.298935e-11,1.3970337e-10,5.286788e-11,5.854486e-11,7.434039e-11,3.748408e-11,4.5531173e-11,6.556288e-11,6.2914014e-11,5.956875e-11,7.861501e-11,7.4105104e-11,6.446522e-11,7.031429e-11,9.193661e-08,7.4219165e-06,3.9569245e-06,6.221066e-05,1.4280661e-06,5.9730264e-05,7.4310033e-06,0.00012121406,0.00015187752,1.0168705e-05,0.00047435213,3.9063205e-05,0.00024080653,0.00013541932,0.00047375695,0.0046670036,6.4078165e-05,0.010661786,0.0009830735,0.010992356,0.037120994,0.003435013,0.19203414,0.018847832,0.08257088,0.10768696,0.17398936,0.26437944,0.002821988,0.06495645,0.0012870725,0.0024342388,0.0017797275,1.592902e-05,0.00015866531,5.5696682e-06,9.358183e-07,1.04621416e-10,1.7210441e-10,8.7781046e-11,5.2090946e-11,8.473955e-11,5.612556e-11,1.109178e-10,5.0048764e-11,3.157656e-11,3.298283e-10,1.2531293e-10,6.582275e-11,1.1278233e-10,1.8991524e-10,9.928281e-11,5.1060427e-11,1.9630217e-10,7.175393e-11,7.6715426e-11,9.96657e-11,4.672788e-11,5.108965e-11,8.5024814e-11,8.821037e-11,6.200057e-11,7.269646e-11,7.014123e-11,7.2193494e-11,6.719708e-11,7.031001e-11,6.937274e-11,6.682744e-11,7.184623e-11,7.488287e-11,6.63428e-11,6.786687e-11,7.038273e-11,6.53893e-11,6.476026e-11,6.901771e-11,6.316869e-11,6.768253e-11,7.536345e-11,6.6621014e-11
1.2439877e-11,1.2459539e-11,1.18282216e-11,1.1695414e-11,1.1985421e-11,1.1194592e-11,1.235527e-11,1.1966188e-11,1.1976189e-11,1.26065035e-11,1.2616991e-11,1.32866565e-11,1.3169788e-11,1.2707123e-11,1.2651066e-11,1.2280744e-11,1.3658519e-11,1.27613345e-11,1.24631035e-11,1.3145897e-11,1.2587234e-11,5.5821674e-11,2.4107626e-11,3.4780064e-11,9.742629e-12,3.3467826e-11,1.8084867e-11,2.0913611e-11,9.8276595e-12,1.6999534e-11,2.1548693e-11,5.167035e-11,1.5257245e-11,3.6472145e-11,4.632778e-11,1.0892637e-11,1.1402981e-11,3.5809987e-11,1.3558433e-11,2.1373904e-11,2.0899817e-11,2.1831913e-11,2.7898102e-11,3.474108e-11,2.5216338e-11,2.5790703e-11,3.276096e-11,2.7484228e-08,1.2044071e-06,2.6972411e-06,1.6941483e-05,1.974829e-06,4.234876e-05,1.7587607e-06,2.7829417e-05,2.8375596e-05,3.6517622e-06,0.00019538871,1.2240559e-05,7.84784e-05,9.039819e-06,0.00020243794,0.00089851813,5.27338e-05,0.0040372764,0.00031982732,0.004795482,0.0124347005,0.001292507,0.26502648,0.010667514,0.11471827,0.014583026,0.24275117,0.26175892,0.0035917424,0.055810258,0.00061782345,0.001143962,0.00029827235,5.474714e-06,9.1232e-05,2.0714415e-06,1.7291266e-07,2.0124704e-11,6.7756876e-11,3.2970963e-11,2.002347e-11,2.5345953e-11,2.5901722e-11,2.3341414e-11,1.4557399e-11,7.613748e-12,8.4316436e-11,3.442368e-11,2.1333501e-11,1.3794819e-11,8.120518e-11,2.9482684e-11,2.873026e-11,3.4538643e-11,2.987269e-11,2.5417215e-11,3.2509113e-11,1.905972e-11,2.5383301e-11,3.1439275e-11,2.9454245e-11,1.8120986e-11,1.3113091e-11,1.2740711e-11,1.2659128e-11,1.2358617e-11,1.24797065e-11,1.2453219e-11,1.2099808e-11,1.2654444e-11,1.3061968e-11,1.2510022e-11,1.3346804e-11,1.27846735e-11,1.1943842e-11,1.19857865e-11,1.228632e-11,1.165822e-11,1.20044105e-11,1.350408e-11,1.2273719e-11
1.9339644e-11,2.1270931e-11,1.8904761e-11,1.9906337e-11,1.8822945e-11,1.7668832e-11,1.9623528e-11,1.9567762e-11,1.9303233e-11,1.9749466e-11,2.0326617e-11,2.0683845e-11,1.9297343e-11,2.0373429e-11,1.9536511e-11,1.9611179e-11,2.16874e-11,1.8433402e-11,1.8554464e-11,2.2369774e-11,2.0269165e-11,3.024489e-11,5.251789e-11,5.5223343e-11,2.492893e-11,3.6248834e-11,4.7609312e-11,2.2901306e-11,2.0259733e-11,1.517685e-11,2.5056972e-11,3.2187416e-11,2.0817462e-11,4.4801482e-11,7.79978e-11,3.8428326e-11,3.0229784e-11,2.8621638e-11,2.8208012e-11,1.8733117e-11,3.188921e-11,2.6086456e-11,1.7408842e-11,3.6618524e-11,4.860224e-11,4.5637556e-11,7.869116e-11,8.744764e-08,2.6278185e-06,2.3509203e-06,2.0347587e-05,5.4173466e-07,3.6350095e-05,2.418926e-06,3.114272e-05,7.994525e-05,7.17167e-06,0.00038053672,2.6489179e-05,0.00015642267,8.766111e-05,0.00040924214,0.0021948942,3.86809e-05,0.007459132,0.0006403627,0.005023169,0.05580676,0.007848889,0.5141246,0.022721754,0.0646174,0.05299751,0.11804735,0.123748794,0.0004564573,0.014494954,0.0005474056,0.00064557005,0.0007461064,1.2181797e-05,4.9230293e-05,2.3567634e-06,8.281441e-07,6.813738e-11,8.5174076e-11,4.6785808e-11,2.6786292e-11,4.686047e-11,4.4014452e-11,5.8129782e-11,4.1306923e-11,2.8417867e-11,1.9437504e-10,1.3381068e-10,4.2570697e-11,7.901301e-11,8.440235e-11,6.007142e-11,1.982094e-11,8.4376284e-11,3.1439035e-11,2.687052e-11,5.365902e-11,2.3339455e-11,2.7001838e-11,4.0355743e-11,3.352955e-11,2.6451105e-11,2.0377392e-11,2.0094405e-11,1.9427782e-11,1.913994e-11,2.0054737e-11,2.0125781e-11,1.9772232e-11,2.0242584e-11,2.0175129e-11,1.9662117e-11,2.0426735e-11,1.9367404e-11,1.8743623e-11,1.942067e-11,1.8888616e-11,1.9066557e-11,1.9675022e-11,1.9576871e-11,1.9281228e-11
2.7446058e-11,3.0575164e-11,2.7348445e-11,2.8405953e-11,2.657075e-11,2.8136018e-11,2.7348497e-11,2.8608109e-11,2.837238e-11,2.9215342e-11,2.7401963e-11,2.9134653e-11,2.9588717e-11,2.9012378e-11,2.7420994e-11,2.8191668e-11,3.2094608e-11,2.6699483e-11,2.6632854e-11,3.189986e-11,2.799491e-11,1.6891145e-10,1.4661179e-10,1.4061972e-10,1.0903247e-10,1.1191719e-10,1.2934351e-10,6.805947e-11,2.94163e-11,5.5053507e-11,5.0388964e-11,8.5392075e-11,5.922613e-11,1.2334464e-10,2.2589444e-10,7.7817724e-11,1.1779286e-10,9.0850855e-11,5.7810694e-11,9.062829e-11,1.1763389e-10,1.11966506e-10,7.1780304e-11,1.3259377e-10,1.3438005e-10,1.9077631e-10,1.7671102e-10,2.8876735e-07,2.4836228e-05,1.5650006e-05,0.00014893852,6.2163385e-06,0.00018384062,2.909237e-05,0.00019099325,0.00036560165,3.2290518e-05,0.00070851966,0.00010181289,0.00048328386,0.0003411092,0.0008830208,0.0076488717,0.00031464113,0.03200086,0.009001003,0.029626617,0.086652435,0.010933863,0.36144707,0.03953023,0.058910854,0.034812756,0.0716173,0.09588605,0.0022083314,0.016155222,0.0015826107,0.0017797486,0.0012430337,3.6139878e-05,0.0001487525,1.2671272e-05,1.1180455e-06,2.1184786e-10,2.0683308e-10,1.2573063e-10,1.0603202e-10,9.55941e-11,1.5448356e-10,1.6672082e-10,1.5306838e-10,1.236523e-10,4.2771187e-10,2.144432e-10,1.2540516e-10,2.1525376e-10,3.2999423e-10,2.2758324e-10,1.0164533e-10,3.2873657e-10,1.9900961e-10,1.693069e-10,2.795544e-10,2.0282677e-10,1.0427632e-10,1.5681043e-10,1.1024744e-10,5.5095317e-11,2.9537064e-11,2.83608e-11,2.6919054e-11,2.6456158e-11,2.7858018e-11,2.8534758e-11,2.977418e-11,2.9598816e-11,2.9204198e-11,2.6961084e-11,2.9646452e-11,2.8912943e-11,2.754502e-11,2.8985661e-11,2.7307734e-11,2.5487324e-11,3.0881808e-11,2.8370755e-11,2.7760528e-11
1.0670325e-11,1.114493e-11,1.04591535e-11,1.0655153e-11,1.0267856e-11,9.868814e-12,1.0548426e-11,1.0208667e-11,1.0667333e-11,1.0464901e-11,1.0262647e-11,1.11243705e-11,1.1079395e-11,1.0636878e-11,1.0340712e-11,1.0433212e-11,1.1819334e-11,1.0083634e-11,1.0513998e-11,1.2434015e-11,1.1531344e-11,1.20032855e-11,1.5629697e-11,3.0468787e-11,2.3609932e-11,1.2777626e-11,2.3833897e-11,1.147546e-11,1.1219707e-11,2.2193188e-11,1.4304313e-11,1.5859637e-11,1.764616e-11,1.7826369e-11,3.0653216e-11,2.633436e-11,3.2632796e-11,1.3083907e-11,2.0760517e-11,1.85756e-11,4.709396e-11,3.879589e-11,2.1721135e-11,3.5660166e-11,3.767219e-11,2.1663872e-11,3.4402734e-11,3.601443e-08,1.1305791e-06,3.7136695e-07,3.968402e-06,3.6521882e-07,5.515305e-06,2.194021e-06,6.0320363e-06,2.5892708e-05,1.5154394e-06,5.886721e-06,8.111574e-06,2.3867633e-05,3.786038e-05,1.2823456e-05,0.0012252546,7.537008e-05,0.003991789,0.0065956987,0.012595089,0.33252162,0.027199607,0.15442102,0.12870209,0.10463266,0.06734636,0.017402975,0.13417456,0.0011165326,0.004798695,0.0014977726,0.0004703396,0.00023803112,2.2974566e-05,7.032191e-06,2.4030007e-06,3.602829e-07,5.4364162e-11,4.52817e-11,5.2765674e-11,3.9373553e-11,3.832431e-11,4.7869448e-11,6.083401e-11,4.7180183e-11,4.6013825e-11,5.614531e-11,5.073932e-11,6.964644e-11,6.11438e-11,6.6942694e-11,6.4202685e-11,3.680948e-11,6.5888e-11,7.296908e-11,8.987067e-11,4.8634964e-11,4.541248e-11,2.435976e-11,5.4791904e-11,2.5634498e-11,1.6569574e-11,1.1149181e-11,1.1193031e-11,1.0911454e-11,1.1423115e-11,1.11362594e-11,1.1162309e-11,1.060212e-11,1.2077416e-11,1.0617885e-11,1.0090291e-11,1.0279613e-11,1.0445397e-11,1.0437291e-11,1.0907832e-11,9.941398e-12,9.45095e-12,1.0208881e-11,1.0299966e-11,1.040142e-11
3.9196077e-12,4.151349e-12,3.635819e-12,3.5657274e-12,3.4614575e-12,3.2872836e-12,3.6303727e-12,3.678972e-12,3.9079924e-12,3.532045e-12,3.1874089e-12,3.809986e-12,3.8773732e-12,3.5679723e-12,3.5302943e-12,3.9037905e-12,3.9619397e-12,3.662239e-12,3.5504982e-12,4.4511144e-12,3.888067e-12,1.7157834e-11,1.8192243e-11,4.407339e-11,3.0906055e-11,1.3858313e-11,3.0324812e-11,1.6594646e-11,7.7632e-12,2.3281729e-11,1.4978638e-11,1.4734046e-11,2.2074589e-11,1.5471157e-11,3.2810712e-11,2.7747582e-11,5.5347938e-11,1.5096691e-11,1.8551619e-11,2.6331685e-11,5.8206738e-11,4.2185592e-11,1.9469018e-11,2.9716733e-11,2.5369346e-11,2.347534e-11,2.1237592e-11,2.8157185e-08,1.3324432e-06,2.9974754e-07,3.8429976e-06,7.439007e-07,4.9297228e-06,5.286894e-06,1.2099536e-05,3.678136e-05,1.9992633e-06,1.1839061e-05,2.7967695e-05,5.118195e-05,0.00032483542,4.564323e-05,0.0036088303,0.00045732185,0.013322266,0.026919296,0.022936726,0.37683928,0.023131441,0.14499927,0.1692225,0.06182744,0.094809614,0.014296492,0.031813852,0.0013334609,0.0016908699,0.0012193783,0.0003555124,0.0002513539,2.1187547e-05,1.185879e-05,2.7684746e-06,2.3308145e-07,1.0865369e-10,5.4534145e-11,4.554118e-11,8.362193e-11,4.0602466e-11,5.5420623e-11,6.9029456e-11,3.3246773e-11,4.846668e-11,5.2592423e-11,4.7923224e-11,4.61144e-11,5.4349518e-11,6.6525674e-11,4.775934e-11,3.648339e-11,5.186601e-11,5.501451e-11,5.867176e-11,4.6515097e-11,4.4157872e-11,1.8489165e-11,3.3192792e-11,2.4117175e-11,6.2983533e-12,3.8776096e-12,3.54568e-12,3.5295265e-12,3.8331504e-12,3.889595e-12,3.827277e-12,3.674147e-12,4.017184e-12,3.5044784e-12,3.538802e-12,3.468992e-12,3.4608236e-12,3.5948041e-12,3.7950745e-12,3.404518e-12,3.1178512e-12,3.657925e-12,3.759312e-12,3.3368354e-12
2.2693729e-11,2.3707914e-11,2.1734328e-11,2.1541305e-11,2.2697712e-11,2.0305545e-11,2.2358736e-11,2.1768639e-11,2.2212385e-11,2.2881143e-11,2.2907431e-11,2.5834385e-11,2.4009073e-11,2.3241025e-11,2.2452498e-11,2.2037679e-11,2.3826004e-11,2.292229e-11,2.1986876e-11,2.373583e-11,2.4471031e-11,9.0029435e-11,4.977173e-11,6.1084506e-11,1.8736304e-11,3.9862936e-11,3.634265e-11,3.5095347e-11,1.7259342e-11,2.8003566e-11,3.142754e-11,5.7241142e-11,5.2861607e-11,5.2189086e-11,7.565277e-11,3.380324e-11,2.8699383e-11,3.8267577e-11,3.863059e-11,3.7159036e-11,4.8556586e-11,5.0473237e-11,5.1999603e-11,6.554298e-11,8.685535e-11,5.0206887e-11,7.3068426e-11,1.1459863e-07,3.2766184e-06,1.880513e-06,5.3020758e-05,3.277484e-06,2.9969933e-05,5.8374726e-06,3.5536894e-05,4.3185522e-05,6.177377e-06,9.1338516e-05,2.9860777e-05,6.852797e-05,3.0293379e-05,0.00011645911,0.0030580584,9.458889e-05,0.004029351,0.0014563721,0.008951963,0.036676794,0.0065967944,0.2099228,0.024161607,0.086653836,0.06494743,0.09749165,0.3602949,0.0052718166,0.078035325,0.002441735,0.0036457148,0.0028753388,4.2359447e-05,0.00018537107,7.6256633e-06,6.146704e-07,5.575977e-11,9.4248054e-11,6.178168e-11,5.760147e-11,7.936103e-11,7.490285e-11,9.554053e-11,4.300685e-11,5.4233295e-11,1.4199376e-10,9.8877045e-11,7.257036e-11,8.7381595e-11,1.2437683e-10,1.01883314e-10,5.1755395e-11,7.760874e-11,6.026401e-11,8.879542e-11,7.99969e-11,5.4499166e-11,5.3289626e-11,8.8986325e-11,6.0695206e-11,3.19149e-11,2.479162e-11,2.4017132e-11,2.3256503e-11,2.3215463e-11,2.4294955e-11,2.4733717e-11,2.2093318e-11,2.4930367e-11,2.3986552e-11,2.3090092e-11,2.3515028e-11,2.419064e-11,2.1848003e-11,2.2442177e-11,2.1726246e-11,2.0675689e-11,2.2787156e-11,2.4539738e-11,2.2576557e-11
2.2447391e-11,2.3854595e-11,2.1475658e-11,2.278341e-11,2.2275e-11,2.1816264e-11,2.2693894e-11,2.2000962e-11,2.2813503e-11,2.2622411e-11,2.3273576e-11,2.361016e-11,2.3657673e-11,2.2880786e-11,2.2210936e-11,2.1576001e-11,2.4567548e-11,2.164756e-11,2.2405557e-11,2.4179835e-11,2.4173934e-11,4.3904113e-11,4.3358366e-11,5.957007e-11,2.145093e-11,3.3906416e-11,4.5549897e-11,2.1216067e-11,2.066137e-11,4.5016824e-11,3.459614e-11,5.2467423e-11,3.9809583e-11,5.7516363e-11,7.084545e-11,4.258434e-11,4.911291e-11,5.0184846e-11,5.7774088e-11,3.3378706e-11,6.741964e-11,8.917216e-11,4.7976127e-11,7.795349e-11,8.0741545e-11,5.390789e-11,7.144251e-11,7.083117e-08,2.2785207e-06,1.6056213e-06,2.7017813e-05,6.2854247e-07,1.8723636e-05,5.2752794e-06,3.8222526e-05,8.148572e-05,7.419731e-06,6.2016734e-05,9.2541395e-06,7.3020274e-05,5.1533945e-05,8.755166e-05,0.0046176584,7.07699e-05,0.0074967477,0.0054210993,0.0336472,0.1691585,0.01897313,0.2698756,0.020322528,0.09097827,0.047745068,0.054613702,0.25247413,0.0012878721,0.017995248,0.0017389342,0.0018344898,0.0007682363,2.616517e-05,3.1677555e-05,1.9498757e-06,5.7861376e-07,9.208934e-11,1.5200033e-10,8.062967e-11,6.9726606e-11,7.238841e-11,1.2452038e-10,1.6156913e-10,6.885659e-11,5.3846233e-11,1.1302084e-10,5.93204e-11,6.401305e-11,7.46293e-11,9.819121e-11,1.0928395e-10,6.60196e-11,1.1005581e-10,1.6955827e-10,1.1169985e-10,6.567147e-11,7.976893e-11,6.445558e-11,8.4111156e-11,5.5789318e-11,3.6723163e-11,2.3996792e-11,2.3263903e-11,2.2302547e-11,2.3116346e-11,2.3180454e-11,2.3773018e-11,2.3044238e-11,2.4930454e-11,2.2954045e-11,2.2036662e-11,2.308286e-11,2.3288852e-11,2.2321527e-11,2.2470694e-11,2.2190357e-11,2.062609e-11,2.2557008e-11,2.2286048e-11,2.2103677e-11
6.542478e-12,6.8698888e-12,6.2183e-12,6.4545743e-12,6.0927726e-12,6.0025014e-12,6.692163e-12,6.493397e-12,6.739301e-12,6.8238934e-12,6.3970925e-12,7.168532e-12,6.9691622e-12,6.409477e-12,6.5999315e-12,6.2909756e-12,7.207358e-12,6.4346857e-12,6.3701596e-12,7.0866104e-12,6.656696e-12,2.3588156e-11,2.3634091e-11,2.3822637e-11,1.5299243e-11,1.6454565e-11,2.2930114e-11,1.4044945e-11,7.1535343e-12,1.6148869e-11,1.1731097e-11,2.1042577e-11,1.7121205e-11,2.1172777e-11,3.883796e-11,1.6922318e-11,3.2166127e-11,2.8727474e-11,2.8311025e-11,2.3709583e-11,3.3983403e-11,4.16159e-11,2.491805e-11,4.3068164e-11,3.7590667e-11,3.9011693e-11,4.9708442e-11,4.148409e-08,2.9026069e-06,1.2310858e-06,2.5901585e-05,1.0241404e-06,1.31621355e-05,3.1578222e-06,2.4532976e-05,3.9271352e-05,2.0332025e-06,4.647893e-05,2.0521737e-05,5.6085468e-05,6.9541624e-05,8.0138845e-05,0.0040914994,8.8801855e-05,0.0075858743,0.006979896,0.036890175,0.12817161,0.0081059495,0.4602005,0.06071293,0.08675855,0.05240037,0.023321748,0.10297891,0.001245677,0.015273997,0.0014432679,0.0010121113,0.0006803346,1.3330082e-05,3.606922e-05,3.5255644e-06,2.0903632e-07,4.65701e-11,7.574487e-11,3.2270964e-11,4.2727787e-11,3.718434e-11,3.9672012e-11,6.194155e-11,3.3586075e-11,2.9778437e-11,5.950502e-11,4.1122588e-11,2.5774728e-11,3.4264577e-11,4.3805334e-11,3.693792e-11,2.2310254e-11,3.8979115e-11,5.3877576e-11,5.408494e-11,3.8269103e-11,3.5793816e-11,2.7729145e-11,4.829168e-11,2.2863036e-11,1.28403226e-11,6.8684216e-12,6.835852e-12,6.30176e-12,6.71318e-12,6.931698e-12,7.1567557e-12,6.750004e-12,7.157929e-12,6.802063e-12,6.475932e-12,6.7947757e-12,6.7090582e-12,6.3426144e-12,6.5804233e-12,6.412387e-12,5.8694737e-12,6.4273994e-12,6.7884283e-12,6.415299e-12
5.132041e-12,5.8350074e-12,4.7957385e-12,5.5195874e-12,5.063957e-12,5.144919e-12,5.7836396e-12,5.3343003e-12,5.2414726e-12,5.3727548e-12,5.4840134e-12,5.399321e-12,5.4404025e-12,5.054847e-12,5.169057e-12,5.2701433e-12,5.7425067e-12,4.9337977e-12,4.9526928e-12,5.523231e-12,5.4733965e-12,1.4739716e-11,2.7575785e-11,2.2664972e-11,1.5706096e-11,1.6300699e-11,2.6733692e-11,1.8175243e-11,8.127727e-12,9.7490505e-12,7.903398e-12,1.3337271e-11,9.452601e-12,1.6807555e-11,2.4737263e-11,1.1229138e-11,1.896896e-11,1.7246746e-11,1.5690466e-11,8.808978e-12,9.427213e-12,2.3432476e-11,6.248669e-12,1.6329762e-11,9.032784e-12,2.5028476e-11,2.6981523e-11,2.8966987e-08,4.8418833e-06,1.3779639e-06,2.9460765e-05,4.2065625e-07,3.6686793e-05,2.4107168e-05,7.3629264e-05,0.00015672644,2.7197516e-06,0.00028406706,5.9757615e-05,0.00030589406,0.0016086581,0.00046898186,0.017262572,0.00037268616,0.09155776,0.057228215,0.11214399,0.19132689,0.002152142,0.40049794,0.016347146,0.030659448,0.033511024,0.011323917,0.024066731,0.00073748484,0.0050333967,0.00048410756,0.00014972316,0.00019859968,3.34465e-06,1.1364009e-05,9.626953e-07,1.3445508e-07,2.8538966e-11,5.0971585e-11,1.2263223e-11,2.1981812e-11,2.3006968e-11,2.485313e-11,5.977533e-11,1.9086113e-11,8.817685e-12,4.1385104e-11,3.64696e-11,1.9304317e-11,2.006489e-11,2.6023612e-11,1.528531e-11,1.7764307e-11,3.0331515e-11,3.5132997e-11,2.7442618e-11,2.1362308e-11,2.8956226e-11,2.8044683e-11,1.8448507e-11,1.1478471e-11,8.466794e-12,5.4135724e-12,5.322024e-12,4.8975884e-12,5.40066e-12,5.496517e-12,5.4843482e-12,5.979035e-12,5.4823403e-12,5.4934564e-12,5.409423e-12,5.4708703e-12,5.4929117e-12,5.1830562e-12,5.2125604e-12,5.0260247e-12,5.0172323e-12,4.9793654e-12,5.3028124e-12,5.210374e-12
1.9598214e-09,2.088612e-09,2.1002489e-09,1.9107962e-09,2.0876678e-09,2.0274589e-09,2.1264288e-09,1.9892077e-09,2.0312094e-09,1.9486244e-09,2.26555e-09,1.981411e-09,2.063287e-09,2.118846e-09,1.9791635e-09,2.0356192e-09,1.9549569e-09,1.9514885e-09,1.965579e-09,2.068433e-09,2.1521884e-09,3.4929715e-10,6.801066e-10,3.2476266e-10,3.069178e-10,4.3251977e-10,4.6669235e-10,3.5771489e-10,3.0914923e-10,2.230561e-10,1.9769328e-10,3.6429182e-10,2.77302e-10,1.3524161e-10,3.017713e-10,2.2351392e-10,9.8974884e-11,1.5928851e-10,1.8730831e-10,1.5439479e-10,2.013227e-10,8.017722e-11,1.2061398e-10,1.9922101e-10,1.4773932e-10,1.292248e-10,1.6641284e-10,1.9327541e-07,2.3016391e-06,3.060782e-07,2.2375646e-06,2.6422872e-06,6.527884e-06,1.1442271e-05,5.789157e-06,1.7846778e-05,1.5145505e-06,1.2128722e-05,2.043614e-05,1.4611376e-05,3.725098e-05,1.1195102e-05,3.9254737e-05,5.1816747e-05,7.4658536e-05,5.1638268e-05,7.3252677e-06,8.5856496e-05,1.8254243e-05,7.138208e-05,0.00010500845,5.8852296e-05,4.8431266e-05,2.6954232e-05,6.275438e-05,1.5669111e-05,5.608855e-06,2.1005895e-05,3.9574143e-06,5.0854833e-06,6.860513e-07,1.0624109e-06,2.41124e-07,1.3617571e-07,3.4391326e-10,4.2111184e-10,2.8585956e-10,2.7276914e-10,2.4905975e-10,2.6277572e-10,6.2012345e-10,3.2083525e-10,1.520568e-10,4.2639936e-10,3.777062e-10,4.6803306e-10,3.2442712e-10,4.242018e-10,2.1739005e-10,4.579783e-10,2.1604292e-10,3.262509e-10,2.831075e-10,3.5408051e-10,2.3074496e-10,3.86633e-10,7.0277234e-10,1.0101485e-09,1.3837598e-09,2.0403073e-09,2.0179605e-09,1.9808328e-09,1.9809387e-09,2.0301212e-09,2.1146027e-09,2.0187496e-09,2.2067546e-09,1.9656954e-09,1.999833e-09,2.1220614e-09,2.0517101e-09,2.086068e-09,1.9205335e-09,2.0641606e-09,2.0466095e-09,2.1136872e-09,2.017614e-09,2.1112898e-09
1.06654295e-11,1.11753775e-11,1.0745718e-11,1.1971742e-11,1.17537655e-11,1.0440725e-11,1.1279085e-11,1.06946e-11,1.0737358e-11,1.1801636e-11,1.2100184e-11,1.0819673e-11,1.0856802e-11,1.1253857e-11,1.1939316e-11,1.115155e-11,1.1116468e-11,1.0690276e-11,1.059075e-11,1.2242934e-11,1.10116916e-11,3.1799455e-11,4.9690727e-11,3.2842937e-11,5.7374175e-11,3.6186887e-11,4.866145e-11,5.226001e-11,3.1828765e-11,8.0534565e-11,3.2965068e-11,4.145928e-11,4.768968e-11,6.384945e-11,6.635051e-11,4.621202e-11,4.9253653e-11,6.629232e-11,8.772746e-11,6.649126e-11,1.1833627e-10,5.850243e-11,7.563517e-11,5.3924372e-11,5.2999015e-11,5.5336194e-11,5.975468e-11,2.0250475e-07,3.968751e-05,8.463971e-07,1.6654585e-05,1.7163884e-05,4.048958e-05,9.664979e-05,4.167935e-05,0.00028715655,5.4515217e-06,0.0008855194,0.0058244336,0.00017461755,0.02525589,5.600862e-05,0.029077813,0.032359708,0.03823441,0.3584716,0.001713152,0.1175248,0.0016754024,0.09212438,0.22999653,0.0034604263,0.032570895,0.0003444865,0.014156739,0.0042786226,0.000521181,0.0015486394,2.2410253e-05,0.000105453735,3.4496943e-06,4.4228173e-06,4.332857e-06,3.0882526e-07,5.8011297e-11,4.7690768e-11,3.0698995e-11,5.825546e-11,6.208339e-11,5.4144928e-11,5.933152e-11,3.1551747e-11,2.5069271e-11,1.6220035e-10,8.51181e-11,3.7733698e-11,3.549401e-11,2.943505e-11,7.919441e-11,4.9893586e-11,6.4851464e-11,5.793589e-11,6.15007e-11,1.020792e-10,2.4882152e-11,4.49081e-11,4.25402e-11,2.8450313e-11,2.2148252e-11,1.0452042e-11,1.0896612e-11,1.02847e-11,1.1705284e-11,1.16523804e-11,1.0738669e-11,1.1564348e-11,1.2516759e-11,1.15123e-11,1.0258604e-11,1.1327183e-11,1.1071291e-11,1.0727615e-11,1.09541464e-11,1.0822377e-11,1.0631166e-11,1.1893155e-11,1.1941616e-11,1.0913106e-11
3.5302664e-11,3.788478e-11,3.514478e-11,3.6972606e-11,3.6030543e-11,3.266233e-11,3.7984192e-11,3.3321533e-11,3.5445428e-11,3.605048e-11,3.7724986e-11,3.7394303e-11,3.5139013e-11,3.6361237e-11,4.187324e-11,3.832068e-11,3.6413147e-11,3.4847212e-11,3.4144798e-11,4.0666765e-11,3.9585096e-11,6.371963e-11,1.0699154e-10,1.0719621e-10,1.1135635e-10,7.126819e-11,9.488331e-11,1.4577502e-10,3.3337045e-11,1.9892045e-10,6.604066e-11,9.4634606e-11,5.52241e-11,1.7981663e-10,7.249662e-11,5.096709e-11,5.592966e-11,7.920996e-11,1.2142706e-10,9.567346e-11,1.1275455e-10,6.547251e-11,1.2159904e-10,6.2917956e-11,6.410997e-11,1.2316294e-10,9.124282e-11,2.8286607e-07,5.1381492e-05,1.2926881e-06,4.116274e-05,0.00014975294,4.0366584e-05,0.00027560492,4.74889e-05,0.00054060004,2.5263314e-05,0.0009004993,0.026882695,0.0001785363,0.031318452,6.850594e-05,0.03457604,0.06795392,0.0017086273,0.13209878,0.00045137844,0.049138393,0.0062560355,0.032836784,0.39238456,0.0023857933,0.08873052,0.00073832483,0.045288026,0.013231043,0.00011385988,0.0036658035,2.6480779e-05,0.00024519474,1.1126586e-05,6.836598e-06,9.9673325e-06,8.4391615e-07,1.510337e-10,8.7049895e-11,8.364643e-11,1.8262952e-10,5.8004542e-11,1.0572085e-10,1.4288459e-10,5.963751e-11,7.778969e-11,4.9117355e-10,8.372688e-11,1.1234881e-10,1.2492984e-10,6.448746e-11,2.3962282e-10,2.1316235e-10,9.7731795e-11,7.2889556e-11,1.10775895e-10,1.2856063e-10,4.375841e-11,5.5596753e-11,7.7204645e-11,5.1640713e-11,6.338507e-11,3.7255053e-11,3.5602354e-11,3.1088958e-11,3.7764007e-11,3.7820955e-11,3.959718e-11,3.7343552e-11,4.2210676e-11,3.7798743e-11,3.4634243e-11,4.0162176e-11,3.5455167e-11,3.566311e-11,3.6601992e-11,3.503542e-11,3.4937456e-11,3.8429003e-11,4.1503342e-11,3.709438e-11
7.6220506e-12,7.8415035e-12,8.011949e-12,7.260786e-12,7.848971e-12,7.828457e-12,8.140773e-12,7.201727e-12,7.603755e-12,7.530435e-12,7.538627e-12,8.827359e-12,7.900051e-12,8.071261e-12,8.108463e-12,7.429173e-12,8.250004e-12,8.151106e-12,8.070876e-12,8.719228e-12,8.539385e-12,1.10346794e-10,9.3854494e-11,7.8734e-11,9.4051794e-11,1.8176946e-10,4.4685273e-11,1.4833583e-10,5.3539034e-11,1.02937145e-10,1.3097108e-10,8.9676065e-11,1.1981983e-10,3.6358766e-10,1.4609014e-10,6.679086e-11,1.2296066e-10,1.739459e-10,1.3004015e-10,1.6547931e-10,9.978171e-11,1.2031519e-10,1.9023678e-10,1.0855566e-10,9.004302e-11,3.5235015e-10,2.748883e-10,6.7857354e-07,0.0001278671,5.137413e-06,2.2790537e-05,8.489057e-05,5.617087e-05,0.00026003417,0.00010127967,0.0006243097,5.7546473e-05,0.0038488202,0.031967983,0.0011520458,0.13665153,0.006046184,0.041240063,0.078262255,0.009413745,0.12854394,0.0019572503,0.050857555,0.0043689944,0.05500054,0.122712776,0.0025539796,0.043198254,0.003160047,0.0049751056,0.0040855706,0.00029721728,0.0010510124,0.000113065194,0.0001930961,2.2711818e-05,2.0101974e-05,8.253532e-06,5.30368e-07,2.1181279e-10,3.9394943e-10,1.1885339e-10,2.4704266e-10,1.2491463e-10,2.081419e-10,4.0699852e-10,8.8657345e-11,1.2104301e-10,5.413453e-10,2.1564836e-10,1.0484253e-10,1.7298377e-10,1.917793e-10,5.2066598e-11,2.1731442e-10,9.50139e-11,4.9923673e-11,1.0266381e-10,9.347807e-11,6.722591e-11,7.225603e-11,5.864734e-11,2.114728e-11,1.31299685e-11,8.148369e-12,7.7711075e-12,6.8044012e-12,8.142575e-12,8.229621e-12,9.026668e-12,8.267347e-12,8.947339e-12,7.645113e-12,7.835e-12,8.981587e-12,8.037694e-12,8.161482e-12,7.95104e-12,8.378037e-12,7.899026e-12,8.769547e-12,8.486841e-12,8.399526e-12
5.8292314e-13,5.428262e-13,5.8478504e-13,4.8295065e-13,6.4819005e-13,5.6425616e-13,6.111616e-13,4.4242369e-13,5.121565e-13,5.3799814e-13,6.154171e-13,5.5742287e-13,5.5146697e-13,6.1958175e-13,5.299261e-13,5.7035886e-13,5.416203e-13,5.451004e-13,5.317202e-13,6.137526e-13,6.0688916e-13,1.3882666e-12,7.4599674e-13,1.110536e-12,1.2520336e-12,1.5621568e-12,1.4079303e-12,2.7667387e-12,5.762923e-13,3.115585e-12,1.0019431e-12,1.0966143e-12,1.1119263e-12,8.505133e-13,1.0455827e-12,1.2882984e-12,8.647675e-13,5.456913e-13,9.907879e-13,1.7079684e-12,1.5580623e-12,1.8305802e-12,1.7850533e-12,8.106898e-13,7.5839514e-13,7.9494294e-13,7.6960676e-13,1.7363507e-09,1.025667e-07,2.8145721e-09,5.226997e-08,4.3094073e-07,6.139181e-08,5.420487e-07,1.3150385e-07,1.1582624e-06,1.5292497e-07,5.2199806e-07,1.4154287e-05,1.8227352e-07,3.9451047e-06,1.5398392e-07,3.2870573e-06,4.487862e-05,1.8968212e-06,1.454387e-05,4.4934595e-07,3.321783e-05,3.5444416e-06,5.7954226e-06,3.0260731e-05,1.4856889e-06,9.65755e-06,9.164847e-07,8.4653575e-06,4.256881e-06,2.0343177e-07,1.6808207e-06,1.4453275e-07,6.371613e-07,4.1986162e-08,1.1963408e-08,2.1233282e-08,2.044049e-09,2.1445536e-12,2.9059285e-12,2.0106523e-12,1.3187288e-12,1.5486052e-12,1.8211075e-12,3.894069e-12,2.5102806e-12,1.8148937e-12,3.5258714e-12,3.4517972e-12,2.5962565e-12,5.172933e-12,2.2987348e-12,1.9853787e-12,1.9928072e-12,1.5890892e-12,2.0448725e-12,1.4698018e-12,2.085554e-12,1.008812e-12,1.313883e-12,3.3016153e-12,1.4769286e-12,1.0364569e-12,5.405222e-13,5.736734e-13,5.601385e-13,5.7282494e-13,5.782831e-13,5.948785e-13,5.642519e-13,6.2799104e-13,5.40481e-13,5.147007e-13,5.912767e-13,5.3427385e-13,5.193157e-13,5.506052e-13,5.354695e-13,5.0593297e-13,6.357742e-13,5.9783813e-13,5.564541e-13
7.0939283e-13,6.6828905e-13,7.000404e-13,6.1974265e-13,7.6016065e-13,6.595893e-13,7.4322037e-13,5.5065354e-13,6.459563e-13,6.6605705e-13,7.7062635e-13,6.830302e-13,6.7578506e-13,7.430942e-13,6.4434677e-13,6.798276e-13,6.5610863e-13,6.6304796e-13,6.3589563e-13,7.428108e-13,7.121598e-13,2.5796028e-12,1.4965976e-12,2.1068405e-12,2.1161196e-12,1.8162031e-12,1.8745563e-12,4.5713806e-12,7.6282004e-13,3.4637614e-12,1.4849339e-12,1.8097713e-12,1.5708397e-12,1.3513103e-12,1.8300288e-12,2.2524341e-12,1.4920002e-12,8.8718345e-13,1.3148109e-12,4.052607e-12,2.0912827e-12,2.6922809e-12,3.4435517e-12,1.2029927e-12,1.4739598e-12,1.4622913e-12,1.6198568e-12,6.436799e-09,5.891645e-07,1.4967547e-08,3.6443464e-07,9.7736765e-06,2.5540874e-07,3.5461092e-06,1.5933921e-06,2.7668757e-05,4.0376285e-06,9.229699e-06,0.0010493222,2.2412537e-06,8.038491e-05,1.5213942e-06,5.4720076e-05,0.0021340477,1.2257884e-05,0.00037601564,6.829805e-06,0.001166919,8.061461e-05,9.586972e-05,0.0014844126,1.44777105e-05,0.00019808595,6.206172e-06,0.00015767416,0.00013824963,9.942213e-07,3.032542e-05,5.1752363e-07,7.1780537e-06,3.3536747e-07,4.303689e-08,1.6588821e-07,8.408934e-09,4.68959e-12,5.6049796e-12,3.835951e-12,4.666569e-12,2.8057084e-12,3.502573e-12,7.2469665e-12,6.082292e-12,3.496359e-12,7.312726e-12,5.009335e-12,5.0756487e-12,7.944735e-12,2.4626108e-12,5.1000254e-12,3.5801672e-12,2.225874e-12,3.7561933e-12,2.3078642e-12,3.2787605e-12,2.2308854e-12,1.6182572e-12,6.0726008e-12,1.7909672e-12,1.2699036e-12,6.4060926e-13,7.089492e-13,6.450428e-13,6.8918466e-13,6.8127367e-13,6.8680554e-13,6.5564703e-13,7.506643e-13,6.756819e-13,6.261707e-13,7.4489644e-13,6.406337e-13,6.3221195e-13,6.5195955e-13,6.230185e-13,6.0837506e-13,7.378375e-13,7.162178e-13,6.3332954e-13
3.6097015e-12,3.652196e-12,3.6812476e-12,3.4753116e-12,4.050207e-12,3.4119825e-12,3.7385915e-12,3.054925e-12,3.532532e-12,3.5889687e-12,4.148533e-12,3.4751791e-12,3.4490165e-12,3.9613677e-12,3.7320797e-12,3.5922424e-12,3.5522611e-12,3.3204693e-12,3.3102505e-12,3.70517e-12,3.4384281e-12,7.254868e-12,4.3682722e-12,7.1138954e-12,9.395305e-12,6.7132155e-12,6.235316e-12,1.4784273e-11,1.6969976e-12,1.399891e-11,4.8275698e-12,5.411987e-12,2.8082695e-12,4.888073e-12,5.0184618e-12,5.553723e-12,5.1349437e-12,3.3567532e-12,3.648227e-12,9.707198e-12,4.6966376e-12,5.1996163e-12,5.7878155e-12,2.4060387e-12,2.6345848e-12,1.9613482e-12,3.1355172e-12,1.003478e-08,8.083862e-07,7.5440866e-08,4.424326e-07,6.722e-06,2.920182e-07,3.8123692e-06,1.2373646e-06,6.0830803e-06,1.1957728e-06,2.3119837e-06,0.00014123265,2.596985e-06,4.132248e-05,9.595128e-07,2.081589e-05,0.0004471346,1.5505242e-05,0.00032067415,6.244553e-06,0.000486107,3.27578e-05,4.8336493e-05,0.00097189273,1.3789702e-05,0.0001485356,5.4037464e-06,6.247314e-05,0.00010289839,1.1955253e-06,3.134159e-05,7.6366723e-07,4.5365928e-06,4.0684702e-07,9.90402e-08,2.1295709e-07,4.270461e-08,9.293501e-12,9.852319e-12,5.8837167e-12,6.5800555e-12,6.8290334e-12,4.732932e-12,1.0617479e-11,8.701576e-12,4.4632054e-12,1.637144e-11,9.997092e-12,7.411799e-12,1.14793565e-11,7.595761e-12,1.2862843e-11,1.274202e-11,1.131942e-11,8.643548e-12,5.7506005e-12,7.318438e-12,2.9718773e-12,3.5463308e-12,1.9783921e-11,5.6216538e-12,5.9644603e-12,3.2997357e-12,3.7452003e-12,3.349705e-12,3.7597868e-12,3.5311172e-12,3.199324e-12,3.6374718e-12,3.8843924e-12,3.6745555e-12,3.2337414e-12,3.7262615e-12,3.3893066e-12,3.1208632e-12,3.3342537e-12,3.3073223e-12,3.2739694e-12,3.9598264e-12,3.933945e-12,3.4022865e-12
8.3626134e-11,8.800276e-11,8.653732e-11,8.353176e-11,8.515816e-11,7.999548e-11,8.6509605e-11,8.089045e-11,8.648947e-11,8.312774e-11,8.808908e-11,8.467582e-11,8.782116e-11,8.613947e-11,9.171055e-11,8.294244e-11,9.2125536e-11,7.990384e-11,8.3701455e-11,9.376855e-11,7.9980994e-11,1.8284485e-10,1.8027674e-10,2.2531949e-10,2.7607774e-10,2.332309e-10,1.680287e-10,2.2780075e-10,8.372046e-11,1.8955175e-10,3.033399e-10,1.3797748e-10,1.5813464e-10,2.8291652e-10,1.7090866e-10,2.3842553e-10,1.5245821e-10,2.3844918e-10,2.9882852e-10,2.0198626e-10,2.0128092e-10,1.4045672e-10,2.8577193e-10,1.8124796e-10,2.1707608e-10,2.2928809e-10,2.2012181e-10,1.3483454e-07,8.830597e-06,7.8018644e-07,1.2248173e-05,9.157196e-05,2.0612142e-06,0.00018492666,9.130003e-06,0.0005495583,0.00011160105,0.00014424988,0.09302683,7.501184e-05,0.0356212,0.0002811913,0.028025763,0.1112217,0.00021689794,0.23873593,0.00027736326,0.09149724,0.010895383,0.0031096719,0.31052655,0.000303065,0.052660134,0.00045402907,0.009677228,0.009709633,1.2814889e-05,0.0021590116,5.9693625e-06,0.00010023316,5.2003725e-06,4.7653424e-07,4.152386e-06,6.192855e-07,4.499272e-10,4.2062795e-10,4.1230588e-10,4.8309107e-10,1.8202573e-10,4.0094136e-10,2.7456537e-10,3.2966133e-10,2.8533623e-10,4.970447e-10,2.6654765e-10,2.354025e-10,4.19772e-10,2.6625088e-10,7.0526895e-10,4.9987503e-10,2.2096647e-10,2.3738686e-10,2.5785946e-10,4.5754894e-10,3.2334865e-10,1.1218773e-10,3.548717e-10,1.10796775e-10,1.1536566e-10,8.902041e-11,8.307797e-11,7.443738e-11,8.815059e-11,8.0978134e-11,9.188459e-11,8.50937e-11,9.5926864e-11,8.343479e-11,7.952101e-11,9.0936474e-11,8.561368e-11,8.0633666e-11,8.338436e-11,8.1759086e-11,8.266306e-11,8.660288e-11,8.938604e-11,8.399076e-11
5.695161e-12,5.872561e-12,6.0111365e-12,5.857068e-12,5.987565e-12,5.974651e-12,6.2583354e-12,5.7912056e-12,5.9838198e-12,6.000232e-12,5.8610577e-12,6.683256e-12,6.3617054e-12,6.1524895e-12,6.1542854e-12,5.5885765e-12,6.3025496e-12,6.455642e-12,6.257154e-12,6.5774833e-12,5.9400965e-12,1.14083354e-10,8.9534984e-11,7.883641e-11,1.14623616e-10,1.6112561e-10,5.2813094e-11,1.03931745e-10,4.5216882e-11,5.475586e-11,1.4294446e-10,6.804242e-11,1.0435226e-10,2.9186265e-10,1.2569867e-10,6.743853e-11,1.7062525e-10,1.4218852e-10,1.1290124e-10,1.0949339e-10,8.158817e-11,8.338704e-11,1.818168e-10,1.0821156e-10,1.05576894e-10,1.8828944e-10,2.7234962e-10,1.9718146e-07,4.1641015e-05,1.4371486e-06,2.4265928e-05,0.000115063594,2.0806267e-05,0.00018505151,8.472655e-05,0.001947269,0.0002490387,0.0066492707,0.1532841,0.000799628,0.17985198,0.004547962,0.06554145,0.10965221,0.002075492,0.1498943,0.002408985,0.11541739,0.0066863657,0.019813012,0.12933077,0.0006777849,0.039605774,0.0010837219,0.003777793,0.0031788612,3.4378634e-05,0.00044414774,7.436546e-06,7.860917e-05,6.6483763e-06,1.853307e-06,3.967474e-06,2.3725316e-07,2.8293803e-10,3.5470651e-10,1.6002366e-10,2.4285593e-10,1.12859465e-10,1.5002526e-10,2.1155702e-10,8.863207e-11,8.8184196e-11,2.1948784e-10,8.939437e-11,5.554308e-11,1.2823972e-10,1.3473749e-10,9.5132596e-11,1.3041085e-10,7.466502e-11,5.7517335e-11,8.8128546e-11,1.09653266e-10,9.124484e-11,4.6616464e-11,8.742354e-11,1.824928e-11,9.0647385e-12,6.0078357e-12,6.2597085e-12,5.337063e-12,6.367423e-12,5.882931e-12,6.7935275e-12,6.21832e-12,6.781746e-12,5.7073834e-12,6.041136e-12,6.818673e-12,6.1464844e-12,6.110855e-12,5.9700257e-12,6.4118697e-12,5.975038e-12,6.6261133e-12,6.410219e-12,5.9923976e-12
1.2199222e-11,1.2434302e-11,1.25873305e-11,1.15346465e-11,1.3569998e-11,1.2441348e-11,1.3191334e-11,1.0429414e-11,1.14898525e-11,1.2629103e-11,1.3965125e-11,1.1470977e-11,1.2042157e-11,1.2960195e-11,1.2000404e-11,1.2688402e-11,1.1851415e-11,1.20531874e-11,1.0997308e-11,1.2781481e-11,1.2400009e-11,1.7344444e-11,1.3082363e-11,1.8666705e-11,3.0785527e-11,3.8941354e-11,2.0494405e-11,4.5079888e-11,7.147368e-12,3.6559e-11,1.08356735e-11,1.4194246e-11,1.0671508e-11,1.2857965e-11,1.4054964e-11,1.1598205e-11,1.4500841e-11,1.0277086e-11,9.326052e-12,1.6578587e-11,1.5418115e-11,1.9906262e-11,1.5553333e-11,7.2510804e-12,8.194264e-12,7.1556754e-12,1.0301873e-11,8.904937e-09,2.2226492e-07,2.7124113e-08,8.019099e-08,6.0639127e-07,2.0889198e-07,5.8265766e-07,1.3708895e-07,2.5004385e-07,1.1698886e-07,1.6014243e-07,1.3273292e-06,1.762128e-07,4.89656e-07,7.937686e-08,2.7597184e-07,3.7762504e-06,1.2712926e-06,1.4038803e-06,3.0430206e-07,3.1779723e-06,1.3805502e-06,9.567918e-07,3.6723045e-06,7.569691e-07,1.6331987e-06,7.108165e-07,1.1360223e-06,1.0144524e-06,3.7839416e-07,6.3851127e-07,2.6527601e-07,2.6649874e-07,1.2774804e-07,4.9375604e-08,3.863188e-08,1.0849112e-08,1.9986308e-11,2.4249807e-11,1.3125428e-11,9.657063e-12,2.1310039e-11,1.5331547e-11,2.659163e-11,1.6961543e-11,1.8109444e-11,2.3496727e-11,4.1783157e-11,2.4784943e-11,4.311196e-11,3.4487756e-11,1.4044941e-11,2.5868594e-11,3.1617216e-11,2.1880732e-11,1.5547756e-11,2.0725942e-11,8.7141344e-12,1.5668892e-11,3.471975e-11,1.8671868e-11,2.3071108e-11,1.1511437e-11,1.2553117e-11,1.2477708e-11,1.3157762e-11,1.2927755e-11,1.2679233e-11,1.334039e-11,1.3403413e-11,1.24657906e-11,1.086098e-11,1.2529818e-11,1.17837936e-11,1.1175542e-11,1.2559248e-11,1.183944e-11,1.101719e-11,1.4408398e-11,1.3569429e-11,1.2249608e-11
1.8060348e-11,1.9122376e-11,1.8693665e-11,1.6587273e-11,1.9732396e-11,1.7672155e-11,1.9389308e-11,1.5443032e-11,1.7345425e-11,1.9297994e-11,2.0795027e-11,1.6666463e-11,1.7767975e-11,1.8666655e-11,1.7850926e-11,1.8895052e-11,1.7116683e-11,1.7707212e-11,1.648018e-11,1.9613299e-11,1.8371088e-11,3.3683042e-11,2.2698727e-11,2.927958e-11,5.6359875e-11,5.1830713e-11,3.0335286e-11,7.47063e-11,1.2854744e-11,7.041915e-11,2.1106311e-11,2.963167e-11,2.0579587e-11,2.4411471e-11,2.675584e-11,1.8899918e-11,3.1906224e-11,2.2084319e-11,1.8085098e-11,3.6648545e-11,3.322909e-11,4.112365e-11,3.4349086e-11,1.3468753e-11,1.6069243e-11,1.7973612e-11,2.5088853e-11,1.7420481e-08,4.6999364e-07,6.46307e-08,1.6375465e-07,9.858195e-07,5.137874e-07,7.2024704e-07,2.5648427e-07,5.1025063e-07,1.879133e-07,3.5931959e-07,2.5410648e-06,3.7759506e-07,1.2129037e-06,1.6019425e-07,5.1056463e-07,5.655018e-06,2.1466913e-06,2.5905797e-06,4.2359397e-07,4.9821097e-06,2.343219e-06,2.0950981e-06,7.924558e-06,1.2151985e-06,3.4180232e-06,1.1782242e-06,1.6903379e-06,1.8346412e-06,6.3249865e-07,1.3426235e-06,3.9473437e-07,3.491887e-07,2.1545578e-07,8.4117644e-08,5.0200114e-08,1.3666088e-08,4.01747e-11,3.558548e-11,2.1258465e-11,2.1310917e-11,3.8496456e-11,1.7819357e-11,4.027198e-11,3.2893868e-11,3.8931375e-11,4.6354177e-11,5.5207932e-11,4.789874e-11,5.0807764e-11,5.2134203e-11,1.8359668e-11,4.5871758e-11,6.719211e-11,3.4718867e-11,2.7166144e-11,3.6030366e-11,1.38167455e-11,2.448034e-11,4.927107e-11,2.9587558e-11,3.6822174e-11,1.71255e-11,1.8303095e-11,1.8149718e-11,1.9915894e-11,1.8817725e-11,1.8923725e-11,1.972758e-11,1.9824897e-11,1.8933619e-11,1.6363848e-11,1.8588138e-11,1.742627e-11,1.6739003e-11,1.9266696e-11,1.7040978e-11,1.6529037e-11,2.1740647e-11,2.0205037e-11,1.7470666e-11
2.3259764e-11,2.0965323e-11,2.175098e-11,1.9593337e-11,2.3183847e-11,2.124327e-11,2.4469468e-11,1.8548121e-11,2.1363664e-11,2.2984089e-11,2.3865188e-11,2.2299558e-11,2.2033247e-11,2.2580974e-11,2.0655725e-11,2.1981365e-11,2.048654e-11,2.0174966e-11,2.0352562e-11,2.30047e-11,2.1832071e-11,7.95894e-11,8.256469e-11,6.063325e-11,9.915552e-11,7.968813e-11,9.500057e-11,1.4237087e-10,3.240392e-11,1.3894505e-10,5.0630163e-11,1.00817125e-10,6.415689e-11,4.0991155e-11,6.425756e-11,4.797912e-11,6.6246245e-11,4.6451457e-11,4.681703e-11,1.1865708e-10,9.986651e-11,1.376814e-10,1.0282616e-10,4.30545e-11,4.8998923e-11,4.3569905e-11,8.672053e-11,5.429532e-08,1.9952563e-06,1.3729257e-07,1.4150266e-06,4.7541166e-06,2.0497928e-06,4.47973e-06,2.2899367e-06,1.0746641e-05,1.2964684e-06,8.601412e-06,9.648347e-05,3.3979252e-06,1.697722e-05,8.572828e-07,1.1014266e-05,6.7568246e-05,1.3522234e-05,3.247641e-05,5.118623e-06,0.0002012116,2.6816571e-05,5.3164815e-05,0.0001917804,1.7680439e-05,7.87895e-05,5.908024e-06,5.15324e-05,3.297249e-05,5.6766808e-06,2.370932e-05,1.98039e-06,5.8581795e-06,9.885104e-07,6.762168e-07,2.420509e-07,5.3685078e-08,1.6001661e-10,8.984871e-11,8.50239e-11,6.607034e-11,9.763147e-11,5.0030664e-11,1.6474345e-10,7.6768605e-11,1.05088875e-10,1.5176965e-10,1.03441866e-10,1.8191389e-10,1.0592947e-10,6.4535384e-11,8.817594e-11,4.847178e-11,6.642414e-11,7.403762e-11,6.380482e-11,1.0245732e-10,5.917471e-11,4.5969516e-11,1.2814337e-10,4.7297753e-11,4.0469416e-11,1.953315e-11,2.2446696e-11,2.113024e-11,2.2616579e-11,2.3084918e-11,2.3166873e-11,2.2272396e-11,2.4226357e-11,2.2528791e-11,2.1415437e-11,2.3007641e-11,2.117244e-11,1.9689429e-11,2.255076e-11,1.9707425e-11,1.9517991e-11,2.3401584e-11,2.3720331e-11,2.0501198e-11
2.5394168e-12,2.5116896e-12,2.3963147e-12,2.2511808e-12,2.836114e-12,2.2107908e-12,2.5022796e-12,2.05164e-12,2.3420634e-12,2.426625e-12,2.712823e-12,2.3209759e-12,2.2917228e-12,2.456991e-12,2.4181976e-12,2.4886191e-12,2.2721543e-12,2.2430118e-12,2.2605175e-12,2.6416334e-12,2.4184097e-12,1.1821922e-11,5.8112087e-12,5.649955e-12,6.2313787e-12,7.050607e-12,5.268206e-12,9.559014e-12,2.0866772e-12,1.2627167e-11,4.4408626e-12,8.705042e-12,6.279341e-12,5.989733e-12,6.6166135e-12,6.2810425e-12,8.061604e-12,5.821748e-12,5.4989416e-12,1.5142458e-11,5.689839e-12,8.134384e-12,8.036089e-12,3.0217237e-12,5.452736e-12,4.397085e-12,6.11722e-12,1.6530514e-08,1.00888e-06,3.814684e-08,5.389192e-07,4.498455e-06,2.9356835e-07,1.8440453e-06,4.667735e-07,4.9701125e-06,1.0468765e-06,1.7301161e-06,4.9559723e-05,2.2719423e-06,2.9998379e-05,7.4386674e-07,2.6408245e-05,0.0002693679,1.43200205e-05,0.00012351842,6.0924253e-06,0.0006670558,0.00010580568,9.79451e-05,0.0005252653,2.6289563e-05,0.00018238412,6.7952697e-06,6.1143954e-05,4.510227e-05,2.0409325e-06,3.0383962e-05,7.607064e-07,7.3611286e-06,5.796705e-07,1.0033671e-07,6.609563e-08,3.199006e-08,1.2391537e-11,8.464586e-12,6.647149e-12,6.5159956e-12,8.36262e-12,4.57776e-12,1.4166593e-11,1.0588131e-11,1.5508947e-11,2.484172e-11,1.5240337e-11,2.0570483e-11,1.813242e-11,9.348307e-12,1.5554568e-11,1.04009796e-11,1.1122415e-11,9.164873e-12,7.9221915e-12,1.7484602e-11,6.263074e-12,5.7495566e-12,1.7857226e-11,4.0176517e-12,4.0657395e-12,2.1877283e-12,2.5598414e-12,2.3246266e-12,2.7673523e-12,2.4277362e-12,2.3334934e-12,2.507009e-12,2.6774052e-12,2.5629585e-12,2.244073e-12,2.5989037e-12,2.2341647e-12,2.1996784e-12,2.445984e-12,2.3530965e-12,2.2278926e-12,2.7009894e-12,2.6660514e-12,2.1357863e-12
3.3330305e-12,3.1363761e-12,3.05402e-12,3.1956991e-12,3.2501562e-12,2.9483766e-12,3.2880604e-12,3.1502496e-12,3.3056865e-12,3.2767161e-12,3.4432034e-12,3.5366753e-12,3.171084e-12,3.2355342e-12,3.2889134e-12,3.1685204e-12,3.4101322e-12,3.3145062e-12,3.088152e-12,3.6545623e-12,3.270921e-12,1.443534e-11,1.4524049e-11,9.5739545e-12,1.3952596e-11,9.222613e-12,1.7179836e-11,1.3608631e-11,4.932594e-12,1.2038332e-11,1.553452e-11,1.0693482e-11,8.444152e-12,1.2596492e-11,1.1652518e-11,6.7004436e-12,8.227582e-12,8.810893e-12,1.0857177e-11,1.1995587e-11,8.5863755e-12,9.300871e-12,2.0172992e-11,8.085886e-12,1.1461998e-11,1.0302256e-11,1.0383195e-11,1.3153829e-08,1.3496336e-06,1.02430455e-07,1.5574373e-06,9.247937e-06,4.737836e-07,5.79915e-06,2.2213915e-06,5.567999e-05,3.5999535e-06,4.2479696e-05,0.0019580852,2.9420544e-06,0.0007549944,6.1858746e-06,0.0015664151,0.004101165,0.0001620075,0.01802552,0.0003384775,0.12791257,0.0030351838,0.040197603,0.5855019,0.0011246675,0.1497184,0.00046312305,0.047181644,0.011205767,6.733573e-05,0.0049515725,7.4415207e-06,0.00024070576,2.6290018e-06,1.3377727e-06,1.2861689e-06,7.836438e-08,2.682896e-11,1.5219707e-11,1.9084876e-11,2.887075e-11,1.1672583e-11,1.6967835e-11,2.9779363e-11,1.4120647e-11,1.634681e-11,5.4375737e-11,3.508773e-11,1.8449986e-11,1.979085e-11,1.991057e-11,4.2758797e-11,1.6521751e-11,1.4458542e-11,1.5177644e-11,2.2500607e-11,3.216437e-11,1.4250899e-11,1.10199315e-11,3.060529e-11,8.302335e-12,5.8336955e-12,3.0336595e-12,3.5010098e-12,3.10937e-12,3.408422e-12,3.2409017e-12,3.3012317e-12,3.2425833e-12,3.5746196e-12,3.1982114e-12,3.1033028e-12,3.5246547e-12,3.2474546e-12,2.9209606e-12,3.1693545e-12,3.1624467e-12,3.0597861e-12,3.3092632e-12,3.3389925e-12,3.1588115e-12
4.0380507e-12,3.8005966e-12,3.727122e-12,4.059798e-12,4.115763e-12,3.503084e-12,3.9361075e-12,3.8273087e-12,4.121702e-12,3.899105e-12,4.0497445e-12,4.1872005e-12,3.7868775e-12,3.960303e-12,3.8986587e-12,3.808361e-12,4.0732084e-12,3.9607415e-12,3.648757e-12,4.489846e-12,3.9850276e-12,1.9235679e-11,2.1472215e-11,1.5669726e-11,2.3970714e-11,1.200093e-11,2.1736805e-11,2.5413626e-11,4.3802457e-12,1.9249075e-11,1.9085258e-11,1.2508255e-11,8.4075654e-12,1.3382975e-11,1.9501884e-11,1.1182812e-11,1.3484981e-11,1.07256235e-11,1.2046429e-11,2.1798752e-11,1.2104932e-11,1.9634008e-11,2.8732343e-11,7.6186436e-12,1.0071793e-11,1.0770046e-11,1.4387416e-11,1.8717035e-08,2.4508356e-06,1.6693707e-07,2.0277644e-06,1.583442e-05,7.4156236e-07,8.873346e-06,3.7447337e-06,6.146103e-05,2.8332263e-06,6.3804924e-05,0.0015803289,8.294439e-06,0.0007018947,6.003136e-06,0.0012258462,0.0039368346,0.00039946474,0.011848431,0.0006471471,0.17086893,0.0036440445,0.05943867,0.5433511,0.0021189107,0.09771686,0.00043201668,0.03361525,0.008437115,9.176612e-05,0.0052019875,1.3311099e-05,0.00034755218,4.1912244e-06,2.606901e-06,2.3898508e-06,2.0678402e-07,3.8991366e-11,1.7873012e-11,1.7807374e-11,3.6838702e-11,2.1494343e-11,2.5817673e-11,4.920376e-11,1.6794946e-11,3.1560397e-11,9.556982e-11,6.686907e-11,3.869074e-11,2.953638e-11,2.4349639e-11,6.92607e-11,2.0591575e-11,2.1650121e-11,1.735937e-11,2.968401e-11,4.2999368e-11,1.6930901e-11,1.2354515e-11,4.0171196e-11,1.0129513e-11,7.89896e-12,3.443246e-12,4.1865933e-12,3.6718658e-12,4.2182386e-12,3.899834e-12,3.8512544e-12,4.074988e-12,4.393089e-12,3.9674327e-12,3.7209493e-12,4.2803283e-12,3.841167e-12,3.6098884e-12,3.940434e-12,3.8012852e-12,3.6299596e-12,4.0412335e-12,4.1042235e-12,3.5574215e-12
3.7768642e-12,3.6791768e-12,3.5351405e-12,3.862236e-12,3.6549552e-12,3.3512516e-12,3.730606e-12,3.7639197e-12,3.824761e-12,3.653513e-12,3.790439e-12,4.111635e-12,3.8277237e-12,3.6702685e-12,3.6908163e-12,3.5789544e-12,3.931537e-12,3.7964154e-12,3.6186286e-12,4.2984574e-12,3.862118e-12,1.584337e-11,2.3767887e-11,1.4591559e-11,3.089599e-11,1.1372071e-11,3.4132534e-11,1.845204e-11,6.226355e-12,1.4969134e-11,1.9471442e-11,7.993411e-12,6.726353e-12,1.4696131e-11,1.3271001e-11,7.8512535e-12,8.673655e-12,8.820198e-12,1.3086827e-11,1.19712296e-11,8.337204e-12,1.02731434e-11,2.8659594e-11,9.638254e-12,9.849425e-12,1.164957e-11,1.193539e-11,7.432947e-09,7.857768e-07,6.3853385e-08,6.8071313e-07,3.7239136e-06,2.0007471e-07,4.0451046e-06,1.6583273e-06,3.0101557e-05,1.4122876e-06,3.7815164e-05,0.0014087524,1.2499806e-06,0.0007239755,3.2850073e-06,0.0019144074,0.0023413415,0.00010951461,0.02118283,0.00029290558,0.083600104,0.0018898109,0.039893553,0.62397647,0.00063992105,0.15178818,0.00023212229,0.05368963,0.010438384,2.9690833e-05,0.00497129,3.9043775e-06,0.0002156197,1.4651711e-06,8.1975963e-07,1.8997592e-06,8.498108e-08,5.0047372e-11,2.0790989e-11,3.795809e-11,6.5870656e-11,2.0001898e-11,4.375162e-11,6.7077024e-11,2.3928e-11,3.2057332e-11,1.4628156e-10,5.5989175e-11,3.6135334e-11,3.594732e-11,2.7933504e-11,1.2059789e-10,2.9179516e-11,2.5353391e-11,2.8926276e-11,3.8271344e-11,5.1398552e-11,2.4698105e-11,1.6976816e-11,3.59856e-11,1.2105922e-11,7.798421e-12,3.4442633e-12,3.940275e-12,3.5789952e-12,3.811899e-12,3.5697914e-12,3.7870137e-12,3.722766e-12,4.0991373e-12,3.505516e-12,3.624438e-12,4.0441934e-12,3.7658227e-12,3.4724227e-12,3.5214587e-12,3.6761605e-12,3.5820956e-12,3.7366594e-12,3.7990375e-12,3.4726677e-12
1.1695795e-11,1.1767579e-11,1.14859094e-11,1.1862769e-11,1.1801204e-11,1.0492366e-11,1.1908472e-11,1.1423163e-11,1.1321908e-11,1.1457595e-11,1.2188176e-11,1.2270093e-11,1.1197049e-11,1.2343471e-11,1.1899208e-11,1.1497746e-11,1.1894851e-11,1.18192695e-11,1.0963277e-11,1.3300022e-11,1.1486961e-11,1.4222105e-11,1.3845776e-11,1.31953615e-11,3.9798425e-11,9.674578e-12,2.3792392e-11,1.3795637e-11,3.3530114e-12,1.0059086e-11,7.536696e-12,3.9267574e-12,3.2837335e-12,7.404214e-12,1.0021017e-11,5.299937e-12,6.227415e-12,4.9985645e-12,6.655553e-12,7.528191e-12,5.2032597e-12,6.4618415e-12,1.2053764e-11,5.650218e-12,8.047784e-12,7.0034074e-12,1.1159866e-11,1.4612114e-08,2.23195e-06,1.7834692e-07,2.162657e-06,1.0712594e-05,4.227823e-07,1.0408879e-05,1.0493213e-06,2.0405441e-05,6.0195102e-06,1.2680567e-05,0.0009634827,1.6345593e-06,0.0003480332,2.3438242e-06,0.00078783435,0.0017422643,7.817566e-05,0.011852905,0.00018832636,0.04892181,0.0058020116,0.020324562,0.67169315,0.0012037231,0.12565874,0.00092602323,0.08271898,0.015191004,9.244777e-05,0.0063787415,4.6639902e-06,0.00014066842,2.777953e-06,6.17259e-07,1.4961599e-06,4.6515122e-08,1.8390315e-11,9.610355e-12,1.9489358e-11,1.761187e-11,9.132109e-12,1.3183689e-11,2.1532632e-11,1.04585585e-11,1.07050245e-11,3.1654027e-11,2.4192525e-11,1.892977e-11,1.661737e-11,1.7709355e-11,6.066336e-11,1.018166e-11,2.5715995e-11,1.00233485e-11,1.5374419e-11,3.163785e-11,1.3497773e-11,8.763489e-12,3.3138357e-11,1.3071515e-11,1.7062978e-11,1.0792236e-11,1.2211165e-11,1.1523433e-11,1.1841021e-11,1.0929036e-11,1.207908e-11,1.1707758e-11,1.3208909e-11,1.1334742e-11,1.0994101e-11,1.1948788e-11,1.2128901e-11,1.0797961e-11,1.2000772e-11,1.0594645e-11,1.1449469e-11,1.2570513e-11,1.2239987e-11,1.0538414e-11
1.9598214e-09,2.088612e-09,2.1002489e-09,1.9107962e-09,2.0876678e-09,2.0274589e-09,2.1264288e-09,1.9892077e-09,2.0312094e-09,1.9486244e-09,2.26555e-09,1.981411e-09,2.063287e-09,2.118846e-09,1.9791635e-09,2.0356192e-09,1.9549569e-09,1.9514885e-09,1.965579e-09,2.068433e-09,2.1521884e-09,3.4929715e-10,6.801066e-10,3.2476266e-10,3.069178e-10,4.3251977e-10,4.6669235e-10,3.5771489e-10,3.0914923e-10,2.230561e-10,1.9769328e-10,3.6429182e-10,2.77302e-10,1.3524161e-10,3.017713e-10,2.2351392e-10,9.8974884e-11,1.5928851e-10,1.8730831e-10,1.5439479e-10,2.013227e-10,8.017722e-11,1.2061398e-10,1.9922101e-10,1.4773932e-10,1.292248e-10,1.6641284e-10,1.9327541e-07,2.3016391e-06,3.060782e-07,2.2375646e-06,2.6422872e-06,6.527884e-06,1.1442271e-05,5.789157e-06,1.7846778e-05,1.5145505e-06,1.2128722e-05,2.043614e-05,1.4611376e-05,3.725098e-05,1.1195102e-05,3.9254737e-05,5.1816747e-05,7.4658536e-05,5.1638268e-05,7.3252677e-06,8.5856496e-05,1.8254243e-05,7.138208e-05,0.00010500845,5.8852296e-05,4.8431266e-05,2.6954232e-05,6.275438e-05,1.5669111e-05,5.608855e-06,2.1005895e-05,3.9574143e-06,5.0854833e-06,6.860513e-07,1.0624109e-06,2.41124e-07,1.3617571e-07,3.4391326e-10,4.2111184e-10,2.8585956e-10,2.7276914e-10,2.4905975e-10,2.6277572e-10,6.2012345e-10,3.2083525e-10,1.520568e-10,4.2639936e-10,3.777062e-10,4.6803306e-10,3.2442712e-10,4.242018e-10,2.1739005e-10,4.579783e-10,2.1604292e-10,3.262509e-10,2.831075e-10,3.5408051e-10,2.3074496e-10,3.86633e-10,7.0277234e-10,1.0101485e-09,1.3837598e-09,2.0403073e-09,2.0179605e-09,1.9808328e-09,1.9809387e-09,2.0301212e-09,2.1146027e-09,2.0187496e-09,2.2067546e-09,1.9656954e-09,1.999833e-09,2.1220614e-09,2.0517101e-09,2.086068e-09,1.9205335e-09,2.0641606e-09,2.0466095e-09,2.1136872e-09,2.017614e-09,2.1112898e-09
2.632928e-13,2.6817158e-13,2.7508142e-13,2.4327673e-13,3.0246145e-13,2.5307686e-13,2.695788e-13,2.1170544e-13,2.5068817e-13,2.368674e-13,2.847819e-13,2.7113714e-13,2.677065e-13,2.697094e-13,2.525387e-13,2.7840046e-13,2.347535e-13,2.4964988e-13,2.3036404e-13,2.7851942e-13,2.8716114e-13,1.435293e-13,8.028507e-14,1.06136305e-13,9.189117e-14,2.6278808e-13,1.2015859e-13,1.7342352e-13,1.0093348e-13,2.0103826e-13,7.7788246e-14,1.0096622e-13,8.2860456e-14,6.982316e-14,1.159643e-13,1.6700898e-13,5.3527925e-14,3.426081e-14,5.93808e-14,8.973136e-14,1.4949928e-13,7.188832e-14,8.64292e-14,4.8847174e-14,4.164213e-14,4.8994974e-14,3.548766e-14,3.828527e-10,1.0097803e-08,2.3545246e-10,2.561641e-09,8.294668e-09,5.185565e-09,2.1516374e-08,5.320275e-09,2.679023e-08,1.2642113e-09,7.577488e-09,3.1808906e-08,8.664251e-09,6.311386e-08,4.0337644e-09,1.5471579e-07,6.0011683e-07,3.5984505e-07,5.2581214e-07,2.6176524e-08,1.292109e-06,1.1300502e-07,6.722246e-07,4.1400102e-07,5.329004e-07,6.908653e-07,9.95469e-08,7.6136706e-07,9.5691874e-08,8.11685e-08,1.3356197e-07,2.442747e-08,7.313576e-08,3.5913879e-09,8.900947e-10,6.1852934e-10,3.8763173e-10,1.2796623e-13,1.06162624e-13,7.9660596e-14,8.026456e-14,1.5393807e-13,1.9538067e-13,3.1126962e-13,2.003821e-13,1.6552924e-13,2.6399784e-13,2.5747834e-13,2.431125e-13,5.565899e-13,2.7315842e-13,2.3369292e-13,2.172399e-13,2.4391044e-13,3.5286945e-13,3.3131318e-13,3.1279441e-13,9.75352e-14,2.1576156e-13,4.1607063e-13,2.7388985e-13,3.5436004e-13,2.5264564e-13,2.5698085e-13,2.636989e-13,2.8162948e-13,2.844128e-13,2.7065454e-13,2.763741e-13,2.794613e-13,2.390651e-13,2.5024866e-13,2.828418e-13,2.5669278e-13,2.468195e-13,2.6309803e-13,2.5571445e-13,2.3596194e-13,2.9983766e-13,2.561841e-13,2.648421e-13
6.374737e-11,6.585867e-11,6.894681e-11,6.266457e-11,6.6090466e-11,6.1564795e-11,6.044592e-11,5.745194e-11,6.6887634e-11,6.352404e-11,6.9714436e-11,6.6304476e-11,7.2790815e-11,6.6447285e-11,6.2631705e-11,6.509909e-11,6.67421e-11,6.10603e-11,6.0098974e-11,7.439018e-11,6.861071e-11,5.905583e-11,7.2004826e-11,1.02042826e-10,6.447261e-11,1.1073941e-10,1.0794082e-10,1.711538e-10,5.6968326e-11,1.4580373e-10,5.596693e-11,1.9044595e-10,9.554258e-11,7.700144e-11,1.0935118e-10,1.099273e-10,1.1473597e-10,8.94837e-11,6.4063435e-11,1.7997559e-10,1.9371937e-10,1.0025407e-10,1.013148e-10,9.660484e-11,1.13867415e-10,7.546559e-11,8.5160996e-11,4.8379303e-07,1.2339081e-05,1.1720689e-06,1.7253315e-05,1.09296e-05,4.3787582e-05,3.9990176e-05,3.6256755e-05,0.00014635893,6.965055e-06,7.076429e-05,0.00014378695,0.00025052816,0.0005979151,4.5262113e-05,0.005266653,0.0031334637,0.005914226,0.008292014,0.008439046,0.24013968,0.02532867,0.17570037,0.052855525,0.11466665,0.09823339,0.0070223515,0.111211166,0.010382033,0.0054837777,0.0041944697,0.0008945057,0.00081463694,3.0441322e-05,3.246302e-05,3.0516476e-06,2.6128873e-06,2.1650647e-10,1.3634488e-10,1.7650396e-10,1.3007191e-10,1.4521978e-10,1.324849e-10,3.2318492e-10,1.01331804e-10,1.0667005e-10,1.9638756e-10,5.4857008e-11,1.2311885e-10,1.6690514e-10,1.0039568e-10,1.285379e-10,1.05202125e-10,9.39808e-11,1.1741877e-10,2.0697766e-10,1.07889364e-10,6.768538e-11,5.853873e-11,1.148805e-10,1.0656024e-10,8.289207e-11,7.005233e-11,6.749458e-11,6.040766e-11,7.106503e-11,6.754442e-11,6.608517e-11,6.794537e-11,6.966685e-11,6.37616e-11,6.602105e-11,6.638686e-11,6.4837136e-11,6.5665515e-11,6.9860055e-11,6.481068e-11,5.803954e-11,6.538506e-11,6.7973106e-11,6.063923e-11
3.7314745e-11,3.7782694e-11,3.6728523e-11,4.0418488e-11,3.6192223e-11,3.7049364e-11,3.705728e-11,3.416039e-11,3.6342193e-11,3.5309086e-11,4.0201367e-11,3.595663e-11,3.7737317e-11,3.6102732e-11,4.0730835e-11,3.9777594e-11,3.6898165e-11,3.072508e-11,3.5777666e-11,3.643339e-11,3.635342e-11,2.7531909e-11,8.12502e-11,5.602525e-11,1.058115e-10,6.6692735e-11,4.3378426e-11,1.6698892e-10,1.828223e-11,2.086447e-11,2.070518e-11,6.753426e-11,2.159867e-11,4.2242678e-11,5.8124082e-11,5.315586e-11,1.03859955e-10,3.825797e-11,5.8395885e-11,1.3925701e-10,4.798002e-11,9.475587e-11,4.487148e-11,2.5161692e-11,1.9884273e-11,3.7487378e-11,3.936895e-11,1.8974015e-07,1.2562391e-05,2.9600625e-07,1.6066975e-05,1.2937502e-05,6.304691e-05,4.0533876e-05,0.00012467924,0.00025870441,4.9057007e-06,0.00065421604,0.00036501995,0.002414543,0.008324828,0.000138857,0.049907103,0.011510955,0.115241125,0.07535299,0.10898991,0.17398742,0.0041447068,0.21833798,0.0285071,0.10064358,0.052307952,0.001299219,0.017473165,0.0030871078,0.0031098179,0.00022095327,5.4132728e-05,0.0002149842,6.974734e-06,5.399169e-06,1.4536519e-06,7.5656357e-07,8.591755e-11,3.556281e-11,3.3651446e-11,7.0088026e-11,4.603539e-11,5.092214e-11,7.100814e-11,2.4253764e-11,1.6722406e-11,4.882454e-11,6.4808464e-11,3.2418866e-11,4.704213e-11,1.695616e-11,2.2274427e-11,2.2291767e-11,3.248262e-11,3.2032866e-11,5.8717774e-11,3.7599517e-11,4.7359755e-11,4.769971e-11,5.493932e-11,4.266406e-11,4.3617866e-11,3.6135244e-11,3.6780405e-11,3.371685e-11,4.0913967e-11,4.1533863e-11,3.932362e-11,3.7455927e-11,3.98198e-11,3.8391446e-11,3.634843e-11,3.804723e-11,3.863872e-11,3.4434754e-11,3.8209547e-11,3.471807e-11,3.497622e-11,3.5364486e-11,3.991957e-11,3.579951e-11
1.0841163e-11,1.0856331e-11,1.0824572e-11,1.1468408e-11,1.0867415e-11,1.0978961e-11,1.1315982e-11,1.0751382e-11,1.0682843e-11,1.1260842e-11,1.1810944e-11,1.0950895e-11,1.0898489e-11,1.0439854e-11,1.1373302e-11,1.1325137e-11,1.1241142e-11,1.0143813e-11,1.0647691e-11,1.1486534e-11,1.0932362e-11,2.2147506e-11,2.8623472e-11,5.0544752e-11,3.1672116e-11,3.242691e-11,5.408282e-11,5.062551e-11,2.9846473e-11,2.3563939e-11,3.1452924e-11,3.8309963e-11,2.1577877e-11,3.980818e-11,2.7393312e-11,3.7953005e-11,4.902901e-11,2.8122733e-11,2.6532282e-11,2.7939833e-11,2.9229858e-11,3.7219637e-11,5.4112336e-11,2.0506197e-11,2.6198824e-11,5.0698848e-11,2.1830357e-11,2.5938819e-08,2.3716175e-06,8.997804e-08,4.084643e-06,6.6176517e-07,6.735273e-06,3.6163574e-06,4.9492883e-05,9.935504e-05,1.1485796e-06,0.00014122762,2.6428243e-05,0.0002779196,0.0008272795,3.291411e-05,0.006804403,0.00089516083,0.02091832,0.033182826,0.13428049,0.31406206,0.002087369,0.42110962,0.0066860784,0.033789992,0.017664501,0.00056613365,0.0051925564,0.00046048555,0.0005182738,7.832439e-05,1.5959693e-05,8.834023e-05,1.1166558e-06,8.876941e-07,1.1928762e-07,1.8205816e-07,2.6417353e-11,2.9548645e-11,1.7480498e-11,4.3994357e-11,3.4439285e-11,3.181913e-11,7.2923126e-11,2.2625717e-11,1.9113659e-11,4.43455e-11,2.5644702e-11,3.001883e-11,2.4099103e-11,1.9454206e-11,1.5609727e-11,2.5746006e-11,3.0071726e-11,3.6106517e-11,6.115321e-11,7.5199506e-11,4.896985e-11,5.4554736e-11,2.7153916e-11,2.2368005e-11,1.5832698e-11,1.104152e-11,1.01783885e-11,9.785791e-12,1.1902079e-11,1.1670871e-11,1.1228884e-11,1.1545818e-11,1.1494928e-11,1.1110348e-11,1.1476526e-11,1.1256998e-11,1.1472236e-11,1.0717803e-11,1.1941737e-11,1.07213e-11,1.0786403e-11,1.0542788e-11,1.1206739e-11,1.0777868e-11
1.7329985e-11,1.7772315e-11,1.75662e-11,1.819006e-11,1.8003293e-11,1.695594e-11,1.7394261e-11,1.7370591e-11,1.7573505e-11,1.7767808e-11,1.904463e-11,1.8049676e-11,1.7894837e-11,1.6620183e-11,1.797605e-11,1.7678194e-11,1.7444797e-11,1.6324168e-11,1.5970796e-11,1.8360058e-11,1.6938353e-11,2.4341317e-11,4.2119034e-11,7.257154e-11,3.3035654e-11,2.2343155e-11,3.732707e-11,4.9890966e-11,2.962941e-11,9.824413e-12,1.0042862e-11,4.166972e-11,1.5182574e-11,2.6907329e-11,3.257738e-11,2.5519602e-11,3.7163963e-11,1.7940836e-11,2.8583162e-11,2.2357649e-11,3.037275e-11,1.7613841e-11,3.773071e-11,2.3630558e-11,2.4035808e-11,3.5140727e-11,3.0455298e-11,6.658647e-08,4.5903125e-06,1.0611779e-07,5.0141175e-06,4.104735e-06,1.0947631e-05,3.8269245e-06,2.5009147e-05,5.198295e-05,6.120831e-07,0.00015834087,0.00023302843,0.00026408324,0.0014259449,3.052215e-05,0.021883376,0.008461051,0.016535351,0.020533243,0.060874846,0.29396054,0.0022513878,0.39447182,0.045658465,0.07077645,0.027103469,0.0006612419,0.02848829,0.003979251,0.0012020434,0.00016175394,3.542283e-05,9.283398e-05,8.0585437e-07,9.610309e-07,4.754917e-07,2.1812075e-07,2.4216101e-11,2.038601e-11,2.12504e-11,3.5674033e-11,3.3421117e-11,1.9997545e-11,6.9626506e-11,2.8309329e-11,1.2991547e-11,3.0711614e-11,1.7389751e-11,3.3317498e-11,1.8609602e-11,1.43004905e-11,3.5426405e-11,2.4771178e-11,3.777442e-11,2.627079e-11,3.9820494e-11,5.987201e-11,2.1234032e-11,3.7545425e-11,2.7106265e-11,2.8400404e-11,2.2238903e-11,1.7570221e-11,1.7018732e-11,1.6396124e-11,1.8695698e-11,1.7696242e-11,1.783888e-11,1.7106993e-11,1.8434027e-11,1.8093554e-11,1.903657e-11,1.8448658e-11,1.7631152e-11,1.7979066e-11,1.8316544e-11,1.7234195e-11,1.8123256e-11,1.7028668e-11,1.8520158e-11,1.7585678e-11
3.4248542e-12,3.7163536e-12,3.988975e-12,3.5164731e-12,3.9462565e-12,3.518332e-12,3.830778e-12,3.1361463e-12,3.6316013e-12,3.2202136e-12,3.8505718e-12,3.6045977e-12,3.9071164e-12,4.0370663e-12,3.864485e-12,3.6410545e-12,3.4261743e-12,3.4865335e-12,3.2848544e-12,3.8424797e-12,3.73322e-12,3.838934e-12,7.417912e-12,6.210204e-12,6.437987e-12,8.12504e-12,4.2130123e-12,7.1767384e-12,2.8179124e-12,5.7866255e-12,3.43778e-12,1.2026688e-11,3.0859764e-12,9.635298e-12,6.6143597e-12,1.0585776e-11,1.1500816e-11,5.957459e-12,9.543008e-12,8.418816e-12,1.4621793e-11,6.889742e-12,1.2484351e-11,6.8804437e-12,7.304273e-12,6.7304365e-12,6.0114487e-12,1.0381525e-07,2.2273665e-05,2.1266554e-07,1.3261925e-05,3.2299367e-06,2.7701686e-05,8.979656e-06,1.60452e-05,4.818123e-05,3.499514e-07,8.180832e-05,0.000120012264,0.00024323874,0.0010836892,1.8976207e-05,0.012124173,0.0030408571,0.0075040623,0.0046403585,0.0019456102,0.026564367,0.00037109433,0.016820135,0.0037606554,0.013306082,0.009513836,0.0002363433,0.01012213,0.0003353663,0.0004904833,4.531209e-05,1.8282248e-05,5.6980196e-05,7.6008257e-07,1.0993646e-06,5.014821e-07,6.604808e-07,1.8070183e-11,6.3274247e-12,7.375137e-12,7.0730114e-12,7.861581e-12,3.6352674e-12,1.4993912e-11,4.398003e-12,2.7475056e-12,9.025166e-12,4.437403e-12,7.7091415e-12,1.0631546e-11,2.3904138e-12,1.5096013e-11,4.3722504e-12,5.090594e-12,5.277714e-12,1.2974616e-11,5.0344737e-12,2.0797134e-12,3.7578096e-12,6.7236225e-12,4.616264e-12,4.2623166e-12,3.6032507e-12,3.6841853e-12,3.4843925e-12,3.761022e-12,3.794115e-12,3.9319585e-12,3.6273716e-12,3.9272964e-12,3.6923103e-12,3.7366677e-12,3.8225087e-12,3.7255732e-12,3.5287014e-12,3.6464755e-12,3.573383e-12,3.429718e-12,3.8516954e-12,3.671292e-12,3.650902e-12
5.6148094e-12,5.6292427e-12,5.516585e-12,5.509371e-12,5.2789635e-12,5.089275e-12,5.648064e-12,4.9710123e-12,5.405243e-12,5.4314e-12,5.5249668e-12,5.3259003e-12,5.9340866e-12,5.437018e-12,5.6440256e-12,5.021557e-12,5.339e-12,5.352286e-12,5.482379e-12,5.5442534e-12,5.367467e-12,1.95935e-11,4.0350903e-11,2.03518e-11,1.8500012e-11,2.6593311e-11,2.7678419e-11,2.634804e-11,1.0766785e-11,1.4634379e-11,1.538422e-11,3.1930666e-11,2.5371788e-11,2.1996101e-11,3.8239044e-11,3.7312292e-11,7.9972313e-11,2.1795765e-11,5.3371196e-11,5.2991524e-11,4.3830158e-11,3.3576086e-11,5.7810808e-11,4.819433e-11,3.556027e-11,2.855926e-11,2.6173931e-11,1.1416153e-07,1.0399017e-05,1.4764866e-07,1.11382e-05,7.5520416e-07,1.8084238e-05,6.648494e-06,2.0149679e-05,8.0405785e-05,6.320013e-07,0.00023331745,5.6254958e-05,0.0009480165,0.008216629,0.00038622413,0.22742763,0.0063989586,0.18033831,0.020365745,0.14611472,0.22601217,0.0010473538,0.07771662,0.0025397239,0.05210164,0.032568168,0.0014695731,0.01241438,0.00033144117,0.0027510528,4.788523e-05,4.357032e-05,9.2193e-05,2.437866e-06,3.388947e-06,4.3832546e-07,8.2298504e-07,8.636422e-11,3.5906295e-11,3.1191348e-11,4.6058365e-11,3.6443924e-11,2.4004031e-11,6.2412124e-11,2.6580026e-11,1.3080546e-11,2.174295e-11,1.2920905e-11,2.1561732e-11,3.795775e-11,1.8280854e-11,2.911854e-11,2.4729607e-11,3.3746866e-11,2.2474429e-11,4.2446414e-11,4.8314717e-11,1.9160874e-11,2.7611718e-11,1.2765283e-11,1.8806763e-11,8.2597314e-12,5.6597e-12,5.206924e-12,4.8039754e-12,5.823231e-12,5.5040256e-12,5.749496e-12,5.425716e-12,5.5225646e-12,5.639689e-12,5.782842e-12,5.39483e-12,5.580846e-12,5.3916e-12,5.7060047e-12,5.5089934e-12,5.2643337e-12,5.2195618e-12,5.309358e-12,5.35914e-12
1.5269162e-13,1.826312e-13,1.805293e-13,1.539388e-13,1.9625671e-13,1.6086404e-13,1.7120524e-13,1.2579201e-13,1.6494759e-13,1.5709028e-13,1.715658e-13,1.5730317e-13,1.6584638e-13,1.8718233e-13,1.6571736e-13,1.6136987e-13,1.653612e-13,1.5369325e-13,1.5133354e-13,1.6474825e-13,1.730414e-13,5.485793e-13,8.6905076e-13,5.307276e-13,2.8094305e-13,9.464509e-13,3.201587e-13,7.3273316e-13,4.5327533e-13,1.0154401e-12,5.7123794e-13,1.4456228e-12,4.1279848e-13,1.4328716e-12,1.1175723e-12,1.5264888e-12,1.873689e-12,9.745557e-13,1.013308e-12,1.5673033e-12,2.0641579e-12,1.6799418e-12,8.7048906e-13,7.005257e-13,7.906054e-13,8.164926e-13,5.442791e-13,1.1334559e-08,5.809012e-06,2.3936572e-08,2.0305233e-06,3.392135e-07,2.7179128e-06,2.741663e-06,1.2390461e-06,1.6515132e-05,1.2254044e-07,1.3071274e-05,4.027056e-06,4.9225866e-05,0.0001585854,1.0279329e-05,0.00046725717,7.249084e-05,0.0007372365,9.424548e-05,3.675143e-05,0.00046229377,6.323605e-06,0.00010791622,1.1099225e-05,8.050311e-05,9.218748e-05,8.254751e-06,6.338956e-05,1.6288661e-06,7.678639e-06,9.974015e-07,7.7191197e-07,1.1313772e-06,4.53318e-08,8.3307356e-08,1.8854802e-08,3.9420197e-08,2.8010263e-12,1.8238588e-12,7.3563887e-13,1.162098e-12,1.3201113e-12,6.307212e-13,1.833912e-12,7.6739553e-13,5.227347e-13,9.975847e-13,4.4994097e-13,9.649855e-13,2.91164e-12,5.333712e-13,1.8207861e-12,6.489093e-13,1.0235449e-12,9.707378e-13,6.7594915e-13,5.751387e-13,4.839589e-13,7.174009e-13,9.373265e-13,3.7754074e-13,2.336606e-13,1.6744898e-13,1.5764798e-13,1.6547857e-13,1.7832876e-13,1.705586e-13,1.6963072e-13,1.6344216e-13,1.5658652e-13,1.6348393e-13,1.7005802e-13,1.6555812e-13,1.5363931e-13,1.6075117e-13,1.7576573e-13,1.5758815e-13,1.4000789e-13,1.761161e-13,1.7852683e-13,1.5983825e-13
1.937126e-11,1.9722904e-11,2.0117122e-11,1.9905669e-11,2.025488e-11,2.078978e-11,1.9992154e-11,1.9291211e-11,1.942713e-11,1.9843046e-11,2.2166938e-11,1.9204607e-11,2.022145e-11,2.0692779e-11,2.043696e-11,1.9035393e-11,2.0137314e-11,1.7989516e-11,1.8838223e-11,2.0534643e-11,2.028937e-11,7.34813e-11,2.2916627e-10,9.244031e-11,2.1698423e-11,5.0043417e-11,7.3849704e-11,8.447683e-11,3.6028562e-11,3.3298104e-11,1.00659495e-10,1.9828678e-10,4.2724144e-11,7.6893554e-11,1.0602399e-10,9.090117e-11,9.3774516e-11,1.0782763e-10,9.689159e-11,7.1529414e-11,8.364853e-11,5.5533286e-11,7.6081544e-11,8.671831e-11,4.7250922e-11,6.2945225e-11,5.565268e-11,3.1788792e-07,5.109126e-05,1.1323338e-06,0.0006253189,1.4555539e-05,0.0003347305,7.6624325e-05,0.00057934393,0.0061289878,2.2880173e-05,0.00995078,0.0012568857,0.008004685,0.023246072,0.0019876459,0.5413086,0.0052428157,0.048169438,0.006004521,0.021073792,0.10810025,0.00084164913,0.05830124,0.0058413367,0.06228935,0.021176903,0.0009564601,0.061860662,0.00055192487,0.0020356823,7.001699e-05,0.00011537061,0.00033728243,2.6013824e-06,1.2061856e-05,1.8346824e-06,1.7650565e-06,9.485385e-11,5.4923167e-11,5.4766046e-11,3.5451187e-11,4.1039002e-11,2.2265627e-11,7.681322e-11,3.7990652e-11,3.1146776e-11,4.9564366e-11,4.072352e-11,5.5684322e-11,8.3315424e-11,4.166651e-11,2.032354e-10,2.323793e-11,8.177755e-11,3.703988e-11,4.902852e-11,1.2445517e-10,4.4751466e-11,5.872245e-11,6.553724e-11,4.7175278e-11,2.2045e-11,2.092528e-11,1.9426759e-11,1.881305e-11,1.9211677e-11,1.8527884e-11,2.087744e-11,1.858607e-11,2.0306055e-11,2.0821489e-11,2.1658933e-11,2.1603278e-11,1.9542935e-11,1.9788882e-11,2.0325314e-11,2.0515773e-11,2.0253334e-11,1.8901025e-11,2.0599057e-11,1.8888485e-11
7.1207165e-11,7.631782e-11,7.4809735e-11,7.310772e-11,6.9988036e-11,7.039208e-11,7.328936e-11,6.88876e-11,6.882312e-11,7.525883e-11,8.012575e-11,6.9417035e-11,7.1071746e-11,7.4876404e-11,7.541071e-11,6.909024e-11,7.3880096e-11,6.8986476e-11,7.151669e-11,7.810158e-11,7.376548e-11,7.5049696e-11,6.521127e-11,7.505327e-11,3.711426e-11,4.220994e-11,4.656343e-11,8.852144e-11,3.2906004e-11,4.7808056e-11,1.05539896e-10,1.4941565e-10,4.403881e-11,6.0137464e-11,6.12387e-11,6.272802e-11,7.350285e-11,6.815182e-11,3.5968395e-11,9.2145055e-11,7.835881e-11,5.1446927e-11,9.2174934e-11,6.3517455e-11,6.063225e-11,4.448592e-11,3.3345493e-11,2.1025609e-07,1.130772e-05,1.0712446e-06,5.869164e-05,3.5666665e-06,3.2737113e-05,5.135784e-06,1.8065208e-05,5.795063e-05,1.6625783e-06,6.547419e-05,4.625859e-06,7.357089e-05,9.964636e-05,2.210244e-05,0.0016785202,4.6285888e-05,0.0013790037,0.00020896117,0.0019388653,0.019727187,0.0005405507,0.054671574,0.006119686,0.18679614,0.20566897,0.0073455316,0.44276294,0.0039170976,0.062351987,0.0010113644,0.0008482753,0.0014732298,5.9572785e-06,5.1595816e-05,1.7985434e-06,2.216567e-06,8.7236364e-11,4.7478733e-11,6.515209e-11,6.4343815e-11,6.272611e-11,3.2348426e-11,6.8648094e-11,3.482056e-11,2.392194e-11,5.877509e-11,4.13476e-11,6.673085e-11,9.395851e-11,5.496925e-11,1.3441798e-10,3.5052652e-11,1.2607426e-10,3.086602e-11,5.945373e-11,7.0808984e-11,3.749235e-11,2.8174572e-11,3.021255e-11,7.524491e-11,5.422676e-11,7.5834776e-11,7.2767715e-11,7.408781e-11,6.820565e-11,7.341514e-11,7.309099e-11,6.7092276e-11,7.0444324e-11,8.220788e-11,7.5059146e-11,7.4475315e-11,7.812124e-11,7.335215e-11,7.580456e-11,7.164543e-11,7.040188e-11,7.256951e-11,7.992488e-11,7.170586e-11
5.3400732e-11,5.947915e-11,5.849629e-11,5.864162e-11,5.7562698e-11,5.221806e-11,5.5765725e-11,5.7358854e-11,5.4325537e-11,6.0318285e-11,6.723603e-11,5.6878835e-11,5.927349e-11,5.9831994e-11,5.830503e-11,5.7231206e-11,5.8388495e-11,5.3784054e-11,5.0984595e-11,6.349991e-11,5.82539e-11,1.7349522e-10,1.7352568e-10,3.5785713e-10,8.303682e-11,1.456858e-10,9.846113e-11,1.9832909e-10,1.2385554e-10,1.3978516e-10,2.4164276e-10,4.3867743e-10,1.1684233e-10,1.574356e-10,4.6248627e-10,3.5164915e-10,2.2494559e-10,1.5626286e-10,1.6469648e-10,2.2418574e-10,3.6299788e-10,2.5858504e-10,2.6496827e-10,2.90623e-10,2.6860705e-10,2.1740018e-10,3.593914e-10,1.7869046e-06,4.4133936e-05,1.3210447e-06,9.9676516e-05,2.0609645e-05,8.8801025e-05,3.8070873e-05,0.00021385399,0.00049378694,6.290762e-06,0.0009004409,0.0007071343,0.0016719736,0.0009585331,3.875591e-05,0.01564585,0.0005778977,0.0067862417,0.004846227,0.013437543,0.1386672,0.0027677615,0.10860643,0.10526072,0.24405478,0.21094051,0.0031196494,0.10322994,0.0064956066,0.017313698,0.0011096287,0.0013134152,0.0028506075,1.556413e-05,7.3905714e-05,1.9844954e-05,1.7901513e-05,4.877446e-10,2.3286031e-10,1.9211278e-10,4.5223147e-10,2.8175132e-10,1.5709783e-10,3.5137226e-10,1.8988873e-10,1.2894201e-10,3.9376302e-10,2.829825e-10,2.2274722e-10,2.9163139e-10,1.211936e-10,2.6362332e-10,9.7413744e-11,2.2594318e-10,1.2578198e-10,1.637752e-10,1.905803e-10,1.2960331e-10,8.503452e-11,2.7254105e-10,1.8707283e-10,8.6737145e-11,5.857232e-11,5.971753e-11,5.6534565e-11,5.6293113e-11,5.765632e-11,5.7274997e-11,5.6455583e-11,6.410142e-11,6.3498456e-11,5.9232015e-11,6.271248e-11,5.981591e-11,5.8761426e-11,6.0178904e-11,5.9150386e-11,5.545706e-11,6.023919e-11,6.007167e-11,5.8133134e-11
7.8828805e-11,7.6645496e-11,8.162949e-11,8.353373e-11,8.083035e-11,7.8965744e-11,8.0263296e-11,7.961712e-11,8.883778e-11,8.3081826e-11,8.1196716e-11,8.70026e-11,8.8512024e-11,8.349932e-11,7.9631246e-11,7.2730835e-11,8.168322e-11,7.471209e-11,7.293073e-11,9.021061e-11,7.571658e-11,4.6938318e-11,7.199245e-11,9.595876e-11,2.4871574e-11,5.9543294e-11,3.3071688e-11,6.208067e-11,3.810734e-11,1.7922627e-11,4.4579198e-11,4.65599e-11,4.032468e-11,3.866465e-11,5.453151e-11,5.2094905e-11,3.2317975e-11,3.270604e-11,2.4859146e-11,3.320075e-11,5.625695e-11,2.7361863e-11,4.2708656e-11,3.2609613e-11,6.550762e-11,4.5602952e-11,5.0530843e-11,1.67495e-07,1.3580612e-05,5.7164783e-07,1.7868308e-05,6.189957e-06,2.0366508e-05,5.9589347e-06,1.5075839e-05,5.4723398e-05,4.7176113e-06,0.00024536237,6.0944287e-05,0.00020062231,0.00014683828,3.774656e-05,0.00092466513,0.00013328694,0.0013999311,0.0005711316,0.0011383954,0.033019017,0.0017841916,0.11555675,0.015800318,0.030331893,0.02423142,0.0037391074,0.01936091,0.00090937724,0.0016452599,0.00045123152,6.725779e-05,0.00025961394,4.2613888e-06,2.3981482e-05,1.1394669e-06,1.6497507e-06,4.5432182e-11,4.0164178e-11,2.301763e-11,4.8906445e-11,3.1689016e-11,1.786781e-11,5.327439e-11,2.3864757e-11,5.0005812e-11,1.4258841e-10,8.3693365e-11,9.769976e-11,1.1341479e-10,4.0612045e-11,8.8114835e-11,3.7206557e-11,6.537731e-11,3.1434435e-11,6.546428e-11,1.4192393e-10,6.475098e-11,4.967007e-11,1.250815e-10,8.5635124e-11,8.700094e-11,7.167267e-11,8.088263e-11,8.6243915e-11,7.335386e-11,8.2202745e-11,7.9091456e-11,8.1929755e-11,7.8494225e-11,9.128444e-11,8.4615495e-11,8.301893e-11,7.903129e-11,8.083097e-11,7.8189254e-11,8.2119846e-11,7.790314e-11,7.467519e-11,8.703397e-11,7.666187e-11
1.4209331e-10,1.5019441e-10,1.4568953e-10,1.3959715e-10,1.3913835e-10,1.3874561e-10,1.4210035e-10,1.3792344e-10,1.4041912e-10,1.4118073e-10,1.550431e-10,1.4550458e-10,1.4403256e-10,1.4710577e-10,1.4615209e-10,1.3445428e-10,1.4507615e-10,1.419492e-10,1.3765905e-10,1.5416024e-10,1.46015e-10,1.7383821e-10,1.3075577e-10,1.6336757e-10,5.5475617e-11,9.071744e-11,8.815574e-11,1.1488667e-10,5.2616307e-11,6.592971e-11,1.3184313e-10,2.2249347e-10,7.055251e-11,8.9916755e-11,9.8312955e-11,1.1951133e-10,8.058456e-11,8.111906e-11,5.6617377e-11,1.1046289e-10,8.703369e-11,6.84249e-11,1.1940332e-10,1.1949354e-10,1.0475285e-10,6.8962606e-11,5.137452e-11,2.0643948e-07,8.625093e-06,5.0746075e-07,3.116944e-05,4.3268187e-06,1.5081055e-05,5.0335734e-06,1.4355216e-05,0.00010271962,1.7169158e-06,5.377846e-05,1.2386717e-05,9.043344e-05,0.000102511956,1.7979119e-05,0.0033567322,6.9166475e-05,0.0010690158,0.0005285957,0.002763537,0.054058585,0.0010467218,0.06651343,0.008476011,0.20166254,0.17363909,0.0070345867,0.43002594,0.0041967193,0.037238665,0.0017077817,0.00089511526,0.0049739517,7.867374e-06,3.2497723e-05,2.7343767e-06,4.5765564e-06,1.11147216e-10,9.015821e-11,1.209849e-10,9.387961e-11,9.3890715e-11,6.444005e-11,1.2912942e-10,9.102492e-11,7.0445205e-11,1.2755055e-10,9.6054775e-11,1.9260127e-10,2.221873e-10,1.7451458e-10,2.3659386e-10,9.976559e-11,2.4160512e-10,1.3727257e-10,1.6463506e-10,3.3224862e-10,8.687928e-11,9.190101e-11,1.391365e-10,2.0543556e-10,1.3179259e-10,1.4435655e-10,1.4708276e-10,1.4406142e-10,1.4797251e-10,1.4580795e-10,1.4666283e-10,1.3130733e-10,1.4715489e-10,1.5405795e-10,1.4978302e-10,1.4936194e-10,1.471198e-10,1.4063838e-10,1.4569397e-10,1.4542523e-10,1.3453919e-10,1.4221097e-10,1.4784499e-10,1.4212474e-10
1.7392017e-11,1.8614724e-11,1.6921282e-11,1.651386e-11,1.6450985e-11,1.7579584e-11,1.7125546e-11,1.692225e-11,1.716456e-11,1.8482021e-11,1.9351342e-11,1.8301156e-11,1.9145636e-11,1.8948227e-11,1.6957694e-11,1.6398794e-11,1.8211422e-11,1.7849543e-11,1.5954547e-11,1.870509e-11,1.725542e-11,4.036891e-11,2.4490727e-11,4.35745e-11,1.9738733e-11,2.1060362e-11,2.0320686e-11,1.5720081e-11,1.4561399e-11,1.1832217e-11,2.5571996e-11,5.2797e-11,1.3433563e-11,4.1724305e-11,3.6981623e-11,2.603223e-11,4.862144e-11,3.5574713e-11,2.2265273e-11,2.250866e-11,4.4964733e-11,1.5902078e-11,3.478604e-11,3.6530005e-11,2.7171503e-11,3.316042e-11,2.8498528e-11,1.8986397e-07,3.684532e-05,1.3140868e-06,4.1641746e-05,1.2690565e-06,9.320013e-05,2.7707906e-06,6.8558336e-05,0.00013901474,1.1869384e-06,0.0003541211,7.153051e-06,0.00015930792,9.039462e-05,1.7912147e-05,0.0031724495,2.2011272e-05,0.0024282434,0.00020691655,0.0028702857,0.030706149,0.00039794427,0.09778992,0.0019299522,0.07376606,0.114671044,0.006994775,0.52924913,0.0023562314,0.11900584,0.00061521033,0.0045553646,0.004551465,5.2930536e-06,0.000110174085,2.4879428e-06,1.9346778e-06,4.573856e-11,3.9978888e-11,4.0350976e-11,3.038946e-11,3.502191e-11,1.3643705e-11,4.0070953e-11,2.3166974e-11,9.063358e-12,3.721108e-11,1.30319835e-11,1.09967e-11,3.2209832e-11,1.8116425e-11,4.2563474e-11,1.1132737e-11,3.88693e-11,1.269184e-11,3.0211857e-11,2.8083843e-11,1.3318603e-11,1.2806421e-11,1.851201e-11,2.3624623e-11,1.8618027e-11,1.7921319e-11,1.8084145e-11,1.7694228e-11,1.7091772e-11,1.7227402e-11,1.8225078e-11,1.7134206e-11,1.7765312e-11,1.8502798e-11,1.85795e-11,1.9011145e-11,1.778762e-11,1.7986451e-11,1.8339032e-11,1.7864666e-11,1.533927e-11,1.7575962e-11,1.7831304e-11,1.7869302e-11
1.865683e-10,1.8713604e-10,1.8643491e-10,1.8624619e-10,1.7462871e-10,1.8552751e-10,1.8515067e-10,1.7566296e-10,1.7620222e-10,1.783789e-10,1.9534707e-10,1.7797787e-10,1.8227009e-10,1.8902405e-10,1.8851708e-10,1.7331667e-10,1.9589669e-10,1.8061552e-10,1.8070649e-10,1.8990942e-10,1.8844376e-10,2.9048008e-10,1.8647794e-10,1.5412457e-10,1.1589859e-10,1.2385769e-10,1.07270894e-10,2.7820662e-10,1.4789456e-10,1.3224224e-10,3.2132738e-10,3.4292916e-10,1.5723696e-10,1.129498e-10,1.8127506e-10,1.0295226e-10,2.0094044e-10,2.0162266e-10,1.2902594e-10,2.4886107e-10,2.6816277e-10,1.6655911e-10,2.8381336e-10,1.876407e-10,1.5365846e-10,1.4233409e-10,1.4132372e-10,1.2337854e-07,7.5541157e-06,1.2892559e-06,1.794341e-05,2.868882e-06,2.1357215e-05,9.405015e-06,1.3752154e-05,3.6697355e-05,1.3023425e-06,1.3442711e-05,4.5299566e-06,1.514267e-05,4.3309716e-05,7.1662257e-06,0.00028861072,1.2477767e-05,0.00038651336,0.00011579012,0.0012883361,0.009825378,0.0003214212,0.01777045,0.00660992,0.06285145,0.5900973,0.021160802,0.17612667,0.005582548,0.10263345,0.0012408147,0.0010086457,0.0023481995,5.893411e-06,3.1877924e-05,2.3417722e-06,2.134859e-06,2.666251e-10,2.6173705e-10,1.6340394e-10,2.1515452e-10,2.589538e-10,1.08873535e-10,2.206436e-10,1.0683312e-10,6.0895136e-11,1.2406576e-10,1.8125777e-10,1.7362271e-10,4.863364e-10,2.6397107e-10,1.8150166e-10,1.749611e-10,3.3479106e-10,1.2195908e-10,1.9168897e-10,2.921275e-10,1.1657433e-10,1.1166989e-10,1.3536873e-10,2.0932554e-10,1.9460293e-10,1.8169842e-10,1.8452806e-10,1.7772854e-10,1.8792724e-10,1.9524464e-10,1.7934126e-10,1.8103044e-10,1.8359318e-10,1.8982903e-10,1.942247e-10,1.8994564e-10,1.8763821e-10,1.8485144e-10,1.8543235e-10,1.7693909e-10,1.6388711e-10,1.8588561e-10,1.7895652e-10,1.9003334e-10
8.156195e-12,8.567435e-12,8.040443e-12,7.935228e-12,8.042959e-12,7.694461e-12,8.3935255e-12,7.871193e-12,8.581942e-12,7.86321e-12,8.559921e-12,8.956188e-12,8.208775e-12,8.4368935e-12,8.236582e-12,7.927936e-12,8.411154e-12,7.827745e-12,7.854337e-12,9.006862e-12,8.631337e-12,5.7408887e-12,3.644512e-12,6.2527253e-12,2.062469e-12,5.795502e-12,3.563273e-12,4.5251524e-12,5.487102e-12,5.4189158e-12,5.3530973e-12,1.2576356e-11,7.489273e-12,5.749249e-12,8.836663e-12,7.250411e-12,9.486198e-12,4.269335e-12,4.5526304e-12,4.3205834e-12,1.6986721e-11,5.036583e-12,5.2291127e-12,9.891838e-12,1.54367e-11,6.762111e-12,6.375308e-12,3.4466677e-08,2.7564745e-06,1.633594e-07,3.1996376e-06,2.733674e-07,3.466886e-06,1.0556116e-06,2.8413422e-06,3.1334406e-05,1.5609396e-06,3.2404754e-05,2.6386806e-06,2.4193318e-05,5.42486e-05,9.50529e-06,0.00041005525,1.5003804e-05,0.0014709724,0.0004163024,0.0013849254,0.17049064,0.009460613,0.2985692,0.0055510504,0.04302729,0.36846527,0.023293117,0.07063763,0.00021611185,0.0049622958,0.00043153547,7.012696e-05,0.0004169934,5.571371e-06,3.1959476e-06,1.2090504e-07,1.1459769e-06,2.0020707e-11,1.0656408e-11,3.8439356e-12,6.9126796e-12,1.0159731e-11,8.18334e-12,8.6213e-12,8.564756e-12,7.684927e-12,1.40999296e-11,9.875908e-12,5.4454817e-12,2.2739416e-11,7.917962e-12,1.1399778e-11,4.6474907e-12,2.146909e-11,7.126591e-12,9.211769e-12,1.6593319e-11,4.126939e-12,4.8218166e-12,9.338416e-12,8.959435e-12,8.111485e-12,8.2560694e-12,8.248672e-12,8.411988e-12,8.260243e-12,8.4430275e-12,8.2470515e-12,8.336041e-12,8.391412e-12,8.230975e-12,8.86658e-12,8.383093e-12,8.23897e-12,8.064556e-12,8.148296e-12,7.961758e-12,7.822969e-12,8.213865e-12,8.290612e-12,8.13935e-12
1.9598214e-09,2.088612e-09,2.1002489e-09,1.9107962e-09,2.0876678e-09,2.0274589e-09,2.1264288e-09,1.9892077e-09,2.0312094e-09,1.9486244e-09,2.26555e-09,1.981411e-09,2.063287e-09,2.118846e-09,1.9791635e-09,2.0356192e-09,1.9549569e-09,1.9514885e-09,1.965579e-09,2.068433e-09,2.1521884e-09,3.4929715e-10,6.801066e-10,3.2476266e-10,3.069178e-10,4.3251977e-10,4.6669235e-10,3.5771489e-10,3.0914923e-10,2.230561e-10,1.9769328e-10,3.6429182e-10,2.77302e-10,1.3524161e-10,3.017713e-10,2.2351392e-10,9.8974884e-11,1.5928851e-10,1.8730831e-10,1.5439479e-10,2.013227e-10,8.017722e-11,1.2061398e-10,1.9922101e-10,1.4773932e-10,1.292248e-10,1.6641284e-10,1.9327541e-07,2.3016391e-06,3.060782e-07,2.2375646e-06,2.6422872e-06,6.527884e-06,1.1442271e-05,5.789157e-06,1.7846778e-05,1.5145505e-06,1.2128722e-05,2.043614e-05,1.4611376e-05,3.725098e-05,1.1195102e-05,3.9254737e-05,5.1816747e-05,7.4658536e-05,5.1638268e-05,7.3252677e-06,8.5856496e-05,1.8254243e-05,7.138208e-05,0.00010500845,5.8852296e-05,4.8431266e-05,2.6954232e-05,6.275438e-05,1.5669111e-05,5.608855e-06,2.1005895e-05,3.9574143e-06,5.0854833e-06,6.860513e-07,1.0624109e-06,2.41124e-07,1.3617571e-07,3.4391326e-10,4.2111184e-10,2.8585956e-10,2.7276914e-10,2.4905975e-10,2.6277572e-10,6.2012345e-10,3.2083525e-10,1.520568e-10,4.2639936e-10,3.777062e-10,4.6803306e-10,3.2442712e-10,4.242018e-10,2.1739005e-10,4.579783e-10,2.1604292e-10,3.262509e-10,2.831075e-10,3.5408051e-10,2.3074496e-10,3.86633e-10,7.0277234e-10,1.0101485e-09,1.3837598e-09,2.0403073e-09,2.0179605e-09,1.9808328e-09,1.9809387e-09,2.0301212e-09,2.1146027e-09,2.0187496e-09,2.2067546e-09,1.9656954e-09,1.999833e-09,2.1220614e-09,2.0517101e-09,2.086068e-09,1.9205335e-09,2.0641606e-09,2.0466095e-09,2.1136872e-09,2.017614e-09,2.1112898e-09
7.642059e-11,7.842169e-11,7.867429e-11,7.647425e-11,7.737452e-11,7.210504e-11,7.303155e-11,7.338301e-11,7.9329154e-11,8.041627e-11,7.678206e-11,7.918147e-11,8.030346e-11,7.411107e-11,7.510777e-11,7.243779e-11,7.883141e-11,7.452796e-11,7.503946e-11,8.2108764e-11,7.551571e-11,1.6219705e-10,1.8796532e-10,1.4876828e-10,2.04152e-10,1.8011748e-10,2.4078395e-10,2.900556e-10,1.7783035e-10,2.5269148e-10,1.548315e-10,1.8176367e-10,1.7321265e-10,2.945199e-10,2.439989e-10,1.13255544e-10,2.3236311e-10,2.2314285e-10,1.145639e-10,1.6269402e-10,2.4088687e-10,1.950456e-10,1.5000029e-10,1.3161097e-10,1.6456408e-10,2.4094568e-10,1.7760865e-10,1.3134073e-07,9.594661e-06,1.1416516e-06,1.5037681e-05,3.9492165e-06,2.4488772e-05,2.3690216e-05,2.1560376e-05,9.039075e-05,6.3779958e-06,0.00024150818,0.00013805808,0.00013085395,0.0009093031,0.00012565896,0.0071391836,0.0019781727,0.024726087,0.03645542,0.014165063,0.06178731,0.0147786485,0.6042054,0.05444127,0.050675884,0.046745356,0.022795007,0.04675561,0.0026001846,0.006603043,0.0016222926,0.00021667346,7.0486276e-05,1.5355141e-05,3.1638072e-05,1.5821267e-06,2.367594e-07,1.853603e-10,2.8320463e-10,1.3067347e-10,2.8174454e-10,2.6976915e-10,3.4757508e-10,3.156304e-10,9.9952616e-11,1.180622e-10,4.712145e-10,1.6371442e-10,1.930485e-10,2.1883355e-10,2.105911e-10,1.2352534e-10,1.9925629e-10,2.0077771e-10,3.247948e-10,3.5266767e-10,2.1254946e-10,2.223348e-10,3.2496458e-10,2.510643e-10,1.47188e-10,1.3871808e-10,8.251099e-11,7.663458e-11,7.1306586e-11,7.871662e-11,7.975669e-11,7.956464e-11,8.1237655e-11,8.0897795e-11,7.410386e-11,7.775177e-11,7.4758894e-11,7.401952e-11,7.773116e-11,8.032904e-11,7.5663205e-11,7.365688e-11,7.635183e-11,7.648607e-11,7.553718e-11
3.8563534e-11,3.923595e-11,4.3032307e-11,4.2274666e-11,4.269368e-11,3.7328116e-11,3.982579e-11,3.772349e-11,4.1900903e-11,4.3925003e-11,4.7315676e-11,4.1163968e-11,4.3069336e-11,4.208994e-11,4.1302226e-11,4.0833736e-11,4.4140257e-11,3.7903295e-11,3.9268745e-11,4.7460383e-11,4.2994813e-11,5.7596e-11,1.4966417e-10,7.8647255e-11,6.282313e-11,5.82866e-11,7.2512975e-11,1.2686967e-10,3.9416723e-11,8.4146044e-11,2.2942204e-11,6.312377e-11,1.8750754e-11,5.829026e-11,5.0686944e-11,7.2403375e-11,4.1560637e-11,3.783547e-11,1.13558975e-10,8.390276e-11,1.3185565e-10,9.1040335e-11,3.3929408e-11,5.661811e-11,4.415971e-11,9.11458e-11,6.7245425e-11,1.5185898e-07,7.880738e-06,5.773074e-07,6.978842e-05,1.4907054e-05,5.732875e-05,0.00022539248,3.8499864e-05,0.00025857423,4.7599938e-06,0.0012719745,0.0032160417,0.0007949444,0.011349381,0.0003570765,0.027151877,0.019085472,0.00873839,0.07548649,0.0013217125,0.057340976,0.00050817954,0.017760333,0.053741325,0.0031531958,0.0033533887,0.0004375721,0.0028047874,0.0007705438,6.5128974e-05,0.0006563372,4.030997e-05,2.3860466e-05,1.2524484e-06,7.2213925e-06,8.282111e-07,2.0503965e-07,7.69681e-11,1.040344e-10,3.745785e-11,8.828309e-11,3.6578556e-11,8.290218e-11,6.4532275e-11,2.6949533e-11,1.3858917e-11,1.5400088e-10,5.5612046e-11,6.7041026e-11,2.2895253e-11,3.7700978e-11,5.6761058e-11,3.5334742e-11,1.8835601e-11,4.0730978e-11,3.627134e-11,6.163646e-11,3.5848356e-11,1.06894486e-10,1.4781053e-10,8.021679e-11,6.6488995e-11,4.1420326e-11,4.280155e-11,3.5782502e-11,4.365306e-11,4.358243e-11,4.1626085e-11,4.3625176e-11,4.679593e-11,4.1051378e-11,4.142609e-11,4.15074e-11,4.1617192e-11,4.301138e-11,4.110332e-11,4.161989e-11,4.1910656e-11,4.3939415e-11,4.03577e-11,4.0214318e-11
3.4311865e-12,3.711059e-12,3.5109474e-12,3.510298e-12,3.4692759e-12,3.2200878e-12,3.5816426e-12,3.0353669e-12,3.4809482e-12,3.7194774e-12,3.5088185e-12,3.5872076e-12,3.8693046e-12,3.538727e-12,3.648928e-12,3.3408977e-12,3.6729764e-12,3.3311878e-12,3.5961889e-12,3.697014e-12,3.4987007e-12,1.7853441e-11,2.0236195e-11,2.4595609e-11,1.4488026e-11,4.0136776e-11,3.8316825e-11,2.581194e-11,2.2031175e-11,5.187115e-11,1.1193493e-11,3.3582772e-11,2.1044e-11,5.727186e-11,5.7525415e-11,6.17948e-11,4.643115e-11,4.7852798e-11,9.5979294e-11,3.1756556e-11,9.216869e-11,5.6814248e-11,3.9111554e-11,4.4987767e-11,3.748895e-11,5.8832786e-11,7.520667e-11,2.5898194e-07,1.3436537e-05,1.1445578e-06,7.341822e-05,2.023505e-06,7.720839e-05,8.155873e-05,4.5188153e-05,0.0003005291,6.25557e-06,0.0011866855,0.0012553678,0.0015267307,0.016900007,0.0010903507,0.28612095,0.0064835893,0.124289565,0.25350592,0.01174252,0.16375126,0.000997849,0.075814575,0.0143039115,0.009835353,0.006549525,0.0019506376,0.007100811,0.00024393076,0.0009957382,0.00022486554,3.1159892e-05,2.772486e-05,2.0605578e-06,3.3786007e-06,1.2343465e-06,2.5820805e-07,5.9304395e-11,6.2489236e-11,2.9017214e-11,4.307181e-11,3.950562e-11,4.554473e-11,5.5681473e-11,3.0171286e-11,1.0856391e-11,6.3728536e-11,1.900623e-11,2.2478904e-11,2.7212137e-11,2.5682e-11,3.3312342e-11,2.841047e-11,2.4880315e-11,3.129345e-11,2.9589414e-11,2.659683e-11,1.0628414e-11,2.9030223e-11,2.8406243e-11,1.0815696e-11,7.4594185e-12,3.6206975e-12,3.4115963e-12,2.9930767e-12,3.8411054e-12,3.802341e-12,3.6800237e-12,3.9159977e-12,3.64787e-12,3.3643787e-12,3.4984804e-12,3.5629665e-12,3.6111663e-12,3.3922084e-12,3.5855522e-12,3.5248636e-12,3.2478016e-12,3.5517641e-12,3.4672649e-12,3.5594954e-12
2.0560468e-13,2.0170409e-13,2.1180703e-13,1.8080086e-13,2.2996172e-13,1.9398285e-13,2.0243639e-13,1.485294e-13,1.8622797e-13,1.9650469e-13,2.1854885e-13,2.0230284e-13,1.9871184e-13,2.1673066e-13,1.8748321e-13,2.0675772e-13,1.9211823e-13,1.7159791e-13,1.7490428e-13,1.9484686e-13,2.1236284e-13,2.6935653e-13,5.5744786e-13,5.7781064e-13,3.197529e-13,6.317555e-13,4.027787e-13,1.6253389e-12,4.725443e-13,1.3630559e-12,2.7438113e-13,5.5571324e-13,2.1993215e-13,5.135764e-13,6.30191e-13,5.2087257e-13,3.111471e-13,4.2086077e-13,4.9216376e-13,5.6173854e-13,1.0675918e-12,4.348884e-13,3.1115304e-13,2.4207679e-13,4.0339528e-13,7.2099493e-13,4.2129126e-13,1.4628861e-09,2.4214618e-08,2.2341775e-09,2.2866155e-08,5.251114e-08,4.0713754e-08,2.3726606e-07,3.1429007e-08,1.9304022e-07,2.1933785e-08,8.755301e-08,5.1109686e-07,1.7169124e-07,6.1974265e-07,2.1530532e-07,1.6137877e-06,2.6782982e-06,1.2828024e-06,1.6346678e-06,7.732098e-08,1.759653e-06,1.2159067e-07,4.4741824e-07,6.4184695e-07,1.1074748e-07,1.2357354e-07,1.0923824e-07,1.3537564e-07,3.1559836e-08,1.2943834e-08,3.3352276e-08,1.2133334e-08,1.0954824e-08,3.466856e-09,2.4301638e-09,3.5240513e-09,1.1111977e-09,1.050928e-12,1.112184e-12,4.6238913e-13,5.3998586e-13,7.913568e-13,7.914745e-13,8.746032e-13,7.7208194e-13,4.1741838e-13,1.1795635e-12,1.3260014e-12,7.280426e-13,1.4616873e-12,8.9886177e-13,9.969591e-13,7.560489e-13,5.426e-13,8.9679316e-13,3.2637803e-13,5.6795703e-13,1.7303613e-13,6.190827e-13,1.2106586e-12,2.929051e-13,3.3900812e-13,1.8760626e-13,1.9887336e-13,1.8645117e-13,2.18468e-13,2.0496412e-13,2.0139656e-13,2.1559684e-13,2.0574747e-13,1.7678518e-13,1.8736237e-13,2.062221e-13,1.817316e-13,1.9019751e-13,2.0922523e-13,1.878741e-13,1.7878106e-13,2.1597467e-13,2.08466e-13,1.9051483e-13
9.487203e-12,9.371023e-12,9.296928e-12,9.404866e-12,9.157158e-12,9.052096e-12,9.3653765e-12,8.841798e-12,9.579501e-12,1.0121231e-11,1.0075256e-11,9.713149e-12,9.8163665e-12,9.695176e-12,9.636126e-12,8.846588e-12,1.0077755e-11,8.787861e-12,8.940188e-12,1.0343952e-11,9.7690545e-12,3.5640057e-11,5.1324126e-11,5.32309e-11,6.087038e-11,6.151898e-11,7.62749e-11,4.663534e-11,4.0326898e-11,7.893847e-11,6.023998e-11,5.716116e-11,3.5441438e-11,9.436802e-11,7.272874e-11,5.2674295e-11,1.0730748e-10,9.980279e-11,8.6111236e-11,5.6318342e-11,1.6387579e-10,1.1201073e-10,5.7266143e-11,5.352329e-11,5.5423742e-11,8.4611755e-11,5.473459e-11,9.182291e-08,1.1680361e-05,1.0740107e-06,2.6171314e-05,1.6481494e-06,1.7827586e-05,3.3935834e-05,2.6591693e-05,0.00019571224,5.9579324e-06,0.00039948433,0.00021454449,0.00018470305,0.0027490505,0.00014796096,0.019357853,0.00074077136,0.020352796,0.103678316,0.01134814,0.25437805,0.0062399404,0.36450365,0.08252109,0.02637972,0.046348203,0.004526537,0.051477693,0.00043865107,0.0009002733,0.0015448008,4.7616595e-05,2.7669397e-05,2.0394014e-06,7.2467765e-06,5.5812006e-07,1.4042375e-07,5.4497285e-11,7.1757995e-11,3.9524658e-11,4.0846798e-11,3.951117e-11,7.3873206e-11,5.995491e-11,2.4917955e-11,1.5948647e-11,5.9371126e-11,2.6644386e-11,2.224991e-11,2.7044988e-11,3.10025e-11,5.6172764e-11,2.6886673e-11,3.4219773e-11,9.3824025e-11,6.394802e-11,5.647259e-11,3.7967237e-11,6.51726e-11,7.125418e-11,2.8506744e-11,2.0961342e-11,9.818388e-12,9.561101e-12,8.440894e-12,9.674524e-12,9.8622326e-12,9.67065e-12,9.69268e-12,1.0013987e-11,9.293984e-12,8.9175715e-12,9.480112e-12,9.575391e-12,9.515383e-12,1.0159817e-11,9.5620855e-12,8.7076076e-12,9.272737e-12,9.50673e-12,9.185478e-12
5.395976e-12,4.9745065e-12,4.97798e-12,4.180079e-12,5.0412435e-12,4.4740787e-12,5.0856493e-12,4.064273e-12,4.6129762e-12,4.7780634e-12,5.5445323e-12,4.831546e-12,4.9964915e-12,5.2070167e-12,4.6176596e-12,4.835584e-12,4.6634376e-12,4.4254305e-12,4.305084e-12,4.991824e-12,4.989482e-12,6.2393333e-12,4.862897e-12,4.3419543e-12,6.881986e-12,8.917714e-12,7.473104e-12,1.2357381e-11,3.8034654e-12,1.2037692e-11,5.034767e-12,1.08968876e-11,5.544236e-12,8.384755e-12,9.651364e-12,7.4738314e-12,7.81633e-12,7.862879e-12,3.816648e-12,9.138338e-12,8.830276e-12,6.5255214e-12,5.005381e-12,3.069964e-12,7.5186975e-12,6.057551e-12,4.2573722e-12,1.0123436e-08,4.3070256e-07,3.2614032e-08,2.2909414e-07,4.264112e-07,3.8638942e-07,8.3134813e-07,2.2762846e-07,8.0563035e-07,1.08001956e-07,3.5683007e-07,1.3873156e-06,8.455585e-07,1.2829728e-06,4.877372e-07,2.8934855e-06,5.4888137e-06,5.9614663e-06,1.1274995e-05,2.612763e-06,3.8453378e-05,7.845839e-06,3.7160164e-05,5.3691798e-05,3.8201353e-05,7.277883e-05,2.4334973e-05,5.897537e-05,1.4413321e-05,1.2019535e-05,1.6999733e-05,2.6583814e-06,2.2965426e-06,2.2524573e-07,1.5143208e-07,4.051116e-08,1.0442896e-08,9.141597e-12,8.979672e-12,4.9394763e-12,6.935181e-12,8.17334e-12,6.810792e-12,1.1979742e-11,7.1959214e-12,6.7957653e-12,1.1832768e-11,1.1370893e-11,9.198037e-12,1.02843905e-11,1.0385554e-11,5.0863675e-12,9.94306e-12,7.446696e-12,1.198525e-11,8.109951e-12,7.576772e-12,4.0632107e-12,5.678746e-12,1.3803229e-11,6.026436e-12,6.4025413e-12,4.673045e-12,5.2682147e-12,5.089366e-12,4.790912e-12,5.168191e-12,5.18731e-12,5.101067e-12,5.1413496e-12,4.7555514e-12,4.4133763e-12,5.0773235e-12,4.900972e-12,4.602439e-12,5.0638612e-12,4.9284565e-12,4.3302345e-12,5.2150675e-12,5.124354e-12,4.6908697e-12
1.3922186e-11,1.4183299e-11,1.2983094e-11,1.4196506e-11,1.31648295e-11,1.2920742e-11,1.4459454e-11,1.2745001e-11,1.3763401e-11,1.46038e-11,1.4606254e-11,1.3807837e-11,1.4795857e-11,1.4102857e-11,1.4218185e-11,1.2986363e-11,1.413884e-11,1.1938797e-11,1.1749266e-11,1.4249298e-11,1.4023192e-11,2.7739377e-11,3.946367e-11,4.4719565e-11,6.395283e-11,3.5222172e-11,5.016901e-11,3.8481912e-11,1.8440312e-11,3.5087135e-11,3.7171814e-11,5.6099243e-11,3.3070505e-11,7.692673e-11,1.1845308e-10,3.574465e-11,1.7077688e-10,8.655145e-11,6.7153526e-11,7.39546e-11,1.3619206e-10,1.6967361e-10,4.6166404e-11,5.3810352e-11,5.715379e-11,7.868703e-11,6.027554e-11,9.529831e-08,1.0729258e-05,1.4671584e-06,3.199001e-05,4.3131686e-06,1.8023715e-05,1.8469234e-05,6.755945e-05,0.00020138927,1.2404729e-05,0.00017082723,0.00010164954,0.00012065894,0.0005406581,5.2342843e-05,0.008552431,0.000487179,0.007402917,0.054029405,0.03544483,0.28655678,0.012438971,0.26291,0.07549686,0.045961898,0.055795252,0.0050655706,0.12071042,0.0017076542,0.0021176424,0.0016750741,0.0001510038,9.168871e-05,6.524807e-06,7.458979e-06,7.6653583e-07,1.6243658e-07,5.480075e-11,3.6998238e-11,3.5723112e-11,4.7087553e-11,2.50921e-11,5.7694415e-11,6.832564e-11,2.0972914e-11,1.6915651e-11,3.6234356e-11,2.3413226e-11,1.3935045e-11,2.940656e-11,1.7201577e-11,5.794984e-11,3.3590523e-11,4.5061878e-11,8.2302394e-11,5.9974394e-11,4.1237215e-11,4.1533065e-11,5.2685287e-11,8.8465825e-11,3.083945e-11,2.8023032e-11,1.37935705e-11,1.453034e-11,1.2572276e-11,1.43253265e-11,1.4724461e-11,1.387447e-11,1.3940841e-11,1.4586431e-11,1.3698137e-11,1.2336633e-11,1.3650668e-11,1.3575163e-11,1.3021385e-11,1.4250385e-11,1.34307825e-11,1.1732828e-11,1.2856237e-11,1.4230556e-11,1.252627e-11
1.06946275e-11,1.0974418e-11,1.0701483e-11,1.0215029e-11,1.0964375e-11,1.02115035e-11,1.09761766e-11,9.973965e-12,1.1114926e-11,1.0604601e-11,1.1218652e-11,1.11694595e-11,1.0852625e-11,1.06489505e-11,1.0737713e-11,1.1129734e-11,1.1030302e-11,9.391358e-12,9.444313e-12,1.1340291e-11,1.1500302e-11,1.14851765e-11,3.3069943e-11,2.0850984e-11,3.7117837e-11,2.0476221e-11,3.2354567e-11,6.98245e-11,1.2436379e-11,2.0500567e-11,6.9592457e-12,2.2916712e-11,7.88243e-12,2.7726104e-11,5.0663574e-11,1.1339598e-11,4.2762557e-11,2.981757e-11,2.2909808e-11,2.7057186e-11,4.174584e-11,3.719409e-11,1.1843925e-11,1.4745403e-11,1.8775025e-11,5.0228953e-11,2.4794286e-11,6.171104e-08,3.1592647e-06,7.368133e-07,1.5552196e-05,3.380277e-06,1.4969315e-05,2.0249117e-05,1.6629123e-05,3.865664e-05,5.3397903e-06,9.120784e-05,0.00010099572,4.805793e-05,0.00021499426,3.366131e-05,0.0009852697,0.00056165777,0.0017071579,0.0075029787,0.0025366107,0.009515085,0.0007044028,0.017591316,0.0054472876,0.0012568983,0.0019368094,0.00049973576,0.0015002837,0.0004246776,0.00017230735,0.00018114246,1.7558712e-05,2.2650333e-05,1.922911e-06,2.1930698e-06,3.937733e-07,8.464602e-08,6.1062995e-11,3.521862e-11,1.4005099e-11,4.332493e-11,1.9572673e-11,4.409954e-11,3.4105902e-11,1.6605665e-11,1.3550822e-11,7.735269e-11,3.2066794e-11,1.720893e-11,2.0865663e-11,2.0608498e-11,2.515272e-11,3.0092037e-11,4.5191597e-11,3.6967627e-11,2.5815192e-11,2.8183737e-11,2.3162756e-11,4.947032e-11,3.3112294e-11,2.4478655e-11,2.0775005e-11,1.0991973e-11,1.0955784e-11,9.883615e-12,1.0192045e-11,1.141333e-11,1.0753187e-11,1.1985549e-11,1.1223938e-11,1.0875129e-11,1.0531754e-11,1.09877185e-11,1.0796838e-11,1.00737665e-11,1.19458375e-11,1.0127168e-11,9.746543e-12,1.1271672e-11,1.1441579e-11,1.0034951e-11
8.124399e-13,8.34589e-13,7.630798e-13,7.2813863e-13,8.878326e-13,7.0260404e-13,7.93196e-13,6.722375e-13,7.4237383e-13,8.2516784e-13,8.2996e-13,8.395336e-13,8.193275e-13,8.283406e-13,7.812711e-13,7.902996e-13,7.795147e-13,7.339279e-13,6.794964e-13,8.6853235e-13,8.3168097e-13,2.6659007e-12,2.0160538e-12,2.7346545e-12,2.6925914e-12,2.8373061e-12,2.947553e-12,5.6973354e-12,1.5790059e-12,4.6612007e-12,9.027605e-13,5.961516e-12,1.8203284e-12,3.69436e-12,4.372158e-12,2.898835e-12,4.7875185e-12,3.8911634e-12,3.8397757e-12,3.955185e-12,5.965497e-12,4.5280563e-12,1.6418343e-12,2.6842894e-12,2.1490357e-12,4.530095e-12,3.6997545e-12,1.4904147e-08,1.5322933e-06,7.045382e-08,2.4752007e-06,7.866408e-07,7.4151253e-06,4.3003083e-06,3.2377854e-06,2.4812452e-05,3.286956e-07,3.6195328e-05,8.407452e-05,4.4678814e-05,0.00014875678,7.829244e-06,0.0008743622,0.00024661765,0.0011726321,0.0018235529,6.428279e-05,0.0025654784,3.4391298e-05,0.0016416109,0.00094140816,0.00033981117,0.0002693265,3.4345805e-05,0.00029677266,2.7932823e-05,3.0655512e-05,1.8392562e-05,2.9365606e-06,4.2831102e-06,1.3390165e-07,3.505205e-07,1.02798126e-07,1.0105812e-08,4.6343047e-12,3.369802e-12,1.2228102e-12,1.7159376e-12,2.4344333e-12,1.2538753e-12,3.875594e-12,2.5114951e-12,1.5896367e-12,5.821641e-12,4.097872e-12,3.7073127e-12,3.4407449e-12,2.747327e-12,3.6166007e-12,2.7300371e-12,3.9933746e-12,3.7629804e-12,2.3487753e-12,5.9815395e-12,1.5693379e-12,3.5803684e-12,6.2170295e-12,1.7304121e-12,1.4867718e-12,7.072184e-13,7.9752866e-13,7.241968e-13,8.65346e-13,8.209982e-13,7.451217e-13,8.2998853e-13,8.4788226e-13,7.875624e-13,7.6495093e-13,8.158842e-13,7.1672816e-13,7.1826914e-13,8.0538283e-13,7.506821e-13,7.009296e-13,8.092355e-13,8.6407764e-13,7.5709675e-13
3.3869912e-13,3.287045e-13,3.555818e-13,3.1350966e-13,3.795501e-13,3.2305338e-13,3.5208658e-13,3.1150928e-13,3.2657476e-13,3.1982237e-13,3.7592683e-13,3.524306e-13,3.5904388e-13,3.4840837e-13,3.149325e-13,3.6353055e-13,3.2151782e-13,3.0564033e-13,2.7562265e-13,3.5155112e-13,3.6042165e-13,5.157162e-13,6.966788e-13,6.849026e-13,9.910419e-13,8.620591e-13,6.864563e-13,1.8314896e-12,4.679797e-13,9.815269e-13,2.3535492e-13,5.927033e-13,3.1051033e-13,5.5066336e-13,7.5772917e-13,4.2985944e-13,4.2999965e-13,3.9072093e-13,3.9503944e-13,4.9921856e-13,1.1397102e-12,6.502958e-13,2.3340046e-13,2.397146e-13,3.9417991e-13,6.1915344e-13,3.2422437e-13,1.1984218e-09,3.5252828e-08,2.9913136e-09,5.105616e-08,4.2963265e-08,6.905633e-08,1.1454729e-07,3.814081e-08,1.8530373e-07,1.2240443e-08,9.786618e-08,4.663861e-07,2.2990231e-07,4.4455788e-07,6.794085e-08,1.7403934e-06,2.3833818e-06,2.6894934e-06,6.1046408e-06,6.2138184e-07,1.0765229e-05,1.0496119e-06,7.17242e-06,5.623622e-06,2.9457653e-06,1.2414068e-06,7.898828e-07,2.4778476e-06,6.163105e-07,4.6484791e-07,4.0737385e-07,1.7066618e-07,1.1189786e-07,1.0692546e-08,1.2058168e-08,4.434421e-09,1.0941015e-09,6.8756486e-13,3.6653764e-13,3.37707e-13,3.073116e-13,6.337661e-13,5.1117417e-13,8.1238694e-13,8.103318e-13,4.9091677e-13,1.2722924e-12,1.5901244e-12,9.763903e-13,1.0048433e-12,1.1439176e-12,1.0439575e-12,7.2835504e-13,1.2641189e-12,1.3884559e-12,8.456983e-13,1.8190159e-12,4.98081e-13,1.118963e-12,1.7893464e-12,6.252712e-13,6.8205023e-13,3.1197367e-13,3.381801e-13,3.1693308e-13,3.3660027e-13,3.4263933e-13,3.5181003e-13,3.623696e-13,3.6325055e-13,3.413816e-13,3.3224693e-13,3.5114365e-13,3.196065e-13,3.2356024e-13,3.331245e-13,3.2276268e-13,3.3355239e-13,3.783149e-13,3.4647792e-13,3.2484893e-13
7.2358027e-12,7.0093293e-12,6.755273e-12,7.1942704e-12,7.0407365e-12,6.934701e-12,6.905426e-12,6.835945e-12,6.9838666e-12,7.286464e-12,7.369515e-12,7.3584186e-12,7.304916e-12,7.1331122e-12,6.7307596e-12,6.6062676e-12,7.332695e-12,6.8920303e-12,6.584731e-12,7.731291e-12,6.7564322e-12,1.555402e-11,2.6459895e-11,4.462053e-11,4.6970462e-11,2.7380547e-11,4.1635674e-11,3.243709e-11,1.5101547e-11,2.0729668e-11,2.5523422e-11,2.0252014e-11,1.6907642e-11,3.9190314e-11,3.6657812e-11,3.2155764e-11,4.3825315e-11,3.213357e-11,3.1432093e-11,3.1963758e-11,4.9039172e-11,4.2613038e-11,4.262515e-11,2.5198078e-11,3.9707525e-11,4.725496e-11,2.2165578e-11,3.1130956e-08,2.2805737e-06,2.7339297e-07,3.6602573e-06,1.8693873e-06,2.1108883e-06,4.732765e-06,5.7257666e-06,1.3000745e-05,5.273764e-07,1.9518291e-05,6.575617e-05,3.6615995e-05,0.00038247393,1.3323018e-05,0.0032645883,0.0006827014,0.003339914,0.11266101,0.01409937,0.20064566,0.006285049,0.29896113,0.1912895,0.05857331,0.06966733,0.001583664,0.033674143,0.0017198586,0.0007434828,0.0020086323,3.1260835e-05,2.5885884e-05,1.9473416e-06,1.8881718e-06,7.020532e-07,1.421723e-07,2.6564065e-11,2.2536546e-11,1.6148468e-11,3.2371394e-11,2.3797254e-11,3.871822e-11,5.4326776e-11,2.1760833e-11,1.857756e-11,4.5138584e-11,3.5162213e-11,4.8420535e-11,3.1290685e-11,2.6486051e-11,4.1467343e-11,3.9002693e-11,3.4619915e-11,7.9906616e-11,1.1255364e-10,5.6157023e-11,4.7028464e-11,4.2328786e-11,4.506804e-11,1.737594e-11,1.3913312e-11,7.0079923e-12,7.039072e-12,6.4656522e-12,7.158272e-12,7.01591e-12,7.298872e-12,7.067835e-12,7.624622e-12,6.933273e-12,6.7842476e-12,6.6634168e-12,6.813633e-12,7.280324e-12,7.655515e-12,6.854328e-12,6.7145256e-12,6.752902e-12,7.04939e-12,6.9018706e-12
6.602416e-13,6.466296e-13,6.0218047e-13,5.526994e-13,6.950462e-13,5.468669e-13,6.389158e-13,5.023447e-13,5.8577226e-13,5.9251215e-13,6.4772086e-13,6.2461077e-13,6.1906947e-13,6.414972e-13,5.8973177e-13,6.0824306e-13,5.9138084e-13,5.634736e-13,5.486221e-13,6.496758e-13,6.389889e-13,1.9188058e-12,1.6492563e-12,2.4021082e-12,1.9490377e-12,2.1309608e-12,1.988442e-12,3.2686464e-12,7.785841e-13,3.733666e-12,6.5680507e-13,2.231116e-12,9.412571e-13,1.5908978e-12,1.9387894e-12,1.7044742e-12,2.0429713e-12,1.3119908e-12,1.4093227e-12,1.9616357e-12,1.95686e-12,1.7331661e-12,7.927872e-13,8.3286476e-13,1.1093046e-12,1.3110101e-12,1.1892931e-12,2.480794e-09,1.7116918e-07,1.0948282e-08,2.0040063e-07,2.3989804e-07,3.2025275e-07,4.1925392e-07,1.8637684e-07,1.2659261e-06,3.721729e-08,6.4559833e-07,3.0952979e-06,1.6866135e-06,4.258735e-06,4.864549e-07,2.1243695e-05,2.137457e-05,3.082015e-05,5.5899538e-05,3.5229803e-06,0.00014736236,5.505749e-06,4.5140227e-05,6.50147e-05,1.8993574e-05,2.0057962e-05,3.1884558e-06,2.1740467e-05,3.4874663e-06,2.0188256e-06,3.3637807e-06,6.923082e-07,8.669391e-07,6.274255e-08,6.1064846e-08,2.6906907e-08,4.647676e-09,3.1279482e-12,2.3938206e-12,1.4376621e-12,1.5879632e-12,2.1671788e-12,1.4926584e-12,2.6706731e-12,2.5235606e-12,1.9414021e-12,3.3877612e-12,3.3781727e-12,2.3787008e-12,3.6385187e-12,2.9557372e-12,4.1069704e-12,3.4301672e-12,3.501025e-12,3.8582297e-12,2.2992012e-12,5.4748302e-12,1.3839264e-12,2.3069764e-12,6.943893e-12,1.5137545e-12,1.1587203e-12,5.524717e-13,6.349263e-13,5.984386e-13,6.3643703e-13,6.3763507e-13,6.0616535e-13,6.133761e-13,6.5450905e-13,6.022677e-13,5.400856e-13,6.3357625e-13,5.5346103e-13,5.4297566e-13,5.921348e-13,5.8419014e-13,5.33248e-13,6.515546e-13,6.4400053e-13,5.6761567e-13
1.285894e-12,1.3341962e-12,1.1864141e-12,1.2327676e-12,1.1819827e-12,1.1846053e-12,1.3020049e-12,1.1413856e-12,1.237812e-12,1.2767196e-12,1.2879289e-12,1.337585e-12,1.3481787e-12,1.2631096e-12,1.2215561e-12,1.1432942e-12,1.3180941e-12,1.1981873e-12,1.2212182e-12,1.2964021e-12,1.1977691e-12,1.102604e-11,2.0666574e-11,1.6884626e-11,1.2582242e-11,1.6580421e-11,3.177543e-11,1.6628244e-11,1.2822626e-11,3.251798e-11,1.27073655e-11,1.8845503e-11,1.0794561e-11,3.2135888e-11,3.6043314e-11,2.2983835e-11,4.0909862e-11,2.364405e-11,4.3035308e-11,1.5706684e-11,2.7251847e-11,3.763894e-11,1.8514974e-11,2.2275593e-11,2.3896628e-11,3.624579e-11,3.502979e-11,1.2580804e-07,1.0316632e-05,1.139801e-06,4.393566e-05,1.3888883e-06,2.2758182e-05,4.2051117e-05,2.5244231e-05,0.00016828267,2.6728637e-06,0.0007320258,0.0007284497,0.0003637148,0.006697065,0.00027241276,0.1264546,0.0029588195,0.04501299,0.33708882,0.021882985,0.15258516,0.0015041258,0.16908704,0.047300223,0.013007745,0.036441203,0.0017013389,0.026571808,0.00086946203,0.00205841,0.0011442703,3.969544e-05,8.0580256e-05,3.4782609e-06,6.867301e-06,1.7861576e-06,1.4430347e-07,4.8489646e-11,2.6747493e-11,1.5135164e-11,4.3198885e-11,1.8625166e-11,3.9147116e-11,3.602991e-11,2.2008643e-11,8.010018e-12,4.160835e-11,1.2189453e-11,1.1412077e-11,1.8207947e-11,1.5277281e-11,3.5530974e-11,2.4779744e-11,3.1241655e-11,2.60598e-11,3.4383652e-11,2.649938e-11,1.1429111e-11,2.2035904e-11,2.053733e-11,7.001096e-12,3.2178685e-12,1.2838721e-12,1.2340003e-12,1.1071977e-12,1.2652798e-12,1.2859872e-12,1.381377e-12,1.3083855e-12,1.3621388e-12,1.1944907e-12,1.2462195e-12,1.2474561e-12,1.2959794e-12,1.1865523e-12,1.2459342e-12,1.1990262e-12,1.121491e-12,1.2068364e-12,1.1800094e-12,1.2934902e-12
4.5335673e-13,4.550217e-13,4.392827e-13,4.0721498e-13,4.8222304e-13,4.0335457e-13,4.413167e-13,3.386049e-13,4.3938827e-13,4.242353e-13,4.7426993e-13,4.2711106e-13,4.352901e-13,4.75305e-13,4.00943e-13,4.211732e-13,4.3589242e-13,4.032138e-13,3.8136142e-13,4.483545e-13,4.407573e-13,1.4270599e-12,4.101946e-12,2.6269033e-12,1.5487544e-12,2.8912146e-12,2.0035913e-12,7.1352178e-12,1.7550926e-12,5.7277013e-12,1.2080776e-12,4.305318e-12,1.5280039e-12,4.624415e-12,3.6537292e-12,2.5022473e-12,4.960686e-12,4.385663e-12,2.2093126e-12,3.149946e-12,4.156803e-12,3.8153625e-12,1.5020666e-12,1.4596732e-12,2.2897055e-12,3.9601217e-12,2.7390913e-12,8.005157e-09,1.7653581e-06,5.957799e-08,1.0174655e-06,6.4725754e-07,1.2546732e-06,3.4064824e-06,7.3170065e-07,4.1582744e-06,2.2016411e-07,4.979177e-06,1.7776547e-05,9.575745e-06,5.4389537e-05,1.4730445e-05,0.000106145315,8.127314e-05,0.00013705187,0.00013733671,2.24084e-05,0.00022368868,9.227788e-06,9.2538074e-05,5.7210396e-05,1.2592134e-05,2.326743e-05,8.332987e-06,1.4864565e-05,3.5574865e-06,2.3644716e-06,3.7840941e-06,7.3072715e-07,6.8652014e-07,1.1021141e-07,1.5887557e-07,4.6839e-08,1.1063891e-08,6.352794e-12,5.042151e-12,1.3889144e-12,3.8902206e-12,3.3906974e-12,2.0870165e-12,3.9675077e-12,3.0025821e-12,2.2884218e-12,4.7221125e-12,3.4861404e-12,2.7142219e-12,4.319935e-12,2.3397877e-12,4.5445904e-12,3.800778e-12,3.1927226e-12,4.9114376e-12,2.586897e-12,3.1619366e-12,1.6716733e-12,2.625711e-12,4.543654e-12,7.947285e-13,7.7906274e-13,3.9742694e-13,4.4266722e-13,4.0484676e-13,4.505465e-13,4.3436617e-13,4.4437265e-13,4.530922e-13,4.3402497e-13,4.1889314e-13,4.2407674e-13,4.4789037e-13,3.9452523e-13,4.050584e-13,4.650772e-13,3.9104757e-13,3.7677898e-13,4.529254e-13,4.5644554e-13,4.2437774e-13
4.114875e-12,4.448087e-12,4.104121e-12,4.2538113e-12,3.9381866e-12,4.0134406e-12,4.1547967e-12,3.9373903e-12,4.162554e-12,4.5430734e-12,4.343754e-12,4.348844e-12,4.4566638e-12,4.2777322e-12,4.101867e-12,3.7420943e-12,4.6310694e-12,4.0264445e-12,4.0229595e-12,4.4057e-12,4.018542e-12,4.856266e-11,2.1874141e-10,7.7786666e-11,4.3117128e-11,8.836941e-11,9.659238e-11,1.09480654e-10,6.198335e-11,9.2324634e-11,6.432673e-11,8.0097144e-11,5.703991e-11,1.4007971e-10,1.564754e-10,7.9667176e-11,2.3171927e-10,1.869853e-10,1.5111024e-10,8.0404496e-11,1.3157865e-10,1.6762083e-10,9.0619075e-11,8.397888e-11,7.8270355e-11,1.3346271e-10,1.0702065e-10,1.1063462e-07,1.7772254e-05,1.7897155e-06,5.260505e-05,3.1655181e-06,1.7706327e-05,5.1129915e-05,5.785165e-05,0.0003380838,8.695778e-06,0.0044842493,0.0025711453,0.001619432,0.1326962,0.012725035,0.2875249,0.01757796,0.1144603,0.15090096,0.030660827,0.10727097,0.0013688393,0.09345625,0.01378731,0.003251646,0.014622168,0.0019444297,0.006655782,0.00041934883,0.00050241157,0.00022658198,3.9614835e-05,4.539754e-05,2.671497e-06,1.1005029e-05,1.7048409e-06,2.0586842e-07,2.4193356e-10,2.0797265e-10,4.827508e-11,1.6849915e-10,9.564347e-11,1.1260659e-10,1.864991e-10,7.551028e-11,2.8744777e-11,1.5069578e-10,5.63857e-11,5.092061e-11,9.436562e-11,6.391799e-11,1.4434944e-10,7.013085e-11,1.0496489e-10,6.4802566e-11,7.437023e-11,9.489663e-11,7.691269e-11,7.9053535e-11,4.693407e-11,1.773578e-11,9.508756e-12,4.31352e-12,3.9580973e-12,3.560027e-12,4.197475e-12,4.157571e-12,4.491138e-12,4.3364197e-12,4.2883193e-12,4.047357e-12,4.3602726e-12,4.354173e-12,4.2338828e-12,4.2039323e-12,4.2388116e-12,4.2210463e-12,3.937e-12,4.00286e-12,4.286831e-12,4.1592684e-12
2.6098141e-11,2.6157196e-11,2.4845851e-11,2.5811511e-11,2.6311913e-11,2.2008971e-11,2.5111696e-11,2.1745713e-11,2.5739732e-11,2.5438256e-11,2.7786256e-11,2.5573106e-11,2.5074174e-11,2.7214746e-11,2.6243849e-11,2.4971273e-11,2.4848599e-11,2.236729e-11,2.2553385e-11,2.603212e-11,2.4349956e-11,8.0554466e-11,5.966681e-11,8.5593733e-11,7.416384e-11,7.036425e-11,5.959891e-11,1.291265e-10,3.251239e-11,1.319282e-10,1.884938e-11,9.7394905e-11,4.4328183e-11,7.5553785e-11,7.327884e-11,8.967495e-11,1.4880891e-10,7.510278e-11,6.747068e-11,6.8420734e-11,1.6354096e-10,7.427709e-11,3.01303e-11,5.2835156e-11,7.12074e-11,4.451645e-11,5.733955e-11,1.573407e-07,1.7140983e-05,5.8762896e-07,1.25559645e-05,9.790455e-06,2.0632893e-05,2.2350448e-05,1.6140239e-05,8.576035e-05,2.8799345e-06,7.60574e-05,0.00017394674,0.00046044358,0.00016136214,1.2514399e-05,0.00071824685,0.0002277992,0.0021360535,0.0035850834,0.00034670727,0.010812493,0.00014461526,0.0031186682,0.0036858134,0.0017670953,0.0008250037,7.978709e-05,0.00074835436,0.00013718613,0.00013143607,0.00038860636,3.216648e-05,3.4467826e-05,2.1734968e-06,3.961039e-06,1.1354998e-06,4.6413163e-07,1.445423e-10,9.622295e-11,2.824806e-11,5.1582495e-11,8.325084e-11,5.0189616e-11,7.18119e-11,5.5672796e-11,5.230374e-11,1.3519133e-10,7.549702e-11,9.575572e-11,5.2199096e-11,3.8766962e-11,9.1029975e-11,4.9848164e-11,8.254817e-11,9.496924e-11,4.580244e-11,8.961818e-11,4.6089972e-11,5.987168e-11,2.3082422e-10,4.5588994e-11,3.7741584e-11,2.2843276e-11,2.726655e-11,2.3901587e-11,2.7206546e-11,2.6503365e-11,2.4353674e-11,2.6072417e-11,2.4838031e-11,2.574705e-11,2.2531973e-11,2.7422077e-11,2.3656447e-11,2.3297106e-11,2.4641168e-11,2.3758594e-11,2.3003344e-11,2.6276405e-11,2.7142741e-11,2.4074995e-11
1.9598214e-09,2.088612e-09,2.1002489e-09,1.9107962e-09,2.0876678e-09,2.0274589e-09,2.1264288e-09,1.9892077e-09,2.0312094e-09,1.9486244e-09,2.26555e-09,1.981411e-09,2.063287e-09,2.118846e-09,1.9791635e-09,2.0356192e-09,1.9549569e-09,1.9514885e-09,1.965579e-09,2.068433e-09,2.1521884e-09,3.4929715e-10,6.801066e-10,3.2476266e-10,3.069178e-10,4.3251977e-10,4.6669235e-10,3.5771489e-10,3.0914923e-10,2.230561e-10,1.9769328e-10,3.6429182e-10,2.77302e-10,1.3524161e-10,3.017713e-10,2.2351392e-10,9.8974884e-11,1.5928851e-10,1.8730831e-10,1.5439479e-10,2.013227e-10,8.017722e-11,1.2061398e-10,1.9922101e-10,1.4773932e-10,1.292248e-10,1.6641284e-10,1.9327541e-07,2.3016391e-06,3.060782e-07,2.2375646e-06,2.6422872e-06,6.527884e-06,1.1442271e-05,5.789157e-06,1.7846778e-05,1.5145505e-06,1.2128722e-05,2.043614e-05,1.4611376e-05,3.725098e-05,1.1195102e-05,3.9254737e-05,5.1816747e-05,7.4658536e-05,5.1638268e-05,7.3252677e-06,8.5856496e-05,1.8254243e-05,7.138208e-05,0.00010500845,5.8852296e-05,4.8431266e-05,2.6954232e-05,6.275438e-05,1.5669111e-05,5.608855e-06,2.1005895e-05,3.9574143e-06,5.0854833e-06,6.860513e-07,1.0624109e-06,2.41124e-07,1.3617571e-07,3.4391326e-10,4.2111184e-10,2.8585956e-10,2.7276914e-10,2.4905975e-10,2.6277572e-10,6.2012345e-10,3.2083525e-10,1.520568e-10,4.2639936e-10,3.777062e-10,4.6803306e-10,3.2442712e-10,4.242018e-10,2.1739005e-10,4.579783e-10,2.1604292e-10,3.262509e-10,2.831075e-10,3.5408051e-10,2.3074496e-10,3.86633e-10,7.0277234e-10,1.0101485e-09,1.3837598e-09,2.0403073e-09,2.0179605e-09,1.9808328e-09,1.9809387e-09,2.0301212e-09,2.1146027e-09,2.0187496e-09,2.2067546e-09,1.9656954e-09,1.999833e-09,2.1220614e-09,2.0517101e-09,2.086068e-09,1.9205335e-09,2.0641606e-09,2.0466095e-09,2.1136872e-09,2.017614e-09,2.1112898e-09
1.4912493e-10,1.5787847e-10,1.5072256e-10,1.5095991e-10,1.4624897e-10,1.3915304e-10,1.5384223e-10,1.5506066e-10,1.546861e-10,1.4522436e-10,1.6716753e-10,1.6134832e-10,1.6265722e-10,1.5663133e-10,1.5632572e-10,1.486745e-10,1.5749109e-10,1.4987431e-10,1.4755465e-10,1.6794732e-10,1.5390739e-10,4.017896e-10,3.7594264e-10,3.9162448e-10,1.4435281e-10,3.1256392e-10,4.000881e-10,6.563694e-10,1.6181247e-10,2.1843546e-10,3.5020722e-10,5.060637e-10,3.4170214e-10,4.2930226e-10,3.1784478e-10,2.9298886e-10,1.6783909e-10,2.6223107e-10,3.4610412e-10,3.1119812e-10,2.2529716e-10,2.0086252e-10,3.1616268e-10,4.365538e-10,2.7841188e-10,2.7573727e-10,2.0075451e-10,2.1517914e-07,4.916468e-06,1.1536679e-06,3.701451e-05,2.3858149e-05,9.557828e-06,2.2311764e-05,2.9912926e-05,9.872306e-05,2.6275407e-06,9.5492505e-05,0.0003299988,4.602894e-05,0.0002829901,4.2076706e-05,0.006663369,0.002146519,0.00084556016,0.006759284,0.0015624198,0.058252282,0.0015858253,0.100935586,0.16747107,0.059134137,0.11767985,0.004179827,0.44019464,0.018632518,0.0049484787,0.0051883385,0.0006508546,0.0015839413,1.0186372e-05,4.560711e-05,1.2369267e-05,1.4302417e-06,2.719635e-10,2.8211797e-10,3.3949465e-10,3.9625744e-10,3.0591912e-10,2.8828423e-10,6.0376193e-10,2.4565358e-10,1.7711119e-10,3.395387e-10,4.4906304e-10,4.834662e-10,3.0178582e-10,3.1073427e-10,6.7667927e-10,5.501679e-10,2.877931e-10,2.6596464e-10,4.160996e-10,4.993614e-10,2.4345753e-10,3.0814565e-10,4.4814752e-10,3.562491e-10,2.0694747e-10,1.62509e-10,1.5508965e-10,1.4981656e-10,1.5770753e-10,1.5795679e-10,1.6147271e-10,1.501381e-10,1.577352e-10,1.5896325e-10,1.5442167e-10,1.6215602e-10,1.599639e-10,1.5006481e-10,1.5159238e-10,1.5275978e-10,1.4987944e-10,1.4968146e-10,1.5799355e-10,1.502097e-10
2.3031833e-11,2.2462457e-11,2.379873e-11,2.420442e-11,2.166052e-11,2.1878343e-11,2.1933578e-11,2.1212497e-11,2.2414095e-11,2.1758656e-11,2.4394955e-11,2.1017575e-11,2.2185776e-11,2.3073165e-11,2.4748039e-11,2.4210559e-11,2.3212031e-11,2.0916237e-11,2.1963384e-11,2.5344974e-11,2.2574645e-11,3.1414687e-11,3.5599537e-11,4.789199e-11,3.490033e-11,2.5727264e-11,1.0932122e-10,3.3054188e-11,1.8158898e-11,7.07922e-11,3.487797e-11,2.0085506e-11,8.722411e-12,1.8634323e-11,3.5219168e-11,4.2783947e-11,4.6647318e-11,2.1158351e-11,5.742404e-11,2.5102021e-11,3.5199288e-11,6.2444584e-11,4.3835647e-11,3.86537e-11,4.7678986e-11,3.3017894e-11,1.0671895e-10,1.7707016e-07,9.677684e-06,9.818481e-07,1.245204e-05,8.416325e-06,1.9884152e-05,4.5842604e-05,6.184341e-05,8.620207e-05,2.211378e-06,7.6193144e-05,0.00055245927,0.00019350754,0.0003599312,4.880122e-06,0.0027264862,0.00040583537,0.0009569717,0.019012345,0.00050998566,0.015695825,0.0006286013,0.037774917,0.68917084,0.07650256,0.07084647,0.00059502514,0.040273476,0.0011550093,0.00036880685,0.004740524,0.00010145245,0.00020832481,2.3418522e-06,3.5981295e-06,1.570954e-05,2.8799602e-07,4.5607775e-11,3.3480007e-11,2.7981333e-11,2.5198442e-11,2.6871531e-11,3.2000087e-11,4.005122e-11,1.42765895e-11,1.1749674e-11,4.2142984e-11,4.5293956e-11,8.791934e-11,2.1904981e-11,1.0895354e-11,2.5413229e-11,1.4942231e-11,1.917618e-11,2.1784567e-11,4.1946828e-11,2.0887096e-11,2.1044933e-11,2.6294553e-11,8.9442106e-11,4.699193e-11,3.4554706e-11,2.264485e-11,2.2322836e-11,2.1721918e-11,2.3593943e-11,2.4897936e-11,2.464742e-11,2.3843347e-11,2.4756773e-11,2.2136532e-11,2.1378298e-11,2.4567159e-11,2.2962575e-11,2.2763983e-11,2.3154017e-11,2.1664073e-11,2.3148454e-11,2.4142495e-11,2.3642777e-11,2.2877372e-11
2.9038744e-11,3.1311172e-11,3.0337295e-11,2.999392e-11,2.8754896e-11,2.9147837e-11,3.0863388e-11,2.8059872e-11,3.031948e-11,3.0786252e-11,3.170238e-11,2.9406942e-11,3.1580353e-11,3.1232916e-11,3.0096616e-11,3.2542823e-11,3.0644477e-11,2.8514802e-11,2.9580657e-11,3.4937733e-11,3.3789003e-11,7.828178e-11,8.51298e-11,1.3031848e-10,1.6201639e-10,1.0047017e-10,1.6050924e-10,2.0223273e-10,7.72029e-11,3.088649e-10,1.168515e-10,1.3736103e-10,7.2800654e-11,1.5153351e-10,2.0798556e-10,1.6001343e-10,2.917622e-10,1.2602071e-10,2.6480768e-10,3.329132e-10,5.3891813e-10,2.694214e-10,2.2081832e-10,1.7595168e-10,1.5282108e-10,2.498813e-10,2.6988534e-10,6.180964e-07,2.756004e-05,4.115445e-06,3.966621e-05,1.9853762e-05,7.1823764e-05,0.00011045336,8.159145e-05,0.00032864555,5.0624794e-06,0.00033409326,0.0006799619,0.00015150767,0.002919219,1.859134e-05,0.006551633,0.0017465455,0.0033379197,0.061173823,0.0023641817,0.08435076,0.00088729383,0.041302912,0.28523433,0.011220249,0.068729594,0.00025194522,0.033225775,0.003081578,0.0006297289,0.007412851,0.00027290088,0.00074429606,7.876626e-06,2.2663266e-05,1.1758355e-05,1.0150792e-06,3.4756037e-10,1.8897393e-10,1.5440203e-10,3.3967623e-10,9.7627864e-11,2.7019026e-10,2.6510383e-10,1.4895161e-10,1.0064624e-10,4.631255e-10,2.8396174e-10,1.757739e-10,1.8926541e-10,6.888448e-11,1.859732e-10,2.2170119e-10,1.425335e-10,1.4394873e-10,2.8553784e-10,1.1710004e-10,6.195457e-11,8.6673835e-11,1.6688027e-10,9.371569e-11,6.6003654e-11,3.109027e-11,3.152354e-11,2.8880657e-11,3.0926678e-11,3.280807e-11,3.3064e-11,3.140232e-11,3.525893e-11,3.1125515e-11,2.6596773e-11,3.0388723e-11,3.192958e-11,3.2740057e-11,3.1738077e-11,2.923882e-11,2.9693036e-11,3.1949686e-11,3.0888122e-11,2.8827383e-11
1.6803847e-12,1.684762e-12,1.4589469e-12,1.7187252e-12,1.7308051e-12,1.5096004e-12,1.774102e-12,1.6116453e-12,1.5818002e-12,1.700494e-12,1.6622463e-12,1.6969527e-12,1.6001345e-12,1.5718452e-12,1.8344339e-12,1.6780465e-12,1.8407463e-12,1.6331297e-12,1.5014967e-12,1.6534558e-12,1.7638718e-12,7.1501086e-12,2.5975338e-11,4.3348246e-12,7.139561e-12,8.316036e-12,3.1007398e-11,1.2589155e-11,1.7368013e-11,2.5689516e-11,1.0037676e-11,5.758922e-12,7.4451825e-12,1.0441972e-11,1.3537708e-11,4.0318174e-12,1.17880185e-11,1.2486992e-11,1.9611028e-11,9.020896e-12,1.5631876e-11,4.5108098e-11,9.887978e-12,8.144386e-12,4.4572857e-12,1.9239568e-11,1.3141836e-11,2.3566239e-08,4.6030364e-06,9.753828e-07,3.516633e-05,1.2167301e-06,5.5305405e-05,8.5741645e-05,1.1449688e-05,0.00040563373,3.3039473e-06,0.003478311,0.00093703973,2.4253442e-05,0.0064321575,3.1724532e-05,0.008765421,0.00063073996,0.0043206057,0.03181976,0.00015681787,0.048938695,0.00048021265,0.3493382,0.19168422,0.0008591739,0.09683938,0.00029901942,0.030955965,0.0012122339,0.00044975893,0.002320979,4.743223e-06,0.00015884406,1.5384459e-06,8.283672e-06,2.5740346e-06,7.868857e-08,2.2913102e-11,1.3811616e-11,1.4353921e-11,2.2599424e-11,2.3742657e-11,3.0292636e-11,2.158094e-11,1.283224e-11,1.9513124e-11,7.857507e-11,3.4679246e-11,1.0479323e-11,1.9182553e-11,1.7305418e-11,2.371324e-11,1.5658284e-11,3.767054e-11,1.0497508e-11,1.840698e-11,3.6660664e-11,8.664777e-12,3.0410386e-11,1.671365e-11,8.430642e-12,4.2620152e-12,1.5728109e-12,1.5626621e-12,1.6598164e-12,1.8194814e-12,2.054053e-12,1.7838063e-12,1.9172812e-12,1.8083583e-12,1.6086263e-12,1.5534646e-12,1.9482283e-12,1.7053499e-12,1.4740737e-12,1.6714311e-12,1.5742365e-12,1.6453203e-12,1.702003e-12,1.7432756e-12,1.5996372e-12
1.3954032e-12,1.450713e-12,1.3250275e-12,1.5868154e-12,1.3515016e-12,1.3526233e-12,1.4365656e-12,1.5214394e-12,1.4271598e-12,1.4151679e-12,1.5862435e-12,1.3597887e-12,1.443991e-12,1.3070103e-12,1.5311365e-12,1.4436081e-12,1.5396526e-12,1.3633101e-12,1.3119756e-12,1.5840365e-12,1.513685e-12,5.4593864e-12,3.391797e-11,5.5145914e-12,1.3603627e-11,7.281594e-12,3.528445e-11,1.881866e-11,2.5651606e-11,3.380701e-11,8.583072e-12,1.0610774e-11,1.2157635e-11,3.6681345e-11,1.3189917e-11,3.6361318e-12,1.0400107e-11,1.2197655e-11,2.0575664e-11,5.295336e-12,2.2519979e-11,2.1015847e-11,2.2610018e-11,8.560183e-12,1.0795975e-11,4.2225286e-11,1.2114257e-11,1.8290352e-08,2.965914e-06,2.208944e-07,1.2351577e-05,3.3904522e-07,9.6863805e-06,3.0461722e-05,7.790205e-06,3.2725256e-05,1.2480755e-06,0.00090487325,0.00017773428,5.2600594e-06,0.0024266015,7.628274e-06,0.008198671,0.002160829,0.009235989,0.3498808,0.0025198734,0.032969423,0.0009456936,0.42984965,0.104983464,0.0006939846,0.025732223,0.000120141805,0.0202326,0.004039244,0.00033489367,0.0017838074,4.3741206e-06,4.9015332e-05,9.4092235e-07,5.189341e-06,1.0419393e-06,3.774883e-08,1.5878457e-11,1.5604759e-11,1.3702583e-11,2.183994e-11,1.704384e-11,2.296384e-11,2.5140206e-11,5.4360175e-12,4.1569595e-12,7.2687203e-11,1.37880506e-11,6.64175e-12,1.0244651e-11,5.9409105e-12,1.6947433e-11,1.4875717e-11,1.34915855e-11,2.1692353e-11,1.4912648e-11,1.5308862e-11,9.042908e-12,2.32951e-11,9.86243e-12,5.3105276e-12,4.2945716e-12,1.3924654e-12,1.4003865e-12,1.2652982e-12,1.5192733e-12,1.5159039e-12,1.4813588e-12,1.5412392e-12,1.5071512e-12,1.3899259e-12,1.4004907e-12,1.4771266e-12,1.4989863e-12,1.4302282e-12,1.2972003e-12,1.3468028e-12,1.3979312e-12,1.3914113e-12,1.45156e-12,1.3473269e-12
1.4941739e-12,1.4691862e-12,1.454226e-12,1.5655613e-12,1.4535024e-12,1.4690995e-12,1.5689032e-12,1.5140403e-12,1.4933163e-12,1.4975577e-12,1.5351223e-12,1.5581197e-12,1.5431368e-12,1.5364084e-12,1.5493952e-12,1.4836266e-12,1.5898271e-12,1.4974063e-12,1.4121078e-12,1.7044192e-12,1.6100715e-12,3.6058886e-12,8.340925e-12,3.6461814e-12,6.353519e-12,4.2311775e-12,6.9849924e-12,3.2389627e-12,4.2059125e-12,8.662261e-12,5.753452e-12,4.346198e-12,4.0986754e-12,8.894445e-12,6.4852602e-12,4.4871385e-12,9.469822e-12,6.886322e-12,1.2327487e-11,6.2464925e-12,1.4511568e-11,8.845602e-12,1.5043864e-11,9.0239725e-12,1.0843255e-11,1.33354985e-11,9.237828e-12,1.6852468e-08,2.548839e-06,1.9321237e-07,2.1613116e-06,3.2988845e-07,2.5896932e-06,6.292934e-06,3.64114e-06,5.0348874e-05,1.386617e-07,2.0083267e-05,0.00015676802,1.8068502e-05,0.0014268352,3.5191658e-06,0.00345558,8.814569e-05,0.0016465412,0.085740514,0.0010586934,0.13251829,0.00034051057,0.05733718,0.58838606,0.012570534,0.09081911,0.00012460373,0.020129412,0.00014113057,0.00013234848,0.0033787235,8.682742e-06,6.998273e-05,3.2596583e-07,6.893133e-07,1.4509308e-06,7.33127e-08,1.1482091e-11,1.0477899e-11,7.361893e-12,7.080971e-12,6.9840206e-12,1.06760425e-11,9.900957e-12,6.6526164e-12,3.2823098e-12,1.0931135e-11,1.5220266e-11,9.420532e-12,7.861007e-12,4.3204108e-12,6.8945357e-12,6.819868e-12,4.827145e-12,1.0629209e-11,1.4405697e-11,1.1369835e-11,6.3639003e-12,8.600033e-12,1.2653232e-11,3.625668e-12,3.3057953e-12,1.4646704e-12,1.4751953e-12,1.49963e-12,1.6438202e-12,1.6173045e-12,1.6089172e-12,1.4856202e-12,1.7305269e-12,1.5192328e-12,1.4615449e-12,1.4864109e-12,1.5792612e-12,1.6282987e-12,1.5463602e-12,1.4631011e-12,1.4727775e-12,1.4581505e-12,1.4687912e-12,1.4646899e-12
5.773245e-12,5.882443e-12,5.429879e-12,5.897497e-12,5.676069e-12,5.150662e-12,6.0975756e-12,5.3760243e-12,5.3738914e-12,5.7410274e-12,5.63925e-12,5.4587264e-12,5.7856797e-12,5.4437956e-12,5.7489387e-12,5.591375e-12,5.6413155e-12,5.3169604e-12,5.2172845e-12,5.9761263e-12,5.594554e-12,1.374498e-11,2.3716421e-11,1.0345969e-11,1.4913433e-11,1.0743054e-11,1.4379854e-11,1.2089158e-11,6.482497e-12,2.3251583e-11,5.8223886e-12,1.0031138e-11,1.2246182e-11,1.9387965e-11,1.5209953e-11,1.3271671e-11,1.8696007e-11,1.3613741e-11,2.5330698e-11,2.1828515e-11,3.2736123e-11,1.7509152e-11,1.1675674e-11,1.6781444e-11,1.1368417e-11,1.7952428e-11,1.925309e-11,6.163802e-08,6.08094e-06,1.5449123e-07,3.4281736e-06,1.7001614e-06,1.28595575e-05,1.5162641e-05,2.6223777e-06,5.5639102e-05,4.5759927e-07,0.00010547668,0.00094972295,3.6099795e-05,0.008818115,1.6153575e-05,0.038983952,0.00883281,0.035108723,0.15519609,0.0006171628,0.18870844,0.00035426216,0.03535153,0.41802204,0.0027627696,0.069587365,0.00019898487,0.030212143,0.002106985,0.0006590674,0.0021517477,7.787282e-06,0.000107025975,7.0764065e-07,2.2052202e-06,2.6486023e-06,9.196781e-08,1.6853104e-11,2.0207492e-11,1.31796475e-11,1.7622261e-11,1.7996722e-11,1.2738629e-11,1.2787658e-11,7.756758e-12,6.286072e-12,2.5204816e-11,3.1673428e-11,9.879425e-12,9.254099e-12,5.9912145e-12,1.6863264e-11,1.4883766e-11,1.8947658e-11,1.0302528e-11,1.1130938e-11,3.9130716e-11,6.681159e-12,2.049043e-11,1.9643611e-11,1.282185e-11,9.256006e-12,5.346798e-12,5.3047237e-12,5.4167838e-12,5.897227e-12,5.8817695e-12,5.6732336e-12,5.7684244e-12,6.305478e-12,5.834818e-12,5.302397e-12,5.6652317e-12,5.7736194e-12,5.562166e-12,5.5799753e-12,5.485048e-12,5.755434e-12,5.280295e-12,5.5654136e-12,5.5571823e-12
1.6868745e-12,1.9679176e-12,1.837158e-12,1.7775874e-12,1.8772377e-12,1.7611052e-12,1.8409464e-12,1.3968792e-12,1.6304562e-12,1.8063795e-12,1.936765e-12,1.6792087e-12,1.7941759e-12,1.9430217e-12,1.7324398e-12,1.8261321e-12,1.83024e-12,1.6492633e-12,1.6227217e-12,1.8332237e-12,1.7661746e-12,3.9513245e-12,5.6964654e-12,3.5006327e-12,4.3404425e-12,5.2788303e-12,7.881729e-12,7.0805015e-12,4.6335887e-12,2.024123e-11,2.5305604e-12,4.5556475e-12,3.2473336e-12,7.701249e-12,6.4536367e-12,2.52783e-12,8.7018925e-12,4.5611336e-12,9.249205e-12,5.7822115e-12,1.5472379e-11,8.895348e-12,3.569901e-12,4.776746e-12,4.3206684e-12,8.454764e-12,9.479675e-12,1.1872245e-08,3.523768e-06,5.7007384e-08,1.3547067e-06,4.3943908e-07,4.263833e-06,7.2213033e-06,6.9139935e-07,1.6842121e-05,3.2381604e-07,1.4915501e-05,6.640904e-05,5.0651224e-06,0.00023111465,2.3216862e-06,0.0002786709,0.000112186564,0.00035855256,0.0007134866,3.2344983e-06,0.0005001769,9.9793115e-06,0.00013428497,0.0005300458,1.2102695e-05,0.00018941498,7.9542215e-06,0.00011790242,8.960109e-06,6.8424915e-06,2.697996e-05,6.4028075e-07,2.9279445e-06,1.12233266e-07,2.3308252e-07,2.4729462e-07,2.2049514e-08,1.4075888e-11,9.510825e-12,4.8883445e-12,6.5843385e-12,9.067645e-12,6.9830244e-12,7.730624e-12,5.7783635e-12,3.1805728e-12,1.6287135e-11,8.772166e-12,5.6710548e-12,1.3357218e-11,4.3658245e-12,1.441043e-11,5.9998894e-12,1.4683752e-11,5.0263274e-12,3.2620525e-12,1.2192033e-11,1.7830205e-12,7.531291e-12,6.5124212e-12,3.0382424e-12,3.0860527e-12,1.6648925e-12,1.7384178e-12,1.7702249e-12,1.8717677e-12,1.9178483e-12,1.7965628e-12,1.8981312e-12,1.9002321e-12,1.7273948e-12,1.647157e-12,1.821464e-12,1.706938e-12,1.7539515e-12,1.8140582e-12,1.6132845e-12,1.6197533e-12,1.9493545e-12,1.8467632e-12,1.7412949e-12
1.1205645e-11,1.06040315e-11,1.0461397e-11,1.0884047e-11,1.0200637e-11,1.1229073e-11,1.0573736e-11,9.76796e-12,1.0400398e-11,9.884874e-12,1.163981e-11,1.07444696e-11,1.1179365e-11,1.0821264e-11,1.1763837e-11,1.1780072e-11,1.1145258e-11,9.419735e-12,9.881763e-12,1.1345781e-11,1.0741805e-11,1.4024606e-11,4.6843435e-11,1.9904415e-11,4.0035534e-11,1.8241991e-11,5.8884404e-11,7.544442e-11,2.6476816e-11,7.699232e-11,3.0541545e-11,6.663359e-11,2.53978e-11,8.066095e-11,3.7382618e-11,1.2038881e-11,4.9725245e-11,6.0081426e-11,7.174448e-11,5.855033e-11,9.154756e-11,8.3221714e-11,5.840689e-11,3.8627577e-11,2.935511e-11,6.228372e-11,4.4353857e-11,4.4251085e-08,1.1191657e-05,5.570398e-07,4.2203105e-06,3.9344072e-06,8.262147e-06,2.0036441e-05,6.341772e-06,4.089114e-05,1.5582305e-06,8.610365e-05,9.238199e-05,2.8679983e-06,0.000355065,4.9778846e-06,0.00038193093,0.00018109487,0.00059060706,0.0039367685,7.1002636e-05,0.002184839,2.0874577e-05,0.0019295596,0.0019882924,5.7231726e-05,0.0011062035,1.6486054e-05,0.00070259103,0.0002973318,6.378179e-05,0.00017981004,3.980899e-06,6.4929154e-05,1.1679703e-06,3.5239727e-06,2.439388e-06,2.460065e-07,1.078947e-10,3.2738437e-11,5.590856e-11,7.158947e-11,4.8177625e-11,6.889802e-11,4.4024055e-11,3.3051516e-11,1.7633998e-11,1.5925468e-10,6.738768e-11,3.318138e-11,6.842564e-11,2.9074437e-11,8.050064e-11,4.055469e-11,4.8266106e-11,4.4676242e-11,2.510842e-11,6.627691e-11,1.1132977e-11,6.011605e-11,4.225886e-11,2.0534447e-11,1.7897964e-11,9.4855426e-12,1.0672512e-11,1.11558705e-11,1.1356606e-11,1.15828475e-11,1.1610873e-11,1.1526605e-11,1.1979077e-11,1.10041976e-11,1.0022209e-11,1.1000798e-11,1.0714141e-11,9.884667e-12,1.0860759e-11,9.727392e-12,1.0238257e-11,1.12995654e-11,1.1216636e-11,1.0890007e-11
7.4598695e-12,7.396411e-12,7.198965e-12,6.360824e-12,7.7741745e-12,6.9014495e-12,6.760571e-12,5.974131e-12,6.688323e-12,7.1859736e-12,7.446706e-12,6.7379396e-12,6.8720264e-12,7.566009e-12,7.8247235e-12,7.570223e-12,7.2259e-12,6.558759e-12,6.518303e-12,7.765268e-12,7.2092154e-12,1.1748452e-11,1.0874125e-11,1.2462491e-11,1.4074151e-11,1.4337948e-11,1.6431204e-11,2.53641e-11,1.0591778e-11,3.4597405e-11,7.914558e-12,2.6526295e-11,1.125523e-11,1.7375146e-11,1.1355801e-11,1.1887528e-11,2.797255e-11,1.9793446e-11,1.9452226e-11,2.7636907e-11,4.5041144e-11,1.9346845e-11,1.6084899e-11,1.0104664e-11,1.4084355e-11,1.2814929e-11,1.2504492e-11,1.392297e-08,1.4350857e-06,4.4641457e-08,3.859918e-07,8.762327e-07,1.3562974e-06,7.3696464e-07,3.862271e-07,2.8725635e-06,1.3379972e-07,1.1839282e-06,6.8396566e-06,1.0935906e-06,9.678403e-06,3.9403218e-07,9.856453e-06,2.0642849e-05,1.6210362e-05,4.4979042e-05,5.1158435e-07,4.3838743e-05,1.4685618e-06,1.1408123e-05,3.6228845e-05,2.777983e-06,1.1152073e-05,7.606775e-07,7.713228e-06,3.283616e-06,9.700816e-07,3.2546372e-06,4.5695154e-07,2.2452425e-06,1.1998145e-07,9.8181665e-08,1.0396688e-07,4.080295e-08,2.7045043e-11,1.5707319e-11,1.4163664e-11,1.5817476e-11,2.038988e-11,1.4870171e-11,1.8332988e-11,2.0912586e-11,1.7130028e-11,4.9743067e-11,2.5603778e-11,2.711322e-11,2.8350313e-11,1.4337702e-11,3.9510194e-11,1.8673906e-11,3.100079e-11,1.5736646e-11,1.07621256e-11,2.9187052e-11,4.9473377e-12,1.742177e-11,2.7893007e-11,1.3016064e-11,1.2282859e-11,6.226906e-12,7.1150403e-12,7.33541e-12,7.622179e-12,7.537086e-12,7.0379306e-12,7.392208e-12,7.477577e-12,7.089059e-12,6.1944603e-12,7.2148693e-12,6.3929465e-12,6.4525447e-12,7.5188085e-12,6.532516e-12,6.3669417e-12,8.545396e-12,7.528323e-12,6.5100525e-12
3.4731506e-12,3.8298848e-12,3.6576254e-12,3.5665034e-12,3.6828973e-12,3.6131243e-12,3.6033307e-12,3.562893e-12,3.5226602e-12,3.3699096e-12,3.8015446e-12,3.5980906e-12,3.660501e-12,3.6012766e-12,3.5787827e-12,3.5770085e-12,3.4757017e-12,3.322705e-12,3.3636741e-12,3.9944927e-12,3.587168e-12,2.0180083e-11,3.0993486e-11,2.631226e-11,2.5387695e-11,2.3202955e-11,2.2575504e-11,3.4285404e-11,7.8046085e-12,1.5304659e-11,9.594963e-12,2.201644e-11,1.4043755e-11,2.6684495e-11,1.7062641e-11,1.35031205e-11,2.6092762e-11,1.6443446e-11,3.3382953e-11,2.878087e-11,2.4405051e-11,3.1872956e-11,2.0939547e-11,2.0574018e-11,2.6388957e-11,3.1625945e-11,1.6180488e-11,8.320722e-08,7.1895943e-06,1.0931115e-07,3.6728627e-06,7.0715914e-06,4.940591e-06,1.2309821e-05,5.9266686e-06,6.719265e-05,1.466068e-06,8.521939e-05,0.0005809648,7.3881536e-05,0.0039753686,2.0340183e-05,0.01705884,0.007893163,0.006446666,0.083964005,0.0036959748,0.21513678,0.0045864796,0.152434,0.18681,0.04782995,0.1403763,0.0011853637,0.088943966,0.008087396,0.0012251205,0.0035710225,5.5604083e-05,0.0007026196,4.103741e-06,7.2853954e-06,6.2768227e-06,8.570473e-07,7.5084716e-11,2.001945e-11,3.66359e-11,2.6585581e-11,1.948652e-11,2.1962127e-11,5.6472438e-11,2.3574104e-11,2.9508493e-11,6.859661e-11,3.454251e-11,5.4729322e-11,4.7071763e-11,2.0820626e-11,7.3243474e-11,2.3632674e-11,4.888009e-11,3.3774143e-11,3.7742726e-11,8.1413425e-11,2.6220028e-11,2.9377868e-11,2.7803055e-11,1.3253469e-11,6.7606415e-12,3.4839518e-12,3.3528041e-12,3.4809232e-12,3.4234482e-12,3.4623296e-12,3.927474e-12,3.5500452e-12,3.7424647e-12,3.650565e-12,3.648846e-12,3.2637684e-12,3.3323138e-12,3.6655453e-12,3.8497027e-12,3.3544291e-12,3.672768e-12,3.6454095e-12,4.062523e-12,3.4394965e-12
5.1831707e-12,4.75376e-12,4.5458563e-12,4.93162e-12,4.554344e-12,4.592499e-12,4.9826194e-12,4.85233e-12,4.6953756e-12,4.5205055e-12,4.8532922e-12,4.768571e-12,4.5610902e-12,4.8477043e-12,4.9194633e-12,4.9207773e-12,4.9076546e-12,4.6115637e-12,4.3945555e-12,5.2680985e-12,4.9291938e-12,6.3677644e-12,1.7351095e-11,6.358844e-12,1.3136421e-11,5.0466064e-12,2.3935126e-11,1.7134431e-11,6.571478e-12,1.7856829e-11,1.6091212e-11,1.0726134e-11,1.1247949e-11,1.9488128e-11,1.3984955e-11,7.440498e-12,1.727488e-11,1.2532614e-11,2.5209652e-11,2.3441844e-11,3.026647e-11,2.559151e-11,2.661883e-11,1.2615307e-11,2.2080204e-11,2.299212e-11,2.058977e-11,3.053254e-08,3.2043788e-06,1.4671548e-07,1.3503817e-06,2.7916005e-06,2.0421544e-06,3.9722077e-06,1.7335722e-06,1.7771496e-05,8.359568e-07,2.6263291e-05,0.0003577569,3.1782054e-06,0.0004359387,2.9206378e-06,0.0011677211,0.00030216615,0.00045438338,0.004743495,0.00021248012,0.083481334,0.0019061834,0.14215727,0.408632,0.0046956325,0.27112684,0.00047719595,0.06405497,0.0035245584,0.00039686824,0.0045735906,1.4789383e-05,0.00034085658,4.1772023e-06,4.454006e-06,3.8415455e-06,2.8565194e-07,4.4840118e-11,1.2742484e-11,2.9667765e-11,3.9532187e-11,2.3467076e-11,3.0658604e-11,3.7674492e-11,1.5260126e-11,2.7180726e-11,1.08011974e-10,5.5461472e-11,3.4833973e-11,4.0360666e-11,1.6598329e-11,5.5153444e-11,2.5084705e-11,2.684859e-11,1.3948326e-11,2.414361e-11,3.444588e-11,1.0216499e-11,1.20689e-11,1.981731e-11,9.943846e-12,6.8350026e-12,4.7034607e-12,5.0871377e-12,4.9988212e-12,5.251665e-12,5.1946017e-12,5.030192e-12,4.76478e-12,5.3609374e-12,4.8245513e-12,4.746801e-12,5.3529984e-12,4.7056235e-12,4.1955463e-12,4.7042773e-12,4.5776495e-12,4.7722017e-12,4.7889154e-12,5.062436e-12,4.6017144e-12
1.7209786e-11,1.7746873e-11,1.6496847e-11,1.6365971e-11,1.7775838e-11,1.5703437e-11,1.6663124e-11,1.5874248e-11,1.6015175e-11,1.6326312e-11,1.7892887e-11,1.6181658e-11,1.5231793e-11,1.7411319e-11,1.6965155e-11,1.8061311e-11,1.5701102e-11,1.7415838e-11,1.5011098e-11,1.9058326e-11,1.694336e-11,5.8065136e-11,7.549959e-11,4.5054502e-11,4.0401536e-11,4.4624315e-11,6.2913334e-11,6.6555754e-11,3.192205e-11,1.4549263e-10,5.1187797e-11,7.429591e-11,4.3622196e-11,5.8299185e-11,4.5740616e-11,5.301513e-11,9.098655e-11,6.554179e-11,6.2795366e-11,9.2233075e-11,1.2462935e-10,1.09812916e-10,1.3957611e-10,4.9483726e-11,1.1076838e-10,5.4919735e-11,8.9548945e-11,2.091787e-07,2.6585152e-05,2.1184162e-06,1.3514264e-05,1.460307e-05,2.3114018e-05,7.937598e-06,1.2325126e-05,5.3103846e-05,5.772319e-06,2.7855103e-05,0.00035178484,6.710522e-05,0.0002571902,2.3716464e-05,0.00062033284,0.0003643111,0.001162011,0.0018253038,0.00019152905,0.009021358,0.0005535843,0.0042668125,0.028437007,0.0030354222,0.010419816,0.00049757113,0.016427696,0.0015558265,0.0006786232,0.0019548018,6.9157504e-05,0.00038540617,5.1887027e-06,6.38572e-06,4.649828e-06,5.603286e-07,1.261119e-10,7.380722e-11,1.0738764e-10,1.1750619e-10,1.114325e-10,1.15948626e-10,1.2592251e-10,8.902171e-11,6.43218e-11,1.681594e-10,7.112742e-11,1.4351811e-10,9.1940094e-11,6.3336905e-11,1.1922195e-10,5.6316028e-11,1.7705769e-10,4.2277827e-11,7.212801e-11,9.63739e-11,2.6253805e-11,4.3012875e-11,9.218031e-11,4.468845e-11,2.4803134e-11,1.5956542e-11,1.6732045e-11,1.7299696e-11,1.7949288e-11,1.7206405e-11,1.7124586e-11,1.6469182e-11,1.8176982e-11,1.7416768e-11,1.5202712e-11,1.6889766e-11,1.59542e-11,1.523188e-11,1.7399634e-11,1.4702631e-11,1.5068013e-11,1.9648944e-11,1.7242445e-11,1.5457118e-11
1.5217305e-11,1.7623987e-11,1.5337006e-11,1.5756634e-11,1.6071512e-11,1.5762135e-11,1.6545472e-11,1.4924286e-11,1.3755505e-11,1.607654e-11,1.6664366e-11,1.63592e-11,1.518822e-11,1.7390313e-11,1.446252e-11,1.5354861e-11,1.5587505e-11,1.5490796e-11,1.5519867e-11,1.6646576e-11,1.5639203e-11,5.2872748e-11,3.058803e-11,3.0685322e-11,3.8284695e-11,2.7359169e-11,1.9583434e-11,7.2697466e-11,1.8959313e-11,4.017049e-11,1.9704417e-11,2.0206389e-11,4.2346508e-11,3.6708435e-11,2.8087416e-11,1.4569476e-11,4.6605334e-11,1.8765434e-11,1.2297262e-11,4.1556297e-11,3.6320648e-11,2.0624936e-11,2.0396355e-11,2.0109768e-11,2.7132126e-11,2.3502719e-11,2.09316e-11,1.818739e-07,2.4157676e-05,2.9532086e-07,3.1092209e-06,2.9921293e-05,1.692184e-05,8.326802e-06,3.0227939e-06,3.188622e-05,3.1135055e-06,2.6908256e-05,0.00021190864,2.057412e-05,0.00048924825,1.0545155e-05,0.001819782,0.0036020828,0.0041865623,0.004881242,0.0009121891,0.037944574,0.002769007,0.03362455,0.14688419,0.010593001,0.32612354,0.004364198,0.12628298,0.046547133,0.0117418915,0.00553316,8.3893945e-05,0.001178973,1.2572797e-05,1.471738e-05,3.7791158e-06,2.0642729e-07,7.065878e-11,2.9754286e-11,3.297868e-11,1.1473077e-10,5.456162e-11,2.4360635e-11,5.2876984e-11,2.2774883e-11,3.7856496e-11,1.01917225e-10,5.873918e-11,5.3334313e-11,8.548587e-11,5.3273313e-11,5.452583e-11,5.87161e-11,1.8742406e-10,2.4729633e-11,5.2089583e-11,9.431251e-11,3.351118e-11,3.283689e-11,2.8381937e-11,2.6272793e-11,2.4274272e-11,1.5500075e-11,1.5629721e-11,1.6273307e-11,1.4625353e-11,1.556929e-11,1.6172867e-11,1.6682588e-11,1.6663159e-11,1.6297443e-11,1.5380891e-11,1.546927e-11,1.6083104e-11,1.6122787e-11,1.6332512e-11,1.4366458e-11,1.5597617e-11,1.6332638e-11,1.5804611e-11,1.5661233e-11
2.7369676e-10,2.8076508e-10,2.613975e-10,2.7855357e-10,2.626745e-10,2.6060498e-10,2.8134617e-10,2.7035904e-10,2.5338415e-10,2.569937e-10,2.730778e-10,2.6457567e-10,2.593717e-10,2.9503727e-10,2.7198777e-10,2.7835811e-10,2.569295e-10,2.592011e-10,2.5420804e-10,3.0833658e-10,2.437097e-10,2.9590858e-10,2.9718006e-10,3.897152e-10,4.1262985e-10,1.957131e-10,2.604887e-10,2.6169183e-10,1.4539642e-10,3.905926e-10,2.259404e-10,2.688508e-10,3.566766e-10,3.567181e-10,4.4244153e-10,2.4500912e-10,4.9075083e-10,2.4977478e-10,3.087868e-10,2.6006622e-10,4.6406848e-10,2.8161137e-10,4.0655662e-10,3.8492226e-10,4.33453e-10,1.9071032e-10,2.7150107e-10,3.1369635e-07,8.0753656e-05,3.554281e-06,2.048463e-05,2.551552e-05,3.0846884e-05,2.0787204e-05,1.412548e-05,6.5178916e-05,4.4138505e-06,4.565182e-05,0.00019749744,4.243182e-05,0.00020915984,1.0315949e-05,0.0011377746,0.00025484734,0.0017128278,0.009904436,0.0014197391,0.040352326,0.0013531452,0.030907849,0.117016494,0.016675072,0.049498193,0.0018241019,0.09758831,0.006484758,0.006165474,0.020604957,0.0003573878,0.0032613429,6.0358787e-05,3.4245255e-05,4.2222728e-05,3.7179693e-06,4.673818e-10,1.633028e-10,4.5869866e-10,4.5830778e-10,6.59412e-10,2.5522878e-10,3.002344e-10,3.6605471e-10,3.475288e-10,5.660371e-10,4.1963336e-10,5.5736993e-10,2.919946e-10,2.7227637e-10,5.0297255e-10,4.5185344e-10,1.02448e-09,2.9574268e-10,4.3838763e-10,6.3458233e-10,1.8589108e-10,1.4620734e-10,4.1339396e-10,2.077744e-10,3.200822e-10,2.395454e-10,2.728144e-10,2.9184705e-10,2.8590103e-10,2.6651348e-10,2.8860872e-10,2.8265104e-10,2.8014885e-10,2.8709118e-10,2.5842853e-10,2.6201247e-10,2.7141256e-10,2.6697033e-10,2.800249e-10,2.534093e-10,2.687001e-10,2.7920463e-10,2.6808733e-10,2.6744687e-10
3.774051e-11,3.85036e-11,3.4627818e-11,3.80466e-11,3.6595057e-11,3.444259e-11,3.8707787e-11,3.7553315e-11,3.5157162e-11,3.5890874e-11,3.6695987e-11,3.4574493e-11,3.3189833e-11,3.7804704e-11,4.043972e-11,3.8072368e-11,3.693614e-11,3.8287706e-11,3.2754396e-11,4.269836e-11,3.962866e-11,9.8052705e-11,2.372044e-10,8.9047394e-11,1.3267212e-10,1.067428e-10,2.45344e-10,1.5072828e-10,9.686877e-11,5.111263e-10,1.2343851e-10,1.4703516e-10,1.9032917e-10,1.477295e-10,1.5461762e-10,9.024462e-11,3.0366173e-10,1.8800632e-10,2.3921717e-10,2.1517528e-10,6.151382e-10,4.890596e-10,2.7587294e-10,1.9703908e-10,2.1775654e-10,2.3217099e-10,2.113824e-10,4.6928895e-07,6.169964e-05,2.99747e-06,3.9811097e-05,1.4394306e-05,0.00014125854,4.155089e-05,2.8092682e-05,0.0003044473,2.8222057e-05,0.00094819814,0.00077052537,5.977032e-05,0.001455783,3.0131316e-05,0.002584681,0.0014621974,0.00946862,0.008134828,0.00048522468,0.08127887,0.002647021,0.10257396,0.06708831,0.0014866422,0.024681084,0.0005803874,0.017857287,0.002668213,0.0012466053,0.0034357074,5.154809e-05,0.001289916,3.6814054e-05,9.343363e-05,1.0812334e-05,1.848143e-06,6.459936e-10,2.9374253e-10,2.3074503e-10,5.328677e-10,5.3858784e-10,2.583315e-10,3.5456582e-10,1.4940134e-10,4.1464648e-10,1.5251731e-09,3.1655784e-10,1.8156142e-10,1.6643226e-10,1.830926e-10,1.9157698e-10,1.0243312e-10,4.2881282e-10,1.4149029e-10,1.1088385e-10,2.7354338e-10,1.2528556e-10,1.6335269e-10,1.3142717e-10,1.03017e-10,7.8952886e-11,3.1603886e-11,3.7283537e-11,3.7218596e-11,3.9405784e-11,3.8855356e-11,3.814309e-11,3.937791e-11,3.876342e-11,3.7654876e-11,3.4542723e-11,4.0898934e-11,3.5911486e-11,3.41244e-11,3.7679446e-11,3.3240324e-11,3.570032e-11,4.167967e-11,3.5626446e-11,3.507284e-11
3.9530604e-11,4.7258003e-11,4.3108257e-11,4.3701844e-11,4.452479e-11,4.0050626e-11,4.3353484e-11,4.307571e-11,4.136629e-11,4.1851907e-11,4.2554703e-11,4.5717537e-11,4.226157e-11,4.710448e-11,4.3160583e-11,4.314264e-11,4.0996647e-11,4.3883015e-11,3.9654e-11,4.719045e-11,4.0139034e-11,1.12911167e-10,8.818524e-11,8.323134e-11,1.2528319e-10,9.4301955e-11,6.148096e-11,7.877164e-11,2.5101027e-11,7.7451066e-11,2.9510647e-11,4.3878578e-11,5.533215e-11,7.0644934e-11,7.9824626e-11,3.7224068e-11,6.942868e-11,4.8441855e-11,5.1306594e-11,4.2839492e-11,7.255829e-11,5.3143132e-11,5.3742805e-11,4.848909e-11,6.808152e-11,5.7101213e-11,4.9675538e-11,1.4181042e-07,7.719498e-05,8.586873e-07,9.078862e-06,1.0350049e-05,2.034359e-05,1.279906e-05,8.8582465e-06,6.482164e-05,5.628899e-06,6.2873914e-05,0.00020942128,3.7398073e-05,0.00027053925,1.499443e-05,0.0007573616,0.0004676104,0.002569755,0.003827865,0.0004131798,0.01822144,0.0008067695,0.01226968,0.016832097,0.005235687,0.011001423,0.00078442827,0.014952192,0.001692771,0.001312394,0.0024407955,0.00010529962,0.0004823987,7.912601e-06,2.2599279e-05,4.832312e-06,5.03176e-07,9.859019e-11,5.7117876e-11,7.1271156e-11,7.769535e-11,7.713249e-11,6.3787815e-11,7.8793284e-11,7.82868e-11,5.133645e-11,1.8534417e-10,7.2133834e-11,1.5461707e-10,1.223453e-10,1.0018135e-10,1.4936005e-10,6.906125e-11,1.9708497e-10,5.5431337e-11,9.7571576e-11,2.869977e-10,5.590084e-11,7.732428e-11,1.965294e-10,8.565582e-11,6.772134e-11,3.9947098e-11,4.244454e-11,4.3257505e-11,4.350806e-11,4.222805e-11,4.5247004e-11,4.3401636e-11,4.3999932e-11,4.524571e-11,4.2254478e-11,4.119276e-11,4.09796e-11,4.5437355e-11,4.4308335e-11,3.925995e-11,4.400866e-11,4.560701e-11,4.3851638e-11,4.097867e-11
2.0245895e-11,2.2837437e-11,1.9377814e-11,2.2016233e-11,2.00143e-11,1.8893938e-11,2.2035894e-11,2.13887e-11,2.0022775e-11,2.0377538e-11,1.9659933e-11,2.1004991e-11,1.919543e-11,2.1312507e-11,2.1427776e-11,2.0843199e-11,2.0323507e-11,2.0418858e-11,1.8415824e-11,2.2217705e-11,2.1063203e-11,8.989071e-11,1.6565219e-10,8.615044e-11,1.3534664e-10,6.264142e-11,9.247107e-11,8.176248e-11,3.586883e-11,1.1775032e-10,6.574576e-11,5.826996e-11,7.9238e-11,7.6328555e-11,9.515091e-11,3.27261e-11,9.020674e-11,7.236146e-11,1.2987268e-10,6.482716e-11,1.3586081e-10,1.2139802e-10,9.070708e-11,7.622002e-11,7.9801e-11,7.872355e-11,1.0301579e-10,9.9300365e-08,2.3433748e-05,4.3002842e-07,6.294525e-06,7.473294e-06,2.0902244e-05,1.874412e-05,1.0645047e-05,0.0001175763,5.139309e-06,0.00020498846,0.000588204,1.7447532e-05,0.0016406015,1.3181018e-05,0.0021831838,0.0013093532,0.005012585,0.009184648,0.00037304254,0.08576071,0.0013290064,0.078168616,0.15958276,0.00282617,0.088610075,0.000636641,0.044476904,0.0038679899,0.000987775,0.005813835,2.9016375e-05,0.001067683,1.0158524e-05,3.3597462e-05,6.9946204e-06,4.1466959e-07,2.4027022e-10,9.440468e-11,7.9428804e-11,1.378735e-10,1.4222348e-10,7.185766e-11,1.3442046e-10,5.4944584e-11,9.781564e-11,3.9720466e-10,1.2083781e-10,7.9397294e-11,8.987219e-11,6.1578805e-11,1.6544158e-10,5.451565e-11,2.1148719e-10,6.7226745e-11,7.193801e-11,2.0407577e-10,7.0615125e-11,9.131151e-11,1.0704513e-10,6.655819e-11,4.0950285e-11,1.8707686e-11,1.9425404e-11,2.0740328e-11,2.0751881e-11,2.0449609e-11,2.1460334e-11,2.2664901e-11,2.1589742e-11,2.1607128e-11,2.0863962e-11,2.1118598e-11,2.0455304e-11,1.9098724e-11,2.0330874e-11,2.0106318e-11,2.0256555e-11,2.0276813e-11,2.070981e-11,1.9438673e-11
1.4604675e-11,1.7639532e-11,1.5275675e-11,1.5986098e-11,1.7359036e-11,1.4176736e-11,1.5788227e-11,1.3891904e-11,1.5019298e-11,1.5732254e-11,1.7072968e-11,1.5025974e-11,1.3855889e-11,1.6604914e-11,1.6573715e-11,1.5451113e-11,1.4993251e-11,1.696552e-11,1.3885546e-11,1.7950015e-11,1.6045117e-11,3.9559637e-11,4.3924288e-11,2.8000343e-11,4.056456e-11,4.5140537e-11,2.7873526e-11,5.997843e-11,1.5424845e-11,1.0149475e-10,1.7290171e-11,2.873064e-11,4.2843076e-11,3.9213317e-11,4.7066573e-11,3.5101415e-11,5.622515e-11,3.7121892e-11,3.7891256e-11,5.7039914e-11,9.550093e-11,5.304155e-11,9.835201e-11,3.032518e-11,6.037557e-11,3.1626556e-11,3.659813e-11,1.7156438e-07,2.0538408e-05,1.0635525e-06,5.9936738e-06,1.3095132e-05,8.838094e-06,5.2969704e-06,3.935766e-06,1.1672159e-05,5.5075366e-06,9.082505e-06,6.454034e-05,1.0643526e-05,4.59751e-05,6.8257077e-06,6.0138304e-05,0.00019404646,0.00019993483,0.00046470886,2.7014792e-05,0.0009580198,0.00017627823,0.0006138458,0.003324864,0.00015787786,0.0008004459,6.529695e-05,0.00071798876,0.00023672287,6.266469e-05,0.00023239231,1.0818666e-05,7.409366e-05,8.465665e-06,3.8110607e-06,1.987641e-06,2.401721e-07,6.229661e-11,3.894573e-11,2.9981313e-11,3.3194836e-11,5.865322e-11,3.1710398e-11,4.8381365e-11,2.9357097e-11,3.5185875e-11,8.908001e-11,4.071812e-11,4.9843896e-11,2.9666686e-11,3.39913e-11,3.8851797e-11,4.1763062e-11,7.82938e-11,3.159177e-11,4.3375803e-11,3.8839054e-11,1.9269607e-11,2.1697906e-11,5.8169587e-11,2.4020964e-11,2.6434103e-11,1.4097031e-11,1.6653156e-11,1.557693e-11,1.7560979e-11,1.6217291e-11,1.6072683e-11,1.6057546e-11,1.7174541e-11,1.5949552e-11,1.3423595e-11,1.6473116e-11,1.4293187e-11,1.4878473e-11,1.6281447e-11,1.37679e-11,1.4357944e-11,1.9193017e-11,1.6932771e-11,1.510079e-11
4.909051e-12,5.540172e-12,4.750036e-12,4.8182903e-12,5.0231655e-12,4.609252e-12,5.0737374e-12,4.7607022e-12,4.3390114e-12,5.0002047e-12,5.177599e-12,4.9108395e-12,4.712837e-12,5.154935e-12,4.7574527e-12,4.811806e-12,5.1219654e-12,5.0262325e-12,4.605157e-12,5.2411096e-12,4.853812e-12,1.1094201e-11,9.126015e-12,8.488456e-12,1.0865477e-11,5.992377e-12,4.866205e-12,1.4641191e-11,7.0748602e-12,1.1225083e-11,5.1752097e-12,4.575311e-12,1.06204e-11,8.904653e-12,6.9638596e-12,6.0274654e-12,8.802673e-12,4.7334124e-12,3.4995585e-12,1.0749731e-11,1.16636275e-11,6.1951906e-12,8.848426e-12,6.3133327e-12,8.390874e-12,6.69095e-12,6.403855e-12,5.502629e-08,3.6704282e-06,9.18511e-08,5.8821075e-07,6.7507644e-06,3.2914688e-06,5.9578183e-06,9.213382e-07,1.1969788e-05,1.4825191e-06,1.0399016e-05,0.00019803773,5.1038614e-06,0.00023843584,1.6087176e-06,0.0005531146,0.0016464001,0.001205679,0.0051757093,0.00022201764,0.026409816,0.0019039809,0.024129467,0.3930631,0.004764403,0.39574718,0.0012120908,0.07782923,0.05190378,0.004996948,0.005399605,1.8000852e-05,0.00046419122,8.669145e-06,5.7238326e-06,2.450163e-06,9.42248e-08,1.6205702e-11,7.876336e-12,9.148148e-12,2.1727524e-11,1.5572392e-11,6.0293623e-12,9.314071e-12,5.6856017e-12,9.9396194e-12,2.3292365e-11,1.3039965e-11,1.4228401e-11,1.9854769e-11,1.0009421e-11,8.421579e-12,1.3980211e-11,3.7154557e-11,5.4934213e-12,1.2716168e-11,1.8081387e-11,6.758712e-12,7.321527e-12,8.796648e-12,6.5936397e-12,6.8429225e-12,4.767172e-12,4.8048635e-12,5.0258487e-12,5.081088e-12,4.947893e-12,4.9682246e-12,5.145946e-12,5.3434e-12,4.9630534e-12,4.8790676e-12,4.923069e-12,4.9213415e-12,4.90965e-12,5.008356e-12,4.6501366e-12,4.7403513e-12,4.9363643e-12,4.9107177e-12,5.0101524e-12
2.2657802e-12,2.6315916e-12,2.219262e-12,2.4507384e-12,2.4135533e-12,2.0791095e-12,2.4727787e-12,2.319016e-12,2.2349538e-12,2.4403552e-12,2.4503691e-12,2.320795e-12,2.3099797e-12,2.2859171e-12,2.516193e-12,2.3539545e-12,2.3738923e-12,2.2582214e-12,2.146495e-12,2.5413992e-12,2.3645925e-12,1.09021524e-11,9.963017e-12,7.184364e-12,8.572178e-12,4.57263e-12,4.9958076e-12,7.986567e-12,4.491386e-12,1.1054147e-11,2.9319192e-12,7.343746e-12,5.8204396e-12,9.210278e-12,7.707963e-12,3.901336e-12,6.3787396e-12,7.012961e-12,8.669965e-12,8.463539e-12,8.7069536e-12,6.392563e-12,5.4794797e-12,7.454843e-12,4.114678e-12,5.544387e-12,6.6745927e-12,2.7344921e-08,3.059094e-06,9.537382e-08,1.5542882e-06,3.2967637e-06,3.0580968e-06,8.020458e-06,1.1907076e-06,3.4296172e-05,5.2953607e-07,7.270319e-05,0.000922238,6.1128435e-06,0.0019482375,3.812798e-06,0.0060331775,0.0040807202,0.006121163,0.08046282,0.0002654594,0.192045,0.0002858177,0.047098145,0.5364638,0.0012067263,0.06145457,0.00010000292,0.039711803,0.009880445,0.0008167109,0.0058634994,7.52277e-06,0.0005902061,1.4018876e-06,3.2488913e-06,3.922938e-06,8.924986e-08,1.0628156e-11,6.6717287e-12,7.873598e-12,1.2285988e-11,1.162726e-11,7.90268e-12,8.188527e-12,9.848485e-12,7.23588e-12,4.2765756e-11,2.952843e-11,5.5773736e-12,5.12379e-12,4.1521183e-12,1.0729282e-11,9.4093995e-12,2.3105537e-11,8.588838e-12,5.9412293e-12,2.7715856e-11,3.2332598e-12,8.616092e-12,1.0623414e-11,4.88783e-12,4.2027215e-12,2.149334e-12,2.2664978e-12,2.3403135e-12,2.5060965e-12,2.4342143e-12,2.2819617e-12,2.4951076e-12,2.6136534e-12,2.556378e-12,2.1637097e-12,2.3953237e-12,2.3360858e-12,2.2401777e-12,2.2609753e-12,2.336206e-12,2.362942e-12,2.2472046e-12,2.4935852e-12,2.2155233e-12
1.9598214e-09,2.088612e-09,2.1002489e-09,1.9107962e-09,2.0876678e-09,2.0274589e-09,2.1264288e-09,1.9892077e-09,2.0312094e-09,1.9486244e-09,2.26555e-09,1.981411e-09,2.063287e-09,2.118846e-09,1.9791635e-09,2.0356192e-09,1.9549569e-09,1.9514885e-09,1.965579e-09,2.068433e-09,2.1521884e-09,3.4929715e-10,6.801066e-10,3.2476266e-10,3.069178e-10,4.3251977e-10,4.6669235e-10,3.5771489e-10,3.0914923e-10,2.230561e-10,1.9769328e-10,3.6429182e-10,2.77302e-10,1.3524161e-10,3.017713e-10,2.2351392e-10,9.8974884e-11,1.5928851e-10,1.8730831e-10,1.5439479e-10,2.013227e-10,8.017722e-11,1.2061398e-10,1.9922101e-10,1.4773932e-10,1.292248e-10,1.6641284e-10,1.9327541e-07,2.3016391e-06,3.060782e-07,2.2375646e-06,2.6422872e-06,6.527884e-06,1.1442271e-05,5.789157e-06,1.7846778e-05,1.5145505e-06,1.2128722e-05,2.043614e-05,1.4611376e-05,3.725098e-05,1.1195102e-05,3.9254737e-05,5.1816747e-05,7.4658536e-05,5.1638268e-05,7.3252677e-06,8.5856496e-05,1.8254243e-05,7.138208e-05,0.00010500845,5.8852296e-05,4.8431266e-05,2.6954232e-05,6.275438e-05,1.5669111e-05,5.608855e-06,2.1005895e-05,3.9574143e-06,5.0854833e-06,6.860513e-07,1.0624109e-06,2.41124e-07,1.3617571e-07,3.4391326e-10,4.2111184e-10,2.8585956e-10,2.7276914e-10,2.4905975e-10,2.6277572e-10,6.2012345e-10,3.2083525e-10,1.520568e-10,4.2639936e-10,3.777062e-10,4.6803306e-10,3.2442712e-10,4.242018e-10,2.1739005e-10,4.579783e-10,2.1604292e-10,3.262509e-10,2.831075e-10,3.5408051e-10,2.3074496e-10,3.86633e-10,7.0277234e-10,1.0101485e-09,1.3837598e-09,2.0403073e-09,2.0179605e-09,1.9808328e-09,1.9809387e-09,2.0301212e-09,2.1146027e-09,2.0187496e-09,2.2067546e-09,1.9656954e-09,1.999833e-09,2.1220614e-09,2.0517101e-09,2.086068e-09,1.9205335e-09,2.0641606e-09,2.0466095e-09,2.1136872e-09,2.017614e-09,2.1112898e-09
2.8043687e-11,2.8709491e-11,2.979149e-11,2.8579349e-11,2.9678284e-11,2.7485018e-11,2.938628e-11,2.6863284e-11,2.8740501e-11,2.9017122e-11,2.737849e-11,2.8835052e-11,3.0351503e-11,2.8427887e-11,3.0286388e-11,2.7888358e-11,2.9095707e-11,2.7949811e-11,2.9013358e-11,2.9895426e-11,2.985679e-11,7.0876645e-11,7.314464e-11,6.8504966e-11,1.0776522e-10,1.1756451e-10,9.2979194e-11,8.568455e-11,6.794749e-11,9.5110454e-11,8.788397e-11,1.3022541e-10,1.2213588e-10,1.787803e-10,7.9998515e-11,9.11297e-11,1.336961e-10,1.4357183e-10,7.317199e-11,5.9968024e-11,1.1398178e-10,7.735228e-11,1.1155227e-10,7.908189e-11,7.880994e-11,1.1707849e-10,9.07713e-11,1.4919893e-07,2.8746099e-05,1.0724431e-06,3.549155e-05,1.0555958e-06,5.6458724e-05,2.6038135e-05,8.592613e-05,0.00056346145,1.837236e-05,0.0014556802,0.00017453781,0.001638847,0.01671157,0.001512326,0.07049777,0.0017576304,0.2566458,0.05061104,0.04833424,0.13965903,0.013485167,0.30269563,0.004530607,0.029077437,0.022276767,0.02216136,0.0129879415,0.00021424299,0.0017777324,0.00010089603,5.4514156e-05,4.0193536e-05,8.705345e-06,9.161844e-06,6.5658116e-07,6.0645704e-07,1.8143019e-10,1.2475687e-10,5.6947072e-11,1.5863304e-10,9.5469965e-11,9.4901705e-11,9.8951305e-11,5.885863e-11,5.7559693e-11,1.7141659e-10,7.341468e-11,5.7740247e-11,1.1417064e-10,1.3517663e-10,6.864099e-11,1.09956114e-10,1.12533594e-10,1.76156e-10,1.5550723e-10,1.1253316e-10,8.605438e-11,1.07325024e-10,9.876162e-11,6.5226664e-11,5.273056e-11,2.8904105e-11,2.6774789e-11,2.692217e-11,3.0045653e-11,2.9857932e-11,2.9150144e-11,2.9487232e-11,2.9456538e-11,2.84113e-11,2.8112344e-11,2.8198804e-11,2.8356727e-11,2.8874679e-11,3.0291356e-11,2.7989716e-11,2.6279062e-11,2.9881972e-11,2.925586e-11,2.8039623e-11
1.210915e-11,1.3587884e-11,1.2435052e-11,1.2447106e-11,1.3389936e-11,1.1917526e-11,1.29258965e-11,1.2014571e-11,1.2350973e-11,1.3759334e-11,1.21887925e-11,1.2797327e-11,1.2473154e-11,1.2650766e-11,1.32042875e-11,1.1833538e-11,1.2944498e-11,1.224481e-11,1.2089995e-11,1.3745537e-11,1.3008826e-11,2.1300876e-11,2.2710072e-11,2.496574e-11,2.2404427e-11,2.5215741e-11,1.7824318e-11,1.8347764e-11,2.2087897e-11,4.8118315e-11,1.1285267e-11,3.469007e-11,2.7111686e-11,4.2853516e-11,1.6054996e-11,2.454041e-11,2.6504516e-11,2.210391e-11,3.5185185e-11,2.0936506e-11,4.4022983e-11,4.1771486e-11,2.2010598e-11,2.3192509e-11,2.0929558e-11,1.6705033e-11,1.8776243e-11,1.1012771e-07,1.4119751e-05,1.8747832e-07,1.8799503e-05,9.4078405e-07,4.0752875e-05,2.2225564e-05,1.1943937e-05,0.00028366756,4.26973e-06,0.00048473623,0.0002083465,0.0007298826,0.011714309,0.00032874974,0.06672123,0.0022459542,0.27228338,0.106804274,0.0048675784,0.37527132,0.0040711043,0.10734742,0.010879955,0.008435519,0.011855237,0.0017703281,0.011351478,0.00018095097,0.00071509235,0.00030621988,1.5817835e-05,4.864585e-05,3.4333516e-06,3.8668454e-06,5.505446e-07,3.514226e-07,3.132815e-11,3.5726797e-11,1.692143e-11,2.510843e-11,3.487064e-11,1.9416618e-11,2.781021e-11,2.129251e-11,1.2093385e-11,3.795547e-11,3.0964467e-11,2.7418245e-11,2.1424909e-11,2.9262714e-11,3.510769e-11,1.881331e-11,2.8950602e-11,2.8889485e-11,1.9680523e-11,3.746858e-11,1.33969355e-11,2.1216699e-11,3.196226e-11,2.0589284e-11,1.7366577e-11,1.1897495e-11,1.1700404e-11,1.1298772e-11,1.3918497e-11,1.3311252e-11,1.20957385e-11,1.3191449e-11,1.3583737e-11,1.280812e-11,1.2735575e-11,1.2322124e-11,1.2829195e-11,1.2563791e-11,1.316807e-11,1.27997925e-11,1.1991311e-11,1.2798181e-11,1.3190267e-11,1.2018514e-11
1.9805968e-11,2.0779172e-11,1.9980543e-11,1.927883e-11,2.1614712e-11,1.8705044e-11,1.953218e-11,1.9077935e-11,1.9810991e-11,2.0120051e-11,2.0832586e-11,2.0843795e-11,2.0434324e-11,1.9995335e-11,2.0747173e-11,2.0173889e-11,2.0008308e-11,1.8786387e-11,1.7783778e-11,2.1699018e-11,2.1263012e-11,4.1852685e-11,4.530113e-11,4.084319e-11,7.159157e-11,4.6701445e-11,4.371133e-11,9.898735e-11,3.413813e-11,5.1267345e-11,1.8983993e-11,1.2093511e-10,4.6256506e-11,7.55852e-11,4.553485e-11,3.566118e-11,7.719192e-11,5.040191e-11,7.45779e-11,9.945422e-11,1.2939103e-10,6.570213e-11,3.7488537e-11,5.6289414e-11,4.2147726e-11,4.650846e-11,2.7612279e-11,4.184515e-07,8.0492195e-05,8.1338396e-07,2.9623487e-05,9.676116e-06,0.0002414005,0.00011801533,4.3107753e-05,0.00089203875,4.680916e-06,0.00088754046,0.00031865688,0.001401005,0.010902022,0.00021395815,0.038507752,0.011264979,0.23021144,0.058428638,0.011354068,0.26167756,0.0028389676,0.2061798,0.019562671,0.03571968,0.045845967,0.0041262186,0.031343907,0.0031353307,0.005713461,0.0011474837,8.395759e-05,0.00023196425,6.5735017e-06,2.4798484e-05,1.1220246e-06,1.2020452e-06,1.1828155e-10,7.1920456e-11,6.8409514e-11,7.7410425e-11,1.1352181e-10,7.1986465e-11,9.910749e-11,7.357027e-11,3.3725737e-11,1.213561e-10,4.8976222e-11,4.633545e-11,4.7164335e-11,6.347866e-11,3.8066914e-11,6.011254e-11,6.821993e-11,5.4143325e-11,4.765626e-11,5.8910064e-11,2.7964365e-11,5.1487047e-11,3.2496762e-11,4.2221428e-11,2.6818948e-11,2.0128729e-11,1.9827777e-11,1.8621214e-11,2.1173167e-11,2.1072527e-11,2.0711944e-11,2.0910055e-11,2.0287605e-11,2.0898094e-11,2.1706926e-11,2.0873076e-11,2.0208087e-11,1.9753789e-11,2.0773267e-11,1.9127925e-11,1.824921e-11,2.0024416e-11,2.2148273e-11,1.9937411e-11
2.5891518e-12,2.645804e-12,2.772197e-12,2.428278e-12,3.0690047e-12,2.4461939e-12,2.5469598e-12,2.2962689e-12,2.678432e-12,2.4287738e-12,2.8473283e-12,2.8520788e-12,2.7780987e-12,2.7288482e-12,2.7669566e-12,2.8034198e-12,2.588194e-12,2.5029622e-12,2.423175e-12,2.9680128e-12,2.9259577e-12,5.5467974e-12,7.310735e-12,7.143493e-12,1.0250045e-11,1.04424846e-11,5.895274e-12,2.5660267e-11,5.3363993e-12,1.3153966e-11,3.4526748e-12,2.1291904e-11,7.829223e-12,1.2614289e-11,1.0665804e-11,7.877907e-12,1.3155973e-11,1.04376065e-11,8.712367e-12,1.5751345e-11,2.1633185e-11,1.0063243e-11,8.880951e-12,5.1904392e-12,7.462665e-12,6.850609e-12,5.1809438e-12,4.5051134e-08,5.0045337e-06,8.355271e-08,1.1639269e-06,3.263523e-06,6.7416813e-06,6.5791073e-06,3.1185332e-06,2.2166214e-05,5.849266e-07,1.2507023e-05,3.5320783e-05,3.825576e-05,0.000121082245,4.529199e-06,0.00033255108,0.00076157216,0.0022368613,0.0013927971,0.00026706583,0.0056866915,0.00014267927,0.0019760933,0.0012406184,0.0007626464,0.00072670827,0.00016654289,0.0005552769,0.00017974139,0.000113873226,8.146725e-05,1.4505909e-05,1.42820645e-05,7.2794603e-07,1.4977478e-06,2.5185804e-07,1.5992377e-07,2.0826901e-11,1.4209487e-11,9.018242e-12,1.2157473e-11,1.9911224e-11,9.796325e-12,2.5600772e-11,1.2694034e-11,8.220244e-12,3.107618e-11,1.499073e-11,1.3308817e-11,1.1624086e-11,1.35397405e-11,7.367146e-12,1.0702832e-11,1.4261564e-11,2.6287729e-11,1.5125026e-11,9.242304e-12,3.719585e-12,8.348166e-12,1.0378527e-11,6.040719e-12,4.2815183e-12,2.5569625e-12,2.60918e-12,2.398505e-12,2.8168572e-12,2.8220841e-12,2.59994e-12,2.7073283e-12,2.7266162e-12,2.7347781e-12,2.63899e-12,2.66053e-12,2.4536144e-12,2.4673037e-12,2.7615894e-12,2.4221443e-12,2.2941328e-12,2.9499302e-12,2.971094e-12,2.4714011e-12
4.006071e-12,3.9845666e-12,3.922133e-12,4.012005e-12,4.179471e-12,3.871045e-12,3.926025e-12,3.8214974e-12,3.9228065e-12,3.764562e-12,4.3246695e-12,4.0007338e-12,4.0959757e-12,3.8013603e-12,3.9975987e-12,3.82742e-12,3.8203603e-12,3.6861616e-12,3.60396e-12,4.2510735e-12,4.055861e-12,1.38319495e-11,2.600098e-11,3.5023998e-11,3.039776e-11,1.8372581e-11,2.2191003e-11,3.5741358e-11,1.3813915e-11,1.17133915e-11,8.580757e-12,3.7948783e-11,1.1314853e-11,1.9105119e-11,1.8493526e-11,2.0246069e-11,3.591802e-11,1.5918988e-11,1.7331686e-11,2.8622308e-11,3.6267798e-11,1.775641e-11,2.9501658e-11,1.9369038e-11,2.5243444e-11,2.0142572e-11,1.4066584e-11,1.2581386e-07,1.651521e-05,1.6121453e-07,2.9641672e-06,8.274234e-06,8.953289e-06,1.1386526e-05,1.8047702e-05,0.00016122953,1.1230352e-06,9.318568e-05,0.00023201913,0.0004694999,0.0022802523,2.7798875e-05,0.0057994886,0.012165467,0.034884676,0.043853473,0.028568892,0.58497816,0.0036347467,0.16491123,0.0416909,0.03494745,0.021630233,0.0008431388,0.009874952,0.0045578782,0.0009504994,0.0005516364,3.1931137e-05,0.0001507888,2.9689002e-06,2.8905802e-06,5.3175916e-07,8.043479e-07,3.978478e-11,2.766882e-11,2.1730765e-11,3.8091134e-11,5.2441537e-11,2.936787e-11,7.4985046e-11,3.89384e-11,2.0166329e-11,6.1494705e-11,2.9950813e-11,3.3326748e-11,1.6905418e-11,2.3327675e-11,1.8057786e-11,3.572868e-11,3.7485712e-11,4.1088258e-11,4.2828484e-11,5.3675224e-11,3.3909212e-11,2.6490449e-11,1.7849448e-11,1.4038092e-11,6.9538147e-12,3.8140845e-12,4.04432e-12,3.6804153e-12,4.1832514e-12,3.996592e-12,3.8755665e-12,3.9994904e-12,4.1048757e-12,4.1290612e-12,4.090292e-12,4.0514692e-12,3.788823e-12,3.7868506e-12,3.9615446e-12,3.762652e-12,3.7666445e-12,3.9741227e-12,4.1208946e-12,3.660114e-12
1.4936903e-10,1.3499336e-10,1.4916605e-10,1.5220647e-10,1.5488996e-10,1.4660129e-10,1.4496382e-10,1.4100927e-10,1.5003776e-10,1.2427066e-10,1.6842161e-10,1.4476488e-10,1.5161856e-10,1.4379044e-10,1.6187005e-10,1.5859271e-10,1.3656665e-10,1.2465524e-10,1.2982235e-10,1.4573565e-10,1.4284218e-10,1.4885738e-10,6.1809213e-10,2.901258e-10,5.059387e-10,3.6099648e-10,2.1855988e-10,7.678575e-10,1.7267232e-10,3.7236483e-10,3.0796735e-10,7.3706796e-10,3.4086015e-10,4.443298e-10,3.0787806e-10,2.3809857e-10,6.7634454e-10,5.496052e-10,2.7492933e-10,1.0092122e-09,6.541367e-10,8.4674834e-10,6.824687e-10,2.1738124e-10,8.709317e-10,3.0211386e-10,3.9463544e-10,2.5855428e-07,2.2626604e-05,2.147377e-06,3.6382717e-06,5.1086554e-05,1.858493e-05,2.8468925e-05,1.9961777e-05,3.5356028e-05,8.980633e-06,2.6326212e-05,0.00014728167,6.0969545e-05,0.00012787977,5.802614e-06,6.8711044e-05,0.00032743337,0.0003928459,0.000837708,0.00017374374,0.0016399493,7.145214e-05,0.0005175127,0.0015537549,0.0002036781,0.00057495263,4.2936357e-05,0.00023199977,0.00067335035,6.643749e-05,0.00012006516,7.418748e-06,1.5328305e-05,5.2883256e-06,3.8469793e-06,3.279071e-06,3.5217865e-06,1.358243e-09,5.230045e-10,4.323233e-10,5.9647587e-10,1.2142072e-09,5.977629e-10,8.4665625e-10,3.2631237e-10,4.339955e-10,1.696763e-09,5.178191e-10,6.317778e-10,4.0431927e-10,5.128486e-10,3.7795467e-10,4.2446227e-10,4.760784e-10,8.606734e-10,6.511417e-10,2.5753288e-10,2.1989251e-10,3.7851886e-10,4.435702e-10,2.2401916e-10,1.7883989e-10,1.335347e-10,1.505308e-10,1.417268e-10,1.5071093e-10,1.5955026e-10,1.4933943e-10,1.5268828e-10,1.4976416e-10,1.581532e-10,1.3147071e-10,1.5432496e-10,1.4286479e-10,1.2453809e-10,1.4410784e-10,1.3114637e-10,1.3322281e-10,1.5770527e-10,1.5783558e-10,1.359126e-10
2.21267e-12,2.168797e-12,2.2459116e-12,2.5941165e-12,2.3162323e-12,2.195191e-12,2.3531743e-12,2.164169e-12,2.2883917e-12,2.1009318e-12,2.4020779e-12,2.3161484e-12,2.3674229e-12,2.3601327e-12,2.3232054e-12,2.2866205e-12,2.2510106e-12,2.1175672e-12,2.214798e-12,2.413108e-12,2.2674718e-12,2.2744064e-12,6.0276146e-12,1.28861765e-11,9.500547e-12,4.1558207e-12,8.711942e-12,7.480698e-12,4.1863865e-12,7.091626e-12,5.2524877e-12,6.686918e-12,4.4915855e-12,8.309188e-12,5.440471e-12,1.2571448e-11,1.1672573e-11,4.321353e-12,9.46257e-12,1.5813819e-11,1.4886143e-11,1.3066305e-11,1.33480015e-11,8.892008e-12,1.5433975e-11,8.503883e-12,5.5597553e-12,2.5592284e-08,9.181839e-07,4.141096e-08,7.536981e-07,1.1177254e-06,1.3523963e-06,1.7597391e-06,2.0793232e-06,6.276713e-06,5.2099438e-08,2.783469e-06,1.3906956e-05,3.748109e-05,0.00014813276,7.5811136e-07,0.00071723893,0.00022015903,0.0011759279,0.03310373,0.0061508333,0.18359661,0.0010965731,0.11109504,0.4248931,0.15070298,0.075655,0.00014058608,0.009497828,0.0004270329,0.00015208381,0.0006368821,7.4533264e-06,3.34657e-05,9.3974563e-07,3.150835e-07,3.253837e-07,1.8613751e-07,2.0562734e-11,6.231847e-12,6.438368e-12,9.387337e-12,7.0429105e-12,1.0963799e-11,1.6639063e-11,7.666267e-12,6.418896e-12,1.20833656e-11,9.51932e-12,2.9607566e-11,7.790767e-12,2.8959174e-12,6.4583534e-12,7.7550666e-12,7.480513e-12,1.0187254e-11,2.0028246e-11,7.1424494e-12,6.2336534e-12,7.61648e-12,7.917741e-12,4.800027e-12,3.852886e-12,2.1577063e-12,2.2689036e-12,2.235876e-12,2.4675266e-12,2.2460228e-12,2.3927039e-12,2.3102054e-12,2.6327024e-12,2.3248012e-12,2.2732742e-12,2.2911913e-12,2.4333612e-12,2.3744823e-12,2.3765302e-12,2.1187106e-12,2.1589742e-12,2.3540408e-12,2.2278984e-12,2.3157112e-12
7.552462e-12,7.279136e-12,7.785191e-12,7.325851e-12,7.675552e-12,6.882053e-12,7.4247995e-12,6.992857e-12,7.3439544e-12,6.875283e-12,7.857093e-12,7.949923e-12,7.43696e-12,7.938407e-12,7.0851983e-12,7.0630164e-12,7.175912e-12,7.147172e-12,7.2344283e-12,7.885438e-12,8.069726e-12,7.035292e-12,8.697772e-12,1.662357e-11,1.2867181e-11,9.010023e-12,1.1726701e-11,1.0972933e-11,7.55177e-12,1.5205262e-11,1.0153028e-11,1.7065373e-11,1.0220254e-11,1.5887635e-11,6.9083034e-12,2.304523e-11,2.8417142e-11,6.9570964e-12,8.69983e-12,1.1980225e-11,2.3246719e-11,1.6061305e-11,1.1622489e-11,1.1165008e-11,1.8087306e-11,1.1552737e-11,1.0256928e-11,7.768312e-08,3.6102656e-06,6.1850386e-08,1.426319e-06,7.048204e-07,2.4003155e-06,2.5035808e-06,7.553634e-07,9.739884e-06,9.113928e-08,5.5055802e-06,2.0675361e-06,5.9631225e-06,0.00012805077,9.1211666e-07,0.00033629354,4.17972e-05,0.0009092928,0.00094845635,0.0007620443,0.06943927,0.0021335098,0.17292511,0.017246988,0.10830064,0.50763947,0.0022485745,0.1076552,0.0004337325,0.002173721,0.00057077315,1.6052398e-05,0.000113317044,1.5920225e-06,1.0611044e-06,8.762012e-08,6.4773144e-07,3.503645e-11,7.907337e-12,1.3367303e-11,1.880768e-11,2.185619e-11,1.949767e-11,1.8269613e-11,8.841788e-12,1.1433093e-11,2.5581441e-11,1.0496599e-11,1.0272827e-11,2.0385036e-11,5.5618513e-12,1.3347177e-11,5.8491953e-12,1.5524217e-11,7.0897676e-12,9.580041e-12,1.4808621e-11,6.2180096e-12,9.15411e-12,1.1644857e-11,1.5964122e-11,1.0619319e-11,7.099646e-12,7.504215e-12,8.035936e-12,7.409096e-12,7.0538614e-12,7.703184e-12,7.285831e-12,7.778808e-12,7.1818e-12,7.929508e-12,7.873174e-12,7.857033e-12,7.46846e-12,7.945769e-12,6.909911e-12,7.328031e-12,7.744137e-12,7.335807e-12,7.170385e-12
8.405075e-11,8.3498375e-11,8.281762e-11,8.155465e-11,8.38858e-11,8.0220004e-11,8.508273e-11,8.089946e-11,8.11099e-11,8.168152e-11,8.675654e-11,8.45613e-11,8.7427975e-11,8.804732e-11,7.972959e-11,8.350618e-11,7.615473e-11,8.288383e-11,7.922993e-11,8.728818e-11,8.201279e-11,1.0957227e-10,9.84236e-11,1.5364178e-10,1.9960503e-10,1.2021381e-10,1.10777845e-10,1.05760616e-10,5.1779997e-11,5.2597218e-11,5.1697993e-11,1.3664113e-10,4.897105e-11,6.689209e-11,4.8563733e-11,6.902469e-11,9.4356536e-11,3.0100006e-11,4.6290454e-11,6.511399e-11,5.5573022e-11,2.7679487e-11,4.6887147e-11,5.7392136e-11,3.914423e-11,3.7835974e-11,4.0073965e-11,2.8430767e-07,4.8809034e-05,7.0769875e-07,3.545779e-05,8.66339e-06,5.7058427e-05,9.370306e-06,1.19047e-05,0.00011490427,5.081831e-07,3.6972167e-05,2.3285409e-05,0.00011947386,0.0002474668,4.568513e-06,0.0016055803,0.00020837107,0.0036352484,0.0027086139,0.0033507096,0.10829151,0.00062126265,0.10324077,0.027422179,0.30590442,0.14035864,0.0020266585,0.22112483,0.007499055,0.06396259,0.0038894257,0.00076149043,0.002146272,5.012264e-06,2.190023e-05,1.5487901e-06,1.2600464e-06,5.637479e-11,2.3495265e-11,4.2706953e-11,4.4434553e-11,5.57667e-11,3.5853345e-11,7.4662956e-11,6.245693e-11,3.4988217e-11,6.569757e-11,4.2566263e-11,7.38445e-11,5.428215e-11,3.5245487e-11,4.9061453e-11,3.9122067e-11,1.3867225e-10,4.1260963e-11,9.24763e-11,1.325908e-10,7.027662e-11,6.041342e-11,8.023347e-11,1.2534711e-10,9.7727916e-11,8.058114e-11,8.48272e-11,8.4215884e-11,8.716406e-11,7.746605e-11,8.454195e-11,8.373617e-11,8.6875264e-11,8.7648534e-11,8.380728e-11,8.307994e-11,8.8829326e-11,8.8826786e-11,8.574399e-11,7.860796e-11,7.804727e-11,8.659717e-11,8.7334806e-11,7.888085e-11
1.561899e-11,1.6416086e-11,1.5425133e-11,1.6432376e-11,1.6211407e-11,1.5844572e-11,1.5908528e-11,1.5236007e-11,1.5376724e-11,1.5291525e-11,1.6951733e-11,1.5801114e-11,1.7284625e-11,1.606483e-11,1.5207322e-11,1.5332326e-11,1.4632216e-11,1.4869843e-11,1.5156184e-11,1.5676235e-11,1.530308e-11,2.3239138e-11,3.7639128e-11,4.5241106e-11,6.898366e-11,3.627198e-11,2.4564201e-11,3.848148e-11,1.9841202e-11,1.32567785e-11,1.8243532e-11,3.652057e-11,1.5007579e-11,3.0520017e-11,2.257313e-11,2.5401691e-11,5.4173683e-11,1.6353896e-11,2.1059906e-11,4.6177777e-11,3.3710614e-11,1.4002456e-11,2.2793349e-11,1.5644154e-11,1.6003664e-11,1.5766945e-11,2.2467507e-11,1.5116461e-07,4.132869e-05,4.6512892e-07,1.8321018e-05,1.6702888e-05,3.6349935e-05,1.1193829e-05,1.5484431e-05,8.512199e-05,1.443384e-06,5.889372e-05,6.747074e-05,0.00018377251,0.0007513809,8.32596e-06,0.0030158113,0.0025400738,0.026457902,0.031345356,0.032314915,0.30022997,0.0025079914,0.15284678,0.045882456,0.12360699,0.12125761,0.0014086788,0.07262017,0.02296066,0.04263959,0.0044244323,0.00029154157,0.0013193279,1.0685057e-05,1.1485256e-05,1.6097997e-06,9.156072e-07,4.3636594e-11,2.1632399e-11,2.201035e-11,5.852345e-11,5.9849736e-11,2.6016028e-11,5.961686e-11,2.0637096e-11,2.487752e-11,6.607587e-11,2.6355704e-11,2.9276116e-11,2.5069242e-11,1.3100208e-11,1.240982e-11,2.2087393e-11,5.0944977e-11,2.0503384e-11,4.1121686e-11,3.672426e-11,3.47449e-11,1.9053167e-11,2.0810858e-11,2.1878421e-11,1.9558383e-11,1.4533642e-11,1.5929024e-11,1.513683e-11,1.629427e-11,1.5062812e-11,1.5873188e-11,1.6145465e-11,1.5929053e-11,1.7048684e-11,1.5136743e-11,1.573753e-11,1.6620559e-11,1.6721484e-11,1.595916e-11,1.4890079e-11,1.5117296e-11,1.6435197e-11,1.5740171e-11,1.40778405e-11
3.965878e-11,3.937748e-11,4.1011913e-11,3.8936243e-11,4.042494e-11,4.0144256e-11,4.016654e-11,3.843267e-11,3.8297077e-11,3.7962026e-11,4.2936772e-11,3.953205e-11,4.161511e-11,4.266704e-11,3.9544725e-11,3.7768687e-11,3.883582e-11,4.003239e-11,3.9665892e-11,4.0730187e-11,3.938492e-11,1.0030816e-10,7.2591405e-11,1.0057732e-10,7.654278e-11,7.054209e-11,5.314447e-11,6.417126e-11,3.6247946e-11,5.0868035e-11,5.833885e-11,8.113741e-11,3.8520808e-11,3.9519162e-11,3.5934665e-11,6.486135e-11,5.3140114e-11,4.040158e-11,2.6534896e-11,5.2001778e-11,5.8175055e-11,3.1079056e-11,5.981545e-11,4.327328e-11,4.664202e-11,2.2683085e-11,2.7139142e-11,1.9725381e-07,9.435134e-06,2.9849784e-07,9.4739335e-06,4.1018866e-06,6.8990153e-06,3.7189332e-06,3.6563706e-06,2.675345e-05,9.711248e-07,7.369804e-06,1.0642315e-05,2.8324564e-05,9.7430486e-05,4.235094e-06,0.0010050304,0.00010674054,0.0010137976,0.0009180871,0.0020684875,0.045858655,0.0016051651,0.032116774,0.01674242,0.1323382,0.2658621,0.007845673,0.4051824,0.010284437,0.0679565,0.0037302524,0.0009772711,0.003915474,1.1003683e-05,1.781406e-05,2.0826262e-06,2.439122e-06,8.687093e-11,5.1622494e-11,7.5985516e-11,8.023481e-11,9.853478e-11,4.7651664e-11,1.0018101e-10,4.7575378e-11,4.600104e-11,6.9018874e-11,4.3682526e-11,8.014794e-11,8.9194145e-11,5.843896e-11,7.081697e-11,3.945537e-11,1.1871697e-10,4.3089615e-11,1.3004928e-10,1.0144199e-10,5.984546e-11,4.3737302e-11,5.965594e-11,6.917861e-11,4.707549e-11,3.9138845e-11,4.0488213e-11,3.9350453e-11,4.0569846e-11,3.9050704e-11,4.0717756e-11,3.8138312e-11,4.0935012e-11,4.27507e-11,4.0957585e-11,4.0976805e-11,4.191943e-11,3.9904392e-11,4.0327828e-11,3.7815254e-11,3.7721104e-11,4.142979e-11,4.028339e-11,3.874304e-11
9.331636e-13,1.0242505e-12,9.594123e-13,9.816885e-13,1.0780176e-12,8.902849e-13,1.0430663e-12,8.1553275e-13,9.435513e-13,9.060744e-13,1.0601897e-12,9.502627e-13,1.0169893e-12,1.0046274e-12,9.533854e-13,9.520188e-13,8.730419e-13,9.0009917e-13,8.7447513e-13,1.0027895e-12,9.546154e-13,2.806156e-12,1.7274612e-12,1.9490095e-12,2.1464308e-12,3.2430018e-12,1.2334616e-12,3.2920806e-12,1.4309661e-12,4.9784317e-12,1.0584097e-12,5.2112056e-12,2.1106398e-12,2.6790011e-12,2.811449e-12,3.1309707e-12,2.6396162e-12,1.5005494e-12,1.5080266e-12,2.6304137e-12,2.9504671e-12,1.7225883e-12,1.2671033e-12,8.8470214e-13,1.0295702e-12,9.582566e-13,9.735085e-13,1.5880131e-08,3.0881972e-06,1.7730136e-08,7.13649e-07,1.6162883e-06,9.4135396e-07,2.057687e-06,6.1942444e-07,6.548515e-06,2.3020873e-07,3.6267604e-06,1.7488823e-05,8.0441105e-06,4.437982e-05,9.234917e-07,0.00010224531,0.0001616686,0.0003910827,0.0008888624,5.0712115e-05,0.0028742827,6.226024e-05,0.0006470443,0.0009584062,0.0003140709,0.00047900938,1.8169636e-05,0.0002796699,8.534771e-05,5.759499e-05,4.823843e-05,2.7448743e-06,1.3996903e-05,3.9425916e-07,1.5056695e-07,1.2152267e-07,3.6289016e-08,3.8678483e-12,2.335312e-12,1.5370103e-12,1.7536442e-12,6.342082e-12,1.5698233e-12,4.06641e-12,3.2210129e-12,2.3902364e-12,8.040404e-12,3.7017668e-12,2.1027641e-12,3.072457e-12,1.9110642e-12,3.109095e-12,2.6944569e-12,6.7403674e-12,4.7884145e-12,5.8432907e-12,5.669088e-12,1.8140034e-12,2.4728366e-12,6.8664952e-12,2.0511802e-12,1.550978e-12,8.2663623e-13,9.461861e-13,8.883952e-13,1.0198584e-12,9.4423e-13,9.380765e-13,9.793208e-13,1.0047539e-12,9.958041e-13,8.624198e-13,1.0371664e-12,8.8549225e-13,9.381374e-13,9.457135e-13,9.221213e-13,8.621501e-13,1.0596337e-12,9.689718e-13,8.8648587e-13
1.2935512e-12,1.3877276e-12,1.3324027e-12,1.4175509e-12,1.2808925e-12,1.3263831e-12,1.433637e-12,1.3226542e-12,1.3572367e-12,1.3798938e-12,1.4018378e-12,1.398297e-12,1.4740985e-12,1.2784369e-12,1.4007287e-12,1.3082926e-12,1.3799544e-12,1.293909e-12,1.398761e-12,1.2990426e-12,1.2327364e-12,6.2059377e-12,1.16440815e-11,1.1856745e-11,9.247949e-12,1.0217449e-11,1.226377e-11,1.0644182e-11,1.0777974e-11,1.3106558e-11,1.1531187e-11,1.5458034e-11,7.801022e-12,1.9319615e-11,2.0975202e-11,1.6651342e-11,2.3640206e-11,1.8016932e-11,1.8819595e-11,1.45238075e-11,1.8912578e-11,2.5644565e-11,1.7972998e-11,1.4930522e-11,1.0136061e-11,1.3106558e-11,1.0709878e-11,6.5654255e-08,2.6959606e-05,3.0376665e-07,1.4854017e-05,1.0847452e-06,1.8405239e-05,5.7594345e-05,1.6557395e-05,0.00013749418,2.0630835e-06,0.00054710003,0.00028662098,0.0002373474,0.025031675,0.00010799105,0.045930844,0.0034955733,0.10945405,0.5240716,0.016639488,0.16162682,0.0006649694,0.07090789,0.009831176,0.0045010094,0.016731454,0.00034723518,0.00573511,0.0005575462,0.0015685708,0.0007574422,1.072197e-05,7.0013375e-05,2.7078586e-06,1.5424029e-06,8.402919e-07,1.8107507e-07,2.4332591e-11,1.9794071e-11,1.2731693e-11,2.7993982e-11,2.677009e-11,3.045414e-11,4.13628e-11,1.9708742e-11,6.027439e-12,3.7501623e-11,1.275381e-11,9.5297424e-12,1.209798e-11,9.4550765e-12,1.3048092e-11,1.7242251e-11,2.9057104e-11,2.403668e-11,2.2394055e-11,2.1111952e-11,5.999086e-12,1.4550175e-11,7.497121e-12,5.287797e-12,2.7353315e-12,1.3241587e-12,1.1934745e-12,1.1546521e-12,1.402386e-12,1.4128379e-12,1.4001917e-12,1.4177888e-12,1.3349999e-12,1.3904088e-12,1.3798385e-12,1.2913646e-12,1.3632896e-12,1.3443545e-12,1.3686645e-12,1.3124439e-12,1.2586045e-12,1.2975321e-12,1.2803134e-12,1.3566e-12
9.25109e-12,9.8779275e-12,9.87659e-12,1.00445685e-11,9.4383746e-12,8.589576e-12,1.0723596e-11,8.605647e-12,1.0460689e-11,9.306769e-12,9.898504e-12,9.41748e-12,9.810315e-12,9.261578e-12,1.0585712e-11,9.751475e-12,9.1349445e-12,9.604322e-12,1.0054498e-11,1.0061519e-11,1.0231492e-11,1.8689642e-11,4.4113442e-11,3.1817448e-11,3.7241953e-11,2.478867e-11,2.387999e-11,5.1738974e-11,2.8050215e-11,6.7967576e-11,2.6114824e-11,9.6040516e-11,1.9871127e-11,6.428233e-11,5.6630575e-11,3.1806346e-11,1.171102e-10,5.4602656e-11,5.3228633e-11,6.822527e-11,8.653152e-11,6.729076e-11,8.991284e-11,4.5924826e-11,4.4883916e-11,4.5539808e-11,3.6509858e-11,4.701821e-07,0.00025000493,3.1307636e-06,7.0632464e-05,1.7000553e-05,6.717914e-05,0.00013090405,5.409668e-05,0.0001798879,6.3143007e-06,0.0002526743,0.00026966,0.00013202011,0.004477794,5.9185164e-05,0.0073007448,0.0026116476,0.019290056,0.06097369,0.0039342367,0.051653963,0.0006496368,0.012317052,0.007435433,0.001826647,0.011291698,0.00025195652,0.0041386154,0.0018169351,0.0013247207,0.0014680168,6.314846e-05,0.00048553525,1.7180966e-05,5.2761275e-06,5.701558e-06,2.3471e-06,2.1663261e-10,7.241738e-11,3.8280983e-11,1.4410488e-10,1.2407368e-10,9.564182e-11,1.06237644e-10,8.947096e-11,3.6706905e-11,1.6331528e-10,5.840605e-11,3.3858256e-11,3.3378696e-11,2.3665158e-11,5.037308e-11,6.1373615e-11,1.0244717e-10,8.1723975e-11,7.352974e-11,5.1285445e-11,1.1388285e-11,2.4879047e-11,2.1365461e-11,2.213603e-11,1.674153e-11,9.429775e-12,9.0128625e-12,8.073825e-12,1.0074693e-11,1.0496023e-11,9.938952e-12,9.694541e-12,1.0038076e-11,1.0325181e-11,9.9779655e-12,9.368891e-12,9.303751e-12,9.289778e-12,9.9855055e-12,8.80178e-12,8.638603e-12,1.12238795e-11,9.4882106e-12,1.0150572e-11
9.700208e-13,1.0494829e-12,1.0282953e-12,1.1101316e-12,1.0363226e-12,9.489683e-13,1.1145808e-12,9.899492e-13,1.0601216e-12,1.0438452e-12,1.0205674e-12,1.0658269e-12,1.0768038e-12,9.880648e-13,1.0606293e-12,9.929541e-13,9.792693e-13,1.0176013e-12,1.0238605e-12,1.0351137e-12,1.062018e-12,4.2017006e-12,9.763062e-12,6.6295975e-12,4.21128e-12,4.7016176e-12,4.277574e-12,5.313312e-12,4.3199225e-12,8.200181e-12,3.4197786e-12,1.1944194e-11,4.0968756e-12,1.0914026e-11,9.937333e-12,6.8562924e-12,1.8929674e-11,8.768462e-12,6.473257e-12,5.75571e-12,8.3369926e-12,1.3941158e-11,8.136367e-12,8.921864e-12,5.109684e-12,7.0626634e-12,4.5292867e-12,1.0079453e-07,4.855805e-05,2.7756417e-07,1.4437449e-05,1.0430404e-06,1.8244502e-05,5.02403e-05,1.7269907e-05,0.00015389096,1.2822252e-06,0.00043521862,0.00016069846,0.00032996634,0.023335433,0.00023204045,0.05299656,0.0038125338,0.22519474,0.25514805,0.017035551,0.26313034,0.0015986074,0.088661194,0.0074853986,0.00889177,0.032983195,0.0012998892,0.0066666827,0.0006927805,0.0016846138,0.00046263527,2.0765237e-05,0.000114992596,3.822064e-06,3.1733687e-06,4.5630378e-07,2.411961e-07,2.1449969e-11,1.0297462e-11,4.005347e-12,1.3376531e-11,1.0208054e-11,1.0286156e-11,1.29107385e-11,7.0953655e-12,3.0952515e-12,1.7989244e-11,5.7604433e-12,5.925077e-12,4.9223963e-12,5.156306e-12,5.9927016e-12,7.2712513e-12,1.4282573e-11,9.3453795e-12,1.0919814e-11,9.057473e-12,3.4675225e-12,6.8724228e-12,4.7090934e-12,3.709565e-12,1.8712054e-12,9.973824e-13,9.0303166e-13,8.824731e-13,1.0722171e-12,1.1653267e-12,1.0944831e-12,1.1160528e-12,1.082382e-12,1.0747929e-12,1.1199678e-12,1.0188734e-12,1.0505244e-12,1.0384043e-12,1.053502e-12,9.744826e-13,9.919263e-13,1.0543363e-12,9.939564e-13,1.0401209e-12
2.4156265e-12,2.7184286e-12,2.6021487e-12,2.5105992e-12,2.7427928e-12,2.4239987e-12,2.7358018e-12,2.0984202e-12,2.4765743e-12,2.6787244e-12,2.7556607e-12,2.338592e-12,2.5636442e-12,2.7970068e-12,2.540697e-12,2.648203e-12,2.438039e-12,2.5831104e-12,2.318641e-12,2.7733248e-12,2.6311655e-12,3.529791e-12,2.058579e-12,2.6960597e-12,5.823417e-12,4.282729e-12,2.5795754e-12,6.0147386e-12,1.4068526e-12,7.803569e-12,1.0831823e-12,7.4090725e-12,1.7567906e-12,4.492938e-12,3.278688e-12,3.1799476e-12,4.9070275e-12,2.3839704e-12,2.4732983e-12,3.134005e-12,3.698611e-12,2.8649856e-12,2.074242e-12,1.8698086e-12,1.4188443e-12,1.8248716e-12,1.2404778e-12,6.0957084e-09,3.8821972e-06,1.2959645e-08,7.543292e-07,2.1604332e-07,2.8066183e-06,1.5556233e-06,4.7672464e-07,5.7757034e-06,7.947668e-08,4.144117e-06,1.62642e-06,5.603644e-06,2.6050559e-05,4.3436003e-07,1.923722e-05,3.9758797e-06,8.0649814e-05,1.921806e-05,1.677589e-06,5.9447375e-05,2.6325815e-06,1.7879034e-05,6.181221e-06,8.256312e-06,1.7434662e-05,1.3699762e-06,1.0615002e-05,9.715568e-07,4.2643815e-06,1.6127478e-06,2.8896036e-07,6.6681787e-07,5.893175e-08,5.728095e-08,1.8657438e-08,1.3580788e-08,6.0241534e-12,3.513107e-12,2.5247556e-12,3.7211835e-12,7.0827432e-12,3.3350618e-12,4.280459e-12,6.9956614e-12,2.4723168e-12,1.0149045e-11,5.4649206e-12,3.3748121e-12,7.7021e-12,6.599123e-12,7.1625154e-12,5.1496264e-12,1.2367787e-11,7.6678e-12,4.7460135e-12,6.213508e-12,8.8624214e-13,4.040786e-12,5.4925504e-12,3.6125879e-12,3.55886e-12,2.1771562e-12,2.3873468e-12,2.5532402e-12,2.7191444e-12,2.8779e-12,2.6696455e-12,2.778948e-12,2.7895266e-12,2.6432476e-12,2.515853e-12,2.748155e-12,2.3589485e-12,2.534386e-12,2.7131966e-12,2.430981e-12,2.2752345e-12,2.9066743e-12,2.7295262e-12,2.4208476e-12
1.9150316e-13,2.0186913e-13,2.025263e-13,1.8276845e-13,2.2980202e-13,1.9239832e-13,2.0383617e-13,1.5103302e-13,1.8895286e-13,1.8237252e-13,2.1072139e-13,1.906518e-13,2.0314878e-13,2.1646576e-13,1.8496837e-13,2.0419299e-13,1.7980727e-13,1.9456862e-13,1.7695952e-13,2.0222252e-13,2.0928863e-13,9.887891e-13,7.543777e-13,6.4945765e-13,4.9734424e-13,1.2559689e-12,3.6966816e-13,1.7681555e-12,4.8587333e-13,2.0123837e-12,6.800846e-13,1.9365275e-12,9.010105e-13,1.0881432e-12,9.129589e-13,1.268333e-12,1.0731465e-12,8.5024777e-13,7.054437e-13,1.306016e-12,1.5094786e-12,9.0891764e-13,6.107529e-13,4.35839e-13,5.037388e-13,7.082547e-13,3.6977818e-13,2.722697e-09,1.0820617e-06,4.402505e-09,1.6890318e-07,1.02667556e-07,4.284233e-07,9.81685e-07,2.165837e-07,2.8673437e-06,5.650473e-08,7.504535e-07,4.9850394e-07,1.5874894e-06,3.6905235e-06,2.0732949e-07,4.5246225e-06,2.4529713e-06,2.290835e-05,4.913113e-06,1.0022517e-06,2.4225803e-05,8.6161606e-07,3.6711606e-06,9.594722e-07,3.1611366e-06,3.1216368e-06,4.155392e-07,1.7699728e-06,1.741418e-07,8.8163324e-07,4.3333412e-07,1.1783855e-07,2.427196e-07,2.3359162e-08,2.751264e-08,3.2691625e-09,5.0531606e-09,1.4938288e-12,1.1951234e-12,6.695052e-13,9.211484e-13,2.2134026e-12,1.2057313e-12,1.8785765e-12,1.2621839e-12,1.8141056e-12,2.671381e-12,1.7211681e-12,1.4614303e-12,1.8123454e-12,1.2294793e-12,1.651047e-12,1.3995934e-12,1.9201056e-12,3.022969e-12,1.6197862e-12,1.8484114e-12,6.068281e-13,1.2313709e-12,1.7160021e-12,4.8244823e-13,3.252258e-13,1.7074993e-13,1.9069363e-13,1.9764431e-13,2.1207982e-13,2.0090844e-13,2.0356458e-13,2.062098e-13,2.0268666e-13,1.9743972e-13,2.0821955e-13,2.0736426e-13,1.8388073e-13,1.9427308e-13,2.1085729e-13,1.8893268e-13,1.6886948e-13,2.200932e-13,1.963877e-13,1.7829164e-13
2.4473505e-12,2.4705004e-12,2.3863392e-12,2.527129e-12,2.6006434e-12,2.501377e-12,2.789168e-12,2.2403561e-12,2.6031846e-12,2.3092515e-12,3.0405877e-12,2.4467067e-12,2.5397117e-12,2.6990573e-12,2.5876504e-12,2.6980486e-12,2.480974e-12,2.3523375e-12,2.420121e-12,2.635679e-12,2.6772258e-12,1.7085205e-11,2.6442406e-11,2.2907403e-11,4.233067e-11,3.030492e-11,2.5910989e-11,4.1199558e-11,1.2075957e-11,4.6097685e-11,1.6347281e-11,5.5459737e-11,1.4365851e-11,3.6929074e-11,3.7377927e-11,1.9394592e-11,3.3928638e-11,2.4231152e-11,2.009753e-11,2.2032943e-11,3.0270488e-11,2.273425e-11,2.3616085e-11,1.4301112e-11,1.1920572e-11,1.6207572e-11,1.377761e-11,4.860357e-08,9.664869e-06,2.8164257e-07,2.68277e-06,1.3708901e-06,3.0762305e-06,4.8919837e-06,2.6768612e-06,8.76507e-06,9.71231e-07,1.0156873e-05,1.348222e-05,8.8628185e-06,3.79092e-05,1.242375e-06,2.0492691e-05,2.1062817e-05,7.62565e-05,0.000110064866,5.8598316e-06,0.00012275451,6.1468454e-06,3.520727e-05,4.0488092e-05,1.1257095e-05,3.6115925e-05,2.9695755e-06,1.872319e-05,7.6007505e-06,7.1813615e-06,1.5425429e-05,1.0326531e-06,4.8041356e-06,6.5990344e-07,5.585614e-07,1.8841158e-07,2.0699103e-07,6.503941e-11,2.75265e-11,1.9398072e-11,4.152855e-11,3.9624554e-11,4.3629263e-11,4.2488246e-11,3.8008274e-11,1.9948128e-11,1.3204042e-10,4.8241085e-11,1.9747867e-11,2.5733289e-11,2.4944699e-11,4.8322492e-11,4.1745517e-11,8.9672166e-11,6.884195e-11,3.4772074e-11,2.65297e-11,7.892765e-12,2.141175e-11,2.3129026e-11,1.1421954e-11,6.389659e-12,2.3252333e-12,2.4313826e-12,2.4596959e-12,2.588924e-12,2.837937e-12,2.5392275e-12,2.678053e-12,2.7372562e-12,2.6269265e-12,2.3940073e-12,2.6244623e-12,2.344454e-12,2.431809e-12,2.4732254e-12,2.2909838e-12,2.3466014e-12,2.8893986e-12,2.5352108e-12,2.4125994e-12
1.0872334e-12,1.2479846e-12,1.1835619e-12,1.1395738e-12,1.3953007e-12,1.1691664e-12,1.20593e-12,1.026948e-12,1.2350648e-12,1.1821069e-12,1.3522944e-12,1.0910266e-12,1.1677177e-12,1.2401305e-12,1.1799286e-12,1.207615e-12,1.0925968e-12,1.2095882e-12,1.1220198e-12,1.2937222e-12,1.2944059e-12,8.4107755e-12,9.57919e-12,1.22098625e-11,8.206574e-12,8.432766e-12,6.354638e-12,1.9501258e-11,5.9650774e-12,2.178421e-11,7.389021e-12,2.1949245e-11,7.434995e-12,1.3798928e-11,1.2324252e-11,9.67803e-12,1.5221033e-11,7.2586364e-12,5.5718264e-12,1.2692011e-11,1.540439e-11,1.0270387e-11,8.1410495e-12,4.8343725e-12,5.351132e-12,5.7844745e-12,4.1986536e-12,2.8547538e-08,6.49862e-06,5.36844e-08,1.2106606e-06,1.4484984e-06,2.289495e-06,3.7220905e-06,2.7386252e-06,1.4293958e-05,8.758466e-07,6.9568314e-06,9.7294205e-06,1.8755542e-05,5.1330007e-05,3.44746e-06,2.6340254e-05,3.0321204e-05,0.00014567634,7.216641e-05,1.0891572e-05,0.00012145636,5.0674475e-06,1.2325524e-05,1.406815e-05,1.0345137e-05,1.589041e-05,2.1059375e-06,5.868008e-06,1.9384863e-06,1.4831498e-06,3.8522953e-06,7.059417e-07,1.9021821e-06,1.9316535e-07,1.3011496e-07,5.7526115e-08,8.487713e-08,2.6871805e-11,1.1345126e-11,6.8357086e-12,1.15795516e-11,1.5554254e-11,1.3977039e-11,1.2167806e-11,1.133697e-11,1.4675216e-11,3.425889e-11,2.052081e-11,1.0517994e-11,1.3022691e-11,1.1481946e-11,1.7997881e-11,1.8685872e-11,2.8686352e-11,2.8009971e-11,1.5889134e-11,1.0408529e-11,4.084132e-12,7.4010945e-12,1.0966456e-11,3.959451e-12,1.9824715e-12,1.0265721e-12,1.2258766e-12,1.1804328e-12,1.2623777e-12,1.2593137e-12,1.1252774e-12,1.2192006e-12,1.2506153e-12,1.2378595e-12,1.0902881e-12,1.2221995e-12,1.0325102e-12,1.1251293e-12,1.2451552e-12,1.0819829e-12,1.0645504e-12,1.3774676e-12,1.2393171e-12,1.1237932e-12
4.644059e-12,5.4405057e-12,5.2241852e-12,5.150063e-12,5.863109e-12,5.2373444e-12,5.497124e-12,4.7315554e-12,5.386534e-12,5.5320336e-12,5.008636e-12,5.3572407e-12,5.336762e-12,5.693982e-12,5.0034412e-12,5.1120714e-12,5.2758752e-12,5.6163967e-12,4.682054e-12,5.933478e-12,5.4774687e-12,3.240037e-11,1.4766391e-11,1.9920784e-11,2.3146493e-11,1.6455953e-11,1.12422086e-11,1.844766e-11,8.539858e-12,2.4248435e-11,6.4167205e-12,3.9971134e-11,1.7397932e-11,3.472388e-11,1.3268406e-11,3.1435996e-11,5.6364354e-11,1.5477878e-11,2.7290926e-11,3.94687e-11,3.501191e-11,2.6819998e-11,9.241258e-12,2.169627e-11,1.3450697e-11,2.1620341e-11,1.0756567e-11,2.4727353e-07,0.0008439627,3.5465155e-07,0.00019629076,1.0380483e-05,0.0016459238,0.0010371815,0.00021198783,0.02473112,3.3283624e-05,0.008988616,0.0009160028,0.046979785,0.064598806,0.00010303616,0.047300525,0.00050503184,0.08177374,0.022327099,0.00083844975,0.13124159,0.00041087548,0.012202042,0.0007735919,0.006481265,0.005376198,5.8416812e-05,0.0019329777,3.7185284e-05,0.00062133424,0.00018939849,2.0116182e-05,8.354179e-05,1.9953632e-06,6.276417e-06,5.795159e-07,1.0484954e-06,5.0572213e-11,2.4699352e-11,1.4468332e-11,1.4524515e-11,3.75056e-11,1.6178779e-11,2.401242e-11,2.3839873e-11,1.7513062e-11,3.469965e-11,1.208222e-11,1.9561318e-11,2.4920151e-11,1.2844174e-11,2.2614102e-11,1.1623702e-11,2.7052631e-11,1.8652196e-11,1.8533217e-11,3.3730407e-11,8.003671e-12,1.5729718e-11,2.7516095e-11,1.2380259e-11,5.987136e-12,4.846182e-12,5.0562154e-12,5.43926e-12,6.0730045e-12,5.7394068e-12,5.427446e-12,6.05845e-12,5.3861546e-12,5.52616e-12,5.4201834e-12,5.7769024e-12,4.8557863e-12,5.4619135e-12,5.614212e-12,5.3488685e-12,4.5611544e-12,5.6746296e-12,5.561296e-12,4.717066e-12
1.6081244e-12,1.7869915e-12,1.7042812e-12,1.8007047e-12,1.7985149e-12,1.6657546e-12,1.801165e-12,1.6458267e-12,1.8445046e-12,1.7208158e-12,1.7137016e-12,1.9132387e-12,1.8222435e-12,1.8062568e-12,1.8054093e-12,1.5484308e-12,1.809153e-12,1.6919315e-12,1.6604507e-12,1.860241e-12,1.8099054e-12,6.7914346e-12,6.7000715e-12,1.485039e-11,9.005121e-12,8.6224465e-12,6.3193114e-12,5.800519e-12,5.292919e-12,1.3451596e-11,1.0454016e-11,1.1370867e-11,1.1691609e-11,3.199762e-11,1.1203634e-11,1.2288462e-11,2.2789551e-11,1.1427157e-11,2.0248659e-11,2.4025797e-11,4.0621735e-11,2.4232621e-11,1.6262188e-11,1.7345084e-11,1.9086583e-11,1.5906606e-11,1.2749495e-11,5.0690012e-08,2.4978913e-06,9.1551705e-08,2.2443394e-06,3.7330108e-07,3.5806756e-06,5.08304e-06,1.7749752e-06,4.1571853e-05,6.17592e-07,1.551616e-05,7.2645553e-06,5.2091094e-05,0.0002169773,2.2211218e-06,0.00074737694,3.1972155e-05,0.0016137669,0.008245488,0.0022730075,0.56487656,0.004894082,0.15828015,0.050426807,0.061506964,0.11175467,0.00076002657,0.02897279,0.0003962298,0.00192034,0.0023669552,7.887011e-05,0.00013769943,2.4529581e-06,3.3561807e-06,4.189275e-07,4.388962e-07,4.0176282e-11,2.29303e-11,1.3561339e-11,2.2380842e-11,2.518103e-11,3.0808866e-11,4.0145488e-11,1.6768328e-11,2.0450799e-11,2.532007e-11,1.14221445e-11,1.6941702e-11,2.1710054e-11,8.149489e-12,1.3796827e-11,1.0986141e-11,2.3994886e-11,2.3691691e-11,3.6562784e-11,2.1934314e-11,1.1379936e-11,9.699026e-12,1.532714e-11,6.5429793e-12,3.3308942e-12,1.7749731e-12,1.6994057e-12,1.7171829e-12,1.9539086e-12,1.7343322e-12,1.7317968e-12,1.7880858e-12,1.9048602e-12,1.8115216e-12,1.7033128e-12,1.793469e-12,1.7624841e-12,1.7259633e-12,1.7927747e-12,1.7223722e-12,1.4490639e-12,1.7485982e-12,1.7193854e-12,1.6888717e-12
1.9598214e-09,2.088612e-09,2.1002489e-09,1.9107962e-09,2.0876678e-09,2.0274589e-09,2.1264288e-09,1.9892077e-09,2.0312094e-09,1.9486244e-09,2.26555e-09,1.981411e-09,2.063287e-09,2.118846e-09,1.9791635e-09,2.0356192e-09,1.9549569e-09,1.9514885e-09,1.965579e-09,2.068433e-09,2.1521884e-09,3.4929715e-10,6.801066e-10,3.2476266e-10,3.069178e-10,4.3251977e-10,4.6669235e-10,3.5771489e-10,3.0914923e-10,2.230561e-10,1.9769328e-10,3.6429182e-10,2.77302e-10,1.3524161e-10,3.017713e-10,2.2351392e-10,9.8974884e-11,1.5928851e-10,1.8730831e-10,1.5439479e-10,2.013227e-10,8.017722e-11,1.2061398e-10,1.9922101e-10,1.4773932e-10,1.292248e-10,1.6641284e-10,1.9327541e-07,2.3016391e-06,3.060782e-07,2.2375646e-06,2.6422872e-06,6.527884e-06,1.1442271e-05,5.789157e-06,1.7846778e-05,1.5145505e-06,1.2128722e-05,2.043614e-05,1.4611376e-05,3.725098e-05,1.1195102e-05,3.9254737e-05,5.1816747e-05,7.4658536e-05,5.1638268e-05,7.3252677e-06,8.5856496e-05,1.8254243e-05,7.138208e-05,0.00010500845,5.8852296e-05,4.8431266e-05,2.6954232e-05,6.275438e-05,1.5669111e-05,5.608855e-06,2.1005895e-05,3.9574143e-06,5.0854833e-06,6.860513e-07,1.0624109e-06,2.41124e-07,1.3617571e-07,3.4391326e-10,4.2111184e-10,2.8585956e-10,2.7276914e-10,2.4905975e-10,2.6277572e-10,6.2012345e-10,3.2083525e-10,1.520568e-10,4.2639936e-10,3.777062e-10,4.6803306e-10,3.2442712e-10,4.242018e-10,2.1739005e-10,4.579783e-10,2.1604292e-10,3.262509e-10,2.831075e-10,3.5408051e-10,2.3074496e-10,3.86633e-10,7.0277234e-10,1.0101485e-09,1.3837598e-09,2.0403073e-09,2.0179605e-09,1.9808328e-09,1.9809387e-09,2.0301212e-09,2.1146027e-09,2.0187496e-09,2.2067546e-09,1.9656954e-09,1.999833e-09,2.1220614e-09,2.0517101e-09,2.086068e-09,1.9205335e-09,2.0641606e-09,2.0466095e-09,2.1136872e-09,2.017614e-09,2.1112898e-09
4.1541634e-10,4.0488712e-10,4.068449e-10,4.2387316e-10,3.9229986e-10,4.0048007e-10,4.051181e-10,3.953299e-10,3.918257e-10,3.84404e-10,4.4120585e-10,3.732365e-10,4.1114867e-10,4.0404005e-10,3.918078e-10,4.0343787e-10,4.0279968e-10,3.939705e-10,3.9999148e-10,4.181358e-10,4.0884332e-10,2.7615749e-10,2.1354617e-10,2.4077146e-10,1.48781e-10,1.5793611e-10,2.0557384e-10,6.069156e-10,3.1204592e-10,2.2293048e-10,4.2710804e-10,6.2831423e-10,4.1033235e-10,1.9861458e-10,3.2422834e-10,2.947384e-10,2.53874e-10,3.7613868e-10,1.7567102e-10,2.8129715e-10,3.0368172e-10,1.8576443e-10,2.5617378e-10,2.463604e-10,2.0214828e-10,2.442591e-10,2.0138169e-10,9.908968e-07,5.0949577e-05,2.3448654e-06,5.9010516e-05,1.5571439e-05,0.0002099715,0.00015866185,9.946024e-05,0.00027901764,1.1915082e-05,0.0001590298,9.051348e-05,0.00016042344,0.0005881828,4.6588968e-05,0.0010567625,0.00021867704,0.002569159,0.0010820556,0.0018402121,0.018240102,0.0009330994,0.026078852,0.018396795,0.07664322,0.5445468,0.020611566,0.09343448,0.02674838,0.15095842,0.0027018362,0.0023794193,0.007420728,4.3049677e-05,0.000116630305,1.4852138e-05,8.543364e-06,4.684748e-10,2.80286e-10,2.750158e-10,3.4312417e-10,3.359348e-10,1.9502842e-10,4.075711e-10,1.3871829e-10,9.705399e-11,2.515402e-10,2.1257573e-10,3.281178e-10,3.7774198e-10,2.560248e-10,8.921715e-11,3.01568e-10,2.2477067e-10,1.0518767e-10,1.9574656e-10,2.1484124e-10,1.0366756e-10,1.4859722e-10,1.4595063e-10,3.197464e-10,3.0452274e-10,4.0267678e-10,4.0123926e-10,3.9890505e-10,4.1716794e-10,4.3685813e-10,4.1605708e-10,4.2390147e-10,4.1454884e-10,4.10633e-10,4.0372422e-10,4.120861e-10,4.155146e-10,4.1833922e-10,4.055263e-10,3.9442763e-10,3.890302e-10,4.1314852e-10,3.960454e-10,4.3959303e-10
2.5197207e-11,2.5338563e-11,2.624962e-11,2.5939896e-11,2.6528715e-11,2.4569003e-11,2.5834725e-11,2.5168725e-11,2.565647e-11,2.5030275e-11,2.7269893e-11,2.5850742e-11,2.5649474e-11,2.5393476e-11,2.6353714e-11,2.565965e-11,2.491724e-11,2.4887363e-11,2.5145932e-11,2.7073371e-11,2.7594815e-11,1.4000518e-11,1.1811428e-11,2.0543879e-11,8.346342e-12,1.8973326e-11,1.9394687e-11,1.1161824e-11,1.19328e-11,2.1810775e-11,1.8778767e-11,4.182909e-11,2.3989612e-11,2.1078368e-11,1.6753326e-11,3.5909442e-11,2.618881e-11,2.1014622e-11,1.9048313e-11,1.785312e-11,4.1565206e-11,2.1621569e-11,2.0678561e-11,4.7675017e-11,2.7636478e-11,2.5438365e-11,1.9004619e-11,9.5365685e-08,4.059827e-06,1.07377765e-07,7.673957e-06,2.411329e-07,9.6366875e-06,3.6030833e-06,5.942962e-06,6.877858e-05,5.545885e-07,4.2247364e-05,2.4030476e-06,6.245631e-05,0.00013157762,1.0005148e-05,0.0044089714,5.0164046e-05,0.0086083375,0.0011257376,0.008036408,0.32447213,0.0067478074,0.28620356,0.0013700259,0.19511673,0.09811254,0.0036120769,0.058325555,8.928299e-05,0.0027124677,9.4075716e-05,7.22434e-05,0.00026715532,1.4212528e-06,9.166232e-07,4.770447e-08,1.1239187e-06,4.2823897e-11,1.7977364e-11,1.7143228e-11,2.6456106e-11,4.0210685e-11,4.743393e-11,3.5864266e-11,4.229948e-11,1.9904252e-11,2.5448022e-11,2.953143e-11,2.2828392e-11,4.9158087e-11,1.4576685e-11,2.0720214e-11,1.5817079e-11,3.174115e-11,2.8739365e-11,2.403243e-11,4.1943175e-11,1.2172333e-11,2.155178e-11,2.4266839e-11,3.800469e-11,2.6598586e-11,2.5680949e-11,2.4396318e-11,2.5487078e-11,2.6731532e-11,2.726802e-11,2.6413299e-11,2.6144092e-11,2.6675658e-11,2.4222352e-11,2.7022554e-11,2.733342e-11,2.6985419e-11,2.4957241e-11,2.7482933e-11,2.4976386e-11,2.4644706e-11,2.5482122e-11,2.470066e-11,2.4650677e-11
1.1811667e-11,1.3035155e-11,1.2634323e-11,1.2158122e-11,1.2154574e-11,1.152936e-11,1.2200191e-11,1.0577574e-11,1.1556088e-11,1.2216561e-11,1.25998136e-11,1.1289209e-11,1.2286572e-11,1.2453021e-11,1.3756371e-11,1.2807072e-11,1.2333836e-11,1.1196145e-11,1.1302955e-11,1.4201495e-11,1.3005553e-11,1.598466e-11,1.5518002e-11,1.4639057e-11,1.5116778e-11,1.9431923e-11,2.1805975e-11,4.1684663e-11,1.4757643e-11,3.45159e-11,7.230787e-12,3.061908e-11,1.475742e-11,2.1951363e-11,1.3512471e-11,1.3231948e-11,1.873057e-11,1.0348936e-11,2.1284311e-11,3.282042e-11,5.4429714e-11,2.3331387e-11,1.9898734e-11,1.5943311e-11,9.629357e-12,1.5129007e-11,1.8169601e-11,8.057056e-08,2.5383824e-05,1.8143214e-07,9.478099e-06,1.94545e-06,6.433501e-05,3.2009534e-06,1.5739004e-05,4.0128187e-05,6.451496e-07,4.212659e-05,1.333653e-05,3.126012e-05,0.000109684006,4.381122e-06,0.00042907166,9.345997e-05,0.001069613,0.000104184,4.883248e-05,0.0004382242,1.0997976e-05,0.00058213057,0.00014222512,0.00023222252,0.0003705463,1.546395e-05,0.0004641592,4.2705724e-05,0.00012496716,1.200444e-05,9.304842e-06,3.0889238e-05,4.2055856e-07,8.4170654e-07,2.64315e-07,1.3236796e-07,3.2695086e-11,1.466393e-11,2.0766886e-11,2.995569e-11,2.5821009e-11,1.8264074e-11,3.365787e-11,2.567177e-11,7.944996e-12,3.8359618e-11,2.0667624e-11,1.8066621e-11,6.5175906e-11,1.6339648e-11,4.4377068e-11,1.7071919e-11,3.580266e-11,9.623702e-12,1.2252405e-11,2.0640599e-11,2.5776857e-12,1.3570766e-11,1.1534595e-11,1.691556e-11,1.6176692e-11,1.2175458e-11,1.1921644e-11,1.179278e-11,1.2661366e-11,1.38024436e-11,1.31566e-11,1.2097194e-11,1.3465158e-11,1.2424124e-11,1.1544654e-11,1.4014373e-11,1.2848593e-11,1.1465326e-11,1.33529325e-11,1.1007564e-11,1.1461565e-11,1.4911737e-11,1.3302295e-11,1.1222613e-11
3.780538e-11,4.1677394e-11,3.9717302e-11,3.7675665e-11,3.850561e-11,3.512428e-11,3.968989e-11,3.5150886e-11,3.6687618e-11,3.914505e-11,3.9566083e-11,3.511644e-11,3.5822786e-11,4.0046452e-11,4.0306147e-11,3.82481e-11,3.5637146e-11,3.7685872e-11,3.7696513e-11,4.3396446e-11,4.0967202e-11,5.0172626e-11,3.6706447e-11,7.5050015e-11,7.7471356e-11,5.426796e-11,4.4233884e-11,1.6246476e-10,2.9623682e-11,7.4341366e-11,3.14315e-11,7.551265e-11,5.497336e-11,4.5592863e-11,4.4198967e-11,4.3512565e-11,6.2890734e-11,3.382382e-11,4.1869896e-11,6.4121354e-11,1.1044343e-10,4.223758e-11,8.164771e-11,5.1268084e-11,2.8873934e-11,4.6758715e-11,4.0539686e-11,3.2533762e-07,6.248678e-05,7.2153017e-07,1.6823318e-05,7.3947845e-06,9.898123e-05,3.945224e-06,2.3025339e-05,3.278546e-05,1.3627856e-06,3.837412e-05,1.2068506e-05,4.0915398e-05,0.00012598961,8.838151e-06,0.0006137679,0.00021689558,0.0023220975,0.0002449003,0.00042158028,0.0026028254,0.00015477194,0.0065498017,0.0014385673,0.0050763935,0.0066792076,0.0003196871,0.007023803,0.0008917713,0.0031742246,0.000116537776,0.00024229888,0.0006291408,7.0383426e-06,1.282678e-05,1.550945e-06,8.6141495e-07,7.131906e-11,3.3979007e-11,4.4531694e-11,6.1442657e-11,5.367349e-11,2.3762107e-11,7.0773776e-11,3.933223e-11,3.028913e-11,9.0755806e-11,6.046886e-11,6.9190625e-11,6.436323e-11,4.3634985e-11,4.493021e-11,4.4362902e-11,7.7109e-11,1.6316403e-11,3.719925e-11,4.0734003e-11,1.1637322e-11,2.5598265e-11,2.0235839e-11,5.459489e-11,4.8358432e-11,3.7129497e-11,3.7491867e-11,3.7611837e-11,3.8269263e-11,4.203417e-11,4.0552756e-11,3.772003e-11,4.1219663e-11,4.148974e-11,3.531964e-11,4.011885e-11,4.0086875e-11,3.7783828e-11,4.0800873e-11,3.5426512e-11,3.624906e-11,4.575481e-11,4.1138683e-11,3.6436496e-11
1.9283977e-11,2.0817332e-11,1.8050159e-11,1.9206048e-11,1.7850657e-11,1.9344689e-11,1.8411151e-11,1.7745116e-11,1.6476412e-11,2.0038516e-11,2.0317461e-11,1.809038e-11,1.8278122e-11,1.9440933e-11,1.7845312e-11,1.7879996e-11,1.8305614e-11,1.8120528e-11,1.8231083e-11,1.9025136e-11,1.8465804e-11,3.1724966e-11,1.7060822e-11,3.497383e-11,2.276025e-11,1.635184e-11,2.2943834e-11,1.04534714e-10,3.6555283e-11,2.2767673e-11,3.7175235e-11,5.2939354e-11,4.328505e-11,2.046623e-11,2.5670797e-11,3.8458375e-11,2.8413029e-11,2.0614793e-11,2.0712378e-11,6.759666e-11,4.099819e-11,1.936721e-11,3.359951e-11,3.964362e-11,1.5895852e-11,3.3451412e-11,2.4601718e-11,1.7045342e-07,1.1208252e-05,2.1353524e-07,5.7739007e-06,1.0914382e-06,7.1010545e-05,2.3437804e-06,1.0592579e-05,1.8119114e-05,2.2209234e-07,2.04588e-05,2.2999209e-06,6.5260145e-05,6.357051e-05,2.3892644e-06,0.00049943465,1.9046216e-05,0.002179775,0.00017704055,0.0026616894,0.0071595614,0.0001333701,0.048615076,0.005836302,0.19949028,0.30041575,0.0017812178,0.071727365,0.0066473614,0.34610552,0.00031995532,0.0011272506,0.0023751778,7.925784e-06,3.477498e-05,1.4437779e-06,1.2710203e-06,3.587444e-11,1.578732e-11,3.80175e-11,7.678531e-11,4.003793e-11,1.2610851e-11,4.514259e-11,2.2296453e-11,1.25171045e-11,4.243845e-11,3.4176436e-11,5.7387144e-11,4.1389316e-11,1.7130993e-11,1.0221562e-11,3.5687033e-11,5.7517324e-11,5.6677007e-12,3.250829e-11,3.3622844e-11,9.508645e-12,2.1298728e-11,9.1407125e-12,2.476825e-11,1.8964016e-11,1.7553608e-11,1.8152075e-11,1.9550183e-11,1.8438421e-11,2.0110077e-11,1.9781765e-11,1.903519e-11,1.9447386e-11,2.050906e-11,1.7976426e-11,1.9479536e-11,2.033444e-11,1.9915328e-11,2.0181778e-11,1.7166253e-11,1.742119e-11,1.9261702e-11,1.9218325e-11,2.0516805e-11
3.3548882e-11,3.6008214e-11,3.418996e-11,3.2741483e-11,3.4468303e-11,3.2329188e-11,3.7977087e-11,2.8980193e-11,3.2517437e-11,3.169856e-11,3.5993795e-11,3.3792406e-11,3.6607363e-11,3.4462978e-11,3.923137e-11,3.4738774e-11,3.2926165e-11,2.9396e-11,3.2778787e-11,3.5613693e-11,3.605928e-11,3.117458e-11,4.930233e-11,2.647923e-11,7.2205818e-12,4.290247e-11,1.6512541e-11,3.63247e-11,5.4029583e-11,7.480375e-11,3.7409926e-11,1.149725e-10,4.1653465e-11,3.44321e-11,1.0637539e-10,4.2382185e-11,8.0536244e-11,1.4482775e-10,1.225123e-10,1.0044428e-10,2.3365e-10,7.706413e-11,7.231418e-11,9.3279634e-11,9.6623584e-11,7.186196e-11,1.3520328e-10,7.9013155e-08,1.0670975e-05,1.3995538e-06,1.3633137e-05,4.2484676e-06,9.921781e-06,3.4125304e-05,6.7274104e-06,1.3302322e-05,1.3952372e-06,1.7775248e-05,1.6241325e-05,3.131166e-06,6.33719e-05,3.1779098e-06,6.1282895e-05,4.315645e-05,4.2285257e-05,0.0002711709,1.1933955e-05,0.00032307493,4.5202087e-05,0.00072537264,0.00041425074,8.324766e-05,0.0009042987,4.678606e-05,0.00040405538,0.000115779156,4.7059966e-05,0.0003527302,6.3110715e-06,2.6023605e-05,1.1401438e-06,6.1300835e-07,2.6313867e-07,3.881342e-07,6.574606e-11,4.9033274e-11,4.275388e-11,6.416379e-11,6.300045e-11,9.594739e-11,5.0720095e-11,4.605538e-11,4.7489793e-11,1.3594958e-10,1.0649313e-10,1.7095625e-11,6.130019e-11,2.0988468e-11,3.8343266e-11,6.406657e-11,4.2176873e-11,5.832571e-11,5.7064763e-11,3.994049e-11,1.8155276e-11,5.3078014e-11,2.924489e-11,2.823386e-11,3.4811536e-11,3.491494e-11,3.4991007e-11,3.4836047e-11,3.6548202e-11,3.6893353e-11,3.774082e-11,3.5096013e-11,3.5811843e-11,3.652151e-11,3.2021483e-11,3.7868954e-11,3.641113e-11,3.097236e-11,3.1892745e-11,3.209988e-11,3.489836e-11,3.6181155e-11,3.4940387e-11,3.2021726e-11
4.8786544e-11,5.7341798e-11,5.5196316e-11,5.0666252e-11,5.3529337e-11,5.326677e-11,5.5146433e-11,4.9631438e-11,4.9990085e-11,4.9473127e-11,5.2343217e-11,5.441183e-11,5.500903e-11,5.8040857e-11,5.6867892e-11,5.1685958e-11,5.1110012e-11,5.512309e-11,5.018239e-11,6.188536e-11,5.733381e-11,3.8362244e-10,2.8492417e-10,1.8039759e-10,1.481851e-10,3.722823e-10,8.962203e-11,2.2990045e-10,1.2555239e-10,2.753291e-10,1.2699262e-10,2.4229768e-10,1.4132506e-10,1.9727202e-10,1.9446045e-10,9.876586e-11,3.2285769e-10,1.6804355e-10,1.9742821e-10,3.0085726e-10,4.5431078e-10,1.822037e-10,3.0179406e-10,2.6701494e-10,1.2156891e-10,2.9778296e-10,2.4087662e-10,7.652544e-07,0.0012846773,6.311447e-06,0.000103529834,2.9798257e-05,0.00027760386,5.2213647e-05,0.00019937428,0.0008389225,8.5351285e-06,0.0003797908,0.0002750204,0.0001717452,0.002267707,3.8734706e-05,0.0013922558,0.0004616884,0.0063710995,0.0022920072,0.0006076975,0.0088483915,6.968605e-05,0.0038546699,0.001646843,0.0015896868,0.0060474556,0.00016721454,0.004285606,0.00076173287,0.001998702,0.0007082001,0.0003388774,0.001573264,1.0821896e-05,4.4099994e-05,4.847755e-06,2.493531e-06,3.9626596e-10,2.6067637e-10,2.102655e-10,2.6127467e-10,3.2422645e-10,1.8359002e-10,3.4057993e-10,3.2523972e-10,1.1983538e-10,4.9391125e-10,2.6229927e-10,1.5241935e-10,3.8966436e-10,2.1129268e-10,2.431398e-10,1.4081974e-10,2.6489352e-10,1.9744742e-10,2.453896e-10,2.8360286e-10,5.4273454e-11,1.3187475e-10,1.6182275e-10,1.3208369e-10,7.8404304e-11,5.0498477e-11,5.4097653e-11,5.2229224e-11,5.3808794e-11,5.4364107e-11,5.766766e-11,5.231866e-11,5.246826e-11,5.946714e-11,4.825487e-11,5.6328137e-11,5.3799146e-11,5.3557728e-11,5.420714e-11,5.197829e-11,5.2226237e-11,6.456094e-11,5.6875053e-11,5.0233623e-11
1.19142664e-11,1.2958196e-11,1.1531525e-11,1.1834905e-11,1.1330464e-11,1.19675615e-11,1.1878234e-11,1.12234146e-11,1.083177e-11,1.2277329e-11,1.2725049e-11,1.1455281e-11,1.160728e-11,1.2241693e-11,1.1161484e-11,1.085862e-11,1.1753694e-11,1.1556119e-11,1.1836801e-11,1.21186585e-11,1.1779908e-11,3.5665967e-11,1.9819093e-11,3.1767255e-11,1.991614e-11,1.7202876e-11,2.0279377e-11,8.321374e-11,2.7419424e-11,1.8121577e-11,3.8133142e-11,3.9818322e-11,3.270877e-11,1.5987935e-11,1.881462e-11,3.8696067e-11,2.8427035e-11,1.8439068e-11,1.9028851e-11,6.839129e-11,3.4803035e-11,1.838488e-11,4.217598e-11,3.5716614e-11,1.8532504e-11,3.223018e-11,2.1946065e-11,7.93118e-08,2.8091422e-06,1.138256e-07,2.1937458e-06,7.7498686e-07,1.0539504e-05,8.944662e-07,4.4347858e-06,7.1741756e-06,2.9934017e-07,5.974701e-06,2.3014256e-06,2.1274673e-05,2.9258314e-05,1.9607007e-06,0.00019058812,1.6951719e-05,0.0005878769,0.00011864408,0.0021313888,0.008683875,0.00021125283,0.0380769,0.011209937,0.23797166,0.39292222,0.0030621174,0.06664143,0.010636863,0.22394301,0.00038749937,0.00095437764,0.0018936421,4.427272e-06,1.9108214e-05,1.558912e-06,1.0139304e-06,3.3957035e-11,1.7107007e-11,2.8204845e-11,5.2851418e-11,3.2708957e-11,1.0440483e-11,4.0767563e-11,2.0463475e-11,1.38245335e-11,4.367177e-11,3.1860823e-11,7.538426e-11,5.2924148e-11,1.8181161e-11,9.015653e-12,3.2984115e-11,4.6061266e-11,7.527258e-12,3.976603e-11,5.0471204e-11,1.1670594e-11,2.3295076e-11,1.047537e-11,2.2665607e-11,1.5534688e-11,1.1309672e-11,1.16079e-11,1.2358738e-11,1.1535705e-11,1.1789192e-11,1.213897e-11,1.1510562e-11,1.2038761e-11,1.2662971e-11,1.12217015e-11,1.2020773e-11,1.1999172e-11,1.2383159e-11,1.260718e-11,1.0978951e-11,1.08348495e-11,1.2227574e-11,1.2105814e-11,1.2645616e-11
6.2987337e-12,6.0219065e-12,5.964045e-12,6.751758e-12,5.6081754e-12,6.0394367e-12,6.7565116e-12,6.4292165e-12,6.019495e-12,5.8082905e-12,6.6444953e-12,5.869297e-12,6.1598695e-12,6.3588483e-12,6.6265487e-12,5.962407e-12,5.4772385e-12,6.9048348e-12,5.8380345e-12,7.164488e-12,6.126031e-12,5.235599e-11,6.8614746e-11,6.001774e-11,1.8137075e-11,2.6903563e-11,4.111868e-11,6.326249e-11,8.545548e-11,9.806643e-11,1.6444039e-10,1.3908626e-10,4.0668944e-11,5.0063172e-11,1.429056e-10,1.3204086e-10,1.9373447e-10,8.564085e-11,1.7814937e-10,1.0188528e-10,1.4739722e-10,1.0573619e-10,2.3213972e-10,2.1523784e-10,1.5965734e-10,6.419637e-11,3.9893083e-10,3.3073397e-07,1.4890272e-05,1.855776e-06,1.1240185e-05,5.800847e-06,1.8683157e-05,7.128104e-06,0.00029123292,5.490856e-05,3.2105828e-07,2.6283931e-05,0.00021798926,0.00018898469,0.00013380607,3.4690272e-06,0.0010151316,2.420355e-05,0.0007555931,0.003924177,0.003639159,0.010651262,3.251593e-05,0.026708774,0.2591642,0.3472803,0.31164834,7.521117e-05,0.016988618,0.00019057139,0.0015110818,0.0020867302,0.00044964085,0.0037241145,2.632084e-06,3.6744298e-06,1.9779432e-05,1.3211167e-06,1.2974531e-10,8.2853155e-11,4.7767335e-11,4.384966e-11,6.0536715e-11,4.569734e-11,8.51449e-11,4.9773727e-11,1.8712023e-11,3.8957868e-11,1.7212803e-10,1.6040946e-10,4.793673e-11,9.876655e-12,1.4971316e-11,5.4191217e-11,3.8285763e-11,3.7283496e-11,1.4931799e-10,3.216933e-11,2.3312111e-11,2.213343e-11,3.809303e-11,1.7865834e-11,7.694295e-12,6.3686313e-12,6.3668216e-12,6.1521196e-12,6.5365807e-12,6.3216377e-12,6.52766e-12,6.229485e-12,6.4597615e-12,6.695332e-12,6.2195123e-12,6.5997073e-12,6.323749e-12,6.4821013e-12,6.1605864e-12,6.0554925e-12,6.356399e-12,6.2451056e-12,5.9877073e-12,6.5951897e-12
1.358252e-12,1.5552609e-12,1.3765582e-12,1.4561861e-12,1.2958159e-12,1.3611256e-12,1.5194971e-12,1.3620424e-12,1.3460098e-12,1.3466442e-12,1.4144831e-12,1.4416222e-12,1.3959628e-12,1.3811739e-12,1.3567969e-12,1.3026058e-12,1.4310419e-12,1.3635578e-12,1.3468188e-12,1.5547568e-12,1.4928868e-12,8.916461e-12,2.0569237e-11,1.424007e-11,5.9441094e-12,1.113473e-11,7.968811e-12,2.0427627e-11,1.2568424e-11,1.2367505e-11,1.0175949e-11,1.1226428e-11,1.3363741e-11,1.1511457e-11,1.2995615e-11,1.0844976e-11,2.3221649e-11,1.3796685e-11,2.0623765e-11,2.3456823e-11,3.144251e-11,2.2777887e-11,2.0781397e-11,1.6340526e-11,1.6786426e-11,2.2411108e-11,2.8677971e-11,8.9018144e-08,8.48207e-06,3.4930312e-07,3.7097354e-06,1.5103967e-06,8.664472e-06,5.7784137e-06,5.4880584e-06,2.523171e-05,4.4733892e-07,2.9697292e-05,1.1171865e-05,6.4603923e-06,0.00040863795,3.0655692e-06,0.00031091273,7.464816e-05,0.0009991595,0.0015682774,0.00039272403,0.018520981,0.000944461,0.1400443,0.02323139,0.022143902,0.7185941,0.0016019181,0.048789375,0.003012622,0.012707651,0.0021683255,9.805234e-05,0.0009821842,1.20944205e-05,1.379857e-05,2.7453445e-06,1.8891542e-06,5.3602546e-11,1.45212635e-11,1.5537141e-11,3.504208e-11,2.3605699e-11,1.691018e-11,2.7520902e-11,9.0503655e-12,2.1468159e-11,7.189345e-11,4.072014e-11,2.0696113e-11,5.2036972e-11,1.1626043e-11,1.6349505e-11,2.4711679e-11,3.0767968e-11,9.7321335e-12,1.9627378e-11,1.6546835e-11,6.121973e-12,8.969322e-12,4.249003e-12,4.986365e-12,2.8393843e-12,1.3666354e-12,1.3610503e-12,1.4219272e-12,1.3239065e-12,1.4762626e-12,1.4781306e-12,1.3460174e-12,1.4002321e-12,1.42874e-12,1.4050398e-12,1.406772e-12,1.3437089e-12,1.3809104e-12,1.3884321e-12,1.2816527e-12,1.4247968e-12,1.4801252e-12,1.4140515e-12,1.3465851e-12
1.503165e-11,1.5276811e-11,1.4137231e-11,1.5630561e-11,1.5135391e-11,1.4340045e-11,1.5251073e-11,1.3710195e-11,1.489335e-11,1.4252107e-11,1.5373093e-11,1.462243e-11,1.3670558e-11,1.3915957e-11,1.5419433e-11,1.4777846e-11,1.38682356e-11,1.4215428e-11,1.372888e-11,1.668638e-11,1.6794847e-11,3.242773e-11,8.465126e-11,5.8460556e-11,4.87744e-11,4.1334967e-11,6.341804e-11,1.9048169e-10,5.6727553e-11,9.713408e-11,3.258285e-11,1.4891968e-10,6.632009e-11,7.643506e-11,6.652076e-11,5.1121083e-11,1.7013974e-10,7.9089284e-11,1.2255102e-10,1.1974251e-10,1.8651619e-10,7.702735e-11,1.5743548e-10,5.6438965e-11,3.9462045e-11,8.321021e-11,6.394263e-11,5.200165e-07,0.00018443873,1.016992e-06,4.769529e-05,9.751951e-06,0.00021287175,3.7900692e-05,8.778071e-05,0.0002580801,5.597149e-06,0.00048679544,7.340462e-05,9.2694754e-05,0.0046329815,2.9238216e-05,0.0068691736,0.0027898077,0.038019486,0.010618632,0.0039138454,0.027674183,0.0012175093,0.088480435,0.008286875,0.012592617,0.057163548,0.0005298143,0.025159411,0.005016494,0.0073584686,0.0013377859,0.00015742125,0.0013285618,2.5475285e-05,2.541181e-05,2.7339215e-06,3.468723e-06,1.9495011e-10,7.292553e-11,6.012585e-11,1.2564355e-10,1.2371497e-10,7.3825696e-11,1.0066669e-10,4.090697e-11,4.6596463e-11,2.2807024e-10,5.4809046e-11,4.4994234e-11,5.7866597e-11,2.7690392e-11,4.636914e-11,5.6894205e-11,7.9803754e-11,5.125318e-11,8.379728e-11,2.9789445e-11,2.2603903e-11,4.2215075e-11,1.240954e-11,3.926054e-11,2.4160882e-11,1.3714327e-11,1.4996311e-11,1.4627926e-11,1.5215858e-11,1.559557e-11,1.4495333e-11,1.4736356e-11,1.4690249e-11,1.5241594e-11,1.40562735e-11,1.513493e-11,1.4722338e-11,1.4765673e-11,1.4742709e-11,1.3324823e-11,1.4145296e-11,1.5285846e-11,1.563074e-11,1.5455356e-11
3.1169464e-12,3.3104496e-12,2.866748e-12,3.3406932e-12,3.0001119e-12,2.9936296e-12,3.111529e-12,2.96697e-12,2.960057e-12,3.1397634e-12,3.1797444e-12,3.1455e-12,3.2289618e-12,3.0822903e-12,2.7991119e-12,3.0240977e-12,2.8336521e-12,3.0046473e-12,3.0457297e-12,3.2857278e-12,2.7321385e-12,1.0539426e-11,1.2357353e-11,1.3452468e-11,7.5359675e-12,7.394072e-12,1.6035954e-11,2.3682476e-11,9.014161e-12,8.828572e-12,6.722371e-12,7.020209e-12,5.6162475e-12,7.646485e-12,7.342005e-12,7.64249e-12,1.23381826e-11,3.9146377e-12,7.96578e-12,1.2293339e-11,1.0973828e-11,6.457065e-12,8.91914e-12,5.9498886e-12,7.843389e-12,1.0228576e-11,1.03884245e-11,4.196963e-08,9.357206e-06,1.9421594e-07,5.7014067e-06,7.435855e-07,1.19390925e-05,1.4096153e-06,6.7634955e-06,5.844471e-06,7.7891606e-08,8.581407e-06,6.5981108e-06,2.0433064e-05,9.561905e-05,2.1576752e-06,0.0009732846,6.446505e-05,0.0073145633,0.0046195337,0.009148925,0.04593816,0.00020824402,0.3039817,0.076607205,0.30566937,0.15421483,0.0005082687,0.049581546,0.0019033847,0.03579193,0.0018495624,0.00021164202,0.00024962344,1.4334913e-06,6.177685e-06,8.315715e-07,1.02725586e-07,6.724782e-12,3.4760378e-12,4.569043e-12,7.907167e-12,6.7547725e-12,3.2598284e-12,7.606323e-12,4.700236e-12,3.014239e-12,1.3034875e-11,9.704191e-12,2.353433e-11,5.526561e-12,3.9693812e-12,3.8312925e-12,6.1013577e-12,1.9240356e-11,3.795087e-12,2.068461e-11,1.3590056e-11,3.5741963e-12,7.586343e-12,7.9821445e-12,6.337152e-12,4.5000436e-12,2.792851e-12,2.9011713e-12,3.131755e-12,3.1596243e-12,3.0594824e-12,3.0582804e-12,3.1194442e-12,3.1506577e-12,3.4044256e-12,2.92724e-12,3.094419e-12,3.137369e-12,3.4113094e-12,3.3017918e-12,2.7716985e-12,3.1644613e-12,3.1978205e-12,3.1989673e-12,3.0469208e-12
2.0136135e-12,2.1996584e-12,2.0947855e-12,2.1399427e-12,2.0812844e-12,1.937781e-12,2.33733e-12,2.0124924e-12,2.0395888e-12,2.0652453e-12,2.0740482e-12,2.2140963e-12,2.0451438e-12,2.1326166e-12,2.2684792e-12,1.956969e-12,2.0700804e-12,2.0592113e-12,1.9920378e-12,2.2456028e-12,2.2860095e-12,8.173253e-12,1.9317964e-11,1.2373995e-11,8.835337e-12,1.4383464e-11,1.1042329e-11,2.3040894e-11,1.712195e-11,4.1404095e-11,2.975146e-11,2.9988463e-11,1.7059102e-11,2.0319482e-11,2.6227843e-11,2.1050882e-11,5.4740518e-11,3.2126322e-11,9.221396e-11,1.0582308e-10,1.5290523e-10,4.54853e-11,8.7072266e-11,5.648011e-11,5.1123723e-11,4.3248176e-11,6.266271e-11,1.6915877e-07,5.161657e-05,9.4997995e-07,2.482741e-05,3.1789539e-06,1.5754e-05,2.5041352e-05,1.2648655e-05,2.2113756e-05,1.218342e-07,4.4740296e-05,1.2672113e-05,6.2565177e-06,0.0007081134,3.2820644e-06,0.0009265977,0.00019808896,0.0026926987,0.007142188,0.000827247,0.02643439,0.00045646157,0.45705557,0.025314579,0.02925574,0.34946063,0.0003716388,0.031532943,0.0014500358,0.001504505,0.0016795583,3.095289e-05,0.00017766947,1.8257373e-06,3.08081e-06,7.135651e-07,7.950508e-07,3.023785e-11,9.703461e-12,1.1814828e-11,2.6431031e-11,2.4344205e-11,2.3838037e-11,2.5564434e-11,1.2884748e-11,1.5605123e-11,9.614409e-11,5.586875e-11,2.0249764e-11,2.5242513e-11,6.392712e-12,1.2488565e-11,1.9941146e-11,2.0796505e-11,8.419457e-12,2.0193992e-11,2.4033341e-11,6.55678e-12,1.6637124e-11,6.244696e-12,5.0815714e-12,3.5148703e-12,2.0713836e-12,2.0450189e-12,2.1203354e-12,2.1750522e-12,2.0879483e-12,2.1528222e-12,2.0569583e-12,2.2834208e-12,2.2001116e-12,2.2159807e-12,2.2066257e-12,2.1633598e-12,2.0576253e-12,2.048728e-12,1.8764e-12,2.1845648e-12,2.170833e-12,2.0486575e-12,1.9696562e-12
1.6680548e-11,2.1022897e-11,2.0501385e-11,1.772194e-11,2.0008564e-11,2.0685523e-11,1.82389e-11,1.8700435e-11,1.9781154e-11,1.8223045e-11,1.824774e-11,2.1112709e-11,1.9193664e-11,2.1569852e-11,1.9866e-11,1.7030967e-11,2.1172028e-11,1.9518654e-11,1.8709926e-11,2.322429e-11,2.113511e-11,5.000062e-10,4.043663e-10,5.924722e-10,1.5543658e-10,4.8914045e-10,2.504005e-10,4.2799295e-10,3.534151e-10,7.799971e-10,3.8410436e-10,2.48171e-10,7.420544e-10,5.706548e-10,4.4789927e-10,1.4463405e-10,4.5312798e-10,3.5453787e-10,3.1790937e-10,3.1821087e-10,7.1156353e-10,4.7805754e-10,4.2995255e-10,3.643716e-10,4.1823242e-10,6.0368305e-10,6.729268e-10,8.7865413e-07,0.00019406059,1.4031228e-06,3.113533e-05,1.769315e-05,3.4449375e-05,0.00010984906,2.0999338e-05,0.00029671285,5.4911175e-06,5.8458416e-05,9.798647e-05,0.00012283683,0.0006932281,2.700988e-05,0.0036421344,0.00039180106,0.0026127794,0.0075929086,0.0011648516,0.04327645,0.0024933955,0.01018368,0.0054827323,0.0032392235,0.0061767716,0.00041082528,0.010795127,0.00075516413,0.0004624748,0.0017298181,0.00031866934,0.0011565702,3.111025e-05,1.9090725e-05,6.0206817e-06,4.087975e-06,1.1011415e-09,9.144049e-10,5.7268396e-10,7.446107e-10,7.3825823e-10,5.99463e-10,1.0460813e-09,5.437608e-10,4.9326654e-10,6.2644173e-10,2.4119715e-10,2.4069163e-10,5.758187e-10,2.8803224e-10,6.7286143e-10,2.0001058e-10,2.3447919e-10,4.8192367e-10,3.6485562e-10,4.5979778e-10,2.5769453e-10,2.4961325e-10,4.761265e-10,1.3948721e-10,5.0126545e-11,1.844123e-11,1.848969e-11,1.8953379e-11,2.0055905e-11,2.0065661e-11,2.2030211e-11,2.0649217e-11,1.8603456e-11,1.9256072e-11,1.766329e-11,2.1102564e-11,1.9462817e-11,1.952249e-11,2.0292627e-11,1.8929714e-11,1.6297002e-11,1.9681121e-11,1.963815e-11,1.9128792e-11
1.2944137e-11,1.33846875e-11,1.2561883e-11,1.3241675e-11,1.2822209e-11,1.2960615e-11,1.2798044e-11,1.2672753e-11,1.3384099e-11,1.32577985e-11,1.3012187e-11,1.414244e-11,1.31005415e-11,1.3660578e-11,1.19191506e-11,1.186804e-11,1.306598e-11,1.2126933e-11,1.31217225e-11,1.4714313e-11,1.3046431e-11,2.8907146e-11,5.903427e-11,4.5035024e-11,3.2065475e-11,4.8025105e-11,4.582107e-11,5.2556966e-11,4.2467457e-11,3.2991845e-11,3.503507e-11,2.9314075e-11,5.1563923e-11,5.901063e-11,4.518629e-11,5.6835217e-11,1.0562627e-10,5.911438e-11,6.251123e-11,6.9580466e-11,6.793378e-11,6.011245e-11,6.8566555e-11,3.9076468e-11,1.08707876e-10,6.8346155e-11,1.0094744e-10,1.6688965e-07,2.5618843e-05,6.3971925e-07,3.3050253e-06,1.965793e-06,6.32719e-06,8.727268e-06,3.4349687e-06,1.4978237e-05,7.7004023e-07,2.2052116e-05,9.10233e-06,1.0571986e-05,0.00022750217,7.526835e-06,0.00019850672,3.0548465e-05,0.0010658868,0.0012203461,0.00035794018,0.02066574,0.001556491,0.188548,0.042404953,0.03626947,0.61947757,0.008156472,0.05291083,0.0015294683,0.002603422,0.0011881797,3.697189e-05,0.00029693052,2.0079742e-06,1.9701022e-06,1.0738506e-06,8.0866243e-07,9.419212e-11,3.8464704e-11,3.412727e-11,8.002403e-11,7.1605805e-11,4.9966694e-11,6.132121e-11,3.08246e-11,2.6555442e-11,1.0035672e-10,5.279327e-11,3.0473502e-11,9.5061334e-11,2.3047312e-11,3.3224232e-11,3.3305952e-11,3.885092e-11,2.5107014e-11,2.6363463e-11,6.6101756e-11,1.9748862e-11,3.045038e-11,3.9528117e-11,3.253405e-11,2.1848202e-11,1.2115027e-11,1.2665794e-11,1.3616018e-11,1.2531396e-11,1.3094696e-11,1.35996665e-11,1.29755555e-11,1.29028e-11,1.2868417e-11,1.2661084e-11,1.3613732e-11,1.3245691e-11,1.3759213e-11,1.3655499e-11,1.2205226e-11,1.2274189e-11,1.2884504e-11,1.3352863e-11,1.4235429e-11
5.0423363e-11,5.748422e-11,5.1253474e-11,5.0959098e-11,5.370693e-11,5.087383e-11,5.66321e-11,4.9047846e-11,4.9786987e-11,5.1835487e-11,5.7317696e-11,4.9500272e-11,5.1628864e-11,5.198519e-11,5.0269622e-11,5.233578e-11,4.5441335e-11,5.333627e-11,4.7345333e-11,6.270754e-11,5.119085e-11,2.0245951e-10,1.9516666e-10,1.3127485e-10,4.3856817e-11,1.3529634e-10,8.453994e-11,1.1019779e-10,9.17471e-11,1.9208996e-10,7.218696e-11,2.7515196e-10,1.4095695e-10,1.7186448e-10,1.9084465e-10,1.6163845e-10,1.6997044e-10,2.0953068e-10,2.147759e-10,1.544252e-10,2.8360156e-10,1.3419021e-10,3.3077927e-10,1.6573724e-10,2.0989188e-10,1.03185134e-10,2.626851e-10,2.6709e-07,5.032974e-05,1.9803283e-06,3.572577e-05,1.8486677e-05,3.624517e-05,2.2971937e-05,5.5399578e-05,0.00013802394,1.1705502e-05,4.1891202e-05,0.00010476612,7.0986396e-05,0.00028793668,3.1147913e-05,0.0005754075,0.00014295733,0.00085743895,0.00092938764,0.00014883056,0.0011153715,5.8401838e-05,0.00047858845,0.0006300539,0.0003402791,0.00096985314,5.6054054e-05,0.002080132,0.00023140885,6.0928032e-05,0.00040447543,4.0419567e-05,0.00023888302,2.5734528e-06,1.5533108e-06,2.564833e-06,4.0035619e-07,2.2835189e-10,1.9576692e-10,1.4905126e-10,1.5782396e-10,2.0350095e-10,2.139651e-10,2.4842314e-10,1.5070328e-10,8.861822e-11,1.9629298e-10,2.0572584e-10,1.8947185e-10,1.4558266e-10,1.2548669e-10,2.307851e-10,2.0374524e-10,3.409911e-10,9.675854e-11,1.4058722e-10,1.7729164e-10,5.3996998e-11,7.2236675e-11,1.767359e-10,8.323245e-11,7.320746e-11,4.9297698e-11,5.5864913e-11,5.1002855e-11,6.068626e-11,4.754188e-11,5.1497473e-11,5.214448e-11,5.424961e-11,5.5093402e-11,4.855646e-11,5.3081126e-11,4.9868526e-11,5.3897088e-11,5.352276e-11,5.178884e-11,4.8809772e-11,6.1223034e-11,5.5957586e-11,5.313603e-11
2.291892e-11,2.6790693e-11,2.4230994e-11,2.349857e-11,2.402212e-11,2.4091087e-11,2.2971569e-11,2.2889432e-11,2.2694072e-11,2.4820666e-11,2.5103569e-11,2.5065103e-11,2.4579503e-11,2.5861691e-11,2.3365474e-11,2.203347e-11,2.3809779e-11,2.5340932e-11,2.3475902e-11,2.584182e-11,2.3645589e-11,1.8398606e-10,8.227486e-11,1.0044962e-10,6.1698535e-11,1.04837694e-10,6.9078784e-11,2.1091169e-10,7.163519e-11,9.536573e-11,8.451288e-11,1.2430303e-10,9.778753e-11,8.84482e-11,7.911859e-11,7.133087e-11,1.0846227e-10,8.454528e-11,6.885726e-11,1.2184674e-10,1.3275672e-10,5.8533664e-11,9.3395874e-11,1.5037141e-10,7.991238e-11,1.0789958e-10,7.4127676e-11,5.520188e-07,7.8415724e-05,9.947715e-07,3.12495e-05,7.2787893e-06,0.00010729306,9.979258e-06,4.4132117e-05,0.00024360788,2.4258338e-06,0.00013938772,2.4178506e-05,0.00019265099,0.0004717767,1.7299733e-05,0.0035085643,0.00023861624,0.007966697,0.0013404532,0.007868745,0.037706133,0.0006842872,0.046235513,0.007451029,0.10644339,0.33352727,0.0064576515,0.21212488,0.009267887,0.19583939,0.001880909,0.0033199827,0.014813354,2.180458e-05,0.0001479841,8.178247e-06,5.423833e-06,2.5687968e-10,1.1692657e-10,1.434416e-10,3.334125e-10,2.0155143e-10,8.377686e-11,2.1105495e-10,8.0672295e-11,5.6042945e-11,1.10374106e-10,7.222871e-11,8.704241e-11,1.5178944e-10,7.9762856e-11,7.238317e-11,6.969019e-11,1.5859833e-10,3.4796662e-11,1.0402223e-10,1.0802602e-10,4.818137e-11,5.7709993e-11,4.6214824e-11,6.294531e-11,3.073121e-11,2.2726298e-11,2.3649558e-11,2.4173476e-11,2.4682152e-11,2.438013e-11,2.4538984e-11,2.3022055e-11,2.3411956e-11,2.554324e-11,2.3659033e-11,2.4720127e-11,2.549092e-11,2.5021254e-11,2.5175783e-11,2.3480513e-11,2.1635554e-11,2.6294569e-11,2.5302633e-11,2.4758253e-11
2.4388625e-12,2.4558632e-12,2.1826323e-12,2.5227485e-12,2.1674322e-12,2.3330188e-12,2.4393278e-12,2.198736e-12,2.3291683e-12,2.4095387e-12,2.6012213e-12,2.4287892e-12,2.5839042e-12,2.4007309e-12,2.4359152e-12,2.213911e-12,2.5130091e-12,2.041714e-12,2.3669304e-12,2.4658043e-12,2.1256968e-12,1.824758e-11,2.1364532e-11,1.2487708e-11,1.356014e-11,1.05711264e-11,2.0116875e-11,1.3289242e-11,1.6347233e-11,1.369107e-11,6.910535e-12,1.7428245e-11,8.071009e-12,1.6259232e-11,1.9451142e-11,1.8136269e-11,2.8295416e-11,2.1991397e-11,2.5119753e-11,2.5296015e-11,2.0917523e-11,2.682873e-11,2.1829332e-11,1.28192006e-11,9.636951e-12,1.2050337e-11,1.5065005e-11,9.284486e-08,1.3916587e-05,5.496007e-07,1.2408007e-05,2.4517824e-06,1.0762821e-05,9.672862e-06,1.4840134e-05,2.5624657e-05,1.8940198e-06,5.908007e-05,2.3827837e-05,3.1142597e-05,0.0011267116,2.9610957e-05,0.0028809658,0.00027877005,0.0061334446,0.011493949,0.0030989372,0.014121433,0.00012574933,0.013124473,0.002807528,0.0011726007,0.004810279,6.0673257e-05,0.002740157,0.00026650066,0.00041916285,0.00043504252,8.307763e-06,8.791612e-05,1.1900701e-06,1.0086247e-06,1.3377038e-06,2.0806964e-07,2.2533872e-11,1.4307892e-11,1.6606121e-11,2.579828e-11,1.8371976e-11,2.3339278e-11,2.2960963e-11,1.3821421e-11,9.2579425e-12,4.1034277e-11,2.1307477e-11,1.2817098e-11,1.2408975e-11,9.5243865e-12,2.853388e-11,2.6012126e-11,3.124201e-11,2.1685001e-11,2.6434459e-11,2.0720961e-11,4.276795e-12,1.6226576e-11,1.5169034e-11,4.603023e-12,3.8006694e-12,2.2179767e-12,2.2750569e-12,2.4649202e-12,2.4062685e-12,2.415272e-12,2.523711e-12,2.5424864e-12,2.442801e-12,2.6661804e-12,2.1522476e-12,2.4785263e-12,2.5142653e-12,2.2888193e-12,2.3462545e-12,2.1046695e-12,2.2371469e-12,2.5053041e-12,2.328573e-12,2.5053902e-12
1.9598214e-09,2.088612e-09,2.1002489e-09,1.9107962e-09,2.0876678e-09,2.0274589e-09,2.1264288e-09,1.9892077e-09,2.0312094e-09,1.9486244e-09,2.26555e-09,1.981411e-09,2.063287e-09,2.118846e-09,1.9791635e-09,2.0356192e-09,1.9549569e-09,1.9514885e-09,1.965579e-09,2.068433e-09,2.1521884e-09,3.4929715e-10,6.801066e-10,3.2476266e-10,3.069178e-10,4.3251977e-10,4.6669235e-10,3.5771489e-10,3.0914923e-10,2.230561e-10,1.9769328e-10,3.6429182e-10,2.77302e-10,1.3524161e-10,3.017713e-10,2.2351392e-10,9.8974884e-11,1.5928851e-10,1.8730831e-10,1.5439479e-10,2.013227e-10,8.017722e-11,1.2061398e-10,1.9922101e-10,1.4773932e-10,1.292248e-10,1.6641284e-10,1.9327541e-07,2.3016391e-06,3.060782e-07,2.2375646e-06,2.6422872e-06,6.527884e-06,1.1442271e-05,5.789157e-06,1.7846778e-05,1.5145505e-06,1.2128722e-05,2.043614e-05,1.4611376e-05,3.725098e-05,1.1195102e-05,3.9254737e-05,5.1816747e-05,7.4658536e-05,5.1638268e-05,7.3252677e-06,8.5856496e-05,1.8254243e-05,7.138208e-05,0.00010500845,5.8852296e-05,4.8431266e-05,2.6954232e-05,6.275438e-05,1.5669111e-05,5.608855e-06,2.1005895e-05,3.9574143e-06,5.0854833e-06,6.860513e-07,1.0624109e-06,2.41124e-07,1.3617571e-07,3.4391326e-10,4.2111184e-10,2.8585956e-10,2.7276914e-10,2.4905975e-10,2.6277572e-10,6.2012345e-10,3.2083525e-10,1.520568e-10,4.2639936e-10,3.777062e-10,4.6803306e-10,3.2442712e-10,4.242018e-10,2.1739005e-10,4.579783e-10,2.1604292e-10,3.262509e-10,2.831075e-10,3.5408051e-10,2.3074496e-10,3.86633e-10,7.0277234e-10,1.0101485e-09,1.3837598e-09,2.0403073e-09,2.0179605e-09,1.9808328e-09,1.9809387e-09,2.0301212e-09,2.1146027e-09,2.0187496e-09,2.2067546e-09,1.9656954e-09,1.999833e-09,2.1220614e-09,2.0517101e-09,2.086068e-09,1.9205335e-09,2.0641606e-09,2.0466095e-09,2.1136872e-09,2.017614e-09,2.1112898e-09
2.1939246e-10,2.3082387e-10,2.2798331e-10,2.4581293e-10,2.2674046e-10,2.1435441e-10,2.2530403e-10,2.1708393e-10,2.3055106e-10,2.2403047e-10,2.4448685e-10,2.1806332e-10,2.3068567e-10,2.2916566e-10,2.334245e-10,2.1904543e-10,2.3385588e-10,2.225263e-10,2.1549813e-10,2.4644106e-10,2.3079218e-10,2.5758123e-10,7.07924e-10,6.3837147e-10,3.4252562e-10,4.299562e-10,5.5800947e-10,5.7144933e-10,3.559964e-10,4.3583495e-10,7.13852e-10,9.594758e-10,3.6768524e-10,4.0283396e-10,5.403258e-10,7.8359147e-10,4.9199095e-10,7.9492235e-10,8.401548e-10,3.909438e-10,9.386325e-10,5.924998e-10,6.4530775e-10,7.975025e-10,3.351697e-10,4.389467e-10,4.8961507e-10,6.3234165e-07,0.000153849,3.1681163e-06,0.000602369,1.6397871e-05,0.0002768263,0.00055029045,0.00055074226,0.0028521142,1.758896e-05,0.0055742026,0.0026930494,0.007662846,0.06638782,0.002364692,0.13752124,0.0046599708,0.1427219,0.084138535,0.03165633,0.31748632,0.0014801505,0.064319685,0.026464373,0.03942441,0.03355207,0.0018707663,0.014033674,0.00043612526,0.0010927266,0.0003120115,0.00014472796,0.0002378595,5.330773e-06,1.6873086e-05,3.7116258e-06,4.018364e-06,6.5564487e-10,3.96858e-10,2.0894128e-10,6.901203e-10,4.628329e-10,4.6781634e-10,6.825305e-10,2.6263752e-10,1.7307704e-10,5.8012073e-10,4.9379695e-10,6.89005e-10,3.6371364e-10,3.6295275e-10,4.6495024e-10,2.551997e-10,3.5352257e-10,3.0433614e-10,4.688383e-10,4.1409254e-10,2.1697631e-10,3.272819e-10,3.374559e-10,5.028308e-10,2.851175e-10,2.3136779e-10,2.1542745e-10,1.9568108e-10,2.2809467e-10,2.409546e-10,2.3187849e-10,2.3130249e-10,2.2855978e-10,2.1079702e-10,2.2926534e-10,2.302698e-10,2.2449585e-10,2.150875e-10,2.3633465e-10,2.2099597e-10,1.9974693e-10,2.3507407e-10,2.2856153e-10,2.2044869e-10
3.648801e-11,3.6308203e-11,3.744446e-11,3.8677537e-11,3.8759062e-11,3.3590294e-11,3.5091045e-11,3.1558714e-11,4.0611868e-11,3.5361075e-11,3.9400004e-11,3.7909696e-11,3.8577853e-11,3.884751e-11,3.8337916e-11,3.7646265e-11,4.0289754e-11,3.555226e-11,3.657755e-11,4.1632957e-11,4.1850547e-11,4.1339866e-11,7.595998e-11,6.99939e-11,2.6106664e-11,5.660511e-11,3.9660806e-11,1.06560344e-10,3.775081e-11,6.249466e-11,3.9895094e-11,7.0780076e-11,3.1587438e-11,4.743727e-11,4.8407774e-11,5.6643554e-11,2.9738528e-11,5.1756554e-11,4.6389233e-11,4.018806e-11,5.4677915e-11,3.4363918e-11,3.662579e-11,3.724573e-11,2.8991847e-11,3.5215827e-11,2.3577671e-11,1.4240088e-07,1.5288637e-05,4.2881925e-07,3.1195093e-05,7.4884865e-06,2.0922915e-05,9.729145e-05,2.1964363e-05,0.0001553102,2.541728e-06,0.00024404767,0.0004112788,0.00041912647,0.0021854283,0.00013840476,0.0029339378,0.0012854566,0.001555224,0.0036367541,0.0001538741,0.0059144455,0.00010329485,0.001310112,0.0019756195,0.00045577346,0.00033773316,7.0947826e-05,0.00027059935,5.636191e-05,1.5476602e-05,5.663098e-05,8.363712e-06,1.1637828e-05,7.0369254e-07,1.549046e-06,6.412035e-07,3.2526887e-07,3.847659e-11,4.721143e-11,1.931292e-11,4.9157893e-11,3.5065822e-11,4.0862293e-11,7.444746e-11,2.6691123e-11,2.382231e-11,9.325736e-11,8.286607e-11,7.886636e-11,4.148932e-11,5.182432e-11,6.9921444e-11,2.6940518e-11,3.5952134e-11,4.081626e-11,4.9666347e-11,4.411531e-11,1.9940804e-11,4.6200533e-11,8.3890374e-11,7.4412254e-11,4.8029872e-11,3.8058143e-11,3.5418515e-11,3.4731672e-11,3.965914e-11,4.1130502e-11,3.7368903e-11,3.8218543e-11,3.8506982e-11,3.5711017e-11,3.606367e-11,3.849729e-11,3.6046957e-11,3.4990327e-11,3.8007802e-11,3.588965e-11,3.4540357e-11,4.2043043e-11,3.9776942e-11,3.417078e-11
1.8420884e-10,1.835698e-10,1.7841367e-10,1.9176769e-10,1.8102776e-10,1.770239e-10,1.7860163e-10,1.7407442e-10,1.9577837e-10,1.7216556e-10,1.8948293e-10,1.7826368e-10,1.9082268e-10,1.8788074e-10,1.9781995e-10,1.9572462e-10,2.0331382e-10,1.6696122e-10,1.8160323e-10,2.0306617e-10,2.0406712e-10,1.7391878e-10,2.6144828e-10,2.1999363e-10,1.5141367e-10,1.446578e-10,2.3549887e-10,2.6851657e-10,1.3393621e-10,1.7554481e-10,1.4651493e-10,1.7051131e-10,1.1621319e-10,1.3013944e-10,1.497993e-10,1.13413334e-10,9.854461e-11,1.5467269e-10,1.6272475e-10,8.8607344e-11,1.6766553e-10,9.360747e-11,9.781653e-11,1.3314204e-10,8.365575e-11,8.6929165e-11,8.0269465e-11,9.332416e-08,1.6627377e-05,5.6880515e-07,4.4976972e-05,3.7600796e-06,5.8326885e-05,0.00012475054,7.25687e-05,0.0002941242,3.7469463e-06,0.000599139,0.00029181165,0.0007066865,0.0034514754,0.00011327554,0.0048279213,0.0004057981,0.0027197592,0.0029511577,0.00032567824,0.003973391,7.537493e-05,0.0013088834,0.0020898252,0.0004495208,0.0005295326,9.75718e-05,0.00046907525,5.512255e-05,3.2907235e-05,9.256617e-05,1.4175731e-05,2.4356805e-05,8.041421e-07,4.6845453e-06,1.3532415e-06,6.3239185e-07,2.2182987e-10,1.8865819e-10,1.1171723e-10,2.4708566e-10,1.3351434e-10,1.9618882e-10,3.1779118e-10,1.2012469e-10,1.2326315e-10,5.6415284e-10,3.9587336e-10,2.4643285e-10,2.1516365e-10,2.4126437e-10,2.7822003e-10,8.8718116e-11,1.685701e-10,1.2607607e-10,1.6961474e-10,1.3457331e-10,8.453182e-11,2.0673033e-10,2.4709462e-10,3.100893e-10,2.3096682e-10,1.8989103e-10,1.7098256e-10,1.7677422e-10,1.876927e-10,2.072665e-10,1.8953497e-10,1.922548e-10,1.9196274e-10,1.8709545e-10,1.7232753e-10,1.8983454e-10,1.8684473e-10,1.6601556e-10,1.8348578e-10,1.8429741e-10,1.7374538e-10,1.9506756e-10,2.0385783e-10,1.6882494e-10
4.804954e-11,4.778094e-11,4.8483325e-11,4.9479667e-11,5.0693925e-11,4.746294e-11,5.014635e-11,4.350272e-11,5.4760953e-11,4.6525485e-11,4.9573755e-11,4.703927e-11,5.0749748e-11,5.177143e-11,5.683767e-11,5.5812695e-11,5.3475793e-11,4.6986363e-11,4.847787e-11,5.1964145e-11,5.7351346e-11,1.333537e-11,1.0982627e-11,1.2369952e-11,1.7204075e-11,2.2046271e-11,1.4891328e-11,3.393311e-11,9.926426e-12,2.3594434e-11,9.598367e-12,2.8244388e-11,1.0900174e-11,3.1252896e-11,2.1665557e-11,1.6666939e-11,2.735259e-11,2.4096211e-11,1.4540989e-11,2.503369e-11,2.2536393e-11,9.485022e-12,2.3555763e-11,1.7206339e-11,9.273576e-12,1.17132215e-11,7.556453e-12,1.0019672e-07,2.6720223e-05,6.501041e-07,8.256206e-06,2.1840242e-06,2.8606424e-05,1.6369908e-05,1.486813e-05,3.819721e-05,1.1372334e-06,7.305638e-05,2.0284044e-05,6.282202e-05,0.00024331419,1.7534883e-05,0.0007326028,0.00012078365,0.00093372515,0.00045445436,0.00011346887,0.0007797393,3.307708e-05,0.0003633517,0.00019133133,0.00011219827,0.00018576294,4.2682143e-05,0.0002123528,3.685141e-05,4.2220498e-05,3.0606094e-05,8.43042e-06,1.718409e-05,1.1696084e-06,7.835682e-07,4.2194776e-07,4.7519015e-07,3.9946237e-11,2.7157235e-11,1.3358791e-11,2.3096716e-11,2.2628958e-11,2.7061369e-11,3.48747e-11,2.4394204e-11,1.7102389e-11,7.968022e-11,3.5241806e-11,1.469837e-11,3.245494e-11,1.871257e-11,2.3626589e-11,3.0797722e-11,3.2867525e-11,1.5672139e-11,4.1406677e-11,1.307729e-11,5.0569228e-12,2.0031136e-11,1.793536e-11,2.956071e-11,4.6112905e-11,5.3334403e-11,5.0346168e-11,5.2188726e-11,5.2801794e-11,5.9647565e-11,5.118819e-11,5.4394426e-11,5.011546e-11,5.0788578e-11,4.1828492e-11,5.0359612e-11,5.043267e-11,4.420431e-11,5.1491846e-11,4.6896383e-11,4.5222555e-11,5.8205628e-11,5.3916798e-11,4.9368055e-11
5.6615836e-12,6.1504105e-12,5.6884606e-12,5.921836e-12,6.462427e-12,5.3007212e-12,5.668153e-12,5.1133416e-12,5.6468307e-12,6.140646e-12,5.9656525e-12,5.543994e-12,5.9656065e-12,6.184501e-12,6.4184747e-12,5.8429954e-12,6.0083145e-12,5.5511576e-12,5.1846305e-12,6.333191e-12,6.3034972e-12,7.796796e-12,3.2091072e-12,4.773601e-12,6.245752e-12,8.825075e-12,5.3509636e-12,7.7896465e-12,3.9878842e-12,1.0518625e-11,3.2607502e-12,7.800663e-12,4.1538123e-12,5.890081e-12,5.0047995e-12,5.857412e-12,8.596194e-12,6.5260575e-12,6.603476e-12,6.464326e-12,8.4931125e-12,3.9552276e-12,4.4432687e-12,4.310574e-12,2.0951437e-12,3.089826e-12,2.5070423e-12,5.2825545e-08,4.51076e-05,3.502025e-07,1.9503812e-05,5.137886e-06,8.8263354e-05,2.884041e-05,3.5374243e-05,0.00036906765,1.4105262e-06,0.00035494106,0.00023042764,0.0003771889,0.0017454483,2.5601506e-05,0.004491934,0.0008481257,0.005211401,0.00503928,0.0002056569,0.009506755,9.023013e-05,0.004150319,0.002033607,0.0016332063,0.0011671865,8.681676e-05,0.0016048716,0.00016364748,0.00016562214,0.00014787307,1.7204438e-05,4.130095e-05,7.1672446e-07,7.89506e-07,6.581701e-07,8.3457785e-08,4.8951524e-12,5.3843392e-12,3.413452e-12,3.7993332e-12,6.1007904e-12,2.8562103e-12,8.189461e-12,5.344191e-12,2.732447e-12,7.429956e-12,6.5638077e-12,5.141517e-12,5.047797e-12,3.7561226e-12,6.4745674e-12,2.5610623e-12,4.4780494e-12,3.938245e-12,5.34978e-12,8.447747e-12,2.1821355e-12,5.82588e-12,1.2105617e-11,5.936107e-12,7.577944e-12,5.2371974e-12,5.617718e-12,5.770122e-12,6.433354e-12,6.3851034e-12,5.5418795e-12,5.980052e-12,6.1361038e-12,5.884567e-12,5.3921295e-12,6.3733133e-12,5.8612342e-12,5.336389e-12,6.308753e-12,5.580734e-12,5.018469e-12,6.675138e-12,6.0627653e-12,5.44302e-12
1.6397207e-11,1.6532055e-11,1.6130436e-11,1.6588531e-11,1.4937518e-11,1.5905393e-11,1.5862676e-11,1.4863907e-11,1.6444061e-11,1.5851364e-11,1.709827e-11,1.5152159e-11,1.7040513e-11,1.6743464e-11,1.7204786e-11,1.5969961e-11,1.8441925e-11,1.4986373e-11,1.5563342e-11,1.7810342e-11,1.5686844e-11,2.3643884e-11,3.6535112e-11,3.2672497e-11,4.7503217e-11,3.176842e-11,6.833343e-11,8.058405e-11,4.7360817e-11,7.499722e-11,3.739738e-11,4.4561688e-11,1.8748642e-11,3.7978624e-11,3.829124e-11,2.7265693e-11,6.6536936e-11,4.9732832e-11,8.309071e-11,4.6046264e-11,9.559779e-11,6.630687e-11,8.957657e-11,4.3588907e-11,2.2552118e-11,3.6003416e-11,3.592371e-11,1.1254408e-07,5.1084782e-05,1.7448822e-06,9.299305e-05,3.0879692e-06,0.0001716522,0.00011181883,0.0001479297,0.00072950654,9.060799e-06,0.002692734,0.0014425853,0.0023125198,0.042806618,0.0006664441,0.3026538,0.010851281,0.177861,0.15904307,0.035670727,0.13886385,0.0018888633,0.05148265,0.019213298,0.007819855,0.017525425,0.0012994806,0.013532852,0.0007235289,0.0013352518,0.00028857178,6.0184375e-05,0.000104517014,3.966559e-06,3.428164e-06,3.4884686e-06,1.0871222e-06,1.126327e-10,5.150665e-11,5.5231385e-11,7.9259696e-11,4.902478e-11,6.125649e-11,8.4657795e-11,4.273946e-11,1.35301804e-11,7.9897186e-11,3.763552e-11,2.0797156e-11,4.5282257e-11,3.1214156e-11,7.029578e-11,2.7605303e-11,6.39633e-11,2.2108246e-11,4.3694288e-11,3.8896022e-11,1.5760981e-11,3.211924e-11,2.1829014e-11,3.4520883e-11,2.535042e-11,1.6476964e-11,1.4876898e-11,1.4314944e-11,1.6117949e-11,1.7742597e-11,1.6265012e-11,1.6957965e-11,1.6535334e-11,1.6146565e-11,1.49082e-11,1.7077607e-11,1.6617348e-11,1.5153257e-11,1.6891013e-11,1.5623124e-11,1.4340303e-11,1.6978547e-11,1.627252e-11,1.5644533e-11
1.0010436e-11,9.7850755e-12,9.513297e-12,9.46111e-12,8.880435e-12,9.011235e-12,9.675909e-12,8.940803e-12,9.519542e-12,9.40616e-12,9.423002e-12,9.073358e-12,9.967531e-12,9.4995175e-12,9.790751e-12,9.155901e-12,1.0067804e-11,9.061667e-12,9.581513e-12,1.0078371e-11,9.2641814e-12,2.6806798e-11,3.5479383e-11,3.353257e-11,3.595777e-11,3.3198465e-11,5.0273487e-11,5.8478215e-11,3.342746e-11,4.2738067e-11,4.659463e-11,4.8550657e-11,3.7218548e-11,4.128197e-11,4.281149e-11,5.6419196e-11,1.0736564e-10,6.079984e-11,6.097683e-11,6.581759e-11,7.646049e-11,6.646665e-11,1.1808554e-10,5.313829e-11,4.2359234e-11,4.425008e-11,3.371033e-11,9.20789e-08,1.347017e-05,3.2101872e-07,1.3577864e-05,9.4273946e-07,2.6229513e-05,1.6291635e-05,6.436551e-05,0.0002201654,5.1804113e-06,0.00072545675,0.00024717828,0.0014168037,0.026607035,0.0011674071,0.2499372,0.0057599526,0.2780089,0.08308464,0.102828145,0.1594873,0.0025971208,0.05204027,0.0030499864,0.011224215,0.012238582,0.0015909664,0.005334765,0.00035489915,0.0013492131,0.000108676846,3.875133e-05,6.885026e-05,4.4894637e-06,2.2154518e-06,8.672368e-07,4.5935423e-07,1.2614766e-10,5.263293e-11,5.0732387e-11,8.8416684e-11,5.381576e-11,4.469029e-11,8.863348e-11,3.9323517e-11,2.4845917e-11,6.3421345e-11,3.5933912e-11,3.4243285e-11,5.1420552e-11,4.67087e-11,4.1803973e-11,7.114161e-11,7.654673e-11,4.889748e-11,6.8138314e-11,7.429288e-11,3.6911727e-11,3.7815615e-11,1.9418344e-11,2.6651407e-11,1.4853957e-11,9.696416e-12,8.760851e-12,8.2600315e-12,9.785747e-12,1.01132635e-11,9.805103e-12,9.6168126e-12,9.45458e-12,9.407272e-12,9.42498e-12,9.511047e-12,9.6324155e-12,9.280665e-12,1.0137017e-11,9.467825e-12,8.957531e-12,9.159848e-12,9.336236e-12,9.4965095e-12
1.7364684e-11,1.9071338e-11,1.6896625e-11,1.8182697e-11,1.7465264e-11,1.7039543e-11,1.8224883e-11,1.6682232e-11,1.7136867e-11,1.8855046e-11,1.786509e-11,1.7608323e-11,1.7215066e-11,1.771974e-11,1.7668138e-11,1.650512e-11,1.8519195e-11,1.71524e-11,1.7152856e-11,1.8330235e-11,1.753158e-11,5.3035742e-11,1.09634156e-10,8.3626855e-11,3.5290833e-11,5.7569425e-11,5.7431893e-11,9.167862e-11,4.6894308e-11,5.333144e-11,5.3337338e-11,7.4164924e-11,7.223882e-11,7.096939e-11,6.0517334e-11,7.05315e-11,2.0964484e-10,9.576278e-11,1.00297874e-10,8.0087006e-11,8.4561795e-11,1.1398388e-10,1.4828579e-10,5.867499e-11,6.6662835e-11,6.402654e-11,6.832862e-11,1.3602701e-07,3.2967284e-05,3.8322895e-07,2.9621971e-05,1.0766305e-06,4.5246965e-05,5.5546705e-05,6.9660484e-05,0.0009837968,1.726859e-05,0.003141387,0.0005380353,0.011513874,0.27351534,0.018657845,0.2699653,0.00506231,0.3030958,0.018983345,0.027461125,0.05125594,0.0011118478,0.008078735,0.00044147237,0.0016787145,0.0024334511,0.00032115565,0.000993051,3.7046644e-05,0.00015434057,2.0082796e-05,1.5188231e-05,4.0970855e-05,3.8681724e-06,2.2938193e-06,5.906496e-07,5.974593e-07,2.0939149e-10,1.304742e-10,7.339517e-11,8.642738e-11,9.8535013e-11,6.529981e-11,2.4217994e-10,6.997714e-11,4.577176e-11,1.3951007e-10,7.9433e-11,8.102146e-11,1.3447167e-10,7.065335e-11,6.478744e-11,3.913513e-11,7.558833e-11,2.1581577e-11,7.28554e-11,5.2985793e-11,6.570159e-11,5.5862624e-11,3.2406435e-11,3.6258267e-11,2.1942144e-11,1.8295516e-11,1.6166535e-11,1.5743198e-11,1.8267133e-11,1.8293145e-11,1.8104246e-11,1.8546518e-11,1.7780036e-11,1.7577821e-11,1.8268389e-11,1.8279784e-11,1.8862637e-11,1.8090921e-11,1.840626e-11,1.7756008e-11,1.7194163e-11,1.6746278e-11,1.8114298e-11,1.737691e-11
5.069851e-12,5.7551364e-12,5.2593568e-12,5.1960216e-12,5.5882716e-12,5.309946e-12,5.369342e-12,4.491793e-12,5.109273e-12,5.60486e-12,5.7035357e-12,4.8379434e-12,5.242871e-12,5.684194e-12,5.538093e-12,5.6939926e-12,5.650123e-12,5.139092e-12,4.717155e-12,5.910119e-12,5.8136434e-12,2.297897e-12,1.3898346e-12,1.7936603e-12,2.5391872e-12,2.8602153e-12,1.7057574e-12,3.3270968e-12,9.886035e-13,4.4294984e-12,1.0910851e-12,4.3472634e-12,1.3678698e-12,3.2993734e-12,1.9659753e-12,2.0566337e-12,4.3536945e-12,1.9794457e-12,2.0049151e-12,2.9981146e-12,3.5093389e-12,1.7973623e-12,1.9044204e-12,2.0979253e-12,1.2184524e-12,1.4905092e-12,8.412154e-13,6.419655e-09,4.0795794e-06,2.8821978e-08,1.4222255e-06,4.5192434e-07,1.2941418e-05,3.630087e-06,1.8243737e-06,1.5794882e-05,3.3826143e-07,2.0784486e-05,4.5876386e-06,2.1680198e-05,4.2531e-05,1.1531799e-06,4.7307727e-05,1.2171572e-05,9.547633e-05,2.1828619e-05,3.3383296e-06,7.030818e-05,3.7763639e-06,2.6671678e-05,1.0067489e-05,1.4042754e-05,1.3893798e-05,2.3490209e-06,1.84759e-05,1.6955094e-06,3.8901903e-06,1.9440815e-06,5.774856e-07,9.48342e-07,7.784889e-08,7.589829e-08,3.442677e-08,2.0823181e-08,3.5925056e-12,3.4264826e-12,1.7259235e-12,2.0089804e-12,2.7270614e-12,1.5614087e-12,2.4219437e-12,2.908179e-12,1.4849587e-12,5.735565e-12,2.816484e-12,1.9596447e-12,4.060815e-12,1.974551e-12,3.5551445e-12,2.4818294e-12,3.8136404e-12,1.9243127e-12,1.941989e-12,2.666319e-12,6.6022334e-13,2.33574e-12,3.9688803e-12,4.286622e-12,4.964125e-12,5.192069e-12,5.3304848e-12,5.4833213e-12,5.797222e-12,6.2218013e-12,5.4671346e-12,5.788405e-12,5.657402e-12,5.6171135e-12,4.762584e-12,5.6539933e-12,5.0782703e-12,5.0144086e-12,5.551323e-12,5.078154e-12,4.6744505e-12,6.048958e-12,6.040818e-12,5.259527e-12
1.795717e-11,1.9951603e-11,1.8829221e-11,1.7804723e-11,1.9227604e-11,1.9090242e-11,1.8810413e-11,1.6584465e-11,1.786667e-11,1.9733081e-11,1.9913432e-11,1.7271188e-11,1.856908e-11,1.9788034e-11,1.9695067e-11,1.9015236e-11,2.1147865e-11,1.7340206e-11,1.7313569e-11,1.9794149e-11,1.9451435e-11,1.0166752e-11,8.668131e-12,8.064221e-12,1.1969496e-11,9.016594e-12,1.0205064e-11,1.44763515e-11,6.6336246e-12,2.0691336e-11,6.056065e-12,1.8070141e-11,9.628975e-12,1.19170784e-11,1.0058584e-11,8.687645e-12,3.041305e-11,1.2026156e-11,1.29677345e-11,1.8610459e-11,2.9435534e-11,1.2530221e-11,1.0113526e-11,1.1749722e-11,6.9910193e-12,8.183906e-12,4.9232454e-12,3.103128e-08,4.3284945e-05,9.6916594e-08,1.1432326e-05,1.4807338e-06,0.00010870538,3.128133e-05,1.3352354e-05,0.00019167879,1.7059143e-06,0.00021210675,1.7733146e-05,0.00025663746,0.0010199376,1.1622729e-05,0.0009135627,0.00018885959,0.0030111552,0.00041078345,7.7670156e-05,0.0014127195,4.169128e-05,0.00042953566,0.00013637805,0.00017764283,0.00023977837,2.4260607e-05,0.00016706472,1.3379058e-05,4.4799122e-05,2.0224656e-05,3.4234497e-06,7.812573e-06,4.2211937e-07,1.1413757e-06,1.8326512e-07,1.908624e-07,2.5608888e-11,2.0823374e-11,1.0530675e-11,1.2051919e-11,1.9810579e-11,1.0142677e-11,2.0132609e-11,1.6820654e-11,1.3653437e-11,5.2769598e-11,1.7883512e-11,1.5295909e-11,3.1382112e-11,1.1580495e-11,2.0560999e-11,1.2140747e-11,2.5494554e-11,1.1968856e-11,1.1740157e-11,1.7247944e-11,6.234579e-12,1.9613382e-11,1.3117115e-11,1.4612533e-11,1.794375e-11,1.8106851e-11,1.7458349e-11,1.943215e-11,1.9753869e-11,2.1583691e-11,1.8671079e-11,1.9936388e-11,1.9376525e-11,2.1012088e-11,1.7392575e-11,1.9347276e-11,1.816247e-11,1.7529086e-11,1.8982477e-11,1.7371986e-11,1.667216e-11,2.0690982e-11,2.0602534e-11,1.8146576e-11
1.0555418e-11,1.1063163e-11,1.0033089e-11,1.0347389e-11,1.0644781e-11,1.0613074e-11,1.14886755e-11,9.785935e-12,1.0612305e-11,9.776775e-12,1.100193e-11,9.719304e-12,1.0962445e-11,1.05715965e-11,1.1539076e-11,1.1525131e-11,1.1259954e-11,9.488128e-12,9.947115e-12,1.11222784e-11,1.12549085e-11,1.4476805e-11,1.343731e-11,1.2049861e-11,1.4833601e-11,1.6309806e-11,1.3958074e-11,1.7653918e-11,8.474272e-12,2.6915777e-11,1.4272411e-11,4.3029996e-11,1.3843905e-11,3.0602652e-11,2.109036e-11,1.4514323e-11,4.0926432e-11,3.9033807e-11,1.8501183e-11,2.6214758e-11,2.7193914e-11,1.922344e-11,2.5797411e-11,2.1401983e-11,1.1129367e-11,2.2005255e-11,8.381617e-12,2.197116e-07,0.00025798817,2.9423397e-06,0.000100440004,6.8780273e-06,0.00022517209,0.00022092008,0.00016336047,0.0010821988,2.410068e-05,0.0026737412,0.00023830091,0.001109395,0.011305619,0.00024012961,0.018436493,0.0034612862,0.047304105,0.029710943,0.0056280466,0.030650502,0.0014200356,0.018190015,0.0025668098,0.0034790277,0.0063770497,0.0007261546,0.004687253,0.00036046124,0.000858787,0.0004741677,4.6367153e-05,0.0001734253,9.040531e-06,7.1807076e-06,1.5923158e-06,1.9470392e-06,6.236157e-11,2.5887117e-11,1.6681049e-11,2.6434225e-11,1.404278e-11,1.9532646e-11,2.7714985e-11,1.4254292e-11,8.751784e-12,4.6835473e-11,1.4304815e-11,7.6689766e-12,2.2517255e-11,9.744697e-12,1.4072756e-11,2.1418645e-11,2.6519419e-11,1.9054498e-11,1.8498782e-11,1.6004417e-11,6.6107553e-12,1.982254e-11,1.2334039e-11,1.6457679e-11,1.2421817e-11,1.0891729e-11,9.879066e-12,1.0145065e-11,1.0970037e-11,1.1971674e-11,1.0823947e-11,1.0834418e-11,1.0692111e-11,1.1036272e-11,9.946128e-12,1.0767732e-11,1.0606012e-11,9.657971e-12,1.0561298e-11,9.857251e-12,9.137323e-12,1.1479365e-11,1.0871472e-11,1.0513023e-11
3.7582253e-11,3.7624497e-11,3.6144015e-11,3.51146e-11,3.6954034e-11,3.6190856e-11,3.7813995e-11,3.3250337e-11,3.6394995e-11,3.4059824e-11,3.6866454e-11,3.3669244e-11,3.7711934e-11,3.706062e-11,3.606771e-11,3.6024947e-11,3.828952e-11,3.25534e-11,3.2164695e-11,3.79384e-11,3.802526e-11,7.3948285e-11,5.997076e-11,5.463536e-11,4.5911247e-11,5.2235345e-11,4.8853532e-11,8.568161e-11,3.6087463e-11,5.5840395e-11,5.692155e-11,1.1358852e-10,5.4132483e-11,6.861232e-11,5.9968586e-11,5.1124098e-11,1.0867155e-10,1.426473e-10,7.790752e-11,1.1867182e-10,1.3629374e-10,6.1997886e-11,7.4197516e-11,7.601967e-11,5.399173e-11,8.9673574e-11,4.803278e-11,1.6235194e-07,0.000103265265,1.2038715e-06,4.6432022e-05,7.4766017e-06,0.00029027075,0.00021485188,9.582096e-05,0.0017502479,1.967363e-05,0.0011832834,0.00017517031,0.0011060139,0.0027113538,8.4552186e-05,0.0022347583,0.00032621578,0.0042540412,0.00079274026,0.0004902794,0.0057589407,0.00019768032,0.0027405114,0.0005862479,0.0015930746,0.0014228763,0.00019510822,0.0009331806,9.861546e-05,0.00023041385,9.597982e-05,1.8564779e-05,7.234284e-05,1.3284798e-06,5.1685984e-06,1.1594834e-06,1.1987996e-06,1.4071085e-10,1.1181618e-10,8.243346e-11,8.9172975e-11,8.213699e-11,7.027425e-11,1.13497996e-10,7.363246e-11,6.296112e-11,1.8266909e-10,7.147055e-11,4.6059035e-11,8.4563134e-11,4.8157815e-11,6.2518234e-11,4.341594e-11,7.073902e-11,5.6083974e-11,4.959438e-11,1.0493725e-10,3.5732875e-11,9.936037e-11,6.628353e-11,7.426873e-11,3.9152775e-11,3.468307e-11,3.3749677e-11,3.7917204e-11,3.627863e-11,3.8982952e-11,3.719616e-11,3.7084447e-11,3.558603e-11,3.9342616e-11,3.5353036e-11,3.702882e-11,3.52891e-11,3.397956e-11,3.8134062e-11,3.614491e-11,3.1271687e-11,3.830552e-11,3.9432693e-11,3.3647352e-11
1.4235716e-11,1.4761244e-11,1.3670211e-11,1.4874465e-11,1.4201004e-11,1.45035945e-11,1.5464576e-11,1.3005204e-11,1.4830555e-11,1.3191877e-11,1.6423569e-11,1.3756054e-11,1.4808847e-11,1.4463427e-11,1.525313e-11,1.5315109e-11,1.5026338e-11,1.2951042e-11,1.3060239e-11,1.4804047e-11,1.522633e-11,2.0289843e-11,1.9961414e-11,1.4302287e-11,3.3113304e-11,2.2531662e-11,2.1847685e-11,2.3279196e-11,9.331382e-12,2.0444764e-11,1.479473e-11,3.3779805e-11,1.2507459e-11,3.1513757e-11,2.5631256e-11,1.1592954e-11,2.7786084e-11,3.3061682e-11,1.621756e-11,3.0178082e-11,3.1217504e-11,1.590977e-11,3.600769e-11,1.902502e-11,1.527223e-11,1.9018852e-11,1.1180564e-11,4.978988e-08,2.4104258e-05,1.0637203e-06,1.083048e-05,3.5354935e-06,3.0118053e-05,2.461028e-05,1.7404383e-05,7.47455e-05,7.292435e-06,8.3519044e-05,2.4109913e-05,5.1313706e-05,0.0001834818,1.2677049e-05,0.00018433206,0.0001123021,0.00052882807,0.00046866946,0.000117334646,0.0007178939,0.00010234002,0.0005641317,0.0002493285,0.00025447895,0.0006011428,0.000101281505,0.000491785,0.0001254042,0.00015603694,0.000118465876,1.8087203e-05,8.525342e-05,3.876837e-06,2.662982e-06,8.954169e-07,7.411963e-07,6.692007e-11,3.240799e-11,2.6294094e-11,4.324559e-11,2.8879182e-11,3.9354835e-11,5.4474574e-11,2.5922212e-11,1.9025892e-11,9.58816e-11,2.9356576e-11,1.3835995e-11,4.110639e-11,1.9912284e-11,3.528229e-11,3.2440273e-11,5.1516694e-11,2.8544254e-11,2.8255755e-11,3.2322922e-11,9.686645e-12,2.3878384e-11,2.1913122e-11,2.373888e-11,1.9279044e-11,1.4562804e-11,1.3763088e-11,1.453001e-11,1.4927328e-11,1.5812176e-11,1.4327024e-11,1.4372677e-11,1.466275e-11,1.549895e-11,1.2846629e-11,1.4942027e-11,1.3585215e-11,1.2845846e-11,1.3889989e-11,1.3532923e-11,1.2589025e-11,1.6314543e-11,1.5381208e-11,1.3612656e-11
3.8270862e-12,4.130891e-12,3.7815905e-12,3.9622416e-12,3.8340416e-12,3.6559575e-12,4.1699656e-12,3.5569301e-12,4.130261e-12,3.664852e-12,4.0226425e-12,3.6170461e-12,4.0611733e-12,3.87276e-12,4.1112795e-12,4.012359e-12,4.010094e-12,3.5808982e-12,3.716322e-12,4.1577505e-12,4.2644508e-12,5.0655326e-12,4.983176e-12,3.8032693e-12,7.8504555e-12,5.2344305e-12,4.9874644e-12,7.569304e-12,3.4673707e-12,7.773214e-12,4.1658634e-12,1.5329632e-11,3.4893106e-12,1.14419255e-11,9.47278e-12,5.3939184e-12,1.6634414e-11,1.3415498e-11,5.7076522e-12,1.2226767e-11,9.207551e-12,4.9521077e-12,8.630397e-12,6.330074e-12,3.1535863e-12,6.108439e-12,2.9216128e-12,4.0589203e-08,1.9164054e-05,3.2859907e-07,8.040135e-06,1.874823e-06,3.510816e-05,2.0100599e-05,1.7097496e-05,0.00012361337,4.197509e-06,0.00019616037,2.797308e-05,0.0001084962,0.00084958266,4.086924e-05,0.0013235745,0.0003576967,0.00285411,0.0011972025,0.00029476607,0.0022369332,0.00014281155,0.0015869266,0.0003061039,0.00042675642,0.0006616235,9.319657e-05,0.000394809,8.418211e-05,0.00013011797,4.7908878e-05,8.8770885e-06,4.442182e-05,2.2339386e-06,1.2276151e-06,4.8209904e-07,2.2519504e-07,2.1482439e-11,8.34186e-12,5.87862e-12,1.1944901e-11,5.1859745e-12,6.1418045e-12,8.950824e-12,7.865923e-12,4.685933e-12,2.3584305e-11,5.8377695e-12,3.4711027e-12,6.1750466e-12,3.946335e-12,7.389717e-12,1.0307858e-11,1.509047e-11,7.435384e-12,9.592416e-12,7.971998e-12,2.1993629e-12,6.9273016e-12,5.1713655e-12,7.4471635e-12,4.938393e-12,3.8038565e-12,3.5950847e-12,3.882308e-12,4.04832e-12,4.3380304e-12,3.8777714e-12,3.9315573e-12,3.904624e-12,4.0580915e-12,3.535954e-12,3.8670473e-12,3.7368207e-12,3.4144152e-12,3.8788517e-12,3.5890624e-12,3.399093e-12,4.3863368e-12,4.0708365e-12,3.9121384e-12
7.205811e-12,8.140777e-12,6.5724136e-12,7.1796896e-12,7.0323135e-12,6.4416536e-12,7.320013e-12,7.0900915e-12,7.132845e-12,7.480035e-12,6.756179e-12,7.1514535e-12,7.472192e-12,6.796634e-12,7.2039145e-12,6.295554e-12,7.04832e-12,6.644486e-12,6.4336965e-12,7.5408586e-12,6.7762345e-12,3.6195536e-11,3.2474072e-11,2.9006814e-11,3.1040687e-11,2.1148782e-11,3.4317126e-11,2.4321586e-11,1.8353504e-11,3.671578e-11,1.1166626e-11,4.9506656e-11,3.2532223e-11,4.6991733e-11,3.3883823e-11,2.8185454e-11,6.1778895e-11,4.6607013e-11,6.109013e-11,5.1171976e-11,9.209208e-11,5.043016e-11,2.51783e-11,4.1654926e-11,3.1264696e-11,3.5183505e-11,2.3954472e-11,2.0021263e-07,3.4832392e-05,4.957418e-07,6.262504e-05,1.865355e-06,0.00019992805,0.0001457937,4.3194406e-05,0.00085076975,6.870676e-06,0.0021340714,0.00023936015,0.0022814828,0.015144837,0.0001862511,0.087777995,0.002089819,0.33985355,0.116584435,0.0063449778,0.18526658,0.0020281663,0.14051794,0.008762644,0.029748874,0.027690567,0.00081054465,0.022360623,0.00070467626,0.005143983,0.0010908021,2.125873e-05,0.00010883487,3.0483554e-06,1.0871138e-05,1.49254e-06,6.8930984e-07,5.945526e-11,3.788979e-11,3.708698e-11,3.7566974e-11,4.8650525e-11,3.6875652e-11,4.642177e-11,2.5527627e-11,2.352792e-11,7.349619e-11,2.7777183e-11,3.2876927e-11,3.1507266e-11,2.4340984e-11,4.6396803e-11,1.8589056e-11,5.948225e-11,3.164796e-11,2.081153e-11,5.8677466e-11,1.4082054e-11,2.8980048e-11,2.4418733e-11,2.383843e-11,9.331987e-12,6.9185616e-12,6.483662e-12,6.5980364e-12,7.7299105e-12,7.290946e-12,6.8474597e-12,7.0603757e-12,6.89506e-12,7.705328e-12,7.210266e-12,6.9077756e-12,6.9473095e-12,6.8965593e-12,7.176541e-12,7.1674034e-12,6.518456e-12,6.830189e-12,7.631961e-12,6.7003295e-12
6.365993e-11,6.639768e-11,5.8151504e-11,6.538424e-11,5.7258028e-11,5.5778878e-11,6.5652414e-11,5.965055e-11,6.395958e-11,5.747621e-11,6.2215864e-11,5.788481e-11,6.5013155e-11,6.227499e-11,6.196763e-11,6.134342e-11,6.512486e-11,5.5211006e-11,5.594616e-11,6.536453e-11,6.1423394e-11,6.351488e-11,8.997272e-11,8.5407674e-11,1.3227618e-10,9.608377e-11,1.4818836e-10,1.5202929e-10,7.199142e-11,1.841868e-10,8.699921e-11,2.1687198e-10,8.563211e-11,1.4606633e-10,1.2367911e-10,6.545536e-11,2.468126e-10,3.001829e-10,2.2127135e-10,1.869714e-10,2.1784584e-10,1.5925301e-10,2.0252552e-10,1.652593e-10,7.020166e-11,1.1343244e-10,9.6504915e-11,3.3993635e-07,0.00016815212,5.2810715e-06,0.00010871896,8.694966e-06,0.00029285002,0.00034592027,0.00017970444,0.0013518706,3.2191096e-05,0.0019279353,0.00070751965,0.0013349872,0.026266025,0.0006330593,0.084921494,0.0062912204,0.18158613,0.086668685,0.023278493,0.18013914,0.0046904497,0.09974818,0.015392893,0.02212577,0.064822234,0.0043304455,0.045819007,0.0024012474,0.004941967,0.0015432928,0.00011256701,0.0004003304,1.895117e-05,2.0817382e-05,1.0828111e-05,5.159759e-06,5.5461175e-10,1.4664753e-10,2.1314027e-10,3.1482247e-10,1.369212e-10,2.2770556e-10,3.4071543e-10,1.6365986e-10,8.9317845e-11,3.821768e-10,1.0682304e-10,8.4271715e-11,2.5161284e-10,1.04129184e-10,1.9086865e-10,1.3298299e-10,2.4149974e-10,1.2050248e-10,1.13657674e-10,1.654959e-10,3.973917e-11,7.160838e-11,5.5717948e-11,1.1146911e-10,7.8593035e-11,6.331796e-11,5.5746758e-11,5.576909e-11,5.6004132e-11,6.4712284e-11,6.154735e-11,6.503908e-11,6.231943e-11,6.428466e-11,6.231622e-11,6.0737665e-11,5.888256e-11,5.6826533e-11,6.247665e-11,5.920814e-11,5.5290463e-11,6.4917745e-11,6.34253e-11,5.9530304e-11
4.125275e-12,4.3000924e-12,3.8887092e-12,4.0487115e-12,3.7460317e-12,3.8249317e-12,4.0908145e-12,3.8544606e-12,4.0911267e-12,3.957579e-12,3.960343e-12,3.9046292e-12,4.2278256e-12,3.9522686e-12,4.0395014e-12,3.814877e-12,4.3282673e-12,3.661587e-12,4.0133595e-12,4.2415403e-12,3.9465137e-12,1.4447206e-11,2.8789518e-11,1.9173418e-11,2.755217e-11,2.0850056e-11,3.567883e-11,2.8446946e-11,1.8752286e-11,2.0038991e-11,2.1668226e-11,4.212647e-11,2.2042135e-11,3.2213843e-11,3.2670994e-11,2.2107819e-11,5.0972053e-11,3.8642527e-11,3.680859e-11,2.732806e-11,2.8856037e-11,2.9740356e-11,4.0806237e-11,3.3079445e-11,2.6991758e-11,2.8090016e-11,2.136625e-11,1.14412884e-07,1.2369744e-05,4.920591e-07,2.2524842e-05,9.727637e-07,3.5523168e-05,2.7288974e-05,4.7026413e-05,0.0003952462,9.767176e-06,0.0015629398,0.00046272462,0.0014994525,0.03731489,0.001676274,0.25539452,0.005622885,0.25685006,0.113093056,0.038704574,0.16556275,0.0030852193,0.073038146,0.00589868,0.009066983,0.014317498,0.001819443,0.01006338,0.0005493589,0.00189755,0.0002519858,4.3556614e-05,0.0001264327,7.081283e-06,4.373817e-06,1.6543512e-06,3.2478545e-07,7.921646e-11,2.8510392e-11,2.862045e-11,5.0485754e-11,2.7211759e-11,2.5342775e-11,5.1954788e-11,3.3043124e-11,1.31623115e-11,4.733155e-11,2.2595514e-11,2.0296874e-11,2.4520743e-11,1.9768243e-11,3.3520613e-11,3.5898087e-11,6.613432e-11,2.7625735e-11,2.2995071e-11,4.2700666e-11,1.8607137e-11,1.8127215e-11,1.2296033e-11,1.2825615e-11,6.249084e-12,3.9916477e-12,3.5554496e-12,3.5118564e-12,4.056642e-12,4.1852064e-12,4.1171784e-12,4.0370676e-12,4.073079e-12,3.9680247e-12,4.1674906e-12,4.057478e-12,4.0524042e-12,3.8694876e-12,4.1108852e-12,3.9271104e-12,3.574475e-12,3.8728543e-12,3.958712e-12,3.9685095e-12
7.0004e-12,7.984163e-12,6.678809e-12,7.38496e-12,7.209404e-12,6.753439e-12,7.294553e-12,6.842541e-12,7.277209e-12,7.337196e-12,6.939116e-12,7.175218e-12,7.363806e-12,6.976913e-12,6.9046574e-12,6.397224e-12,7.497338e-12,6.7972477e-12,6.6037687e-12,7.199482e-12,6.9056323e-12,3.513276e-11,7.148557e-11,7.201161e-11,1.9333297e-11,3.363087e-11,2.8069859e-11,4.8178038e-11,2.7232197e-11,3.479479e-11,3.67631e-11,6.8311475e-11,4.609842e-11,4.9798474e-11,4.0769645e-11,3.8684243e-11,9.667073e-11,1.10012555e-10,6.53603e-11,6.096388e-11,7.549517e-11,6.7700026e-11,7.778267e-11,4.509983e-11,3.1273005e-11,4.3944483e-11,3.907415e-11,1.7039446e-07,5.2105064e-05,8.374544e-07,7.4392745e-05,4.447541e-06,0.00013081272,0.00022619727,0.00019485388,0.0031571223,6.650955e-05,0.006767782,0.0011562076,0.010998977,0.21459967,0.020160768,0.2473694,0.0069632083,0.23232155,0.029005928,0.03397766,0.12328806,0.004057517,0.03865259,0.0020887712,0.006786658,0.009030542,0.0014068537,0.004049567,0.00019269923,0.00058136793,7.574521e-05,3.4934812e-05,7.599338e-05,7.296307e-06,7.7559835e-06,1.0633041e-06,6.998622e-07,1.0932812e-10,7.765193e-11,4.6296328e-11,7.288409e-11,4.387648e-11,3.33259e-11,1.2117549e-10,3.2283447e-11,2.643264e-11,7.619039e-11,3.8835053e-11,2.7578126e-11,4.5389442e-11,4.013221e-11,4.2295997e-11,1.8300276e-11,3.6364887e-11,1.3752048e-11,2.392248e-11,3.6164984e-11,3.151239e-11,2.5215852e-11,1.6417786e-11,1.6314523e-11,7.386566e-12,7.214108e-12,6.4979406e-12,6.345891e-12,6.9296196e-12,7.019948e-12,7.229122e-12,7.254344e-12,6.8531734e-12,7.1528356e-12,7.635649e-12,7.127831e-12,7.119325e-12,7.0465634e-12,7.7386335e-12,7.2288456e-12,6.5024535e-12,6.779975e-12,7.728426e-12,6.9149114e-12
1.9370285e-11,1.987178e-11,1.7781446e-11,1.8823878e-11,1.8395962e-11,1.6820564e-11,1.8337564e-11,1.8103023e-11,1.8679419e-11,1.836476e-11,1.8530627e-11,1.9228785e-11,1.7341337e-11,1.843808e-11,1.8825315e-11,1.8029729e-11,1.929142e-11,1.6852773e-11,1.7211866e-11,1.9761411e-11,1.7049999e-11,1.9243718e-11,2.0436205e-11,2.3339235e-11,3.2400537e-11,9.185266e-12,2.2495054e-11,1.7853595e-11,1.1198992e-11,2.1234289e-11,1.7811556e-11,2.2593438e-11,1.2313207e-11,1.6520445e-11,1.4110163e-11,1.24670985e-11,1.5913123e-11,7.830573e-12,8.910004e-12,1.28941415e-11,1.8322949e-11,9.805941e-12,1.5157035e-11,1.4770409e-11,1.6433422e-11,1.025631e-11,1.1383599e-11,5.104357e-08,8.765321e-06,2.1769962e-07,8.185853e-06,8.162985e-07,2.2673283e-05,1.5073674e-05,8.618069e-06,7.690235e-05,1.5750599e-06,4.0581643e-05,2.2203867e-05,0.00010792886,0.00035456262,7.008005e-06,0.0018380386,6.9387854e-05,0.01117878,0.0055264714,0.0019197466,0.08720498,0.0031878592,0.20191449,0.0916139,0.22824804,0.2120391,0.005161594,0.12856664,0.0008068357,0.015289675,0.0037508165,6.22213e-05,0.00012796724,3.944827e-06,6.988223e-06,1.6068882e-06,2.8432348e-07,2.5395509e-11,1.24184465e-11,2.5689374e-11,1.9425229e-11,2.2595807e-11,1.4716138e-11,2.1254385e-11,1.581964e-11,1.2732719e-11,3.5286628e-11,2.5608994e-11,4.474085e-11,2.5325561e-11,2.0655146e-11,2.9868025e-11,1.2140218e-11,6.851741e-11,1.927042e-11,2.2850562e-11,3.5507194e-11,1.2268689e-11,1.38263255e-11,3.4411866e-11,2.197119e-11,1.6991821e-11,1.77846e-11,1.7615296e-11,1.8750205e-11,1.9255358e-11,1.8160293e-11,1.8349074e-11,1.7763378e-11,1.9210382e-11,2.0035506e-11,1.8846008e-11,1.8541162e-11,1.8141495e-11,1.7868857e-11,1.9684332e-11,1.7178904e-11,1.6530846e-11,1.8103507e-11,1.9962764e-11,1.7564535e-11
