0,1,2,3,4,5,6,7,8,9,10,11,12,13,14,15,16,17,18,19,20,21,22,23,24,25,26,27,28,29,30,31,32,33,34,35,36,37,38,39,40,41,42,43,44,45,46,47,48,49,50,51,52,53,54,55,56,57,58,59,60,61,62,63,64,65,66,67,68,69,70,71,72,73,74,75,76,77,78,79,80,81,82,83,84,85,86,87,88,89,90,91,92,93,94,95,96,97,98,99,100,101,102,103,104,105,106,107,108,109,110,111,112,113,114,115,116,117,118,119,120,121,122,123,124,125,126,127
1.8448061e-09,1.966087e-09,1.9784407e-09,1.802006e-09,1.9710735e-09,1.9138802e-09,2.0034847e-09,1.8749302e-09,1.9160642e-09,1.837614e-09,2.1409476e-09,1.8693453e-09,1.9438153e-09,2.0001933e-09,1.8665842e-09,1.9177204e-09,1.8402586e-09,1.8352636e-09,1.8522597e-09,1.9480912e-09,2.0314013e-09,3.1999217e-10,6.3730476e-10,2.9924901e-10,2.811726e-10,3.8895517e-10,4.332451e-10,3.2723835e-10,2.826211e-10,2.0026547e-10,1.7596306e-10,3.302783e-10,2.4695593e-10,1.2062007e-10,2.7394875e-10,2.0204455e-10,8.761742e-11,1.4170914e-10,1.6935796e-10,1.3913531e-10,1.804743e-10,7.1119236e-11,1.06669805e-10,1.7875486e-10,1.3062254e-10,1.14928886e-10,1.498738e-10,1.8157775e-07,2.1339122e-06,2.8877406e-07,2.1811627e-06,2.546849e-06,6.153992e-06,1.0849486e-05,5.4059515e-06,1.6808099e-05,1.4071181e-06,1.1593048e-05,1.9703295e-05,1.4070946e-05,3.495196e-05,1.07587e-05,3.7504993e-05,5.019259e-05,7.0151524e-05,4.8961094e-05,7.0425654e-06,8.234437e-05,1.7070588e-05,6.7536996e-05,0.000101386984,5.581687e-05,4.4621356e-05,2.5026015e-05,5.8268077e-05,1.45602835e-05,5.0307813e-06,1.9593843e-05,3.6701426e-06,4.6925547e-06,6.289973e-07,9.885405e-07,2.1908264e-07,1.2485191e-07,3.1079667e-10,3.7772024e-10,2.5719943e-10,2.483423e-10,2.2388791e-10,2.4004598e-10,5.6641886e-10,2.8988226e-10,1.3530391e-10,3.899275e-10,3.4371228e-10,4.30668e-10,2.916687e-10,3.846518e-10,2.0045195e-10,4.183423e-10,1.915095e-10,2.9305103e-10,2.5987407e-10,3.2586125e-10,2.13369e-10,3.6203401e-10,6.563284e-10,9.36832e-10,1.2934976e-09,1.9208395e-09,1.9027315e-09,1.8638804e-09,1.8678308e-09,1.9137194e-09,1.9913506e-09,1.9015958e-09,2.083827e-09,1.8543947e-09,1.8842619e-09,2.003007e-09,1.9382214e-09,1.9708029e-09,1.8101634e-09,1.9451099e-09,1.9314164e-09,1.993049e-09,1.899381e-09,1.9892057e-09
1.6283623e-12,1.5736488e-12,1.6385064e-12,1.4711448e-12,1.7862039e-12,1.5211363e-12,1.685531e-12,1.2814725e-12,1.5065549e-12,1.4314933e-12,1.7409039e-12,1.6151757e-12,1.5663451e-12,1.6109914e-12,1.50408e-12,1.6965941e-12,1.4430977e-12,1.464979e-12,1.377883e-12,1.665824e-12,1.7284239e-12,1.3077622e-12,1.2230789e-12,1.4412875e-12,1.7643942e-12,3.7024524e-12,1.7723745e-12,2.9514134e-12,1.2480231e-12,3.4270772e-12,9.45645e-13,1.2714661e-12,1.1629592e-12,8.6486287e-13,1.7552676e-12,1.4388979e-12,7.712185e-13,6.0647467e-13,9.688129e-13,1.1748917e-12,1.6549362e-12,1.3521399e-12,1.2044843e-12,6.0666327e-13,5.837095e-13,7.965287e-13,7.049777e-13,1.4779984e-09,2.3355577e-08,1.5349533e-09,7.099624e-09,2.1123682e-08,1.040954e-08,5.2976148e-08,1.2701502e-08,4.290851e-08,4.2825503e-09,1.475709e-08,7.677509e-08,1.5436859e-08,9.8981914e-08,1.2025173e-08,1.3845516e-07,4.5524385e-07,4.6810334e-07,5.299962e-07,3.519642e-08,9.415643e-07,1.4634928e-07,7.4147357e-07,7.0389154e-07,3.6011653e-07,6.626969e-07,1.648902e-07,5.208169e-07,9.694254e-08,9.247517e-08,1.8344709e-07,4.7678554e-08,1.0998761e-07,1.1405418e-08,4.509835e-09,3.4214394e-09,1.6048356e-09,2.0101301e-12,1.7798647e-12,1.0373644e-12,1.2463411e-12,2.0199385e-12,2.5939988e-12,3.5291871e-12,2.6905902e-12,2.6491747e-12,3.6244337e-12,5.2253896e-12,2.449502e-12,6.6092292e-12,3.8569018e-12,2.36417e-12,2.7366332e-12,2.5840332e-12,3.3717066e-12,2.8412606e-12,2.883638e-12,1.0573303e-12,2.1669617e-12,4.147499e-12,2.4232604e-12,2.9527535e-12,1.5097537e-12,1.5776759e-12,1.5266909e-12,1.6382095e-12,1.6802444e-12,1.6731255e-12,1.7043849e-12,1.6953133e-12,1.4373454e-12,1.5108339e-12,1.7064732e-12,1.5089015e-12,1.5349217e-12,1.5326925e-12,1.5249593e-12,1.4610082e-12,1.8411403e-12,1.5681835e-12,1.615225e-12
2.198414e-10,1.9343588e-10,2.207397e-10,2.0505976e-10,2.1239387e-10,1.955944e-10,2.0522213e-10,1.8191906e-10,2.0417305e-10,1.8873524e-10,2.3070576e-10,2.0617434e-10,2.0679622e-10,2.1235216e-10,2.1584849e-10,2.1116954e-10,2.0809758e-10,1.9756358e-10,1.8233003e-10,2.430667e-10,2.1910547e-10,8.3353663e-10,1.2228557e-09,1.1312888e-09,2.6289912e-09,2.859453e-09,1.1093739e-09,5.4884506e-09,8.5199253e-10,3.7135512e-09,1.5034612e-09,1.3581085e-09,1.4812537e-09,1.2647621e-09,2.3525797e-09,1.4257364e-09,2.7539295e-09,2.359815e-09,1.8001386e-09,4.0985717e-09,4.577549e-09,3.5310608e-09,8.494196e-09,1.3995769e-09,2.4198068e-09,2.152389e-09,2.826905e-09,1.6091398e-06,9.250379e-05,9.956055e-06,1.9006693e-05,4.4853317e-05,2.3524699e-05,4.08613e-05,5.9809354e-05,3.1920077e-05,1.5650352e-05,4.1624804e-05,0.00018366076,6.455737e-05,0.00013037241,2.942467e-05,0.00012919263,0.00047359004,0.0003682255,0.00046148512,0.0002680303,0.0007947495,0.00045731993,0.0011627908,0.0018092779,0.0003283746,0.00080810033,0.00020965315,0.00028671444,0.0005703082,0.00021402555,0.0003360959,0.00018669144,0.00021455731,2.9879946e-05,3.8423255e-05,1.2497961e-05,9.97571e-06,3.8817083e-09,1.8705917e-09,1.0614408e-09,2.375168e-09,2.7193545e-09,1.8920387e-09,3.0459972e-09,1.0486566e-09,3.3370253e-09,8.607808e-09,3.2467422e-09,1.6571734e-09,3.1536822e-09,1.238302e-09,1.1674536e-09,1.3919338e-09,1.3265746e-09,1.9075113e-09,3.7442405e-09,1.642055e-09,1.1006629e-09,5.365666e-10,8.0749546e-10,6.8304706e-10,5.24327e-10,1.90397e-10,2.1812266e-10,1.7841678e-10,2.1155735e-10,2.2392267e-10,2.0285755e-10,2.1690089e-10,2.1919826e-10,2.0935721e-10,1.9187199e-10,2.1144601e-10,2.016301e-10,2.040512e-10,2.1023716e-10,1.950646e-10,1.9274496e-10,2.39929e-10,2.2119996e-10,1.9606576e-10
4.8603416e-10,4.100413e-10,4.7140586e-10,3.952455e-10,4.3627113e-10,4.5322035e-10,4.357663e-10,4.0249712e-10,4.243375e-10,3.9113882e-10,4.9577165e-10,4.3825607e-10,4.4446616e-10,4.682569e-10,4.5715676e-10,4.379561e-10,4.42784e-10,4.1973552e-10,3.7325146e-10,5.3895627e-10,4.6253326e-10,1.7124107e-09,2.1929865e-09,1.9694733e-09,6.067272e-09,5.570266e-09,2.1607751e-09,1.0863429e-08,1.6916761e-09,5.5590683e-09,3.4525138e-09,4.1664334e-09,3.829903e-09,1.53853e-09,4.591179e-09,2.7371188e-09,5.7677187e-09,2.8942784e-09,3.1633318e-09,1.2077171e-08,9.570609e-09,7.132323e-09,2.1184173e-08,3.3119012e-09,5.6976313e-09,3.042744e-09,5.606645e-09,2.0798225e-06,8.057847e-05,1.1296562e-05,1.6840162e-05,6.694476e-05,2.1288486e-05,3.3215332e-05,5.752635e-05,2.3266164e-05,1.5095725e-05,2.1958476e-05,0.00018564473,0.00010168487,0.00013407881,3.2050742e-05,6.713624e-05,0.0003315038,0.0002851325,0.00024155763,0.00038362585,0.00068537245,0.0006515224,0.0011194572,0.002513198,0.0007499663,0.00159953,0.00028047216,0.0004151313,0.0012665668,0.00027379557,0.00041948791,0.00015352083,0.00025783438,3.9471015e-05,3.6595626e-05,1.9031933e-05,1.6100224e-05,8.6067695e-09,3.7931756e-09,3.0219116e-09,3.97041e-09,5.4304374e-09,2.194681e-09,5.3524905e-09,1.863323e-09,6.758379e-09,1.2401622e-08,4.6888182e-09,5.420152e-09,7.4002213e-09,2.0820996e-09,1.812776e-09,2.0801465e-09,1.6012864e-09,2.21281e-09,5.602904e-09,1.9204884e-09,1.5507832e-09,6.358795e-10,1.7979451e-09,1.4081313e-09,1.0182474e-09,4.116226e-10,4.7799265e-10,3.9467976e-10,4.3721995e-10,4.61108e-10,4.2346268e-10,4.5069115e-10,4.6982784e-10,4.714508e-10,4.270429e-10,4.4211057e-10,4.4310844e-10,4.5934012e-10,4.3856463e-10,4.0799578e-10,4.074685e-10,5.043017e-10,4.772502e-10,4.1849407e-10
5.382027e-10,5.0995674e-10,5.2278243e-10,4.379197e-10,4.873147e-10,5.315663e-10,4.957692e-10,4.6340431e-10,4.4415724e-10,4.726316e-10,5.531581e-10,4.993689e-10,4.9085674e-10,5.596134e-10,4.8589743e-10,5.105748e-10,5.0530735e-10,4.779931e-10,4.0760492e-10,5.684673e-10,5.292375e-10,1.3164249e-09,7.0299777e-10,1.0987043e-09,1.4377772e-09,1.0366158e-09,4.113577e-10,2.4647824e-09,4.0683595e-10,1.3072771e-09,7.6809087e-10,9.677887e-10,6.135703e-10,4.136859e-10,8.773229e-10,6.243177e-10,6.926693e-10,4.7348964e-10,3.528159e-10,2.297842e-09,1.2035716e-09,7.25424e-10,3.8766563e-09,6.2196087e-10,1.5455608e-09,7.0301653e-10,7.597218e-10,3.468581e-06,0.00024499052,2.265767e-05,4.7528334e-05,0.00021826742,0.00013926343,0.00015275452,0.00024110434,0.00014099333,3.6416364e-05,0.00010411268,0.0005474497,0.00065838743,0.00043429105,6.3655636e-05,0.00056214735,0.0013281147,0.002182489,0.0017446753,0.0037341209,0.009279267,0.007350552,0.021580428,0.0769218,0.05432008,0.2442572,0.018342981,0.07177667,0.09578296,0.023601567,0.013246204,0.00354171,0.009645599,0.0006543313,0.00037743757,0.00011970532,5.053964e-05,2.2851017e-09,1.414175e-09,1.1168347e-09,1.2593993e-09,1.3017235e-09,6.284215e-10,1.5867339e-09,3.6579026e-10,8.8013363e-10,2.0452091e-09,9.45581e-10,1.6012359e-09,1.4019126e-09,5.387768e-10,2.815438e-10,4.2168743e-10,4.0056597e-10,1.9194454e-10,1.0806642e-09,3.3507952e-10,3.081685e-10,1.4400268e-10,3.413184e-10,7.465694e-10,4.811295e-10,4.718525e-10,5.165874e-10,4.471868e-10,4.908099e-10,5.118697e-10,4.820692e-10,4.6416243e-10,5.068644e-10,5.149337e-10,5.181366e-10,5.100852e-10,5.4443156e-10,5.7480404e-10,4.8992327e-10,4.5457738e-10,4.25161e-10,5.3709415e-10,5.359061e-10,4.6892495e-10
3.997398e-11,4.1365713e-11,4.4052977e-11,3.6055253e-11,4.0693882e-11,3.9543476e-11,3.945119e-11,3.614849e-11,3.7511633e-11,3.7689133e-11,4.3330395e-11,3.8375716e-11,3.8290097e-11,4.3581784e-11,3.9714378e-11,4.249271e-11,3.7704305e-11,3.9304206e-11,3.39458e-11,4.4378928e-11,4.006359e-11,1.1602828e-10,4.3271504e-11,9.905097e-11,1.2021181e-10,1.3662765e-10,4.0389986e-11,2.6202293e-10,3.974355e-11,2.3126971e-10,6.6838944e-11,1.4745777e-10,1.3224259e-10,1.0217882e-10,1.3152014e-10,1.9254583e-10,1.4870362e-10,8.025371e-11,9.485932e-11,3.2485867e-10,2.8275018e-10,1.5084296e-10,2.9882663e-10,1.1472463e-10,1.9673331e-10,7.973891e-11,9.11794e-11,6.4733496e-07,4.9293172e-05,2.1985484e-06,6.249335e-06,2.0503076e-05,3.1811986e-05,1.6582233e-05,1.8052724e-05,1.3441322e-05,4.3012005e-06,1.06798625e-05,3.8063466e-05,0.00010116897,4.007789e-05,7.5895905e-06,0.00010837751,0.00025176094,0.0004571235,0.00024114206,0.0002935758,0.001636827,0.00092102785,0.0041143433,0.0054017794,0.010296325,0.007656693,0.0009457026,0.0041698725,0.004241838,0.0023250428,0.0005812574,0.0003615007,0.0007438679,5.984427e-05,2.0720954e-05,8.2963015e-06,3.8277926e-06,1.6074984e-10,6.586323e-11,9.275563e-11,8.3373176e-11,1.0900139e-10,4.2151255e-11,1.5139003e-10,6.133487e-11,1.2925189e-10,2.128631e-10,1.115467e-10,2.986369e-10,1.7304262e-10,6.782614e-11,3.5764166e-11,6.709197e-11,7.557495e-11,2.9618672e-11,1.5752825e-10,7.0491855e-11,3.0844636e-11,2.2666626e-11,7.143824e-11,5.023375e-11,5.4763985e-11,3.889701e-11,4.0763174e-11,3.5296835e-11,4.3355274e-11,4.2191153e-11,4.0758976e-11,4.1415687e-11,4.3133892e-11,4.2107623e-11,3.944886e-11,4.4637172e-11,4.1750783e-11,4.5800856e-11,3.9761215e-11,3.7687697e-11,3.827754e-11,4.648628e-11,4.3707985e-11,3.789847e-11
3.0074738e-11,3.1957655e-11,3.3607478e-11,2.6887341e-11,2.9975664e-11,2.8572334e-11,2.9707525e-11,2.8463766e-11,2.8923697e-11,2.84066e-11,3.2066523e-11,2.8427304e-11,2.8488205e-11,3.2650303e-11,3.026446e-11,3.2535544e-11,2.882781e-11,3.0697053e-11,2.6020668e-11,3.4306166e-11,2.970197e-11,2.7085625e-10,1.05064894e-10,2.4176763e-10,3.8324638e-10,2.1556724e-10,7.6361514e-11,4.9895305e-10,6.829782e-11,5.700984e-10,1.7593918e-10,2.345962e-10,2.515199e-10,1.9427426e-10,2.369829e-10,2.729046e-10,2.4162056e-10,1.0519483e-10,2.184526e-10,4.673518e-10,6.950836e-10,3.4675435e-10,6.867118e-10,1.8750859e-10,3.158909e-10,1.3908436e-10,1.8168897e-10,1.0921553e-06,9.428491e-05,5.03425e-06,1.3885648e-05,4.1385403e-05,4.874272e-05,2.908524e-05,6.0045666e-05,3.234399e-05,9.514014e-06,3.9220296e-05,0.000110938076,0.000116010575,0.00019964436,1.7401942e-05,0.0003329106,0.0012475345,0.0015076322,0.0014561684,0.0013323524,0.005330482,0.005149495,0.027432783,0.03305931,0.038429815,0.055615343,0.004011678,0.023790708,0.0339826,0.013298196,0.0029095423,0.002012126,0.0036490671,0.00043399978,0.00015235304,5.0690887e-05,1.056457e-05,4.9351834e-10,1.21213e-10,1.772048e-10,1.8160719e-10,2.1372208e-10,5.7462098e-11,4.1493464e-10,9.488963e-11,3.7852357e-10,7.6357615e-10,3.546911e-10,1.1847429e-09,4.5981932e-10,2.041631e-10,1.0898755e-10,1.4007684e-10,2.506703e-10,5.178461e-11,4.1658407e-10,1.6027575e-10,8.006068e-11,4.6930338e-11,1.14745734e-10,7.438758e-11,5.4140158e-11,2.906821e-11,2.935386e-11,2.6320965e-11,3.1494557e-11,3.1083674e-11,3.051422e-11,2.9364275e-11,3.2055088e-11,3.2762654e-11,3.020011e-11,3.1356875e-11,3.064242e-11,3.5274186e-11,2.9287812e-11,2.718291e-11,2.98168e-11,3.3698624e-11,3.2410248e-11,2.7719573e-11
6.3059474e-11,6.138114e-11,6.842313e-11,5.3709204e-11,5.7860335e-11,6.400757e-11,5.9267376e-11,5.885339e-11,5.6236866e-11,5.6967313e-11,6.9975095e-11,5.5678136e-11,5.8088895e-11,6.694745e-11,6.238617e-11,6.3116505e-11,6.178909e-11,6.0267555e-11,5.1986596e-11,6.891704e-11,6.3044556e-11,1.0150569e-09,5.8513266e-10,7.190586e-10,1.8573147e-09,9.295872e-10,5.0560256e-10,2.1021298e-09,2.348088e-10,1.9004276e-09,1.0767021e-09,6.1079275e-10,7.514499e-10,5.86667e-10,9.2298663e-10,7.63751e-10,9.023541e-10,5.324199e-10,1.2040359e-09,2.696826e-09,2.75201e-09,1.7224234e-09,4.682863e-09,7.845921e-10,1.2910448e-09,8.1643203e-10,1.3013617e-09,1.936862e-06,8.5819884e-05,8.276812e-06,2.3533603e-05,4.7048023e-05,2.453651e-05,4.563405e-05,6.988994e-05,3.7979047e-05,1.0383576e-05,4.057557e-05,0.00010622738,6.909797e-05,0.00021505232,1.2892412e-05,0.00010284341,0.00037140382,0.00038896516,0.0007455382,0.00049980613,0.0019384134,0.0017626402,0.005473468,0.0069826855,0.0036159907,0.013958095,0.0006905196,0.0031528526,0.004919957,0.0009693125,0.0009893151,0.0004417408,0.0009482483,0.00015037962,0.00010019983,3.091918e-05,1.0858114e-05,2.0089101e-09,5.42894e-10,5.4120464e-10,6.5492384e-10,6.9745143e-10,3.7060874e-10,1.0793154e-09,2.3309624e-10,1.1756778e-09,3.1537692e-09,1.258053e-09,1.7744403e-09,1.735158e-09,5.905165e-10,4.9194415e-10,4.0636383e-10,5.407651e-10,3.4655664e-10,1.4575199e-09,6.804781e-10,4.5328147e-10,2.6308378e-10,4.4654774e-10,3.1740377e-10,1.6807875e-10,5.7587286e-11,5.975899e-11,5.3715865e-11,5.837033e-11,5.841377e-11,6.218149e-11,5.982844e-11,6.3525574e-11,6.5598124e-11,5.997767e-11,6.301811e-11,5.9173846e-11,7.2507396e-11,5.721068e-11,5.5170292e-11,6.0671815e-11,7.17216e-11,6.578845e-11,5.723327e-11
3.6462416e-11,3.5569152e-11,3.7791017e-11,2.912965e-11,3.2292818e-11,3.6832457e-11,3.297103e-11,3.217944e-11,3.2937778e-11,3.0968984e-11,4.0255424e-11,3.1482005e-11,3.230896e-11,3.6211385e-11,3.5570578e-11,3.6340077e-11,3.4713663e-11,3.4365955e-11,3.029975e-11,4.136969e-11,3.5086836e-11,9.241369e-10,6.7995787e-10,1.0468508e-09,1.9219566e-09,1.0622457e-09,7.5934103e-10,3.0335459e-09,3.9417317e-10,2.2882558e-09,2.2377866e-09,7.6157325e-10,7.7518214e-10,9.021578e-10,1.2150285e-09,1.0515777e-09,1.1438153e-09,5.5055316e-10,1.6906428e-09,4.322308e-09,4.870271e-09,2.5382365e-09,7.3461153e-09,9.418266e-10,1.8655941e-09,1.0281961e-09,1.9676734e-09,1.9435008e-06,8.0556216e-05,9.225634e-06,1.7561591e-05,6.672685e-05,1.9643345e-05,6.509478e-05,0.000103744256,5.955123e-05,1.8393845e-05,4.827529e-05,0.00025272637,6.651592e-05,0.0005586185,2.1574015e-05,0.0001863449,0.00064959214,0.0005963688,0.0017903439,0.0008717567,0.0037768327,0.0019416419,0.006138616,0.010811987,0.0022262414,0.020553466,0.0005568409,0.0031822491,0.0063508474,0.0006296231,0.0014097396,0.0003112163,0.0013149489,0.000124043,0.00011419151,4.057824e-05,1.5498626e-05,2.2686215e-09,5.7081867e-10,9.1019653e-10,8.5993257e-10,1.0464456e-09,5.390916e-10,1.270961e-09,3.119874e-10,2.0848798e-09,4.3841153e-09,1.4444819e-09,1.9841047e-09,2.7676175e-09,6.651562e-10,6.923208e-10,4.3584333e-10,5.853626e-10,4.3453433e-10,1.6508966e-09,1.0653095e-09,3.9116763e-10,3.3052838e-10,4.3229076e-10,2.6865615e-10,9.6343475e-11,3.220879e-11,3.3476902e-11,3.0779542e-11,3.338126e-11,3.4284513e-11,3.3753365e-11,3.2948838e-11,3.6156585e-11,3.5960162e-11,3.3606642e-11,3.4786972e-11,3.282439e-11,4.0044676e-11,3.1101226e-11,3.0382044e-11,3.1802717e-11,3.9668456e-11,3.806294e-11,3.248631e-11
2.2358554e-11,2.1337081e-11,2.161744e-11,1.6985533e-11,1.9243973e-11,2.260602e-11,2.021114e-11,1.957336e-11,1.8728007e-11,1.7608946e-11,2.2755093e-11,1.8859959e-11,1.8773141e-11,2.1418716e-11,2.0698328e-11,2.1176972e-11,2.040668e-11,2.0237255e-11,1.829072e-11,2.5796606e-11,2.1713808e-11,1.2604016e-09,1.0171498e-09,1.5343818e-09,2.2487523e-09,1.2215602e-09,8.742344e-10,3.1511467e-09,3.383782e-10,2.892008e-09,3.3076182e-09,9.670122e-10,6.6031597e-10,8.022595e-10,1.3740842e-09,1.134587e-09,1.1339509e-09,4.2815168e-10,1.9792625e-09,4.496306e-09,3.4049152e-09,3.8344607e-09,1.15848895e-08,1.1126188e-09,1.7977652e-09,1.0516658e-09,2.2008286e-09,2.4009212e-06,7.899728e-05,7.610839e-06,1.9545236e-05,7.708338e-05,1.6470216e-05,6.299089e-05,0.00013787686,6.1377745e-05,1.3723637e-05,5.3872387e-05,0.00034518942,0.00013922036,0.0012759658,1.947951e-05,0.00023252715,0.0005907058,0.0009766897,0.0025492476,0.0010531418,0.0029681753,0.0010169419,0.00483455,0.013277723,0.0027308087,0.02736556,0.0005049116,0.0046716603,0.0074135493,0.00092688855,0.0023946983,0.00031909082,0.0013854376,0.000103539736,0.00016085102,0.00018645331,3.9808183e-05,3.9199306e-09,1.0837647e-09,1.9129556e-09,1.1925096e-09,1.7903534e-09,7.728701e-10,1.8582178e-09,4.157632e-10,2.1877957e-09,6.61967e-09,2.0515114e-09,3.0235865e-09,3.6949221e-09,7.946313e-10,1.0206128e-09,4.40563e-10,7.1785394e-10,3.8893938e-10,2.054076e-09,9.1576e-10,3.4504746e-10,3.1240951e-10,4.047818e-10,3.0428796e-10,6.3648906e-11,1.911072e-11,1.8915654e-11,1.8498066e-11,1.982752e-11,2.0963535e-11,1.9077033e-11,1.9404674e-11,2.1350028e-11,2.1609525e-11,2.031499e-11,1.9597083e-11,1.9101064e-11,2.3484135e-11,1.8275725e-11,1.7942967e-11,1.845458e-11,2.2979363e-11,2.2670704e-11,1.8193157e-11
4.983489e-12,4.792319e-12,4.999732e-12,4.1308983e-12,4.7180207e-12,5.4715807e-12,4.928437e-12,4.319189e-12,4.7440814e-12,4.3124146e-12,5.339462e-12,4.6962937e-12,4.797065e-12,5.4038857e-12,4.761432e-12,4.9149755e-12,4.913588e-12,4.7988133e-12,4.2071455e-12,6.119586e-12,5.281202e-12,2.9412797e-10,1.321646e-10,2.0148198e-10,6.5315414e-10,1.8821426e-10,1.7101773e-10,5.3318244e-10,9.726693e-11,6.158867e-10,2.605223e-10,2.85392e-10,1.7995877e-10,3.2619776e-10,4.196347e-10,3.421335e-10,4.3997136e-10,1.4337141e-10,6.012469e-10,1.9615742e-09,1.5542952e-09,9.703942e-10,2.1021833e-09,3.1555808e-10,6.4274097e-10,4.6709636e-10,4.2383194e-10,1.1131416e-06,0.00012952172,4.6483674e-06,1.9673034e-05,2.6381804e-05,1.5464606e-05,0.00012728525,6.619298e-05,4.6923036e-05,6.115422e-06,2.6244837e-05,0.00014409685,9.6702104e-05,0.0020558732,1.5311165e-05,0.00052758574,0.0008895783,0.0009471354,0.0046198163,0.0025394154,0.011437232,0.0026236707,0.012865881,0.011495427,0.0062805056,0.061658088,0.0004015257,0.005125691,0.0058408557,0.0006840984,0.0010140891,0.00029847224,0.0010594361,7.233927e-05,4.4615543e-05,2.0906058e-05,1.0429365e-05,8.882819e-10,2.2535665e-10,3.3559028e-10,2.7098923e-10,3.0352074e-10,2.0846813e-10,6.4032557e-10,1.6949794e-10,7.3470413e-10,1.0197965e-09,1.9447348e-10,8.497477e-10,1.1595838e-09,1.679827e-10,2.888817e-10,1.5758167e-10,1.10183404e-10,1.2318696e-10,9.04005e-10,2.710947e-10,8.4657656e-11,7.720644e-11,5.851528e-11,3.844977e-11,1.4508156e-11,4.5416054e-12,4.968977e-12,4.2043383e-12,4.9683612e-12,4.6789126e-12,4.8760757e-12,5.024511e-12,5.634155e-12,4.9610884e-12,4.8159783e-12,5.0732574e-12,4.742308e-12,6.0587867e-12,4.2371193e-12,4.428917e-12,4.2295776e-12,5.750026e-12,5.4751507e-12,4.4671367e-12
1.8920998e-12,1.9811646e-12,1.9354852e-12,1.6208392e-12,2.0229543e-12,1.9994013e-12,1.9671799e-12,1.6646017e-12,1.761849e-12,1.6205116e-12,2.0392015e-12,1.8119193e-12,1.7387939e-12,2.05594e-12,1.894635e-12,1.9987835e-12,1.8169858e-12,1.9147028e-12,1.7139469e-12,2.2241464e-12,2.085705e-12,4.818378e-11,4.2303938e-11,4.9769272e-11,6.587802e-11,6.2713224e-11,6.3834354e-11,1.3262773e-10,2.799973e-11,1.7205912e-10,9.014595e-11,6.194264e-11,3.690519e-11,7.227036e-11,1.0453883e-10,7.83611e-11,6.041387e-11,3.20353e-11,9.206008e-11,1.9506449e-10,1.5357467e-10,1.5170963e-10,2.4634111e-10,4.9058268e-11,5.845247e-11,7.4447656e-11,1.1565745e-10,6.74306e-08,1.77306e-06,1.9633408e-07,7.9035834e-07,1.4309015e-06,5.7112425e-07,3.934824e-06,2.482079e-06,2.7738806e-06,4.5828583e-07,2.3516375e-06,1.4519063e-05,2.5993045e-06,3.0949846e-05,1.7675445e-06,1.374653e-05,3.017134e-05,2.2123624e-05,5.0918003e-05,1.32047635e-05,5.088339e-05,1.3862474e-05,5.013031e-05,8.0373626e-05,1.3152719e-05,8.893419e-05,5.1982097e-06,2.1099844e-05,2.4643292e-05,3.0936137e-06,1.1731853e-05,2.5652782e-06,8.26392e-06,8.44973e-07,6.359593e-07,7.1241925e-07,1.6071765e-07,1.397588e-10,7.1659e-11,5.7471663e-11,6.983899e-11,7.952804e-11,5.4767923e-11,8.997246e-11,4.122572e-11,1.0453006e-10,2.3079808e-10,1.01459036e-10,7.548084e-11,1.4667284e-10,5.916293e-11,5.421231e-11,3.416794e-11,3.6704e-11,4.1750835e-11,8.746616e-11,6.314387e-11,1.6204938e-11,3.4938732e-11,3.925661e-11,1.7899706e-11,7.589483e-12,1.7034397e-12,1.8622753e-12,1.7605054e-12,1.9027252e-12,1.853586e-12,1.899172e-12,1.9939781e-12,2.0831685e-12,1.8770675e-12,1.8085356e-12,1.9991266e-12,1.7880111e-12,2.1076118e-12,1.7802183e-12,1.7945982e-12,1.6953364e-12,2.3341864e-12,2.0580822e-12,1.7749224e-12
1.2283379e-11,1.28685985e-11,1.3111252e-11,1.0724549e-11,1.32996504e-11,1.2789636e-11,1.223241e-11,1.2475958e-11,1.1674364e-11,1.22520475e-11,1.3966601e-11,1.2212269e-11,1.1471971e-11,1.3789097e-11,1.2372308e-11,1.3426272e-11,1.1932331e-11,1.325604e-11,1.1084796e-11,1.491443e-11,1.23630125e-11,6.5520417e-10,2.6383018e-10,5.069403e-10,9.726345e-10,3.531401e-10,3.1122743e-10,1.0695328e-09,1.1223384e-10,8.1285106e-10,4.9562415e-10,3.5479486e-10,3.9607262e-10,5.5974214e-10,6.105474e-10,4.588979e-10,4.5513224e-10,1.9031303e-10,6.796588e-10,9.332777e-10,1.1383336e-09,8.4829516e-10,1.3845931e-09,4.0607276e-10,5.53318e-10,4.961945e-10,5.116613e-10,9.2258387e-07,7.098585e-05,3.2075798e-06,1.731521e-05,3.353313e-05,2.6785117e-05,4.906867e-05,3.3856493e-05,4.0694762e-05,1.0703349e-05,5.6519188e-05,0.00022247656,7.64644e-05,0.0007491611,3.321071e-05,0.00054755254,0.0013379584,0.00074637064,0.001840608,0.00055788364,0.0024097208,0.0007012878,0.0042020883,0.0057407236,0.0034703305,0.009728425,0.0002807533,0.0040667863,0.0043178275,0.0006092525,0.0006251261,0.00028329575,0.00051028945,4.8722486e-05,6.262347e-05,1.2816903e-05,1.8303851e-06,7.0542966e-10,1.9195902e-10,3.6643868e-10,2.7201716e-10,2.7450328e-10,2.0356132e-10,5.8854804e-10,1.9597408e-10,6.7067407e-10,1.4315561e-09,4.507049e-10,2.001152e-09,6.681588e-10,3.982938e-10,2.848237e-10,2.1012722e-10,3.0131844e-10,8.946902e-11,6.5772965e-10,6.194067e-10,1.8007791e-10,1.7454216e-10,1.8928673e-10,1.06032495e-10,3.3660297e-11,1.18419346e-11,1.23314544e-11,1.1519661e-11,1.29095805e-11,1.2118295e-11,1.3348775e-11,1.33819405e-11,1.4476285e-11,1.32965045e-11,1.2088285e-11,1.27456075e-11,1.2333478e-11,1.517799e-11,1.1919274e-11,1.225712e-11,1.2278086e-11,1.4939829e-11,1.4311888e-11,1.14445215e-11
1.3842998e-11,1.3590069e-11,1.38390905e-11,1.1045192e-11,1.3015012e-11,1.3986047e-11,1.3545558e-11,1.2521429e-11,1.1957562e-11,1.1456608e-11,1.5529347e-11,1.205015e-11,1.2027647e-11,1.42139365e-11,1.3738257e-11,1.3238894e-11,1.289158e-11,1.311684e-11,1.16399095e-11,1.6076302e-11,1.4009541e-11,7.48697e-10,7.5135786e-10,9.527119e-10,1.7843804e-09,1.0283486e-09,1.0313659e-09,2.29821e-09,3.7762202e-10,2.5339593e-09,3.070527e-09,1.173193e-09,9.628067e-10,1.3538752e-09,1.9725763e-09,1.1230316e-09,1.770913e-09,7.5607604e-10,2.8975287e-09,4.2851456e-09,3.855346e-09,4.2693515e-09,1.0541302e-08,1.669544e-09,1.8060476e-09,2.5710274e-09,3.1645295e-09,1.5327518e-06,4.9157563e-05,7.673128e-06,1.44564865e-05,2.966171e-05,8.679316e-06,3.276971e-05,4.5788784e-05,2.7007656e-05,5.88904e-06,5.1263647e-05,0.0001535372,3.4446963e-05,0.0005191197,1.6054517e-05,0.00016898986,0.00034276216,0.00025517022,0.0009746365,0.00032467628,0.00074406684,0.00021496096,0.0014191876,0.0018468666,0.00024296857,0.003104779,8.024848e-05,0.00067288795,0.0009040956,8.998261e-05,0.00031543142,7.0960465e-05,0.00026238992,3.0881944e-05,4.9015394e-05,2.0176301e-05,5.8938604e-06,3.286726e-09,9.08034e-10,1.4669684e-09,1.3255685e-09,1.223437e-09,7.4253625e-10,1.7694812e-09,5.2393834e-10,1.8631574e-09,5.3072773e-09,1.5926828e-09,1.3338975e-09,1.532919e-09,7.5225837e-10,5.944024e-10,5.0349386e-10,5.422056e-10,4.9795834e-10,1.3312035e-09,9.179213e-10,3.1324718e-10,4.6456627e-10,3.4000974e-10,1.439637e-10,5.7543997e-11,1.1676822e-11,1.29766415e-11,1.2194799e-11,1.281646e-11,1.2474231e-11,1.31628545e-11,1.34628255e-11,1.5050067e-11,1.4235426e-11,1.2472946e-11,1.363998e-11,1.26068374e-11,1.4825953e-11,1.197838e-11,1.2046657e-11,1.2483942e-11,1.5597265e-11,1.3848385e-11,1.2284537e-11
3.3286579e-12,3.3512537e-12,3.5740792e-12,3.0006828e-12,3.315263e-12,3.6674648e-12,3.378034e-12,3.2457374e-12,3.3560576e-12,3.138511e-12,3.832387e-12,3.2219288e-12,3.2576578e-12,3.8613253e-12,3.2141952e-12,3.2528893e-12,3.3716226e-12,3.3623109e-12,2.9277078e-12,3.9215337e-12,3.5363901e-12,2.1683985e-10,1.1691834e-10,1.4113295e-10,4.3160292e-10,1.4446164e-10,1.5015761e-10,3.6728026e-10,7.153648e-11,2.902291e-10,2.2951918e-10,1.5439727e-10,1.5391448e-10,1.8443863e-10,2.70658e-10,1.3430346e-10,2.3418403e-10,7.4988606e-11,2.362081e-10,5.148957e-10,3.647663e-10,3.671598e-10,5.838451e-10,1.255557e-10,1.5857324e-10,2.490875e-10,1.9445558e-10,7.8278777e-07,8.4680556e-05,2.9630783e-06,2.1496919e-05,2.0429432e-05,1.0883318e-05,8.830596e-05,2.8195549e-05,3.0220255e-05,3.1558714e-06,2.0143321e-05,7.453367e-05,4.58138e-05,0.0007285784,8.8993675e-06,0.00042285238,0.0006959527,0.0007044553,0.0032064577,0.0018927557,0.008222187,0.002435107,0.0111801475,0.012185762,0.010929954,0.043981485,0.0008177593,0.009362639,0.0055486374,0.0011395803,0.0009704235,0.0007388249,0.0008312069,5.9134032e-05,4.6443085e-05,1.2849354e-05,2.9102544e-06,3.9474055e-10,7.44005e-11,1.5197574e-10,1.290382e-10,1.10291e-10,1.1811212e-10,3.244639e-10,7.815434e-11,3.14953e-10,3.602142e-10,1.6897493e-10,5.021332e-10,3.2284897e-10,1.180209e-10,1.361081e-10,1.1788547e-10,8.666206e-11,9.1688546e-11,3.9187864e-10,2.0270265e-10,1.2201955e-10,8.791605e-11,7.302314e-11,4.093259e-11,1.2943599e-11,3.1254463e-12,3.3790134e-12,2.9970679e-12,3.391721e-12,3.1448327e-12,3.5040811e-12,3.4747769e-12,3.8714726e-12,3.5773322e-12,3.258211e-12,3.496837e-12,3.267621e-12,3.937558e-12,3.12005e-12,3.067486e-12,3.0367432e-12,4.0736607e-12,3.626577e-12,3.1223715e-12
1.7974865e-11,1.7881512e-11,1.898401e-11,1.5469435e-11,1.8578871e-11,1.9121923e-11,1.8754897e-11,1.8176136e-11,1.809609e-11,1.7282962e-11,2.050638e-11,1.754666e-11,1.6691358e-11,1.999028e-11,1.8113564e-11,1.8037785e-11,1.695172e-11,1.8801388e-11,1.5596295e-11,2.0178293e-11,1.9404572e-11,4.7092036e-10,5.871552e-10,3.1383407e-10,8.026945e-10,2.7225477e-10,3.5972264e-10,1.4942118e-09,1.3138339e-10,8.830954e-10,5.103113e-10,6.0547817e-10,4.3647322e-10,7.168472e-10,7.0259065e-10,5.035729e-10,6.002898e-10,2.9136452e-10,7.38355e-10,1.4727222e-09,1.0155723e-09,9.574288e-10,1.2272006e-09,3.515043e-10,4.7408455e-10,6.713342e-10,6.3184724e-10,8.161866e-07,0.000108373904,1.1742243e-06,2.346944e-05,2.0258643e-05,2.271491e-05,8.661342e-05,2.1607808e-05,6.069713e-05,1.6783468e-06,3.7897105e-05,6.820009e-05,0.00010132482,0.0010232312,1.5262465e-05,0.00063882064,0.00029453283,0.00064752524,0.0011448187,0.0002823617,0.0020289754,0.00023303508,0.0018695294,0.0016068721,0.0015240925,0.0036459877,7.4968964e-05,0.00090089097,0.00036000684,0.0001427999,0.000106311825,5.1708586e-05,0.00014627849,6.9494663e-06,1.1241758e-05,2.8033485e-06,1.0062531e-06,7.947089e-10,1.7462466e-10,2.674573e-10,2.9276329e-10,2.586536e-10,2.1972424e-10,7.898671e-10,1.6348214e-10,6.386104e-10,7.3782846e-10,5.697626e-10,7.164672e-10,4.1250509e-10,3.302222e-10,3.2006173e-10,2.2164151e-10,1.8214771e-10,2.9151792e-10,7.868898e-10,4.133068e-10,2.9172598e-10,2.52686e-10,3.0373432e-10,1.6615737e-10,5.7308106e-11,1.6064388e-11,1.8773542e-11,1.597794e-11,1.7992016e-11,1.6933687e-11,1.9673116e-11,1.9905775e-11,2.1486608e-11,1.9457422e-11,1.8908484e-11,1.8312614e-11,1.7641092e-11,1.9680322e-11,1.6486675e-11,1.7505945e-11,1.6273292e-11,2.086179e-11,1.9068238e-11,1.8369566e-11
9.085313e-12,8.56951e-12,8.832146e-12,7.064416e-12,8.391507e-12,8.835179e-12,8.763681e-12,8.241735e-12,8.394372e-12,7.604004e-12,1.0254384e-11,8.1380605e-12,7.537307e-12,9.180774e-12,8.487897e-12,9.148732e-12,7.881933e-12,8.3051396e-12,7.563964e-12,1.0252741e-11,8.929544e-12,3.28441e-10,4.835608e-10,4.5138207e-10,8.5048246e-10,3.6236378e-10,7.321304e-10,1.4348067e-09,2.157015e-10,1.5886528e-09,2.417758e-09,8.2760365e-10,4.2549334e-10,9.918655e-10,6.561698e-10,6.875735e-10,7.711716e-10,2.3514563e-10,8.053342e-10,1.4501893e-09,1.3734831e-09,1.2920387e-09,2.0347568e-09,4.3890783e-10,4.4293955e-10,7.2089523e-10,1.1631613e-09,5.137609e-07,4.6995912e-05,1.2537417e-06,1.053037e-05,7.646612e-06,9.360422e-06,4.057085e-05,2.2816836e-05,2.8945777e-05,6.750548e-07,2.4427449e-05,5.9484366e-05,3.959944e-05,0.000774972,4.790557e-06,0.00034563005,0.00012921073,0.000350935,0.0008299212,0.00014610318,0.0012328774,6.696316e-05,0.001407274,0.0013142348,0.00049856806,0.004392138,3.9409e-05,0.0009574876,0.000286202,7.2688104e-05,0.00023355328,2.1681079e-05,6.524661e-05,3.1586048e-06,8.273679e-06,4.0785667e-06,1.161968e-06,1.3445561e-09,1.808676e-10,4.6719e-10,4.566427e-10,3.9636444e-10,2.835938e-10,6.583988e-10,1.6251692e-10,5.559544e-10,1.4082819e-09,5.850617e-10,5.638559e-10,9.0276286e-10,3.3647354e-10,6.2606187e-10,2.424508e-10,3.5229183e-10,3.2124292e-10,6.365811e-10,6.818234e-10,1.3564042e-10,2.7762737e-10,2.3926902e-10,1.2451813e-10,3.0667937e-11,7.683696e-12,8.276328e-12,7.7015365e-12,8.472337e-12,8.270017e-12,8.623206e-12,9.071721e-12,1.0329252e-11,9.124336e-12,8.611028e-12,8.262842e-12,8.276723e-12,8.95325e-12,7.6449125e-12,7.676517e-12,7.883376e-12,9.870577e-12,9.174402e-12,7.867575e-12
1.0154003e-11,9.466846e-12,9.549087e-12,7.7678124e-12,9.092862e-12,9.870283e-12,9.599325e-12,9.338546e-12,9.090798e-12,8.272232e-12,1.106166e-11,9.161068e-12,8.393466e-12,9.989337e-12,9.336231e-12,9.876461e-12,8.978241e-12,9.254605e-12,8.5106314e-12,1.1759409e-11,1.0120823e-11,6.0348093e-10,7.581773e-10,6.832846e-10,1.7815375e-09,4.708259e-10,9.687438e-10,2.16053e-09,2.7928038e-10,1.9233974e-09,2.5311917e-09,7.8680235e-10,3.4543204e-10,9.686311e-10,7.136041e-10,6.832833e-10,8.031045e-10,2.4070193e-10,1.0986123e-09,1.8938306e-09,1.5447831e-09,1.7100983e-09,3.2261016e-09,5.3431504e-10,4.7450416e-10,8.4458435e-10,1.3265424e-09,8.7146714e-07,7.822532e-05,1.6532921e-06,1.8054041e-05,1.5706146e-05,1.5320951e-05,6.64198e-05,4.0816733e-05,5.2137082e-05,1.6448547e-06,6.577251e-05,0.00014736707,9.199017e-05,0.0018153006,7.263103e-06,0.0004929722,0.00018266831,0.0005497331,0.0012024625,0.00026289994,0.0017294483,0.00010184132,0.002301537,0.0019838002,0.00054249284,0.0063765747,5.5588836e-05,0.0017574021,0.00050683506,0.0001117914,0.0004522119,4.2302905e-05,0.00016467742,7.2471885e-06,2.4493762e-05,1.20531195e-05,2.4757696e-06,1.7420251e-09,3.0031067e-10,7.429047e-10,6.318301e-10,6.344434e-10,4.368628e-10,9.649578e-10,2.5281124e-10,8.128937e-10,2.619912e-09,8.1395024e-10,7.7795625e-10,1.1693061e-09,4.282113e-10,9.0224717e-10,2.576677e-10,4.0064704e-10,2.4905558e-10,6.705571e-10,7.495644e-10,1.4865294e-10,3.0322134e-10,2.434241e-10,1.5298166e-10,3.171482e-11,8.503897e-12,8.889479e-12,8.581554e-12,9.037877e-12,9.09647e-12,9.365266e-12,9.873146e-12,1.1114913e-11,1.022849e-11,9.384507e-12,8.973943e-12,9.040222e-12,1.0034595e-11,8.2756085e-12,8.176325e-12,8.595167e-12,1.07366754e-11,1.0347994e-11,8.485848e-12
2.847332e-12,2.7547118e-12,2.862885e-12,2.3153415e-12,2.8023224e-12,3.0733027e-12,2.9616947e-12,2.6592346e-12,2.8832262e-12,2.6195953e-12,3.3022955e-12,2.7867585e-12,2.669052e-12,3.2361633e-12,2.7792631e-12,2.8647642e-12,2.758466e-12,2.7968758e-12,2.4806563e-12,3.392699e-12,3.0620803e-12,2.2502375e-10,1.5561691e-10,1.6803428e-10,6.0924443e-10,1.2105456e-10,1.7767601e-10,5.6765304e-10,7.3289264e-11,4.4415424e-10,2.8577815e-10,3.919902e-10,1.7320168e-10,4.1658427e-10,3.1253972e-10,2.5708913e-10,4.6257026e-10,1.7203025e-10,3.952877e-10,9.628223e-10,6.384121e-10,5.5601146e-10,7.814592e-10,2.0825829e-10,2.2307595e-10,4.7860843e-10,3.0433578e-10,8.765181e-07,0.00020183086,1.584734e-06,2.6986621e-05,1.2936474e-05,1.90492e-05,0.0001822088,3.0272131e-05,8.990403e-05,1.8677645e-06,3.28308e-05,6.622252e-05,9.957944e-05,0.0026206458,8.563478e-06,0.00056443206,0.00020847234,0.00033643722,0.0013609993,0.0004901339,0.0054247985,0.00032119328,0.0029099826,0.0015292084,0.0017133959,0.01939013,6.568199e-05,0.0015625521,0.00043524013,0.00010883422,0.00023295004,6.9342255e-05,0.00024922143,8.671324e-06,7.774756e-06,1.8332745e-06,1.6495482e-06,7.699398e-10,1.511793e-10,1.9389679e-10,2.3427527e-10,1.601316e-10,1.8590549e-10,5.2416477e-10,1.3931593e-10,4.2668621e-10,4.1363576e-10,1.6761366e-10,3.9984807e-10,4.8624554e-10,1.9256406e-10,2.3017732e-10,1.44567e-10,9.340643e-11,1.5090273e-10,3.9696352e-10,2.9555353e-10,1.3417728e-10,1.1904329e-10,7.6514343e-11,3.8218866e-11,1.002739e-11,2.5186925e-12,3.0729393e-12,2.4711077e-12,2.8752964e-12,2.6001913e-12,3.0768567e-12,3.1861007e-12,3.542373e-12,2.8768325e-12,2.8982457e-12,2.8872547e-12,2.747083e-12,3.2978516e-12,2.5272198e-12,2.6368298e-12,2.463719e-12,3.3591647e-12,3.0410685e-12,2.630681e-12
1.8044363e-12,1.7340388e-12,1.8432677e-12,1.4547835e-12,1.7569739e-12,1.8762132e-12,1.8852023e-12,1.6811207e-12,1.781228e-12,1.6038736e-12,2.010596e-12,1.7510658e-12,1.6598375e-12,1.9824773e-12,1.7137353e-12,1.8158053e-12,1.7485492e-12,1.7788649e-12,1.6296002e-12,2.1248155e-12,1.980837e-12,2.5660915e-10,2.1527491e-10,1.8038977e-10,8.8238045e-10,1.6102325e-10,2.3659158e-10,6.757669e-10,7.784274e-11,6.3663946e-10,3.3102776e-10,5.0051197e-10,2.3729704e-10,4.3780513e-10,3.5461636e-10,2.7479255e-10,5.6430033e-10,1.6391408e-10,3.7755415e-10,1.2450563e-09,6.14718e-10,6.751524e-10,6.8487466e-10,1.8749699e-10,1.6869878e-10,5.815605e-10,2.7995165e-10,6.677479e-07,0.00016026142,1.1901112e-06,2.5826479e-05,9.558414e-06,1.8452898e-05,0.00020231755,3.3676944e-05,8.114453e-05,1.392848e-06,5.7353107e-05,5.6117246e-05,7.344835e-05,0.002766502,7.960795e-06,0.0006117221,0.00020185694,0.00042148025,0.001101792,0.0004712641,0.003548807,0.00022253276,0.0030487443,0.0012445182,0.0012160223,0.01449908,4.8609818e-05,0.0008387926,0.00033888698,9.632853e-05,0.000166423,6.72377e-05,0.00015498546,6.772296e-06,1.4431397e-05,1.7149389e-06,1.0525235e-06,1.0246106e-09,1.7285623e-10,1.99486e-10,3.2720301e-10,1.4275368e-10,1.510102e-10,5.017546e-10,1.1216561e-10,3.50362e-10,4.709765e-10,1.3743237e-10,2.80168e-10,2.914492e-10,1.9113379e-10,2.0357536e-10,1.4767702e-10,8.080527e-11,1.7585212e-10,4.403787e-10,4.1397458e-10,1.4994882e-10,1.645167e-10,8.379724e-11,4.964292e-11,7.0186057e-12,1.5562839e-12,1.849247e-12,1.5376276e-12,1.7890251e-12,1.7167059e-12,1.9539097e-12,1.9981404e-12,2.1731432e-12,1.8167198e-12,1.7884724e-12,1.8412437e-12,1.7576511e-12,2.0164025e-12,1.6649709e-12,1.6409754e-12,1.5503642e-12,2.0990555e-12,1.8909787e-12,1.6737013e-12
1.8234398e-12,1.7668295e-12,1.8910607e-12,1.6875452e-12,1.9881677e-12,1.988088e-12,1.9223763e-12,1.9359022e-12,1.9114734e-12,1.7282759e-12,2.2318764e-12,1.9613501e-12,1.7411899e-12,1.9889374e-12,2.077106e-12,2.0474325e-12,1.8799803e-12,1.8998423e-12,1.6698167e-12,2.0848896e-12,2.0803533e-12,1.0969187e-10,1.8329611e-10,8.136323e-11,5.2227755e-10,7.730958e-11,1.1111599e-10,5.6950855e-10,5.20391e-11,2.690527e-10,7.5116614e-11,2.1398364e-10,1.1003636e-10,2.4838212e-10,1.4668151e-10,1.2511683e-10,2.1147008e-10,7.3623836e-11,2.680017e-10,5.670264e-10,3.29922e-10,3.8038162e-10,2.5710087e-10,1.0132385e-10,6.3783964e-11,1.8648647e-10,1.06589085e-10,9.4085e-07,0.00012351223,5.361896e-07,5.4930562e-05,2.973841e-05,0.00012363761,0.0003079949,5.072157e-05,0.0001871252,2.5923603e-06,0.00043837482,0.00019985382,0.0004956884,0.016813666,3.730132e-05,0.008898143,0.0046823435,0.020650102,0.018039273,0.005002782,0.037665486,0.0010592238,0.046970155,0.008508959,0.012358139,0.035824522,0.00021978281,0.0047820928,0.002395191,0.0010994346,0.00045485367,8.878216e-05,0.0003442143,1.3581584e-05,5.1402632e-05,2.9529774e-06,1.9712197e-06,3.3031994e-10,8.090362e-11,7.6326015e-11,1.237618e-10,7.4590785e-11,7.522888e-11,1.6948562e-10,4.34978e-11,1.167989e-10,3.23658e-10,9.2102756e-11,1.4120732e-10,5.6882214e-11,7.4970474e-11,8.498152e-11,6.7499076e-11,5.180884e-11,1.04644356e-10,1.8940118e-10,1.5824125e-10,7.8083144e-11,1.750786e-10,5.607045e-11,2.9476463e-11,6.630114e-12,1.6640208e-12,2.0453678e-12,1.7188346e-12,1.8555598e-12,1.8986178e-12,2.0163784e-12,2.2378481e-12,2.2954572e-12,2.047163e-12,1.9762167e-12,2.00635e-12,2.0195267e-12,2.070524e-12,1.7257824e-12,1.7093306e-12,1.7910727e-12,2.0345743e-12,2.024197e-12,1.895159e-12
2.1323373e-12,1.9842314e-12,2.2252961e-12,1.9312848e-12,2.212709e-12,2.2277083e-12,2.2391418e-12,2.241975e-12,2.10551e-12,1.9298265e-12,2.5862084e-12,2.25685e-12,1.9719695e-12,2.195498e-12,2.3948645e-12,2.3585903e-12,2.1273e-12,2.1076036e-12,1.9252714e-12,2.3456697e-12,2.3518969e-12,1.8402121e-10,2.9839528e-10,1.1601801e-10,6.4416444e-10,1.1456274e-10,1.6776429e-10,7.699352e-10,8.8496335e-11,5.2654053e-10,1.6998031e-10,2.6899213e-10,1.629952e-10,3.3726819e-10,1.759698e-10,1.7633703e-10,2.8669367e-10,1.0572691e-10,3.6067352e-10,8.5095586e-10,6.2747824e-10,6.00803e-10,5.811311e-10,1.5226766e-10,1.2271041e-10,3.2110983e-10,1.9832724e-10,1.3031364e-06,0.00010864867,9.632433e-07,4.0804345e-05,2.5614656e-05,9.178062e-05,0.00016812734,5.3526226e-05,0.00011048696,1.976969e-06,0.0003912867,0.00019968739,0.0006201222,0.013658451,3.0830914e-05,0.008818129,0.003982038,0.023027636,0.021625992,0.0054784883,0.04343337,0.0010606602,0.06605984,0.013645886,0.017135603,0.043192573,0.00025853325,0.006593204,0.0024778973,0.001639553,0.0009874345,0.00012855793,0.0004021587,1.4169655e-05,9.149807e-05,6.6561474e-06,4.7483904e-06,5.325806e-10,1.2675885e-10,1.3052569e-10,1.7237707e-10,1.2499565e-10,9.940501e-11,2.505399e-10,6.254991e-11,1.7843502e-10,6.1294625e-10,1.2816233e-10,2.5596034e-10,8.547211e-11,1.08042755e-10,1.151022e-10,9.826659e-11,9.0453554e-11,1.6319991e-10,2.5951943e-10,2.633063e-10,7.360937e-11,2.5176333e-10,7.212535e-11,3.513849e-11,7.949493e-12,1.9005051e-12,2.2360306e-12,1.9217455e-12,2.200344e-12,2.1592264e-12,2.2709007e-12,2.5007511e-12,2.611299e-12,2.373854e-12,2.2952866e-12,2.2976519e-12,2.266876e-12,2.3542622e-12,1.9367479e-12,1.9488317e-12,2.1154931e-12,2.3560904e-12,2.2790845e-12,2.0925625e-12
1.00508e-11,1.0441255e-11,1.1154628e-11,9.872693e-12,1.077804e-11,1.09241565e-11,1.072235e-11,1.0806178e-11,1.074114e-11,9.769218e-12,1.2030907e-11,1.06268e-11,9.887317e-12,1.2242318e-11,1.1013994e-11,1.0526961e-11,1.0621471e-11,1.068503e-11,9.935296e-12,1.20576925e-11,1.0808569e-11,2.5145122e-10,4.2872614e-10,3.4741957e-10,9.543798e-10,2.0055624e-10,3.6814346e-10,1.0151688e-09,1.1997044e-10,6.5828e-10,2.56908e-10,2.6811092e-10,1.5383252e-10,5.448752e-10,2.5815813e-10,2.4053853e-10,3.9570072e-10,1.10397434e-10,3.299255e-10,7.219098e-10,8.0902207e-10,5.8417454e-10,5.1692156e-10,1.5548592e-10,1.2287099e-10,3.521792e-10,3.0080424e-10,8.127662e-07,0.00022247623,1.4658533e-06,5.044925e-05,3.0307983e-05,6.324888e-05,0.00012996145,5.0807266e-05,5.7340014e-05,1.1595489e-06,0.0002757507,0.00034787352,0.00039840405,0.015061796,3.3038035e-05,0.017816016,0.010979196,0.033057224,0.032316,0.008590196,0.053006224,0.0012347379,0.04336369,0.019995686,0.015382916,0.029176133,0.00026468554,0.0144952135,0.0028448727,0.000988194,0.00072697963,0.00016888259,0.00017224108,1.0170945e-05,3.9159622e-05,7.7725845e-06,4.7310386e-06,9.0404717e-10,1.7265762e-10,2.4965008e-10,3.2365033e-10,2.018295e-10,1.7928435e-10,3.878866e-10,1.0954835e-10,2.5070604e-10,7.625193e-10,2.4581803e-10,7.405703e-10,3.2064876e-10,1.3329331e-10,6.012462e-10,1.9644168e-10,2.1369388e-10,1.9193211e-10,3.5543865e-10,4.485981e-10,1.0037087e-10,2.5117416e-10,1.704766e-10,1.14980116e-10,3.622125e-11,9.179432e-12,1.1414274e-11,9.218277e-12,1.0566832e-11,9.334023e-12,1.1387874e-11,1.14856e-11,1.2439045e-11,1.17295704e-11,1.0972186e-11,1.07330715e-11,1.03341675e-11,1.17324345e-11,1.0202827e-11,9.121349e-12,1.0673705e-11,1.1947144e-11,1.12952885e-11,9.834672e-12
1.7459482e-11,1.9160644e-11,1.7618986e-11,1.563378e-11,1.7822866e-11,1.98274e-11,1.854586e-11,1.8495663e-11,1.644822e-11,1.7868748e-11,2.1215495e-11,1.9384657e-11,1.702302e-11,2.0265177e-11,1.6438996e-11,1.856993e-11,1.7799085e-11,1.9214663e-11,1.6448658e-11,2.1885483e-11,1.9017048e-11,4.0843526e-10,2.7616825e-10,2.7468156e-10,1.0915377e-09,2.6519104e-10,1.5700877e-10,5.272978e-10,1.2116647e-10,5.7966265e-10,3.8385775e-10,2.2501537e-10,1.7523946e-10,2.92232e-10,3.2144168e-10,2.597059e-10,3.5438052e-10,1.2307504e-10,2.5685212e-10,6.075137e-10,4.817889e-10,3.8620782e-10,4.4491266e-10,9.1664884e-11,2.1817476e-10,1.9091707e-10,1.6372262e-10,9.082466e-07,0.00010281703,3.8500752e-06,2.2586733e-05,2.9813862e-05,3.2788495e-05,0.00012436477,1.8010667e-05,1.7055865e-05,2.0669418e-06,2.9856086e-05,0.00012296636,6.0903392e-05,0.00048170486,4.098298e-06,0.00039729776,0.0009871734,0.0008566096,0.0017381394,0.0008648345,0.005574185,0.004395229,0.01771338,0.033471126,0.04955405,0.18921734,0.0063698515,0.28253487,0.06798507,0.031799838,0.022969611,0.0073335557,0.0024441015,0.00013055136,0.00034078388,1.6753642e-05,1.1864762e-06,3.2917308e-10,6.1475894e-11,1.1169236e-10,1.372564e-10,9.921569e-11,9.585093e-11,2.1038886e-10,5.296522e-11,1.4311115e-10,3.0974837e-10,1.9846366e-10,4.5500934e-10,1.9990275e-10,1.4777993e-10,2.1440259e-10,1.1593341e-10,1.2754646e-10,5.960824e-11,4.980429e-10,1.6158172e-10,6.19817e-11,8.496393e-11,8.960366e-11,1.1540217e-10,4.8673936e-11,1.6910985e-11,1.9071024e-11,1.6731921e-11,1.7742955e-11,1.6573526e-11,1.8738006e-11,1.814315e-11,2.1092234e-11,1.9669164e-11,1.8392272e-11,1.7054642e-11,1.8435226e-11,1.9942244e-11,1.7273788e-11,1.5096872e-11,1.669832e-11,2.115993e-11,1.8281193e-11,1.6193397e-11
1.14774076e-11,1.2000034e-11,1.1604507e-11,9.509807e-12,1.1361274e-11,1.1213972e-11,1.1513454e-11,1.0691837e-11,1.0119971e-11,1.1024208e-11,1.2900212e-11,1.1430044e-11,1.0241333e-11,1.281646e-11,1.0556496e-11,1.10031585e-11,1.1278151e-11,1.1615136e-11,9.483434e-12,1.3128254e-11,1.2568135e-11,1.7090145e-10,8.78652e-11,6.564828e-11,3.3853498e-10,7.086516e-11,3.931599e-11,2.1747924e-10,5.9210505e-11,1.6958247e-10,1.5312758e-10,9.22331e-11,6.9508684e-11,1.0536888e-10,7.1943104e-11,7.481641e-11,9.548089e-11,2.5547172e-11,4.4920144e-11,2.749274e-10,1.45354e-10,7.8498354e-11,1.7443812e-10,3.86554e-11,5.603982e-11,5.745812e-11,3.4537775e-11,5.076565e-07,0.00022061302,1.3513322e-06,1.5870033e-05,2.3831763e-05,5.329076e-05,0.00014598655,1.5526373e-05,3.1236556e-05,6.2090686e-07,2.0218793e-05,2.6442855e-05,5.0531344e-05,0.00042771356,2.2968263e-06,0.0005327372,0.0002948323,0.0022659916,0.0019739824,0.0009786321,0.009228012,0.0015439905,0.024317985,0.020076923,0.04803793,0.60610443,0.0069734915,0.101147436,0.026006794,0.037601653,0.005575309,0.001630573,0.004836264,0.000109082976,0.00022042007,6.237643e-06,3.0385177e-06,1.8002584e-10,3.086289e-11,4.8668927e-11,1.011575e-10,7.523884e-11,4.1754378e-11,9.701706e-11,2.0108316e-11,7.399105e-11,1.5942532e-10,7.5403774e-11,1.2093974e-10,1.4595798e-10,7.915523e-11,4.8698916e-11,5.25344e-11,6.769214e-11,2.7508095e-11,1.382762e-10,8.923985e-11,4.130163e-11,4.4510423e-11,3.540797e-11,4.8135326e-11,2.2909556e-11,1.006651e-11,1.0965656e-11,1.0770516e-11,1.0900635e-11,1.1298218e-11,1.2237787e-11,1.2027899e-11,1.3046428e-11,1.1967257e-11,1.1495416e-11,1.0711413e-11,1.200269e-11,1.2206549e-11,1.0399793e-11,1.0376017e-11,1.0019406e-11,1.2993903e-11,1.1158882e-11,1.0397313e-11
3.8418844e-11,4.1546218e-11,4.199412e-11,3.8035762e-11,3.9163287e-11,3.838354e-11,3.9795046e-11,4.120671e-11,4.1017103e-11,3.9023257e-11,4.3637507e-11,4.1091023e-11,3.7631585e-11,4.4801697e-11,4.2050228e-11,4.2041086e-11,4.0688206e-11,4.1165783e-11,3.705205e-11,5.0272272e-11,4.0950507e-11,3.0569022e-10,1.5318388e-10,2.4675972e-10,6.055582e-10,1.317579e-10,1.7014679e-10,4.1153084e-10,9.379781e-11,5.591628e-10,1.9197116e-10,2.578071e-10,1.376719e-10,2.0647023e-10,1.9925969e-10,3.14506e-10,1.809297e-10,3.5442815e-11,1.2811889e-10,2.5177355e-10,1.9997166e-10,1.2519494e-10,1.5417578e-10,8.8373406e-11,8.6448335e-11,5.3044753e-11,6.9181424e-11,7.490569e-07,0.0003402764,1.1895381e-06,4.1602092e-05,3.1469943e-05,0.00015213242,0.00016058856,6.0074646e-05,0.00014899355,1.4891122e-06,8.863068e-05,0.00014764245,0.0011072451,0.0014917782,1.546166e-05,0.0065273657,0.00089294993,0.01823988,0.017855627,0.00478051,0.041901138,0.0010758005,0.06182413,0.08978535,0.2878408,0.13053252,0.0021974486,0.08688143,0.0053481124,0.00945051,0.0053342753,0.0009456739,0.0020379839,4.0501185e-05,7.916297e-05,1.7013486e-05,3.0519825e-06,2.0350933e-10,3.993663e-11,7.734428e-11,8.884596e-11,7.5520465e-11,6.3853256e-11,1.4495967e-10,5.486623e-11,9.175159e-11,2.164033e-10,1.496485e-10,5.8078564e-10,1.298694e-10,1.02610025e-10,1.0097528e-10,8.0130104e-11,1.4576872e-10,6.668434e-11,2.1887611e-10,1.14268185e-10,5.9116025e-11,6.0814374e-11,1.6227222e-10,1.1818543e-10,7.740803e-11,3.6368887e-11,4.0964565e-11,3.8912585e-11,4.2339313e-11,3.9766287e-11,4.359308e-11,4.6417162e-11,4.590492e-11,4.37819e-11,4.093161e-11,4.0784164e-11,4.0778252e-11,4.607299e-11,3.7169334e-11,3.4941546e-11,3.823674e-11,4.5259133e-11,4.1967856e-11,3.900071e-11
5.1840206e-11,5.3334816e-11,5.4494846e-11,4.7663432e-11,4.9504595e-11,5.1365804e-11,5.3927293e-11,5.2722902e-11,5.3232578e-11,4.940894e-11,5.8172668e-11,5.3392835e-11,5.011948e-11,5.8198307e-11,5.486268e-11,5.2926934e-11,5.568648e-11,5.295995e-11,4.6326252e-11,6.6443136e-11,5.817112e-11,5.5263694e-10,8.0409424e-10,7.4983714e-10,2.2795112e-09,6.7902284e-10,6.858591e-10,1.9617434e-09,3.0772257e-10,1.6865995e-09,1.2674088e-09,4.6735055e-10,3.6779937e-10,6.552482e-10,9.114241e-10,4.8864174e-10,7.705837e-10,2.0444857e-10,8.27091e-10,1.2647766e-09,1.165956e-09,1.0813256e-09,1.4246057e-09,3.385426e-10,3.7472964e-10,6.218337e-10,8.111803e-10,7.515228e-07,0.00017593236,3.0828687e-06,3.984895e-05,3.0650495e-05,4.864753e-05,0.00012928914,3.8767073e-05,4.650518e-05,2.420487e-06,0.00012400927,0.00013311308,6.970151e-05,0.0018481865,1.6370659e-05,0.001121426,0.000719715,0.0030881774,0.004793447,0.0010570065,0.007435913,0.000992781,0.03048006,0.022720328,0.0058785095,0.03742603,0.0010311104,0.010527556,0.002412511,0.0010758078,0.0010962603,0.00022002056,0.0005583877,3.206262e-05,0.000111813206,1.6888289e-05,3.9847832e-06,1.1385144e-09,2.0959734e-10,3.199418e-10,5.7538413e-10,3.9801604e-10,3.4297254e-10,5.193762e-10,1.11513944e-10,4.3168236e-10,1.9796014e-09,9.598304e-10,4.8971194e-10,8.9615293e-10,3.620309e-10,3.7541645e-10,2.1531806e-10,3.013571e-10,1.984761e-10,4.325956e-10,4.3771828e-10,2.1603795e-10,2.6025423e-10,3.9426085e-10,2.8027544e-10,1.9355695e-10,4.577981e-11,5.155229e-11,4.6415226e-11,5.042921e-11,4.9450232e-11,5.4128035e-11,5.7022272e-11,5.988194e-11,5.784925e-11,5.316003e-11,5.20178e-11,5.078781e-11,5.7076132e-11,4.8409683e-11,4.3123612e-11,4.938708e-11,6.0815776e-11,5.2663703e-11,5.090545e-11
8.132469e-12,8.715585e-12,9.6049705e-12,8.148959e-12,8.398835e-12,9.883852e-12,9.358004e-12,8.785148e-12,9.7394185e-12,8.406495e-12,9.785784e-12,9.382919e-12,9.262839e-12,1.0121812e-11,9.350814e-12,8.80229e-12,9.7045575e-12,9.096058e-12,8.145229e-12,1.1165276e-11,9.967302e-12,1.2500993e-10,7.435724e-11,1.5612285e-10,5.212047e-10,9.4839164e-11,1.0149772e-10,2.3269604e-10,4.9889107e-11,2.7334432e-10,1.1107719e-10,1.16349284e-10,8.821118e-11,2.419079e-10,2.4855693e-10,1.9706851e-10,2.1919222e-10,6.1011605e-11,3.660983e-10,5.061961e-10,5.412729e-10,3.6742465e-10,3.012741e-10,1.334786e-10,1.3652672e-10,1.8218455e-10,1.367146e-10,8.92133e-07,0.00043357193,8.0858257e-07,5.6544824e-05,1.9512168e-05,4.1385178e-05,0.0002066698,3.972003e-05,0.00030096833,2.6536509e-06,8.766975e-05,6.892338e-05,0.0007556478,0.0061013782,1.3429291e-05,0.0032854658,0.0006051137,0.0033920135,0.022694375,0.0059703365,0.21734604,0.0065272683,0.07222694,0.04057281,0.07247192,0.13386449,0.0004438781,0.024455104,0.0014052561,0.0010342778,0.0014466428,0.00043335345,0.0010177641,1.5055333e-05,1.4553563e-05,3.4523564e-06,3.3697784e-06,2.3395144e-10,4.3667948e-11,8.851084e-11,7.745893e-11,1.03512025e-10,1.276035e-10,2.1073761e-10,9.8733056e-11,2.4806862e-10,1.50436e-10,8.459273e-11,1.9539921e-10,2.4680147e-10,9.1512964e-11,1.0813839e-10,5.9170245e-11,9.148958e-11,1.4094385e-10,3.3203293e-10,1.6289169e-10,1.06213205e-10,7.235875e-11,9.049754e-11,5.1619146e-11,2.898716e-11,7.7655495e-12,8.899527e-12,7.873994e-12,9.506151e-12,8.39789e-12,9.98119e-12,9.770864e-12,1.07086215e-11,9.1896855e-12,9.0990765e-12,8.906065e-12,8.703126e-12,1.0756994e-11,8.382368e-12,7.84831e-12,7.514306e-12,1.0095841e-11,9.141697e-12,8.633355e-12
5.2558773e-12,5.008884e-12,5.7456717e-12,4.6476117e-12,4.926359e-12,5.5971365e-12,5.701557e-12,5.1399163e-12,5.572806e-12,4.9431128e-12,5.838536e-12,5.5696827e-12,5.0756855e-12,5.996931e-12,5.2062304e-12,5.334859e-12,5.4982455e-12,5.5202496e-12,4.913878e-12,6.2702773e-12,6.0189323e-12,2.0449095e-10,1.5092402e-10,1.6217437e-10,1.0964192e-09,1.2017139e-10,2.3885718e-10,5.087535e-10,5.770386e-11,5.242427e-10,2.1204521e-10,2.7340488e-10,1.6821992e-10,3.8551487e-10,3.160736e-10,2.9542838e-10,3.829389e-10,8.906547e-11,5.5102617e-10,1.1914532e-09,7.271742e-10,6.620403e-10,5.8831673e-10,1.8541112e-10,1.8780577e-10,3.769876e-10,2.3525096e-10,1.0116764e-06,0.0003710372,9.69684e-07,4.7955993e-05,2.043784e-05,3.6996287e-05,0.00041078965,6.1918254e-05,0.0002001046,2.1612025e-06,0.00013959271,6.9300135e-05,0.00023033764,0.0071933544,7.961133e-06,0.0013721859,0.00038759262,0.0013444724,0.0057800035,0.0017974959,0.034654513,0.0016308326,0.03058195,0.015749363,0.012133833,0.10232099,0.00018149987,0.0073983623,0.00097607996,0.0004420996,0.00062269205,0.000259644,0.00061891717,1.5700974e-05,4.0394705e-05,4.3457894e-06,2.4747185e-06,5.573833e-10,1.0229419e-10,1.6759e-10,2.1121048e-10,1.8003804e-10,1.9500533e-10,4.3616372e-10,1.0056085e-10,3.1064204e-10,2.9063857e-10,1.129093e-10,2.0869724e-10,2.6974484e-10,1.5184771e-10,1.4106302e-10,8.542436e-11,6.961874e-11,1.2458365e-10,4.5392964e-10,2.444045e-10,1.4833298e-10,1.4074536e-10,1.2096915e-10,7.8663895e-11,1.8495467e-11,4.6304197e-12,5.1662177e-12,4.6963735e-12,5.593359e-12,5.1364863e-12,6.073526e-12,5.798561e-12,6.371997e-12,5.3474304e-12,5.313898e-12,5.3876955e-12,5.2509277e-12,6.0303316e-12,5.093015e-12,4.7553684e-12,4.4648105e-12,6.1303913e-12,5.3992483e-12,5.1594328e-12
1.8448061e-09,1.966087e-09,1.9784407e-09,1.802006e-09,1.9710735e-09,1.9138802e-09,2.0034847e-09,1.8749302e-09,1.9160642e-09,1.837614e-09,2.1409476e-09,1.8693453e-09,1.9438153e-09,2.0001933e-09,1.8665842e-09,1.9177204e-09,1.8402586e-09,1.8352636e-09,1.8522597e-09,1.9480912e-09,2.0314013e-09,3.1999217e-10,6.3730476e-10,2.9924901e-10,2.811726e-10,3.8895517e-10,4.332451e-10,3.2723835e-10,2.826211e-10,2.0026547e-10,1.7596306e-10,3.302783e-10,2.4695593e-10,1.2062007e-10,2.7394875e-10,2.0204455e-10,8.761742e-11,1.4170914e-10,1.6935796e-10,1.3913531e-10,1.804743e-10,7.1119236e-11,1.06669805e-10,1.7875486e-10,1.3062254e-10,1.14928886e-10,1.498738e-10,1.8157775e-07,2.1339122e-06,2.8877406e-07,2.1811627e-06,2.546849e-06,6.153992e-06,1.0849486e-05,5.4059515e-06,1.6808099e-05,1.4071181e-06,1.1593048e-05,1.9703295e-05,1.4070946e-05,3.495196e-05,1.07587e-05,3.7504993e-05,5.019259e-05,7.0151524e-05,4.8961094e-05,7.0425654e-06,8.234437e-05,1.7070588e-05,6.7536996e-05,0.000101386984,5.581687e-05,4.4621356e-05,2.5026015e-05,5.8268077e-05,1.45602835e-05,5.0307813e-06,1.9593843e-05,3.6701426e-06,4.6925547e-06,6.289973e-07,9.885405e-07,2.1908264e-07,1.2485191e-07,3.1079667e-10,3.7772024e-10,2.5719943e-10,2.483423e-10,2.2388791e-10,2.4004598e-10,5.6641886e-10,2.8988226e-10,1.3530391e-10,3.899275e-10,3.4371228e-10,4.30668e-10,2.916687e-10,3.846518e-10,2.0045195e-10,4.183423e-10,1.915095e-10,2.9305103e-10,2.5987407e-10,3.2586125e-10,2.13369e-10,3.6203401e-10,6.563284e-10,9.36832e-10,1.2934976e-09,1.9208395e-09,1.9027315e-09,1.8638804e-09,1.8678308e-09,1.9137194e-09,1.9913506e-09,1.9015958e-09,2.083827e-09,1.8543947e-09,1.8842619e-09,2.003007e-09,1.9382214e-09,1.9708029e-09,1.8101634e-09,1.9451099e-09,1.9314164e-09,1.993049e-09,1.899381e-09,1.9892057e-09
3.3757216e-12,3.1954105e-12,3.5029915e-12,3.4505974e-12,3.6392157e-12,3.2280923e-12,3.515401e-12,3.0704475e-12,3.384935e-12,3.0686094e-12,3.813603e-12,3.4675006e-12,3.4987182e-12,3.2340207e-12,3.4074516e-12,3.6175956e-12,3.2321953e-12,3.0567625e-12,3.0555153e-12,3.4997595e-12,3.5132025e-12,2.7011824e-12,5.438314e-12,4.960121e-12,7.091262e-12,3.7122315e-12,7.214621e-12,9.817546e-12,2.2979665e-12,6.327583e-12,2.0052703e-12,8.441312e-12,2.732257e-12,3.5199701e-12,3.931434e-12,6.6403627e-12,2.5938054e-12,1.7337627e-12,3.436614e-12,6.4389583e-12,3.8080502e-12,3.1325001e-12,3.5657243e-12,2.1654865e-12,2.0198882e-12,3.0463791e-12,1.6818954e-12,3.339335e-08,4.093023e-06,2.4097144e-08,2.303415e-06,9.100909e-06,3.5983207e-06,2.0163425e-05,7.0717124e-06,6.4067375e-05,6.892008e-07,4.580715e-05,0.00028166617,5.1656334e-05,0.0011839282,5.901609e-06,0.002152378,0.008047978,0.00089802407,0.003633363,0.00017749239,0.010694182,0.0001982457,0.0040072026,0.004503045,0.0011491085,0.0011748538,2.333929e-05,0.0011569366,0.00021768754,1.5320504e-05,4.8136048e-05,2.0824689e-06,1.04208875e-05,3.1065187e-07,2.1516728e-07,1.4690511e-07,4.4404015e-08,6.4485444e-12,3.9783684e-12,4.2021707e-12,6.6317056e-12,4.4963607e-12,6.0790405e-12,1.480649e-11,4.4066105e-12,3.1347715e-12,9.143056e-12,7.261559e-12,7.49431e-12,7.3194055e-12,3.890051e-12,8.032832e-12,6.4919606e-12,3.274471e-12,6.571656e-12,8.301697e-12,8.494353e-12,4.3233906e-12,6.1912697e-12,8.999349e-12,6.6427445e-12,4.2026356e-12,3.3214278e-12,3.242965e-12,3.245279e-12,3.4682084e-12,3.4946033e-12,3.4909857e-12,3.4212444e-12,3.7491837e-12,3.283884e-12,3.3345546e-12,3.658047e-12,3.3324437e-12,3.2911265e-12,3.3506206e-12,3.2687364e-12,3.3472864e-12,3.4597908e-12,3.5028714e-12,3.3381692e-12
2.633157e-12,2.4937554e-12,3.0360564e-12,2.6812172e-12,3.1221297e-12,2.5754295e-12,2.8365897e-12,2.3485987e-12,2.6398703e-12,2.680021e-12,3.1136198e-12,2.6668294e-12,2.7101075e-12,2.8419888e-12,2.6167551e-12,3.0168168e-12,2.7210777e-12,2.469728e-12,2.4080575e-12,2.8369089e-12,2.8563356e-12,2.6914187e-12,2.395181e-12,2.8335019e-12,3.789729e-12,2.7144892e-12,1.9645071e-12,3.4767087e-12,1.1404424e-12,4.4601397e-12,9.277056e-13,2.3993923e-12,1.5598499e-12,1.4326934e-12,1.6819289e-12,3.0545154e-12,1.0358665e-12,8.8153465e-13,1.0686872e-12,1.5633736e-12,1.560701e-12,1.1605094e-12,1.0922749e-12,6.5997826e-13,9.79871e-13,9.719601e-13,8.446291e-13,1.1424978e-08,4.3847177e-07,9.661583e-09,1.6997237e-07,1.6376644e-06,3.116875e-07,2.2685927e-06,2.266496e-07,2.3319562e-06,1.8034117e-07,1.013734e-06,7.130837e-05,2.5340898e-06,3.514964e-05,4.4748583e-07,3.0469153e-05,0.00022653175,7.581624e-06,0.00010223974,7.590837e-07,0.00020043204,1.4365594e-05,3.8786442e-05,0.00037878472,1.8041224e-05,3.417444e-05,2.2919196e-06,3.0729338e-05,2.8274762e-05,1.1113715e-06,1.1559637e-05,9.3969726e-07,2.1504593e-06,1.5319728e-07,3.8381256e-08,3.8309288e-08,1.0825352e-08,2.1825224e-12,2.1153975e-12,1.0784299e-12,1.477408e-12,1.7080831e-12,1.0034716e-12,3.1024276e-12,2.0073615e-12,1.8677258e-12,4.8731206e-12,3.3286668e-12,3.1980228e-12,2.950408e-12,2.8546254e-12,3.7070342e-12,1.9063913e-12,1.884228e-12,2.1033798e-12,2.5436435e-12,6.807831e-12,1.6720293e-12,2.2962248e-12,7.817822e-12,3.8558674e-12,3.7004714e-12,2.537964e-12,2.733114e-12,2.443666e-12,2.8603808e-12,2.8887045e-12,2.951044e-12,2.938216e-12,3.0222248e-12,2.7016638e-12,2.599493e-12,3.1059565e-12,2.6099264e-12,2.7578883e-12,2.7767686e-12,2.7199779e-12,2.8550393e-12,2.981721e-12,2.7821866e-12,2.6220458e-12
5.702064e-11,5.3109763e-11,5.9137355e-11,5.4950024e-11,5.7044248e-11,5.2924914e-11,5.8149374e-11,5.1336713e-11,5.4628368e-11,5.4206244e-11,6.30373e-11,5.635418e-11,5.503068e-11,5.892928e-11,5.8274066e-11,6.147388e-11,5.78123e-11,5.168412e-11,5.024286e-11,6.242672e-11,6.331432e-11,4.892402e-11,8.0931144e-11,1.1754049e-10,1.6588961e-10,8.208185e-11,8.7828814e-11,2.2375747e-10,2.927087e-11,1.3893364e-10,6.790562e-11,1.0976247e-10,5.1145057e-11,9.9279654e-11,5.7887667e-11,8.407967e-11,5.968297e-11,5.6061503e-11,1.1788379e-10,1.2044385e-10,1.015995e-10,7.986174e-11,9.4544664e-11,5.086827e-11,5.2285176e-11,1.0642136e-10,6.4569856e-11,3.4546795e-07,8.581342e-05,7.39492e-07,4.23315e-05,0.000104430495,2.6002393e-05,0.00014420552,3.7434056e-05,0.00028110025,1.0011737e-05,0.00032735357,0.0046602283,0.00025335565,0.008897595,2.5494866e-05,0.015750742,0.008268629,0.00040234657,0.009993784,0.00014040696,0.015293081,0.0009349723,0.0066947127,0.0381748,0.0013127776,0.014298751,5.4222957e-05,0.0059389835,0.001314499,2.4991143e-05,0.00029557518,1.3100462e-05,8.653787e-05,6.836415e-06,4.757137e-06,1.9748863e-06,7.173564e-07,1.2211257e-10,3.9784585e-11,6.43418e-11,1.7484511e-10,3.5022357e-11,6.624156e-11,1.4294524e-10,5.23172e-11,1.1681658e-10,2.781007e-10,8.858049e-11,1.1918763e-10,1.527492e-10,6.912262e-11,2.646059e-10,1.5192488e-10,7.331895e-11,8.245626e-11,1.7378915e-10,2.1909252e-10,9.967696e-11,6.113911e-11,1.2136396e-10,1.1733352e-10,8.670464e-11,5.606557e-11,5.6623647e-11,4.7739313e-11,5.551648e-11,5.84447e-11,6.427017e-11,5.885312e-11,6.8090304e-11,5.640042e-11,5.3730888e-11,6.824321e-11,5.797451e-11,5.69576e-11,5.7524884e-11,5.930588e-11,5.8156587e-11,5.7888545e-11,6.0292694e-11,6.0560314e-11
6.0950654e-11,5.2370653e-11,5.6576837e-11,5.4171452e-11,6.2181135e-11,5.417662e-11,5.969861e-11,4.783633e-11,5.4828097e-11,5.2829744e-11,6.5906884e-11,5.5405555e-11,5.14915e-11,6.061803e-11,5.6113753e-11,6.163101e-11,5.502212e-11,5.2085745e-11,4.7425334e-11,5.9569176e-11,6.008931e-11,9.913724e-11,7.409771e-11,1.5883687e-10,2.2082328e-10,1.3019195e-10,9.41634e-11,3.6453252e-10,3.5943158e-11,1.8749644e-10,5.4334225e-11,1.546065e-10,9.157388e-11,8.6855995e-11,7.893379e-11,1.2131429e-10,1.0063487e-10,5.3812566e-11,9.3608274e-11,2.0158294e-10,1.0161431e-10,1.1911068e-10,8.9513334e-11,3.7263005e-11,4.998062e-11,6.258103e-11,5.5469955e-11,2.6266002e-07,1.039626e-05,3.1870948e-07,3.4755128e-06,8.6039094e-05,3.1809927e-06,3.6133017e-05,2.444636e-06,2.2585235e-05,3.825143e-06,1.1008277e-05,0.00060723664,3.163849e-05,0.0005528444,3.6040178e-06,0.00036252668,0.0021685953,4.2729425e-05,0.0010251983,1.2603239e-05,0.0016877652,0.0002446159,0.00048355793,0.0068279738,0.00021723728,0.0017605671,1.4969115e-05,0.00040628173,0.0008659181,8.597031e-06,0.00010765374,5.723374e-06,4.0888775e-05,6.3888015e-06,1.9747183e-06,9.131506e-07,4.1397163e-07,1.15830914e-10,3.896625e-11,4.160915e-11,8.357688e-11,5.2497263e-11,4.7277942e-11,1.1807268e-10,7.2141286e-11,2.0418374e-10,2.6806807e-10,1.8013482e-10,1.4211674e-10,2.1188948e-10,9.0236395e-11,1.656071e-10,1.4066587e-10,1.2393585e-10,6.738005e-11,1.2620467e-10,2.1925238e-10,1.0372802e-10,4.697368e-11,1.7492598e-10,1.1850496e-10,1.1702787e-10,5.2962114e-11,5.859163e-11,5.0706734e-11,5.615294e-11,5.700285e-11,6.1148364e-11,5.6974047e-11,6.294711e-11,5.902685e-11,5.0998785e-11,6.116201e-11,5.5614027e-11,5.791753e-11,5.693548e-11,5.5076194e-11,5.6139232e-11,6.259082e-11,6.0229294e-11,5.7774095e-11
1.5137241e-10,1.1648219e-10,1.3127205e-10,1.270596e-10,1.380627e-10,1.3051657e-10,1.3942927e-10,1.1969498e-10,1.3237382e-10,1.1732681e-10,1.5805555e-10,1.3280246e-10,1.2219412e-10,1.3805189e-10,1.3396001e-10,1.3545871e-10,1.311224e-10,1.2371706e-10,1.09153686e-10,1.4101013e-10,1.4576347e-10,3.3818315e-10,5.9042937e-10,6.71878e-10,1.7476319e-09,6.032735e-10,5.900804e-10,3.7494505e-09,2.0253899e-10,7.4183953e-10,3.9492246e-10,1.4495951e-09,5.927866e-10,8.3677515e-10,4.9066096e-10,6.1798744e-10,9.911698e-10,4.0870402e-10,7.8565177e-10,2.2200273e-09,8.837736e-10,1.2639567e-09,1.2071691e-09,3.3452574e-10,6.6392375e-10,7.0724204e-10,4.5883336e-10,1.3366395e-06,0.000115865645,2.171468e-06,3.62018e-05,0.00043487156,2.8566952e-05,0.00022234094,2.5875393e-05,0.00013744016,1.732029e-05,0.000104815845,0.00189645,0.00023599179,0.0031294932,1.1878465e-05,0.0012938753,0.005111494,0.00027978895,0.005252473,0.00027856953,0.012039235,0.0010898411,0.0053122393,0.025625048,0.0014251331,0.01297598,5.420171e-05,0.002308827,0.0058925417,7.7724595e-05,0.0005610869,1.6162432e-05,0.00024681387,3.2345633e-05,1.7954242e-05,4.900811e-06,6.2472022e-06,1.2205698e-09,2.8189942e-10,4.5287407e-10,9.849809e-10,5.003813e-10,5.4991367e-10,9.634382e-10,3.948833e-10,8.677881e-10,1.5098784e-09,6.795373e-10,5.9003086e-10,1.0828076e-09,3.739564e-10,6.368861e-10,5.838123e-10,3.8471157e-10,5.2655097e-10,8.9647956e-10,7.32934e-10,8.4968493e-10,2.7200434e-10,6.124383e-10,4.203671e-10,3.6075362e-10,1.2236553e-10,1.412303e-10,1.1997177e-10,1.2698013e-10,1.402382e-10,1.4532321e-10,1.3886449e-10,1.4682856e-10,1.3932054e-10,1.2446973e-10,1.416771e-10,1.337157e-10,1.3421729e-10,1.3052802e-10,1.2286508e-10,1.3197499e-10,1.3940879e-10,1.3566814e-10,1.3827932e-10
2.6600921e-10,2.1406793e-10,2.4228036e-10,2.359333e-10,2.4733426e-10,2.4722532e-10,2.6449648e-10,2.209403e-10,2.4370228e-10,2.2367816e-10,2.7366653e-10,2.41017e-10,2.3775246e-10,2.6452018e-10,2.3551291e-10,2.4193403e-10,2.499335e-10,2.3024735e-10,2.0537452e-10,2.627983e-10,2.6048774e-10,6.464532e-10,1.2448192e-09,1.6446383e-09,3.4117014e-09,1.419829e-09,8.8553703e-10,3.968588e-09,4.906994e-10,1.9131559e-09,7.110782e-10,1.1548589e-09,9.431619e-10,8.762225e-10,4.2543918e-10,7.8785184e-10,8.794052e-10,3.9993994e-10,5.905827e-10,1.9067043e-09,9.0701435e-10,9.901026e-10,8.6730184e-10,2.4860372e-10,6.1058747e-10,5.213922e-10,4.770585e-10,2.9001815e-06,0.00025389824,9.83954e-06,8.1064434e-05,0.0005592902,7.756645e-05,0.00021895277,2.1237463e-05,0.00010067526,1.7533152e-05,4.8330367e-05,0.0007126911,0.00024474636,0.00073134655,1.2038332e-05,0.00041527196,0.00070481066,0.00018299818,0.0012559122,0.00013573459,0.012546474,0.0021682333,0.008200111,0.03425072,0.004926664,0.018377285,0.00034713393,0.006656199,0.0041261525,0.00045090375,0.0014902205,0.000107310196,0.00033690067,8.2113125e-05,8.1742466e-05,7.748183e-06,7.6277674e-06,6.123766e-10,2.1922175e-10,3.04781e-10,5.5069366e-10,3.3068462e-10,2.3984717e-10,7.068053e-10,1.9995805e-10,7.0926315e-10,1.0895512e-09,6.752157e-10,6.496162e-10,5.834929e-10,2.75478e-10,5.475411e-10,3.1202238e-10,4.5121704e-10,2.5550695e-10,7.239753e-10,9.754201e-10,5.686494e-10,2.7811084e-10,1.1535689e-09,5.68734e-10,4.9670146e-10,2.2054789e-10,2.4515687e-10,2.2735967e-10,2.4636296e-10,2.443073e-10,2.6627264e-10,2.4697977e-10,2.7564778e-10,2.6182467e-10,2.394915e-10,2.486331e-10,2.5251526e-10,2.42767e-10,2.417025e-10,2.235519e-10,2.3767582e-10,2.8127967e-10,2.4007463e-10,2.436335e-10
1.2227085e-10,1.00361476e-10,1.0904987e-10,1.07816e-10,1.1552505e-10,1.1037278e-10,1.181037e-10,1.0825697e-10,1.1006333e-10,1.0490104e-10,1.2177835e-10,1.0779832e-10,1.0349754e-10,1.2019488e-10,1.165191e-10,1.16406246e-10,1.1289843e-10,1.1221615e-10,9.3922266e-11,1.2088877e-10,1.13751786e-10,3.6671932e-10,4.592152e-10,4.393545e-10,1.7665002e-09,7.1610873e-10,7.8701073e-10,1.7513094e-09,2.0571873e-10,9.754126e-10,5.7708016e-10,6.085307e-10,4.5815135e-10,4.793534e-10,2.6213545e-10,3.776047e-10,3.320954e-10,1.3488122e-10,2.2774116e-10,6.127563e-10,3.5660858e-10,4.4426393e-10,6.1867983e-10,1.4294037e-10,2.2921412e-10,1.7720066e-10,1.7869199e-10,1.8096916e-06,0.00016585756,7.1798863e-06,3.3225053e-05,0.00039235337,3.0722873e-05,0.0001714472,2.1684917e-05,4.414868e-05,1.2405649e-05,2.9081591e-05,0.0005360396,5.462339e-05,0.0005155578,8.920196e-06,0.00020122371,0.001302265,0.000106349056,0.0016953512,0.00010633983,0.012701921,0.0037981998,0.01687544,0.13554645,0.005678323,0.06448893,0.0008543241,0.013979008,0.018785609,0.00041741188,0.0053393524,0.00019794331,0.0011952512,0.00014360363,7.918235e-05,1.2651209e-05,3.8359467e-06,4.22341e-10,1.8017664e-10,1.6621905e-10,3.44564e-10,1.6233266e-10,1.6225961e-10,6.202655e-10,1.2661787e-10,4.4153367e-10,9.073759e-10,4.3892395e-10,6.247417e-10,4.776613e-10,3.7278286e-10,4.0941409e-10,3.460221e-10,4.244131e-10,9.1435255e-11,4.7155996e-10,5.716988e-10,4.0561016e-10,1.7772733e-10,7.235087e-10,3.5477413e-10,2.388246e-10,1.0364411e-10,1.16171135e-10,1.10966354e-10,1.14157794e-10,1.1407943e-10,1.1965688e-10,1.1422532e-10,1.2657826e-10,1.1735772e-10,1.0450443e-10,1.2147955e-10,1.16084316e-10,1.06307775e-10,1.14518506e-10,1.0467639e-10,1.1110147e-10,1.2851176e-10,1.1117354e-10,1.12439405e-10
7.81762e-11,6.9351885e-11,7.225526e-11,7.174932e-11,7.511753e-11,7.039848e-11,7.627805e-11,6.856117e-11,7.221145e-11,6.94872e-11,7.7844696e-11,7.1740024e-11,6.73104e-11,8.153091e-11,7.443437e-11,7.8526345e-11,7.350715e-11,7.4280346e-11,6.3453964e-11,8.052942e-11,7.316389e-11,1.3799795e-10,1.0785486e-10,1.8090632e-10,5.202924e-10,2.2694761e-10,1.1829734e-10,3.6949613e-10,5.946844e-11,1.1626711e-10,8.915801e-11,1.0168307e-10,9.490513e-11,1.0235244e-10,8.212587e-11,5.6333233e-11,1.08001434e-10,4.4489454e-11,3.6885866e-11,9.359839e-11,6.805929e-11,5.511777e-11,7.139194e-11,2.2168052e-11,4.0730464e-11,3.9613313e-11,3.739534e-11,4.125022e-07,5.873074e-05,3.1014977e-06,8.699004e-06,0.00017581767,1.7642038e-05,7.990382e-05,6.8894565e-06,3.1128304e-05,1.4482332e-05,1.4403214e-05,0.00048298086,2.7480854e-05,0.00034527044,1.0067471e-05,0.0003668974,0.0021409949,0.0002458334,0.002566006,0.00020461074,0.02691128,0.008140903,0.027178288,0.45348993,0.017810155,0.20996878,0.0092246365,0.08305438,0.06276477,0.00211092,0.0068791592,0.0002088942,0.00068763917,0.0001255742,3.27369e-05,7.495643e-06,4.942399e-07,9.4082554e-11,3.318324e-11,3.4096156e-11,8.289923e-11,4.3426707e-11,2.6146868e-11,9.290048e-11,3.6121064e-11,6.07868e-11,7.606855e-11,1.0345035e-10,1.5309866e-10,1.6808761e-10,9.843438e-11,7.101575e-11,4.3608898e-11,1.8406457e-10,1.752524e-11,7.28831e-11,1.3194555e-10,1.6530247e-10,2.8215751e-11,1.7862213e-10,1.1211452e-10,1.209471e-10,6.89717e-11,7.144343e-11,7.2044704e-11,7.751606e-11,7.274228e-11,7.792714e-11,7.2306126e-11,8.1150496e-11,7.502031e-11,6.59608e-11,7.559227e-11,7.680215e-11,7.344213e-11,7.859347e-11,6.499517e-11,7.0755346e-11,8.0696866e-11,7.4274115e-11,7.014944e-11
3.8878893e-11,3.6417536e-11,3.5803322e-11,3.650022e-11,3.6606055e-11,3.44396e-11,3.9166413e-11,3.704893e-11,3.653888e-11,3.465322e-11,3.8295995e-11,3.5463094e-11,3.2673062e-11,3.7120654e-11,4.0352235e-11,3.8800886e-11,3.8890093e-11,3.7528432e-11,3.0701407e-11,4.05349e-11,3.7180387e-11,1.5165526e-10,2.181521e-10,2.3425473e-10,9.403158e-10,3.6961217e-10,3.9976114e-10,8.173331e-10,1.292782e-10,6.939011e-10,3.7042167e-10,2.151209e-10,4.333378e-10,3.436324e-10,2.0248014e-10,2.1372831e-10,2.7034236e-10,1.15410875e-10,2.0378817e-10,3.4933692e-10,2.0787493e-10,5.231021e-10,5.2541e-10,7.160955e-11,1.6691468e-10,1.3728639e-10,8.8323e-11,9.4714744e-07,5.7286936e-05,2.3895568e-06,1.683072e-05,0.0001688895,2.3629307e-05,0.0001491302,2.2800843e-05,4.3918015e-05,4.49906e-05,0.0001241676,0.00052479364,4.738491e-05,0.0014664751,1.3052119e-05,0.00086150074,0.009364865,0.0005330434,0.010391576,0.00049364346,0.049037892,0.044621114,0.13280293,0.30009243,0.011437224,0.25641498,0.0028028083,0.03331136,0.08281675,0.00076571596,0.006490533,0.00012569908,0.0009561045,0.00040839097,0.00019507756,6.1820465e-06,2.3751682e-06,3.0824815e-10,1.1900515e-10,8.7213285e-11,3.5893322e-10,1.4558528e-10,1.2998808e-10,5.9894617e-10,5.02551e-11,3.909411e-10,1.0316994e-09,1.8717354e-10,3.613498e-10,2.5806926e-10,2.4428382e-10,1.14774475e-10,1.4930635e-10,2.4665708e-10,6.0157344e-11,2.0650837e-10,1.7729078e-10,3.860057e-10,9.6876264e-11,1.733557e-10,1.3255641e-10,9.0947826e-11,3.4107713e-11,3.663001e-11,3.5718064e-11,3.7904953e-11,3.8375695e-11,4.0367626e-11,3.8398174e-11,3.943071e-11,3.7179607e-11,3.3905084e-11,4.1279858e-11,3.9139532e-11,3.4917284e-11,3.6869032e-11,3.444768e-11,3.578175e-11,4.062794e-11,3.7088454e-11,3.617427e-11
1.1443778e-10,1.0679029e-10,1.1703613e-10,1.1517353e-10,1.1617342e-10,1.1731124e-10,1.2041798e-10,1.05302836e-10,1.1821848e-10,1.06795996e-10,1.1751639e-10,1.1486771e-10,1.13983364e-10,1.2304412e-10,1.1429382e-10,1.1355913e-10,1.2189671e-10,1.091873e-10,9.907411e-11,1.222019e-10,1.13190436e-10,5.607441e-10,8.432807e-10,1.0109703e-09,5.6890386e-09,2.3120694e-09,5.813803e-10,3.874418e-09,6.0355254e-10,2.2160396e-09,7.3729656e-10,4.97298e-10,9.068712e-10,1.0330417e-09,4.9998483e-10,4.833548e-10,7.2657225e-10,3.3825825e-10,2.4023006e-10,1.2205708e-09,1.0190162e-09,8.976061e-10,7.3122264e-10,1.3989394e-10,3.1487188e-10,3.73e-10,2.1024496e-10,3.0325152e-06,0.0004289826,1.177122e-05,2.831662e-05,0.00027395188,5.0025985e-05,0.00046874615,1.8629045e-05,5.9376573e-05,2.4433206e-05,5.0453982e-05,0.00092325587,0.00020734167,0.0018898074,3.6473553e-05,0.0009721477,0.006333975,0.0036525019,0.024033362,0.0013660141,0.11348862,0.03574552,0.062677324,0.26939067,0.021233158,0.1075406,0.009044272,0.021766674,0.031546086,0.0029306794,0.013999388,0.0003652324,0.0009026628,0.0011066626,0.00027126266,2.5167052e-05,1.6413693e-05,1.0510603e-09,3.0138037e-10,1.8316916e-10,6.845123e-10,4.1775375e-10,1.7760714e-10,6.5351136e-10,1.5427745e-10,5.0327903e-10,1.3290983e-09,3.502895e-10,6.4691613e-10,5.2356797e-10,2.813367e-10,2.4098543e-10,2.6240976e-10,9.680957e-10,2.94573e-10,6.3599076e-10,6.2161126e-10,5.7052046e-10,2.510818e-10,6.2754624e-10,3.8804585e-10,2.3497415e-10,9.8602626e-11,1.1382998e-10,1.0681799e-10,1.1835632e-10,1.1127076e-10,1.257726e-10,1.2183e-10,1.2240813e-10,1.1745498e-10,1.110689e-10,1.1537229e-10,1.2024653e-10,1.205161e-10,1.1012828e-10,1.0088241e-10,1.1095499e-10,1.2851184e-10,1.1379373e-10,1.0990732e-10
1.5066486e-10,1.4117685e-10,1.518668e-10,1.4736178e-10,1.6132008e-10,1.561285e-10,1.5897907e-10,1.4304549e-10,1.5124935e-10,1.3093984e-10,1.6393115e-10,1.5025504e-10,1.457678e-10,1.5952825e-10,1.5689212e-10,1.5874393e-10,1.5141734e-10,1.4656737e-10,1.271943e-10,1.6161573e-10,1.4738033e-10,4.718779e-10,5.625257e-10,7.9480894e-10,3.577215e-09,1.749438e-09,4.6224818e-10,2.646058e-09,3.9340645e-10,1.2219337e-09,4.677559e-10,7.216308e-10,8.013117e-10,8.9570956e-10,4.5909906e-10,4.0391282e-10,8.1348667e-10,3.1127423e-10,3.417831e-10,1.2266507e-09,8.4887264e-10,8.954226e-10,5.037622e-10,1.2259717e-10,2.2820008e-10,2.5203717e-10,1.3831428e-10,1.7429278e-06,0.00019388863,3.1104103e-06,1.7551667e-05,0.00040449342,2.045999e-05,0.00053715275,9.851237e-06,6.853927e-05,6.3016516e-05,4.5561435e-05,0.0018090764,0.00023157433,0.0041658706,6.7646775e-05,0.001670489,0.024195502,0.0021544516,0.04096692,0.0007798387,0.08258095,0.04644226,0.02225019,0.17953919,0.011136684,0.08017298,0.002941139,0.0075629232,0.061995663,0.0010103048,0.0050723404,0.00015815345,0.00088617956,0.00074801396,8.17869e-05,1.1469945e-05,6.563817e-06,8.237888e-10,2.0302808e-10,1.6008972e-10,4.6832904e-10,3.1649344e-10,2.211715e-10,5.1299104e-10,1.794165e-10,6.7042566e-10,7.081647e-10,3.565429e-10,6.159475e-10,5.813172e-10,3.325146e-10,2.5258096e-10,2.7881694e-10,5.838463e-10,2.3687272e-10,5.49323e-10,5.9269223e-10,7.6807827e-10,1.8438448e-10,5.635051e-10,3.302745e-10,2.6293337e-10,1.3003737e-10,1.5078042e-10,1.4093256e-10,1.5276158e-10,1.5072923e-10,1.6550074e-10,1.5926253e-10,1.656675e-10,1.5756928e-10,1.4389269e-10,1.5499094e-10,1.5629774e-10,1.5472748e-10,1.5681911e-10,1.3625046e-10,1.4955624e-10,1.7566527e-10,1.5260317e-10,1.5313324e-10
4.868483e-11,4.6186277e-11,4.8620063e-11,4.827207e-11,5.1852023e-11,4.6577475e-11,5.2231698e-11,4.3424504e-11,4.6867815e-11,4.407504e-11,5.145479e-11,4.5892457e-11,4.6076292e-11,5.0818474e-11,4.9727694e-11,4.981579e-11,4.9369137e-11,4.6754066e-11,4.1965747e-11,5.0732574e-11,4.4812945e-11,2.1468263e-10,1.4826874e-10,2.050228e-10,6.4924255e-10,3.6890346e-10,1.2268066e-10,4.67962e-10,9.184853e-11,3.2295058e-10,1.2356365e-10,1.6445383e-10,2.3371904e-10,1.756006e-10,1.05102385e-10,1.0716288e-10,1.7247043e-10,6.022861e-11,7.3845735e-11,2.5056804e-10,2.255707e-10,1.7268637e-10,1.2655275e-10,3.182172e-11,4.566831e-11,5.219077e-11,3.06357e-11,5.0261025e-07,4.9435057e-05,7.4700824e-07,5.59347e-06,0.00017209035,1.22123e-05,0.0002817031,8.957455e-06,7.865466e-05,2.1886983e-05,4.47442e-05,0.002791236,0.00015566518,0.009480789,6.5130436e-05,0.0034652688,0.093489096,0.0032352975,0.0530969,0.0004354951,0.10585141,0.012637616,0.011535954,0.2386196,0.005399823,0.055031218,0.0011565149,0.0052604037,0.03434572,0.00030492517,0.0015396788,4.9808816e-05,0.0002937524,8.965942e-05,1.3240028e-05,2.9664457e-06,8.244973e-07,1.776302e-10,4.095532e-11,2.3804788e-11,7.427686e-11,6.179794e-11,3.5895547e-11,1.13686796e-10,3.6871544e-11,1.4508045e-10,1.6031551e-10,1.4095917e-10,2.0574792e-10,1.676686e-10,1.3502185e-10,1.10838665e-10,1.0975064e-10,3.190043e-10,5.7441503e-11,1.2205888e-10,3.9681045e-10,1.7021026e-10,6.295541e-11,1.5967862e-10,1.0953231e-10,9.002908e-11,3.973358e-11,4.6542662e-11,4.4454627e-11,5.060259e-11,4.621289e-11,5.180062e-11,4.9520596e-11,5.419637e-11,4.9893572e-11,4.2992165e-11,4.917648e-11,4.6918795e-11,4.8704707e-11,4.9002233e-11,4.4427757e-11,4.7682212e-11,5.604915e-11,5.046014e-11,4.7468963e-11
3.517421e-11,3.3220055e-11,3.4888904e-11,3.472022e-11,3.615038e-11,3.300841e-11,3.7085956e-11,3.2922894e-11,3.4504278e-11,3.1279344e-11,3.619944e-11,3.381355e-11,3.1359807e-11,3.5834932e-11,3.4875932e-11,3.6054323e-11,3.4829133e-11,3.3500983e-11,3.0030086e-11,3.582803e-11,3.328989e-11,1.751059e-10,1.04943734e-10,1.6122777e-10,4.8142074e-10,1.9939259e-10,8.244421e-11,3.8820944e-10,5.391736e-11,2.2447022e-10,8.5094855e-11,9.1537035e-11,1.2194229e-10,1.0738528e-10,7.500033e-11,7.19548e-11,1.0693806e-10,4.340247e-11,4.638252e-11,1.7450343e-10,1.0411791e-10,1.08555394e-10,1.0597762e-10,1.742449e-11,2.828285e-11,3.225324e-11,1.921196e-11,4.7667524e-07,5.9149086e-05,5.297975e-07,6.9284274e-06,0.00017789756,9.879037e-06,0.00020001292,1.005744e-05,5.6371704e-05,1.7992925e-05,3.0403033e-05,0.0015673814,0.0001523003,0.008104542,2.7172002e-05,0.003679022,0.048085917,0.002865989,0.05987531,0.0007747596,0.123020254,0.020753298,0.024023915,0.30987933,0.014653181,0.12635088,0.0016847749,0.013008219,0.072871074,0.000762839,0.0035422472,0.00011886752,0.0007784635,0.00023911055,2.3551587e-05,7.419378e-06,1.3225808e-06,1.5549666e-10,3.1627777e-11,2.5225726e-11,9.218004e-11,5.2033714e-11,3.9351723e-11,1.0391555e-10,3.5064826e-11,1.4844784e-10,1.6992512e-10,1.5866458e-10,2.2861998e-10,1.403357e-10,1.1904028e-10,8.098742e-11,1.093315e-10,2.3543398e-10,4.8770425e-11,1.5000073e-10,2.510861e-10,1.6302748e-10,3.7365635e-11,1.1112886e-10,8.9871055e-11,6.4008666e-11,2.9798778e-11,3.2573607e-11,3.1156328e-11,3.471638e-11,3.332299e-11,3.6214563e-11,3.4364844e-11,3.730112e-11,3.6082942e-11,3.0133937e-11,3.4392385e-11,3.3778674e-11,3.4975255e-11,3.497105e-11,3.194577e-11,3.4696655e-11,3.8102098e-11,3.551174e-11,3.405036e-11
7.7284165e-11,7.269085e-11,7.732913e-11,7.2103705e-11,7.420263e-11,7.6681564e-11,8.115098e-11,7.520759e-11,7.535246e-11,6.780134e-11,7.686343e-11,7.896554e-11,6.825717e-11,7.708365e-11,7.906516e-11,8.19705e-11,7.65137e-11,8.1877054e-11,7.053613e-11,8.6684174e-11,8.321244e-11,1.1041308e-09,1.1042002e-09,1.2914039e-09,6.1250547e-09,1.7548643e-09,1.2223176e-09,7.614805e-09,5.270174e-10,3.787656e-09,1.7728902e-09,1.4886098e-09,1.8353221e-09,3.5724061e-09,9.591647e-10,9.346557e-10,1.3450495e-09,5.9297683e-10,1.1694131e-09,3.0377718e-09,1.4622614e-09,2.5214004e-09,2.9560079e-09,4.4848864e-10,6.119564e-10,8.5637075e-10,5.9915933e-10,2.0989653e-06,0.0004063694,1.8547626e-06,4.303174e-05,0.00026959024,5.789783e-05,0.0010315712,4.721418e-05,0.00022779893,4.306076e-05,0.00031093706,0.0041662236,0.00043560498,0.029828904,2.107101e-05,0.0038996767,0.015966952,0.0024250585,0.042924486,0.000529062,0.031985123,0.008549526,0.021118265,0.08935027,0.0049284007,0.13255371,0.0005081534,0.007878586,0.021869514,0.0002680114,0.003352169,8.19745e-05,0.0007544621,0.00022795821,0.00022005917,3.058726e-05,1.0525959e-05,2.9678549e-09,6.2899114e-10,6.607682e-10,1.9509756e-09,9.923999e-10,8.314553e-10,2.0358686e-09,3.6941517e-10,2.1284383e-09,5.2078435e-09,9.832731e-10,2.2275444e-09,2.2983462e-09,1.0310316e-09,1.2244386e-09,1.1606801e-09,1.3230731e-09,7.1787026e-10,2.384479e-09,1.4840682e-09,8.95294e-10,4.0806933e-10,5.2185595e-10,4.3908482e-10,1.808184e-10,6.8369616e-11,7.120674e-11,6.829911e-11,7.6324794e-11,7.602346e-11,8.58182e-11,8.028207e-11,8.4773584e-11,7.5648536e-11,7.245608e-11,8.037676e-11,7.423278e-11,7.905475e-11,7.3936746e-11,7.2169194e-11,7.5317835e-11,8.438238e-11,8.3164836e-11,7.7369854e-11
1.9374974e-11,1.6468814e-11,1.8170476e-11,1.7526881e-11,1.8726147e-11,1.8468943e-11,1.9906372e-11,1.7680593e-11,1.8120741e-11,1.5540815e-11,1.9401229e-11,1.8641831e-11,1.58854e-11,1.8025392e-11,1.9674606e-11,1.9345728e-11,1.8666381e-11,1.7888803e-11,1.5388146e-11,2.0164969e-11,2.0012776e-11,2.4614977e-10,4.726325e-10,2.9170796e-10,1.6368682e-09,4.3240359e-10,3.147883e-10,2.3874005e-09,1.6496016e-10,1.0231621e-09,5.110561e-10,6.714427e-10,3.670315e-10,7.3244094e-10,3.1937125e-10,3.0564437e-10,3.7432835e-10,1.5208759e-10,3.1718883e-10,1.086619e-09,5.1615895e-10,9.179074e-10,6.539413e-10,9.166629e-11,1.9873908e-10,2.403253e-10,1.4254589e-10,1.0415632e-06,0.00014529536,1.118093e-06,1.4091295e-05,9.616084e-05,1.773489e-05,0.00037404706,2.1960694e-05,9.0087495e-05,1.4876619e-05,9.339384e-05,0.0011238505,0.00028620794,0.010901615,2.10157e-05,0.00193813,0.008699739,0.0031609344,0.028736535,0.0014159575,0.055874906,0.007212049,0.024358056,0.07207404,0.005628352,0.064063095,0.00033534816,0.0029522458,0.013686269,0.00028722401,0.002062323,3.741819e-05,0.0003200053,9.041456e-05,9.127368e-05,7.6656015e-06,4.7180483e-06,6.271284e-10,1.8688015e-10,1.8493382e-10,4.674613e-10,2.9637745e-10,1.9188562e-10,5.081363e-10,1.06357076e-10,2.8146055e-10,8.590357e-10,3.0957417e-10,3.3861186e-10,3.9045714e-10,2.4132343e-10,1.8338549e-10,2.0670127e-10,2.2524771e-10,2.6995975e-10,6.2663696e-10,4.136449e-10,3.3002623e-10,1.4616638e-10,1.4432634e-10,9.5934344e-11,4.4277408e-11,1.5946511e-11,1.7926648e-11,1.6681418e-11,1.7919126e-11,1.8804389e-11,2.0009229e-11,1.9625919e-11,1.989161e-11,1.9126326e-11,1.7575925e-11,1.99945e-11,1.8180424e-11,1.880159e-11,1.7403825e-11,1.767837e-11,1.7306935e-11,2.0208826e-11,1.9432154e-11,1.7282887e-11
2.243604e-11,1.9293508e-11,2.040963e-11,2.0419715e-11,2.1474624e-11,2.033165e-11,2.261809e-11,2.0882834e-11,2.0296119e-11,1.933414e-11,2.2058392e-11,2.1307995e-11,1.8314137e-11,2.1787353e-11,2.156731e-11,2.3363185e-11,2.1766254e-11,2.180764e-11,1.7639024e-11,2.3888598e-11,2.1880804e-11,2.5390035e-10,2.8267208e-10,2.163555e-10,1.5161032e-09,3.122706e-10,4.2200277e-10,1.1563973e-09,1.4083786e-10,9.385963e-10,5.652516e-10,2.9532105e-10,3.639668e-10,3.909019e-10,2.1085605e-10,1.8888184e-10,2.010399e-10,7.061675e-11,2.1690753e-10,4.9612103e-10,2.9783376e-10,5.370377e-10,5.8943367e-10,6.011047e-11,1.349803e-10,1.2305577e-10,7.4991555e-11,5.843385e-07,0.00012527288,9.600774e-07,1.3051717e-05,9.515709e-05,2.4786332e-05,0.00022676981,3.1338328e-05,6.829845e-05,1.2462138e-05,9.310254e-05,0.0012172746,6.260811e-05,0.0061570955,1.0042223e-05,0.001635657,0.01026924,0.0013554818,0.01503137,0.0005497602,0.063587666,0.013738967,0.05891895,0.23698159,0.0071637896,0.21971713,0.00083127327,0.019508405,0.037195954,0.0005311495,0.005627974,0.00013961786,0.0008827007,0.00014323508,0.00011498592,7.788796e-06,1.4121661e-06,3.3836448e-10,8.282084e-11,7.120509e-11,2.4441962e-10,1.3474775e-10,1.0769411e-10,5.2238064e-10,5.0063887e-11,2.4561925e-10,7.3229833e-10,2.2904496e-10,3.0298303e-10,2.1612949e-10,1.6975073e-10,1.7566108e-10,1.11281734e-10,2.2070355e-10,7.107103e-11,3.54144e-10,2.0885592e-10,1.93786e-10,9.401457e-11,1.9534985e-10,1.1430094e-10,5.231162e-11,1.8285375e-11,2.1315758e-11,1.9801775e-11,2.1813759e-11,2.0660968e-11,2.4115206e-11,2.210995e-11,2.4162951e-11,2.1127744e-11,2.0165003e-11,2.3434771e-11,2.1170583e-11,2.0631788e-11,2.0880245e-11,1.9919547e-11,2.0574334e-11,2.385645e-11,2.1436564e-11,2.0448906e-11
3.8721498e-11,3.5527692e-11,3.8327064e-11,3.7426798e-11,4.0268056e-11,4.0701168e-11,4.209541e-11,3.67064e-11,3.7993927e-11,3.6437423e-11,4.1957774e-11,4.067618e-11,3.772516e-11,4.2954577e-11,3.8775004e-11,4.0102883e-11,4.1190527e-11,4.098395e-11,3.3209442e-11,4.3934988e-11,3.9309674e-11,4.7269716e-10,5.6967175e-10,4.936977e-10,3.9974317e-09,8.8569707e-10,3.7099449e-10,1.5741146e-09,3.4087125e-10,1.8626342e-09,4.732529e-10,3.5032455e-10,4.396259e-10,6.207765e-10,2.0151203e-10,2.825469e-10,2.4347638e-10,1.10633246e-10,1.8184584e-10,6.5935524e-10,4.4647916e-10,4.1137707e-10,4.162104e-10,6.791066e-11,1.1896116e-10,1.325375e-10,9.13026e-11,1.3792634e-06,0.00030299078,3.4200607e-06,2.365854e-05,0.0001003447,3.3069537e-05,0.00033565285,1.2801466e-05,5.4530043e-05,5.8743626e-06,3.709109e-05,0.00065043155,0.00012692504,0.0037940477,1.9056002e-05,0.000944641,0.0037907436,0.0019584508,0.014084672,0.0004027692,0.042734176,0.0072839716,0.01963251,0.077130064,0.008861286,0.0727822,0.0012770941,0.009384536,0.011028809,0.00086718827,0.005186019,0.00020004238,0.00064414926,0.00010182542,0.00011703536,1.135318e-05,7.0895317e-06,4.208933e-10,1.3804106e-10,1.1690973e-10,2.2271679e-10,1.9747803e-10,1.2389625e-10,4.230987e-10,8.8518325e-11,2.2382529e-10,7.429353e-10,2.2115858e-10,4.2576612e-10,2.5407126e-10,2.0352449e-10,2.2736561e-10,1.02900084e-10,4.020323e-10,1.2122975e-10,5.0882165e-10,3.838583e-10,1.1869102e-10,1.3647344e-10,2.8306202e-10,1.5254129e-10,8.3391134e-11,3.3335605e-11,3.7718034e-11,3.6766937e-11,3.9265462e-11,3.5439304e-11,4.3829863e-11,4.129452e-11,4.477112e-11,3.883748e-11,3.800777e-11,3.9600455e-11,4.0167338e-11,4.2095088e-11,3.8402434e-11,3.5462834e-11,3.7571415e-11,4.5866415e-11,3.9202752e-11,3.738684e-11
3.6356772e-11,3.3477908e-11,3.565343e-11,3.5098802e-11,3.759287e-11,3.8465498e-11,3.8130287e-11,3.5976062e-11,3.4895545e-11,3.181126e-11,4.0162686e-11,3.678358e-11,3.4328075e-11,3.7723092e-11,3.7540134e-11,3.7951503e-11,3.6832724e-11,3.7630676e-11,2.9669062e-11,4.1141632e-11,3.661132e-11,5.309988e-10,7.1946843e-10,5.0862886e-10,3.6104921e-09,7.416558e-10,4.4709209e-10,2.5351967e-09,2.9239478e-10,1.1801167e-09,5.902066e-10,6.757556e-10,6.1919697e-10,9.385785e-10,5.0123633e-10,3.6344866e-10,5.480301e-10,2.5333877e-10,4.7776794e-10,1.1948317e-09,7.779576e-10,8.4035806e-10,6.8953726e-10,1.4092683e-10,2.0765913e-10,2.569653e-10,1.9400163e-10,1.1654456e-06,0.0001912299,1.8340805e-06,1.6921813e-05,0.00014438423,2.2636978e-05,0.0004041378,2.2805169e-05,8.703192e-05,2.651361e-05,7.918454e-05,0.0014903776,0.0002657657,0.00853015,3.1731062e-05,0.0014216157,0.010413705,0.0025093236,0.022863664,0.00082283636,0.025328912,0.0059230095,0.009080189,0.045885995,0.003462386,0.03714799,0.00042297452,0.0025256013,0.013147715,0.00036159926,0.00216852,0.00010749652,0.00060457084,0.00015886471,0.00010177255,1.134839e-05,5.2123273e-06,1.2064075e-09,2.5564345e-10,2.921846e-10,5.444513e-10,4.200883e-10,3.410496e-10,9.87016e-10,2.2357664e-10,8.416606e-10,1.506924e-09,6.5844563e-10,8.391632e-10,7.928884e-10,6.2548217e-10,4.068212e-10,3.120313e-10,6.901899e-10,3.9332287e-10,1.2316997e-09,7.5933354e-10,6.3480277e-10,2.0401549e-10,3.3108094e-10,1.6189669e-10,9.2677324e-11,3.0423084e-11,3.5853445e-11,3.3941863e-11,3.5271275e-11,3.4617514e-11,3.876874e-11,3.9336315e-11,4.0318648e-11,3.729847e-11,3.4481893e-11,3.7853328e-11,3.630667e-11,3.8165356e-11,3.561829e-11,3.2618047e-11,3.484739e-11,4.0772438e-11,3.7281542e-11,3.471206e-11
3.6576252e-11,3.4580918e-11,3.5898506e-11,3.4997692e-11,3.819598e-11,3.5488397e-11,3.8980617e-11,3.383886e-11,3.4698064e-11,3.3379622e-11,3.8958912e-11,3.628538e-11,3.3915624e-11,3.8766115e-11,3.6767762e-11,3.7999638e-11,3.7206706e-11,3.6677966e-11,3.0417543e-11,4.0246924e-11,3.4852343e-11,4.31042e-10,2.7655067e-10,2.8558633e-10,1.181264e-09,3.5210093e-10,2.0350732e-10,7.9790474e-10,1.3110632e-10,5.3326576e-10,2.1870701e-10,3.0422898e-10,3.0038652e-10,3.452327e-10,2.1743385e-10,1.8837944e-10,2.2346176e-10,1.0147103e-10,2.1155361e-10,4.5573764e-10,3.4567024e-10,2.8931946e-10,3.013081e-10,6.050117e-11,8.4962565e-11,9.263323e-11,7.8613505e-11,5.2426753e-07,7.411635e-05,7.078047e-07,9.481881e-06,8.728453e-05,1.6560967e-05,0.00019468542,1.952524e-05,9.434207e-05,1.3735168e-05,7.03981e-05,0.0018312756,0.0002426925,0.010948024,3.657563e-05,0.002804335,0.020839868,0.0025646193,0.022544708,0.00045886118,0.02827575,0.0029628563,0.006535642,0.04506435,0.0030069456,0.027522687,0.0003063804,0.0024788158,0.008358492,0.00016966267,0.0007607409,4.960954e-05,0.0002604503,4.0939758e-05,1.9309013e-05,3.4158315e-06,8.989443e-07,4.0545436e-10,8.044216e-11,7.791578e-11,1.789712e-10,1.4825692e-10,1.1162709e-10,4.1350245e-10,9.7472135e-11,3.9326026e-10,5.53567e-10,4.0874193e-10,5.407437e-10,5.311036e-10,3.9004358e-10,2.8581085e-10,2.0591287e-10,5.730662e-10,1.2488104e-10,4.4197732e-10,7.7485146e-10,3.0007444e-10,9.374876e-11,2.1925751e-10,1.3134434e-10,8.951646e-11,2.993717e-11,3.5105065e-11,3.241737e-11,3.6878313e-11,3.2737372e-11,3.7957408e-11,3.7617437e-11,4.0383644e-11,3.653957e-11,3.403421e-11,3.7497803e-11,3.4048556e-11,3.8744678e-11,3.4898237e-11,3.3739286e-11,3.4927738e-11,4.1510403e-11,3.8182506e-11,3.416253e-11
3.073106e-11,3.0534568e-11,3.149693e-11,2.7866544e-11,2.9656316e-11,3.0830984e-11,3.285937e-11,2.9377077e-11,3.007121e-11,2.8486003e-11,3.13168e-11,3.3020277e-11,2.9129844e-11,3.1613573e-11,3.1313098e-11,3.1186793e-11,3.2210054e-11,3.1967318e-11,2.7402611e-11,3.395007e-11,3.2437796e-11,7.063535e-10,5.859607e-10,9.190963e-10,3.5433052e-09,1.2109068e-09,4.008822e-10,2.4767841e-09,2.5178987e-10,1.6889363e-09,8.830841e-10,9.511009e-10,9.095622e-10,1.7197004e-09,5.005091e-10,6.2416494e-10,8.270151e-10,4.5952428e-10,9.804577e-10,1.8257924e-09,7.841171e-10,1.1141894e-09,1.4776189e-09,3.6110875e-10,3.745438e-10,4.4250636e-10,3.0081668e-10,1.0426289e-06,0.0002749285,1.2599049e-06,3.789666e-05,0.00022312925,4.1090367e-05,0.00073955435,6.500235e-05,0.00038475907,7.745205e-05,0.00049511745,0.011765933,0.0008219355,0.087989435,0.00010663109,0.0126503175,0.0330296,0.0040888763,0.09061466,0.001582099,0.092146635,0.016483333,0.028962063,0.107595146,0.004779127,0.19306077,0.0010075761,0.010070005,0.02621914,0.000231052,0.0022423363,9.404181e-05,0.0007775579,0.00016360018,9.965853e-05,2.0602683e-05,5.1989996e-06,1.7539462e-09,3.837302e-10,3.673499e-10,1.0030464e-09,5.68249e-10,4.107608e-10,1.2574928e-09,2.785136e-10,1.3689297e-09,2.01388e-09,5.2465104e-10,9.501762e-10,1.2112672e-09,7.0553213e-10,6.5875055e-10,5.2819443e-10,6.981987e-10,3.5225825e-10,1.5389676e-09,1.259646e-09,6.261885e-10,1.9387318e-10,2.8283967e-10,1.8085725e-10,6.8887666e-11,2.7398537e-11,2.8612716e-11,2.6680772e-11,3.1734882e-11,2.8318339e-11,3.3226488e-11,3.1505222e-11,3.5012663e-11,3.0153918e-11,3.0217596e-11,3.155598e-11,2.9573732e-11,3.189886e-11,2.9272928e-11,2.8441756e-11,2.902862e-11,3.3213814e-11,3.3175067e-11,2.959077e-11
2.0928691e-11,2.0148359e-11,2.1344242e-11,2.0198803e-11,2.1447203e-11,2.1213432e-11,2.1379893e-11,2.0395663e-11,2.0600922e-11,2.1392662e-11,2.2032874e-11,2.13675e-11,1.9117461e-11,2.2415639e-11,2.0234743e-11,2.103053e-11,2.1632366e-11,2.1298938e-11,1.7529655e-11,2.2526389e-11,2.0595107e-11,4.3034415e-10,4.3289375e-10,4.240183e-10,1.0466668e-09,3.324516e-10,3.0130548e-10,1.7785088e-09,1.9433644e-10,6.513644e-10,3.6826703e-10,5.0434545e-10,4.198576e-10,7.0054423e-10,2.796289e-10,3.2611594e-10,3.8848705e-10,1.4588396e-10,1.8411621e-10,7.998956e-10,2.102601e-10,4.2677614e-10,3.6989317e-10,5.4945323e-11,1.1990157e-10,1.3688697e-10,8.3287696e-11,1.1491303e-06,0.00039070635,8.239403e-07,5.5123524e-05,0.00039987272,6.2493105e-05,0.0015964682,0.00013630667,0.00075888407,0.00010730038,0.00086074014,0.016617035,0.00280815,0.2182053,0.0005403649,0.03166314,0.19066262,0.018441431,0.07627288,0.0039174245,0.1015508,0.011324337,0.023429504,0.08387478,0.009994496,0.058306713,0.00054982,0.005581888,0.015966935,0.00020891445,0.0010444812,6.6658446e-05,0.00031149143,7.182705e-05,4.2331634e-05,7.3760502e-06,1.4610424e-06,5.2164795e-10,1.0512097e-10,8.874118e-11,2.4512975e-10,1.8537488e-10,1.7618593e-10,5.1610677e-10,9.5693294e-11,3.3920974e-10,6.0946237e-10,3.674433e-10,7.594291e-10,6.18864e-10,2.9634012e-10,3.0332134e-10,2.5857402e-10,3.7220033e-10,1.4534764e-10,6.264672e-10,3.6481618e-10,3.7201864e-10,9.170546e-11,1.7086527e-10,8.9001036e-11,4.4939597e-11,1.8941173e-11,2.0266453e-11,1.8109096e-11,2.0888175e-11,1.9297485e-11,2.2213557e-11,2.18801e-11,2.2754697e-11,2.1083425e-11,1.9740348e-11,2.1722004e-11,1.9820444e-11,2.2510584e-11,2.056802e-11,1.9384324e-11,2.0109352e-11,2.414158e-11,2.2668494e-11,2.059122e-11
7.6470245e-12,7.714619e-12,7.785914e-12,7.1336582e-12,7.1932018e-12,7.5636155e-12,7.816551e-12,7.396653e-12,7.745699e-12,7.0521497e-12,7.548929e-12,8.078978e-12,7.148096e-12,7.356484e-12,8.162572e-12,7.7313225e-12,7.968636e-12,7.576235e-12,6.504891e-12,8.455996e-12,7.9693205e-12,2.5463975e-10,2.4066402e-10,4.2796094e-10,8.973856e-10,3.2597444e-10,2.3255367e-10,1.0502373e-09,9.857634e-11,6.6657774e-10,4.0915377e-10,5.4371085e-10,3.9256104e-10,7.848574e-10,2.3009171e-10,3.30148e-10,3.1781527e-10,1.7254419e-10,4.0068096e-10,8.2593654e-10,2.470111e-10,5.866449e-10,6.006198e-10,1.3699969e-10,1.5935768e-10,1.9900856e-10,1.2450146e-10,6.2039015e-07,0.00012935388,3.713928e-07,2.8318631e-05,0.00015814148,1.7149667e-05,0.0006403952,9.109327e-05,0.0006008797,5.725924e-05,0.00088406145,0.018599857,0.0015447733,0.23196067,0.00019294619,0.035833895,0.08413241,0.0055129593,0.1458313,0.0018892883,0.11625967,0.012382628,0.028549246,0.0998773,0.0043955413,0.0914349,0.00023931076,0.0063776136,0.010163345,4.0277533e-05,0.00086920813,1.4599748e-05,0.0001531144,3.1425123e-05,1.3507763e-05,3.995576e-06,1.436687e-06,5.2583804e-10,1.3716467e-10,1.4452618e-10,3.7975312e-10,1.7350255e-10,1.4655929e-10,4.6257287e-10,8.272163e-11,4.1369966e-10,7.9905915e-10,1.5932394e-10,3.4802403e-10,5.0102844e-10,1.9228551e-10,3.65467e-10,2.362019e-10,2.6033697e-10,1.6382116e-10,6.062491e-10,4.5494208e-10,3.2324404e-10,1.1382114e-10,1.4290726e-10,5.690164e-11,1.8333415e-11,7.005455e-12,7.0944713e-12,6.65331e-12,8.073755e-12,6.8350074e-12,8.154293e-12,7.850947e-12,8.343417e-12,7.476794e-12,7.421667e-12,8.054805e-12,7.0778734e-12,7.6323505e-12,6.990479e-12,7.140492e-12,7.040927e-12,8.058494e-12,8.52053e-12,7.329174e-12
5.656014e-12,5.3791143e-12,5.55533e-12,5.43299e-12,5.7504878e-12,5.2571133e-12,5.7754617e-12,5.340777e-12,5.3962754e-12,5.653296e-12,5.6143003e-12,5.8150112e-12,5.1664176e-12,5.7259497e-12,5.896859e-12,5.838995e-12,5.6515604e-12,5.442937e-12,4.7460018e-12,6.046067e-12,5.4466752e-12,8.2832345e-11,5.503235e-11,1.0240571e-10,2.0806341e-10,6.9829566e-11,3.97801e-11,1.6805903e-10,2.6336003e-11,1.0785524e-10,4.8182607e-11,8.183921e-11,5.577491e-11,8.9230276e-11,3.3721418e-11,6.447988e-11,3.6338037e-11,2.1035616e-11,3.484365e-11,1.14966224e-10,4.2268387e-11,5.974024e-11,5.3970498e-11,1.3107705e-11,1.733798e-11,2.2723674e-11,1.3075917e-11,1.7563818e-07,1.9259605e-05,1.4514514e-07,5.2031714e-06,0.00014382025,6.5612053e-06,0.00017600045,1.8633362e-05,0.00015402402,1.5553798e-05,0.00013461294,0.007819217,0.0005379823,0.062497012,0.00014318687,0.019359227,0.31431916,0.0043978216,0.1087909,0.0013543565,0.16956592,0.009443226,0.01490524,0.20829321,0.0044391463,0.039568435,0.00025999997,0.0037660087,0.019633275,4.0504856e-05,0.00042918083,1.0741678e-05,6.269257e-05,1.0936379e-05,2.6531995e-06,5.7269256e-07,2.0025595e-07,4.3083155e-11,1.4529981e-11,1.6122813e-11,3.8302365e-11,2.3808348e-11,1.9904082e-11,6.499254e-11,1.7376848e-11,4.6946048e-11,1.0461845e-10,5.6809273e-11,6.4027894e-11,5.68187e-11,2.9840325e-11,5.1695346e-11,3.2904783e-11,3.6156137e-11,1.7370518e-11,6.720556e-11,8.5473455e-11,4.6212926e-11,2.045635e-11,3.2691523e-11,1.7638916e-11,9.048202e-12,4.91254e-12,5.194023e-12,4.990568e-12,5.9756393e-12,5.184986e-12,5.6199143e-12,5.6840995e-12,6.223954e-12,5.8250575e-12,5.110455e-12,5.73161e-12,5.3271953e-12,5.5970758e-12,5.297012e-12,5.1980963e-12,5.3038255e-12,5.9365373e-12,6.013462e-12,5.1304377e-12
1.5762228e-11,1.4719613e-11,1.5572175e-11,1.604903e-11,1.5540071e-11,1.515295e-11,1.5960079e-11,1.608599e-11,1.5446514e-11,1.4680639e-11,1.710569e-11,1.6324294e-11,1.4230591e-11,1.605932e-11,1.6065385e-11,1.66455e-11,1.5841434e-11,1.5074657e-11,1.2835588e-11,1.6747917e-11,1.6007088e-11,1.3739836e-10,1.739059e-10,1.9991035e-10,1.2645814e-09,1.9413487e-10,1.2621229e-10,1.1005918e-09,8.017677e-11,2.7899172e-10,1.3127707e-10,2.2073429e-10,1.2913191e-10,2.6781186e-10,1.2157086e-10,1.1458579e-10,1.1846873e-10,5.4514816e-11,1.1868449e-10,3.8643397e-10,1.5402508e-10,2.7705618e-10,1.6435335e-10,3.490073e-11,6.3988856e-11,7.876951e-11,4.946166e-11,5.1498006e-07,6.737373e-05,5.2176904e-07,1.6640852e-05,0.00026104145,3.4048368e-05,0.0005535982,4.2532298e-05,0.0001849063,4.749733e-05,0.00024976747,0.004825288,0.0009097901,0.03900348,8.467218e-05,0.009994043,0.1183103,0.013327631,0.13316172,0.005689888,0.13627975,0.030621259,0.053590003,0.20950203,0.009761224,0.09160241,0.0009265338,0.006744741,0.05417299,0.0002915047,0.0015782673,3.0039584e-05,0.0002326158,0.00013138406,4.2744847e-05,3.7078883e-06,1.6502985e-06,3.2534672e-10,7.949094e-11,1.0450283e-10,2.2125697e-10,1.7223033e-10,1.2474616e-10,2.7332533e-10,6.097503e-11,1.292995e-10,3.66918e-10,1.6614106e-10,1.3793032e-10,1.8324174e-10,1.2532568e-10,7.6670274e-11,6.39125e-11,7.574265e-11,7.726395e-11,2.142648e-10,1.3004348e-10,1.9851512e-10,5.312801e-11,7.247403e-11,4.5571606e-11,3.0663444e-11,1.3323348e-11,1.5538057e-11,1.4443116e-11,1.600837e-11,1.5346198e-11,1.6725125e-11,1.684229e-11,1.7030424e-11,1.5926264e-11,1.4430009e-11,1.6252838e-11,1.5526205e-11,1.5716477e-11,1.4704907e-11,1.3464211e-11,1.5202223e-11,1.5748526e-11,1.577516e-11,1.4203095e-11
4.647807e-11,4.2053156e-11,4.622487e-11,4.707126e-11,4.184808e-11,4.3731286e-11,4.673418e-11,4.7976314e-11,4.3782696e-11,4.117038e-11,4.6904827e-11,4.7510256e-11,4.0712777e-11,4.533945e-11,4.701805e-11,4.92279e-11,4.671555e-11,4.2014434e-11,3.8036744e-11,4.8392457e-11,4.6900088e-11,6.511026e-10,7.808895e-10,5.410694e-10,4.948514e-09,4.8787197e-10,5.395442e-10,2.903139e-09,1.899046e-10,8.9236535e-10,6.2743966e-10,5.729107e-10,3.770097e-10,9.620984e-10,3.7448486e-10,2.8917974e-10,4.636264e-10,1.3608964e-10,3.3857064e-10,1.4955114e-09,4.7006776e-10,7.0940687e-10,7.6200923e-10,8.796031e-11,1.405098e-10,2.0123336e-10,1.7971853e-10,6.4408283e-07,0.00012586087,1.16253e-06,2.5194593e-05,0.00025024827,6.614072e-05,0.00058363826,9.2692535e-05,0.00023797071,2.584535e-05,0.0005226611,0.002746997,0.0010084144,0.045203514,5.0960338e-05,0.008149155,0.033882525,0.014062602,0.055978786,0.0052575385,0.056936555,0.0060054315,0.03943697,0.12444272,0.01005887,0.07494398,0.000622454,0.0068069114,0.022503413,0.00042444677,0.0016514102,4.941761e-05,0.00029178866,9.736855e-05,0.00018746706,9.384296e-06,2.314676e-06,1.0514473e-09,2.3007404e-10,3.4673184e-10,6.128127e-10,5.205419e-10,3.106733e-10,1.045464e-09,1.0782428e-10,2.5444685e-10,1.2442074e-09,3.894784e-10,3.781786e-10,3.8696818e-10,2.867067e-10,1.6431616e-10,1.286153e-10,2.1642416e-10,1.8073155e-10,5.4868504e-10,3.3324404e-10,3.988447e-10,1.4817146e-10,1.8898069e-10,1.2517763e-10,9.127848e-11,3.7056115e-11,4.2010905e-11,4.112784e-11,4.7014104e-11,4.308443e-11,4.932546e-11,4.67529e-11,4.7649468e-11,4.7122372e-11,4.2318926e-11,4.713208e-11,4.4684652e-11,4.4876745e-11,4.232046e-11,4.0068514e-11,4.3861432e-11,4.5263585e-11,4.632081e-11,3.924356e-11
1.0752935e-10,1.0197777e-10,1.1933579e-10,1.0802663e-10,1.11136274e-10,1.102468e-10,1.1735823e-10,1.0958369e-10,1.09969374e-10,1.03274354e-10,1.1173438e-10,1.164214e-10,1.0944625e-10,1.1672513e-10,1.06237685e-10,1.12143024e-10,1.156318e-10,1.0663599e-10,9.802356e-11,1.143071e-10,1.0866954e-10,5.48024e-10,4.8675747e-10,5.4414523e-10,3.1553573e-09,8.9140084e-10,2.9439212e-10,1.8228783e-09,2.3417507e-10,1.1620471e-09,3.6437264e-10,3.0473055e-10,3.5768713e-10,6.0778976e-10,1.6626954e-10,2.8765043e-10,2.4418909e-10,1.1554184e-10,1.07597466e-10,6.613736e-10,2.769855e-10,3.1416275e-10,3.6023612e-10,4.90025e-11,1.0163213e-10,1.3765392e-10,7.663275e-11,2.4535393e-06,0.0007675952,7.0394403e-06,7.993248e-05,0.00042589818,0.00010351744,0.00089730317,3.799683e-05,0.00010690091,2.0016127e-05,6.420138e-05,0.0011282165,0.00031000312,0.010304833,6.911853e-05,0.0028104805,0.012672272,0.004204597,0.030568026,0.0009253426,0.10523386,0.017466413,0.04151776,0.235029,0.033829562,0.1875626,0.0072491798,0.02854162,0.040069077,0.0026034224,0.00639355,0.0006251575,0.0011195729,0.00027623255,0.00033203195,1.3500569e-05,7.2676216e-06,3.1853362e-10,1.2117554e-10,9.973599e-11,1.621443e-10,1.5316504e-10,9.348408e-11,3.3143682e-10,4.4936013e-11,1.7468824e-10,5.1777327e-10,2.3916022e-10,4.6478804e-10,1.8991511e-10,2.0670055e-10,1.3875763e-10,1.3755705e-10,2.6215657e-10,8.568148e-11,5.2430643e-10,4.109187e-10,1.376169e-10,1.1268592e-10,2.5326446e-10,1.8568991e-10,1.6055385e-10,9.310062e-11,1.05131036e-10,1.0328342e-10,1.1200238e-10,9.9579935e-11,1.2823856e-10,1.1686925e-10,1.2784804e-10,1.1057596e-10,1.0960417e-10,1.1143536e-10,1.10167556e-10,1.176442e-10,1.0457686e-10,9.824499e-11,1.10543276e-10,1.2506761e-10,1.1241329e-10,1.0632911e-10
2.3705433e-11,2.3620267e-11,2.4445378e-11,2.3783375e-11,2.4324823e-11,2.4489714e-11,2.3854883e-11,2.3963328e-11,2.3587266e-11,2.321082e-11,2.547018e-11,2.4432886e-11,2.304557e-11,2.391283e-11,2.4437733e-11,2.4673694e-11,2.3696437e-11,2.3036167e-11,2.1076932e-11,2.5407346e-11,2.222943e-11,8.3506334e-11,1.1852265e-10,1.4338288e-10,3.8170073e-10,1.07624624e-10,9.781705e-11,3.0907707e-10,3.6935257e-11,1.07061374e-10,5.360372e-11,7.306427e-11,5.1330613e-11,1.1618167e-10,4.7336614e-11,6.976577e-11,8.758051e-11,2.494431e-11,4.204829e-11,1.3276388e-10,5.600835e-11,1.0982544e-10,7.1573907e-11,1.8136836e-11,3.4284398e-11,4.122006e-11,1.8209037e-11,2.86599e-07,5.48704e-05,3.173766e-07,1.2235247e-05,0.00010993465,1.3863041e-05,0.00019735127,1.5809277e-05,6.366978e-05,1.206708e-05,6.98141e-05,0.0010475037,0.00031649027,0.01897231,5.908845e-05,0.008673157,0.0919136,0.014907253,0.15769304,0.005926928,0.20687397,0.030227331,0.06830871,0.16610314,0.032224767,0.1263131,0.0015654687,0.017403161,0.038754158,0.00080666965,0.0018025722,8.809596e-05,0.00027221127,8.602773e-05,2.8331786e-05,2.3971595e-06,8.8207173e-07,1.2077826e-10,2.4829486e-11,3.7166985e-11,6.4995606e-11,5.238606e-11,4.680637e-11,1.16252605e-10,2.4835831e-11,6.313616e-11,1.1763573e-10,7.476641e-11,1.4939577e-10,1.2413795e-10,5.7582043e-11,5.2844486e-11,5.150999e-11,6.784823e-11,3.64463e-11,1.2489866e-10,8.921816e-11,9.3289806e-11,2.9682954e-11,6.343915e-11,4.4716137e-11,3.6200078e-11,2.1298796e-11,2.3210687e-11,2.1792821e-11,2.4872146e-11,2.2544808e-11,2.511728e-11,2.459452e-11,2.6816677e-11,2.4402475e-11,2.2599441e-11,2.3693726e-11,2.3094325e-11,2.4763885e-11,2.3420231e-11,2.0304272e-11,2.3801936e-11,2.482603e-11,2.4745189e-11,2.2906215e-11
7.349887e-12,6.9698644e-12,7.377795e-12,7.740598e-12,6.954487e-12,7.197616e-12,7.5029176e-12,7.249793e-12,7.367656e-12,6.7364586e-12,7.743182e-12,7.281973e-12,6.853514e-12,7.0424257e-12,7.551141e-12,7.627848e-12,7.563263e-12,6.83439e-12,6.3552913e-12,7.47552e-12,7.0143813e-12,4.639808e-11,9.910659e-11,8.160048e-11,2.5439828e-10,6.7367834e-11,7.144114e-11,2.5691538e-10,3.8360662e-11,1.1869766e-10,4.539144e-11,6.796695e-11,4.5685365e-11,9.0057725e-11,3.0243044e-11,4.8119637e-11,6.2462716e-11,1.7867185e-11,3.8102233e-11,1.2433288e-10,6.248143e-11,1.136642e-10,6.195405e-11,1.1972169e-11,2.1418551e-11,3.1084968e-11,1.5918494e-11,2.389257e-07,4.5834015e-05,2.2897858e-07,1.0702727e-05,7.60954e-05,1.8782725e-05,0.00017595377,2.0060019e-05,5.461742e-05,1.310833e-05,9.411886e-05,0.0010869695,0.00031674624,0.028168866,6.924321e-05,0.008760975,0.13692495,0.028118527,0.18195462,0.009103296,0.21328402,0.03987912,0.08950472,0.13605507,0.013871933,0.06645676,0.00086007576,0.0055197105,0.023404848,0.0005518158,0.00091315573,3.439868e-05,0.00010551619,9.611011e-05,3.238494e-05,1.0798624e-06,4.6061606e-07,6.4361357e-11,1.7985934e-11,1.9102738e-11,4.6288563e-11,3.4923918e-11,2.55146e-11,7.636994e-11,9.96629e-12,2.2810281e-11,8.387341e-11,2.9978058e-11,3.9054933e-11,4.304975e-11,2.1197299e-11,1.9369839e-11,2.3683586e-11,2.3853593e-11,2.039271e-11,5.6443062e-11,4.35401e-11,5.4619958e-11,2.2643306e-11,2.741743e-11,2.0090877e-11,1.3426875e-11,6.4303038e-12,7.1073056e-12,6.602385e-12,7.507942e-12,7.0412708e-12,7.649294e-12,7.569065e-12,7.857487e-12,7.263136e-12,7.0792456e-12,7.433618e-12,7.1431975e-12,7.401404e-12,6.930903e-12,6.184788e-12,7.1854627e-12,7.336889e-12,7.2535975e-12,6.66147e-12
3.8780517e-11,3.4933317e-11,4.3140182e-11,4.0050022e-11,3.9016148e-11,3.9346765e-11,4.1901673e-11,3.821279e-11,4.0213523e-11,3.5936643e-11,3.8884358e-11,4.2843996e-11,3.9052338e-11,4.1603675e-11,3.841463e-11,4.0165996e-11,4.3352336e-11,3.852205e-11,3.5603975e-11,4.1687237e-11,4.0289685e-11,9.920728e-10,8.551484e-10,1.0137102e-09,4.287772e-09,1.685951e-09,3.555364e-10,2.1267101e-09,3.2919015e-10,2.5450377e-09,6.5709976e-10,4.654099e-10,5.154744e-10,1.4498865e-09,2.5783292e-10,5.1223226e-10,2.9343183e-10,1.3492221e-10,2.4182664e-10,1.1024434e-09,4.4719975e-10,7.64293e-10,6.061158e-10,8.2728685e-11,1.5977913e-10,2.393834e-10,1.458612e-10,2.296946e-06,0.00054206734,4.8208467e-06,6.567274e-05,0.00015998531,5.59455e-05,0.0008218231,3.1808155e-05,9.280014e-05,1.2653737e-05,0.000103207334,0.00096639164,0.00059530395,0.020683331,0.00012930048,0.003790382,0.012912047,0.0062069255,0.038904116,0.00090706075,0.08529643,0.00784827,0.02267998,0.048073176,0.010944594,0.04207071,0.0019442397,0.005712643,0.0054486617,0.00057333446,0.0020179295,0.000107402804,0.00020456326,5.66767e-05,0.00013198833,4.215128e-06,5.5992605e-06,4.6334084e-10,2.1686215e-10,1.379396e-10,2.4103e-10,2.7390948e-10,1.3335337e-10,4.8021476e-10,5.183787e-11,1.5264155e-10,7.527969e-10,1.867765e-10,3.7839434e-10,2.2503778e-10,2.2695164e-10,1.7816627e-10,1.4297834e-10,2.5026659e-10,1.6359501e-10,5.8163646e-10,5.403423e-10,1.6019719e-10,1.6546976e-10,2.3478733e-10,1.3162088e-10,8.1686616e-11,3.287646e-11,3.7719654e-11,3.710994e-11,4.1543248e-11,3.531289e-11,4.588851e-11,4.248788e-11,4.458879e-11,3.9732894e-11,4.1099374e-11,4.0443204e-11,3.983701e-11,4.2876692e-11,3.6389673e-11,3.6597097e-11,3.9436777e-11,4.553366e-11,3.954283e-11,3.6200817e-11
5.2368103e-11,4.8927088e-11,5.5632006e-11,5.4456807e-11,5.2200168e-11,4.870177e-11,5.790189e-11,5.4613244e-11,5.1936195e-11,5.127554e-11,5.3073598e-11,5.301633e-11,5.102101e-11,5.3425826e-11,5.4534658e-11,5.5844523e-11,5.988387e-11,5.293116e-11,4.593917e-11,5.5105767e-11,5.2727614e-11,3.1009814e-10,3.8296097e-10,3.0736524e-10,1.1622898e-09,7.0491335e-10,4.5478352e-10,8.7083873e-10,1.9658997e-10,9.752094e-10,5.105754e-10,1.9482065e-10,3.378678e-10,4.6195672e-10,1.149125e-10,1.9857223e-10,1.8819131e-10,9.91795e-11,2.0570726e-10,3.283076e-10,2.6493255e-10,6.7328765e-10,3.6677508e-10,6.8682865e-11,1.4457752e-10,1.3986871e-10,4.8041373e-11,1.1902495e-06,0.0004108343,2.3505306e-06,6.245065e-05,0.00018164636,8.7059474e-05,0.00045018917,3.7791782e-05,0.000109641514,8.522123e-05,0.00015964998,0.0017175052,0.00015148708,0.02409199,0.00022103715,0.005742981,0.056110427,0.005996915,0.029281214,0.00089083624,0.24300146,0.05482391,0.06789183,0.13707288,0.0077608735,0.11553786,0.0038873057,0.015476129,0.03392599,0.0008581104,0.0046120672,0.00012684788,0.0004421287,0.00019621465,0.00012954682,1.971087e-06,9.629241e-07,2.0676422e-10,1.07036914e-10,5.7659766e-11,1.7524773e-10,1.6326195e-10,6.817762e-11,3.0453795e-10,2.5311052e-11,1.5593248e-10,4.9500454e-10,8.871049e-11,1.2711361e-10,1.16374e-10,1.4982358e-10,1.16364e-10,1.3670373e-10,1.5458598e-10,5.6423106e-11,2.0692914e-10,3.0728847e-10,1.8606233e-10,8.6012315e-11,1.7339807e-10,1.4163652e-10,1.0207516e-10,4.5971074e-11,5.512006e-11,5.2430064e-11,5.406776e-11,4.8588022e-11,6.053246e-11,5.7185853e-11,6.011802e-11,5.273335e-11,5.3284065e-11,5.899123e-11,5.3998094e-11,5.0562974e-11,5.1483196e-11,4.75277e-11,5.645454e-11,5.946796e-11,5.0222052e-11,5.2358513e-11
5.1511285e-11,4.8588942e-11,5.6580338e-11,5.3099615e-11,5.3884605e-11,5.4447037e-11,5.5481106e-11,5.2220974e-11,5.2984485e-11,5.0499938e-11,5.4692362e-11,5.571802e-11,5.352098e-11,6.008855e-11,5.315099e-11,5.2227948e-11,5.951073e-11,5.478131e-11,4.720166e-11,5.7726223e-11,5.096887e-11,7.285378e-10,7.8890694e-10,8.3831475e-10,2.8653486e-09,1.0340498e-09,3.2612443e-10,1.3365808e-09,3.1550035e-10,2.3802467e-09,3.3304415e-10,2.2369508e-10,2.975985e-10,8.2837426e-10,1.519173e-10,2.4022426e-10,2.2275073e-10,1.0330301e-10,1.4014724e-10,5.653398e-10,3.1713052e-10,5.47286e-10,3.3542905e-10,5.6760416e-11,1.10246895e-10,1.374722e-10,7.6790685e-11,2.5849893e-06,0.0007016956,3.7740147e-06,4.1321033e-05,0.00014065519,6.290679e-05,0.0005100112,1.6982296e-05,7.914104e-05,9.66366e-06,8.250622e-05,0.00075576926,0.00032310997,0.015717296,0.00011210497,0.0027826051,0.01306904,0.008371182,0.024788272,0.0005310824,0.074125566,0.008720549,0.022900548,0.04335981,0.010689308,0.046125762,0.00270683,0.009291732,0.0061766324,0.0008760637,0.0033042533,0.00013299617,0.0002728925,7.132883e-05,0.00012661985,5.358721e-06,7.02342e-06,4.3515674e-10,2.303513e-10,1.3336772e-10,1.973018e-10,3.0265424e-10,1.1620031e-10,3.2260541e-10,6.722773e-11,1.3552481e-10,6.9555095e-10,1.4379674e-10,4.3006324e-10,2.3720062e-10,2.2579984e-10,2.1811178e-10,9.955647e-11,3.0564762e-10,1.1358174e-10,3.6832296e-10,3.4290246e-10,7.8997864e-11,1.5061838e-10,2.8690603e-10,1.5069308e-10,1.1017312e-10,4.4809642e-11,5.231748e-11,4.9788274e-11,5.4524982e-11,4.6104186e-11,6.128397e-11,5.6154806e-11,5.953366e-11,5.1128945e-11,5.393499e-11,5.442347e-11,5.2494804e-11,5.930179e-11,5.0300177e-11,4.7865302e-11,5.3182223e-11,6.10305e-11,5.2674635e-11,5.1906483e-11
1.8965761e-11,1.8516032e-11,2.0033862e-11,1.9744833e-11,1.9474455e-11,2.0383107e-11,1.9635545e-11,1.9665455e-11,1.9087808e-11,1.793722e-11,2.1169542e-11,1.995176e-11,1.8908116e-11,1.9934186e-11,2.017759e-11,1.9863592e-11,2.0518224e-11,1.8779157e-11,1.6874386e-11,1.9964704e-11,1.8486285e-11,1.311705e-10,2.3855606e-10,2.797026e-10,7.0162354e-10,2.6779612e-10,1.1768211e-10,5.952001e-10,1.0405337e-10,3.1870376e-10,8.837786e-11,1.2898672e-10,1.0139184e-10,2.8457312e-10,1.06390965e-10,1.2560596e-10,1.2051814e-10,5.138406e-11,1.10234176e-10,2.558069e-10,1.6375731e-10,3.016822e-10,1.2149372e-10,3.010957e-11,5.401544e-11,7.8650794e-11,3.0202407e-11,7.957851e-07,0.000156776,7.39891e-07,1.7881712e-05,0.00015095835,1.8458632e-05,0.00044222287,1.3926066e-05,6.467831e-05,3.8094284e-05,8.674895e-05,0.0018396211,0.00046591752,0.038177792,0.0002963804,0.008642877,0.15846673,0.021387001,0.25660217,0.004195166,0.16963995,0.054316435,0.03596376,0.10400768,0.0066820504,0.04781784,0.0016733232,0.0041970527,0.02320609,0.00042938915,0.0012179236,4.234396e-05,0.0001795801,0.00012725443,3.2408483e-05,2.0121952e-06,1.6248515e-06,1.6363182e-10,5.1870404e-11,6.436798e-11,1.0980462e-10,1.2463966e-10,8.4284434e-11,1.9448294e-10,4.1820065e-11,9.987284e-11,2.5394112e-10,1.11844596e-10,1.2478642e-10,1.5742861e-10,9.4789745e-11,9.123478e-11,7.007632e-11,7.942748e-11,7.2972996e-11,1.903833e-10,1.418056e-10,1.3674765e-10,4.6515757e-11,7.437309e-11,4.520465e-11,3.727579e-11,1.652249e-11,1.950226e-11,1.7606023e-11,1.9291931e-11,1.808342e-11,2.0341394e-11,2.0670434e-11,2.0878382e-11,1.900226e-11,1.8739227e-11,1.9727291e-11,1.9569665e-11,2.0687198e-11,1.8532358e-11,1.6652969e-11,1.8821111e-11,2.0297212e-11,1.9382183e-11,1.8615044e-11
2.274298e-11,2.1666181e-11,2.3834889e-11,2.2459671e-11,2.4685008e-11,2.2495084e-11,2.4332824e-11,2.1383437e-11,2.246053e-11,2.2209824e-11,2.3553028e-11,2.305526e-11,2.1945504e-11,2.4494495e-11,2.3764893e-11,2.3866688e-11,2.394361e-11,2.2666672e-11,1.9786672e-11,2.3841483e-11,2.1029243e-11,1.6306563e-10,1.2258163e-10,1.1029469e-10,2.1742488e-10,1.7102075e-10,5.3896245e-11,2.618541e-10,4.758305e-11,1.8349773e-10,5.3625434e-11,8.944091e-11,8.839671e-11,1.6092258e-10,5.833223e-11,6.874029e-11,5.793439e-11,3.2593848e-11,5.4200977e-11,1.5163626e-10,1.1630459e-10,1.11455054e-10,8.736018e-11,1.8475456e-11,2.6580411e-11,3.205097e-11,2.0061614e-11,4.452125e-07,9.19568e-05,5.566361e-07,1.4776561e-05,0.00020194228,4.5217916e-05,0.0004568359,4.1228865e-05,0.00020393085,3.352893e-05,0.00024623433,0.004379556,0.0007988241,0.07316799,0.00048583018,0.01902194,0.32687086,0.01690352,0.07862982,0.0012542793,0.09275959,0.0071784207,0.009138858,0.059517846,0.0032915547,0.024303086,0.0008598588,0.0029581394,0.01253079,0.00014583902,0.00031956498,2.8587638e-05,7.204952e-05,1.6247259e-05,9.742477e-06,9.177693e-07,4.0538333e-07,8.5403414e-11,3.0571115e-11,2.0024149e-11,4.6148377e-11,5.548145e-11,2.8257917e-11,1.06750914e-10,1.7867654e-11,5.7052522e-11,1.3093597e-10,7.5741774e-11,9.670776e-11,1.0291268e-10,1.0297983e-10,1.06314034e-10,7.138581e-11,1.0915952e-10,2.5993515e-11,9.0888054e-11,1.767554e-10,4.0316715e-11,3.269696e-11,5.929673e-11,4.0489494e-11,3.8528198e-11,1.8713859e-11,2.1963091e-11,2.0206814e-11,2.4153275e-11,2.03747e-11,2.4202203e-11,2.3787068e-11,2.5780217e-11,2.2517793e-11,2.141952e-11,2.3795734e-11,2.1477367e-11,2.4632567e-11,2.1614998e-11,2.1237151e-11,2.2178159e-11,2.5695484e-11,2.4258493e-11,2.2004057e-11
4.174784e-11,3.775151e-11,4.5732508e-11,4.1631747e-11,4.36252e-11,4.2950983e-11,4.4009477e-11,4.2596586e-11,4.3378606e-11,3.7796686e-11,4.2197756e-11,4.2628446e-11,3.8754902e-11,4.3259958e-11,4.481624e-11,4.400889e-11,4.3067144e-11,4.33523e-11,3.7435374e-11,4.7322923e-11,4.4308817e-11,5.866084e-10,4.3348272e-10,4.0744388e-10,8.351153e-10,6.7951916e-10,1.5058024e-10,1.9302986e-09,1.8343929e-10,1.1267989e-09,2.694036e-10,4.4880502e-10,2.85568e-10,8.0666585e-10,2.9052794e-10,2.4158306e-10,3.1333613e-10,1.9481401e-10,2.4815075e-10,7.943005e-10,4.164662e-10,7.405376e-10,4.8633675e-10,7.194665e-11,1.5687582e-10,2.064455e-10,1.2134777e-10,9.2055683e-07,0.0001348654,7.491514e-07,1.29046675e-05,4.2432992e-05,2.327803e-05,0.00022963135,1.2292892e-05,3.675023e-05,1.0729569e-05,3.417628e-05,0.00021048498,0.0003010481,0.004380256,4.2531523e-05,0.0010519483,0.0019032615,0.0015780865,0.0029389588,0.00036422064,0.007348421,0.0015403398,0.0034199657,0.0050832694,0.0027890888,0.0048030224,0.00027318567,0.00083375705,0.0018148184,0.0001894382,0.00039564935,6.740618e-05,0.0001529062,4.4237513e-05,5.5700148e-05,3.5056767e-06,2.332077e-06,6.278654e-10,1.9420447e-10,1.4170413e-10,2.451395e-10,2.8016323e-10,1.4141442e-10,3.249411e-10,1.020063e-10,3.7664363e-10,6.0670297e-10,3.7341047e-10,6.4327604e-10,3.1753555e-10,3.213227e-10,1.7365895e-10,1.8362131e-10,1.9596111e-10,2.1326625e-10,5.227194e-10,3.138212e-10,1.8706516e-10,9.301075e-11,1.6883175e-10,9.9455534e-11,9.5581085e-11,3.5936414e-11,4.153221e-11,3.6844236e-11,4.183728e-11,3.8987633e-11,4.6237448e-11,4.528877e-11,4.7451994e-11,4.5547264e-11,4.1585794e-11,4.4064072e-11,4.273509e-11,4.4392566e-11,4.203228e-11,4.0294268e-11,4.3808977e-11,4.8479637e-11,4.1504654e-11,4.09488e-11
2.2878728e-11,2.1999362e-11,2.347786e-11,2.195116e-11,2.493915e-11,2.2086307e-11,2.3549574e-11,2.0406364e-11,2.1794549e-11,2.2468975e-11,2.31459e-11,2.3153228e-11,2.1419201e-11,2.4742665e-11,2.3494928e-11,2.344895e-11,2.3276367e-11,2.2520546e-11,2.0117717e-11,2.382735e-11,2.1922544e-11,1.401011e-10,7.61317e-11,7.903921e-11,1.431139e-10,1.0169356e-10,3.4990184e-11,2.7137326e-10,2.6242153e-11,1.2952267e-10,4.0153186e-11,7.416357e-11,6.146242e-11,1.0730702e-10,5.5352195e-11,4.854035e-11,4.3177125e-11,2.2431636e-11,3.7572372e-11,1.3037778e-10,8.049612e-11,6.6695705e-11,5.4607967e-11,9.86695e-12,1.7251629e-11,1.7720667e-11,1.8405187e-11,3.0275018e-07,4.6077417e-05,3.0230268e-07,8.935131e-06,9.417667e-05,6.316804e-05,0.00020715874,3.970523e-05,0.00018442518,1.5528343e-05,0.00031127126,0.0017648597,0.00077792036,0.022421043,0.000118409356,0.009129074,0.051751465,0.010972083,0.012512618,0.0006582012,0.024399025,0.0018467159,0.005292272,0.016651317,0.0034723112,0.01170274,0.00033327416,0.0018071326,0.0051210634,0.00023733173,0.00013439912,3.5515794e-05,6.6262066e-05,1.264413e-05,1.583502e-05,1.6152951e-06,2.836861e-07,6.866457e-11,2.0277356e-11,1.8288692e-11,4.0633944e-11,4.222909e-11,1.6217383e-11,6.560335e-11,1.1882194e-11,3.690248e-11,8.624022e-11,5.787576e-11,9.140737e-11,7.7413534e-11,8.694314e-11,5.224512e-11,4.6462632e-11,8.3362234e-11,1.6934095e-11,6.2254805e-11,1.2691116e-10,2.3541535e-11,2.2266838e-11,4.9739806e-11,3.7459594e-11,3.5665675e-11,1.8515394e-11,2.0531922e-11,2.0104559e-11,2.3869701e-11,2.0829173e-11,2.4237178e-11,2.2509767e-11,2.5346916e-11,2.2428984e-11,2.086902e-11,2.4061225e-11,2.0939155e-11,2.411383e-11,2.1820752e-11,2.1282167e-11,2.1268817e-11,2.5575549e-11,2.463699e-11,2.1650117e-11
1.5088696e-11,1.3498565e-11,1.5400504e-11,1.4122246e-11,1.5682431e-11,1.4037839e-11,1.5474557e-11,1.34565865e-11,1.4374575e-11,1.4449785e-11,1.4838965e-11,1.5202572e-11,1.3530271e-11,1.5895977e-11,1.509641e-11,1.5279548e-11,1.482748e-11,1.4857856e-11,1.2943912e-11,1.509569e-11,1.4017132e-11,1.7494624e-10,1.1236993e-10,1.5987751e-10,2.5520594e-10,1.3169188e-10,5.5447074e-11,4.0870643e-10,3.4443504e-11,2.415753e-10,7.4706186e-11,1.2046111e-10,9.3112476e-11,1.8104061e-10,6.900737e-11,7.575783e-11,7.156059e-11,3.610626e-11,7.882243e-11,2.8710218e-10,1.3495534e-10,1.6503691e-10,1.4364442e-10,1.9367544e-11,3.2510095e-11,3.7901085e-11,2.8508846e-11,6.323318e-07,0.00014386476,4.5328838e-07,2.2756632e-05,0.0002787833,0.0001443905,0.0005404257,0.00014560939,0.00051119796,3.6767626e-05,0.0009752789,0.005170725,0.0020185597,0.12039257,0.0002962612,0.035933264,0.23579311,0.032731645,0.050387286,0.0022348054,0.075096734,0.0032798895,0.013637778,0.033546094,0.0052992795,0.021555196,0.00029003542,0.0022148683,0.010001,0.00021614264,0.00019671822,3.2027943e-05,7.9739475e-05,2.0748663e-05,2.0679227e-05,2.032926e-06,4.4579633e-07,1.1348394e-10,3.247985e-11,3.713081e-11,8.4069744e-11,7.760661e-11,2.9277185e-11,1.1118203e-10,2.2097515e-11,7.212254e-11,1.9148708e-10,9.3315335e-11,1.5606379e-10,1.2574566e-10,1.299842e-10,8.394444e-11,7.452586e-11,1.3391635e-10,2.8437053e-11,1.3021102e-10,2.16078e-10,4.3212878e-11,3.375496e-11,5.2043814e-11,4.409578e-11,2.5203731e-11,1.2249651e-11,1.3411361e-11,1.2470734e-11,1.4832711e-11,1.35282835e-11,1.5769174e-11,1.461398e-11,1.6138604e-11,1.4636688e-11,1.3922594e-11,1.547261e-11,1.3386775e-11,1.5990488e-11,1.37753585e-11,1.3735637e-11,1.4347486e-11,1.6040006e-11,1.5612385e-11,1.3998429e-11
1.11328766e-10,9.395695e-11,1.1234392e-10,1.083767e-10,1.0215556e-10,1.064889e-10,1.06582375e-10,1.0490775e-10,1.119358e-10,9.9090784e-11,1.0747384e-10,1.0919589e-10,9.893517e-11,1.1374865e-10,9.9670244e-11,1.0977392e-10,1.0856001e-10,1.0104325e-10,9.403314e-11,1.1076199e-10,1.0881582e-10,3.2232977e-10,3.4490166e-10,6.9954215e-10,1.3799132e-09,5.0497445e-10,1.6350868e-10,2.65526e-09,1.6884935e-10,8.5064594e-10,2.4175112e-10,3.8772863e-10,2.2583252e-10,6.8789724e-10,1.950098e-10,2.207442e-10,2.7107605e-10,1.00259794e-10,2.59019e-10,9.382412e-10,3.4711845e-10,6.231714e-10,3.4675915e-10,5.56358e-11,1.7936043e-10,1.308435e-10,9.6064434e-11,1.4268952e-06,0.00034873627,1.2755002e-06,2.7450002e-05,0.00018032822,0.00016706009,0.0006066694,5.429676e-05,0.00014545555,7.428115e-05,0.00020876757,0.0007364653,0.0012862791,0.02254032,0.000114408496,0.0054232134,0.018076275,0.019129539,0.023347132,0.002613824,0.063203104,0.015034506,0.030265478,0.031039264,0.013746099,0.05548647,0.0020015242,0.0051911282,0.020968454,0.0020461057,0.0009846573,0.00012606582,0.0004819151,0.00038871408,0.00018397714,6.4309475e-06,4.0846103e-06,6.2511424e-10,1.4410806e-10,2.220499e-10,3.017377e-10,5.39024e-10,2.0068192e-10,4.3640092e-10,1.00838206e-10,2.8297392e-10,6.451716e-10,3.6030504e-10,4.4337808e-10,5.85889e-10,2.9101524e-10,1.216501e-10,1.2790763e-10,1.8151483e-10,1.3034582e-10,3.2968298e-10,2.694389e-10,1.9871232e-10,6.855811e-11,9.148576e-11,1.278586e-10,1.3552942e-10,8.635766e-11,1.021205e-10,9.624673e-11,1.03008636e-10,1.0570475e-10,1.1452627e-10,1.1290414e-10,1.1330561e-10,1.0625497e-10,1.0214115e-10,1.0508539e-10,1.04958986e-10,1.10490214e-10,1.005202e-10,9.0409236e-11,1.0359461e-10,1.1142734e-10,1.0481135e-10,1.0086937e-10
9.75115e-13,9.625972e-13,1.0774738e-12,1.1200751e-12,1.0476952e-12,1.0814022e-12,1.1188665e-12,9.938166e-13,1.0631148e-12,1.0091165e-12,1.0872386e-12,1.1546165e-12,1.053623e-12,1.1472932e-12,1.0761307e-12,1.0394865e-12,1.0798481e-12,1.0494673e-12,9.919493e-13,1.1849907e-12,1.1208573e-12,1.37364425e-11,6.060661e-12,1.562206e-11,2.6748643e-11,1.7626036e-11,4.2300876e-12,2.632802e-11,6.955132e-12,2.401303e-11,1.5936072e-11,1.5340661e-11,1.4502267e-11,6.3802734e-11,1.8068753e-11,1.0800381e-11,1.4240823e-11,7.811577e-12,1.5874245e-11,6.8650655e-11,1.7044229e-11,3.2387107e-11,3.5487467e-11,9.366332e-12,1.6633148e-11,2.4153774e-11,9.930705e-12,5.873747e-08,8.919614e-06,1.5379467e-07,1.6849186e-06,9.315478e-06,3.7890213e-06,4.8572372e-05,5.7069196e-06,1.9022647e-05,6.732091e-07,3.5688292e-05,7.2614326e-05,5.189908e-05,0.0011592525,4.4231956e-06,0.0008476248,0.0010989455,0.00053534046,0.027029617,0.0028863016,0.1800432,0.0060906857,0.12937881,0.3819386,0.09456398,0.15115,0.0005962042,0.008631625,0.0027013957,0.0001524042,0.0015626078,4.6566063e-05,8.4346626e-05,4.6222744e-06,2.8308261e-06,4.2708808e-07,1.2512736e-07,2.7908889e-11,8.037989e-12,7.1461908e-12,2.3213133e-11,6.7862465e-12,1.4857282e-11,2.8811844e-11,1.0756961e-11,9.527268e-12,1.3408107e-11,1.1238549e-11,2.6472031e-11,2.2257526e-11,7.0406883e-12,4.5513623e-12,1.2907099e-11,7.76437e-12,9.846284e-12,4.5613766e-11,1.3632508e-11,9.436302e-12,1.4130862e-11,1.0424852e-11,4.985668e-12,2.5109903e-12,9.446057e-13,9.785133e-13,9.391264e-13,1.2152086e-12,1.0137117e-12,1.2241699e-12,1.0983774e-12,1.3206674e-12,1.0323064e-12,9.799553e-13,1.0293925e-12,1.1481119e-12,1.1220765e-12,1.0674996e-12,1.0196649e-12,9.40575e-13,1.1092874e-12,1.0606722e-12,1.1012008e-12
1.847123e-11,1.632364e-11,1.7572502e-11,1.800017e-11,1.8096077e-11,1.7160951e-11,1.8572161e-11,1.8210058e-11,1.8054568e-11,1.6669869e-11,1.8120184e-11,1.8179173e-11,1.5697423e-11,1.909228e-11,1.8170576e-11,1.9633368e-11,1.9128655e-11,1.929627e-11,1.5272585e-11,1.962382e-11,1.866926e-11,1.5681721e-10,2.1494552e-10,9.684622e-11,4.2727621e-10,1.9234106e-10,1.6358527e-10,6.070283e-10,8.155067e-11,4.1082757e-10,2.349718e-10,1.0087734e-10,1.7108931e-10,2.1474474e-10,9.431217e-11,8.3244175e-11,7.825826e-11,3.188275e-11,1.1514294e-10,2.3392183e-10,1.4250347e-10,3.8393097e-10,1.5965353e-10,2.798091e-11,7.280336e-11,6.827056e-11,4.4220006e-11,3.152817e-07,7.657779e-05,3.445987e-07,1.7152184e-05,4.8304235e-05,5.8496305e-05,0.00018398758,2.6078293e-05,7.174127e-05,1.0555733e-05,0.00027824103,0.00049028295,8.948463e-05,0.00671436,2.9255894e-05,0.0017102367,0.006068925,0.0023843085,0.0032853489,0.00022692991,0.015430918,0.004012613,0.02144545,0.016999915,0.0017678656,0.024717221,0.0002868745,0.0028379988,0.0022155717,0.00014222915,0.00025389958,2.8920927e-05,8.9333706e-05,2.917095e-05,5.8588485e-05,7.532666e-07,1.5962289e-07,1.0609851e-10,5.2429693e-11,3.2976295e-11,1.2214986e-10,9.841581e-11,5.0064366e-11,2.1445822e-10,2.0905309e-11,1.2694044e-10,4.4334209e-10,1.1087453e-10,1.2025175e-10,1.3798875e-10,1.4300937e-10,8.9334366e-11,7.0154264e-11,1.0659446e-10,2.773537e-11,1.5838934e-10,1.5368411e-10,9.5172155e-11,7.221861e-11,1.4353485e-10,7.1428724e-11,4.5718304e-11,1.5645025e-11,1.7600612e-11,1.7401499e-11,1.790901e-11,1.7835447e-11,2.08859e-11,1.966845e-11,2.0033359e-11,1.7161115e-11,1.6978757e-11,2.0710485e-11,1.7649692e-11,1.7551299e-11,1.8122259e-11,1.7260613e-11,1.7510438e-11,1.995731e-11,1.7083487e-11,1.8370253e-11
1.3683006e-11,1.0779298e-11,1.2409925e-11,1.2781605e-11,1.2134015e-11,1.1999903e-11,1.2563827e-11,1.2912749e-11,1.23486525e-11,1.1767288e-11,1.3118948e-11,1.2850588e-11,1.0639885e-11,1.3431745e-11,1.30635155e-11,1.4202534e-11,1.2764551e-11,1.3469432e-11,1.0785919e-11,1.4012246e-11,1.3029473e-11,2.991936e-10,3.6240216e-10,1.1891886e-10,8.223035e-10,1.8835777e-10,2.9115335e-10,1.0019097e-09,1.1279388e-10,1.0131748e-09,4.394972e-10,2.0126062e-10,2.8498218e-10,4.507708e-10,1.5761493e-10,1.6259118e-10,1.6639137e-10,6.392936e-11,2.2721629e-10,4.580319e-10,4.0312612e-10,8.8731444e-10,5.1411053e-10,5.4147797e-11,1.5656594e-10,1.4785556e-10,9.080269e-11,5.362855e-07,7.9359204e-05,4.6420845e-07,9.673224e-06,3.6289697e-05,4.5340497e-05,0.00013587388,3.3253567e-05,5.16002e-05,1.1254402e-05,0.00016524475,0.00042965775,8.732036e-05,0.0061849803,1.4556003e-05,0.001132038,0.0044561764,0.0017888063,0.0025245068,0.00015627852,0.009737042,0.001944261,0.011830255,0.014205536,0.0008901803,0.01805008,0.000121985926,0.0016955219,0.0024474366,0.00012045579,0.00044750274,3.2980377e-05,0.00015244445,4.8142512e-05,0.00010969717,1.7910977e-06,3.575042e-07,3.1912473e-10,1.0841924e-10,8.3871195e-11,2.643065e-10,2.4352861e-10,1.1469825e-10,5.5538474e-10,4.5919768e-11,2.6454e-10,1.0255286e-09,1.5529983e-10,2.4222224e-10,2.181087e-10,1.7590461e-10,1.4064278e-10,7.210318e-11,1.2901062e-10,5.5357177e-11,2.0692659e-10,1.991235e-10,1.1333473e-10,8.6108926e-11,1.2884414e-10,6.639973e-11,3.4108924e-11,1.0626237e-11,1.2184365e-11,1.1302554e-11,1.2968086e-11,1.2519764e-11,1.40408995e-11,1.3615501e-11,1.3516812e-11,1.2241342e-11,1.2153842e-11,1.4673313e-11,1.2295748e-11,1.2429089e-11,1.2169013e-11,1.1738325e-11,1.223133e-11,1.34283635e-11,1.2483947e-11,1.2319974e-11
6.1785785e-12,5.519007e-12,6.2688665e-12,6.5421804e-12,6.378794e-12,6.515507e-12,6.3787456e-12,6.1351987e-12,6.7188963e-12,5.6759497e-12,6.5832253e-12,6.4905017e-12,6.290162e-12,7.315123e-12,6.190681e-12,6.455143e-12,6.4184834e-12,6.8932156e-12,5.241222e-12,7.665789e-12,6.7196903e-12,2.1076178e-10,1.4592638e-10,1.6369246e-10,8.773236e-10,1.8007065e-10,7.8296404e-11,6.648406e-10,8.424656e-11,5.531902e-10,1.4857197e-10,2.2726708e-10,1.8355709e-10,5.301502e-10,2.8590513e-10,1.828474e-10,1.9478712e-10,8.770538e-11,2.0824832e-10,8.0332874e-10,4.1419865e-10,6.359485e-10,4.09723e-10,1.0014702e-10,1.8981128e-10,1.9507378e-10,1.3517651e-10,5.298407e-07,0.00013363454,1.0651004e-06,8.672051e-06,4.8545255e-05,1.3131448e-05,0.0003047145,1.7368757e-05,6.670359e-05,3.304545e-06,6.103817e-05,0.0007322021,9.876087e-05,0.008360346,1.9009978e-05,0.001395575,0.0031411282,0.0013077821,0.029090494,0.0012432582,0.06696415,0.0032524928,0.03322586,0.0993972,0.0056165457,0.10566667,0.00034086203,0.003629037,0.0036836155,8.167031e-05,0.00077838515,3.8064238e-05,0.00021845335,2.1949782e-05,1.712912e-05,2.9631526e-06,1.0278628e-06,6.203512e-10,1.1496222e-10,1.01496964e-10,3.2289585e-10,1.9013993e-10,1.9007321e-10,5.6630006e-10,1.8183464e-10,2.6880648e-10,3.7163736e-10,1.8459634e-10,3.6460082e-10,6.628528e-10,2.0320902e-10,2.1032406e-10,1.1766244e-10,1.1678619e-10,1.2672864e-10,7.376443e-10,2.4609734e-10,1.242763e-10,8.516422e-11,1.3737936e-10,3.8515528e-11,2.2469637e-11,5.321292e-12,6.0784277e-12,5.583627e-12,6.595253e-12,5.8387475e-12,6.9102623e-12,6.8893116e-12,7.520832e-12,5.74244e-12,6.0201375e-12,6.600211e-12,6.316756e-12,7.1911574e-12,6.211451e-12,5.6380772e-12,5.3679908e-12,6.774616e-12,6.1165157e-12,6.144802e-12
1.8399997e-11,1.5860516e-11,1.7797052e-11,1.7526283e-11,1.9021262e-11,1.7790436e-11,1.8218472e-11,1.8893623e-11,1.8178658e-11,1.717294e-11,1.8621577e-11,1.8881445e-11,1.6085659e-11,1.9322977e-11,1.7381138e-11,1.9995151e-11,1.7589643e-11,2.0109548e-11,1.50248e-11,1.9840723e-11,1.8400066e-11,3.6203593e-10,2.830952e-10,8.5962855e-11,1.3008228e-09,2.8658087e-10,1.9403314e-10,1.1499006e-09,8.237173e-11,7.067637e-10,2.7945887e-10,2.8288738e-10,2.3690874e-10,3.4996284e-10,1.7468355e-10,1.3166479e-10,1.1775643e-10,5.2089413e-11,1.3459421e-10,3.739195e-10,2.091518e-10,5.1253024e-10,2.5125468e-10,4.5183874e-11,9.0829004e-11,8.088721e-11,7.185947e-11,2.4373853e-07,5.9098384e-05,5.427751e-07,8.591456e-06,2.6485817e-05,1.4534665e-05,0.000116274605,1.21349285e-05,2.55963e-05,2.8215402e-06,2.982425e-05,0.00021623126,3.621249e-05,0.001666581,1.0039871e-05,0.0003813745,0.0011571426,0.00048754006,0.0014691305,0.00010159512,0.0052273106,0.0008310117,0.004592833,0.013673116,0.0012313973,0.016199535,0.00022959775,0.0012748468,0.0015989903,7.994326e-05,0.00029769365,3.5086e-05,0.00018141331,1.6844018e-05,3.665403e-05,1.4613172e-06,3.3695088e-07,3.2811942e-10,8.15098e-11,5.061338e-11,2.0404003e-10,1.3756701e-10,9.875562e-11,4.0695322e-10,6.770688e-11,2.2111403e-10,4.4348936e-10,2.5360714e-10,3.3303682e-10,2.1392758e-10,3.0519412e-10,2.110054e-10,8.8650684e-11,1.6297243e-10,7.268018e-11,5.9660493e-10,2.0711648e-10,1.5342201e-10,1.1091455e-10,3.3276062e-10,1.02248474e-10,5.2885887e-11,1.489344e-11,1.7411598e-11,1.6327382e-11,1.8254995e-11,1.7323384e-11,2.064321e-11,2.0094594e-11,2.0553594e-11,1.726289e-11,1.7332538e-11,1.9690678e-11,1.806987e-11,1.8651615e-11,1.833001e-11,1.745043e-11,1.736967e-11,1.9980854e-11,1.7775139e-11,1.8402382e-11
1.947248e-11,1.56198e-11,1.7669331e-11,1.7522733e-11,1.8200198e-11,1.745565e-11,1.8117662e-11,1.8077274e-11,1.7603868e-11,1.6830088e-11,1.8711754e-11,1.8750054e-11,1.5727841e-11,1.91047e-11,1.7769945e-11,2.0630882e-11,1.774116e-11,2.0093323e-11,1.498233e-11,2.0253698e-11,1.8578111e-11,5.948333e-10,4.767329e-10,1.7610863e-10,1.8471494e-09,4.3161988e-10,3.5528472e-10,1.7225374e-09,1.33261e-10,2.1341207e-09,8.457996e-10,6.2706007e-10,5.3102506e-10,6.519398e-10,3.4989261e-10,3.2021047e-10,2.6990823e-10,1.1883604e-10,4.1037412e-10,1.0681431e-09,6.495121e-10,1.6717424e-09,9.823262e-10,1.09896564e-10,2.72063e-10,2.4250318e-10,1.8504916e-10,3.8855205e-07,5.878566e-05,6.5287287e-07,6.8362992e-06,2.3837556e-05,1.4897656e-05,8.834827e-05,2.012618e-05,3.49631e-05,4.276937e-06,4.197225e-05,0.00027708223,5.250215e-05,0.0023841343,8.465115e-06,0.00038366477,0.0013098429,0.00061380473,0.0014910847,0.000110007415,0.0071210205,0.0010173892,0.0059298617,0.014065113,0.0011420791,0.017452396,0.00017189799,0.0011985814,0.0017060899,8.966624e-05,0.00049396005,3.7034235e-05,0.000182366,2.7018961e-05,5.8851176e-05,1.9573552e-06,5.6318635e-07,7.559764e-10,1.8279213e-10,1.2975533e-10,4.0484185e-10,3.496378e-10,1.9485753e-10,9.589578e-10,1.1986932e-10,4.6031748e-10,1.2467486e-09,3.89196e-10,5.6540483e-10,4.1914222e-10,4.4515538e-10,3.7192704e-10,1.1833888e-10,2.3901828e-10,1.4975023e-10,8.797374e-10,3.6209588e-10,2.2217717e-10,1.581373e-10,3.602167e-10,1.2070628e-10,5.401676e-11,1.4435432e-11,1.745615e-11,1.5810795e-11,1.8811881e-11,1.7649828e-11,1.9584483e-11,1.9320906e-11,2.0174851e-11,1.723571e-11,1.7340272e-11,1.9847263e-11,1.7650298e-11,1.8203704e-11,1.7833506e-11,1.7075048e-11,1.7189025e-11,1.9344653e-11,1.7785069e-11,1.771448e-11
3.0531567e-11,2.6417226e-11,3.008185e-11,3.0293563e-11,3.0641885e-11,3.0805088e-11,2.9385116e-11,3.033259e-11,3.089482e-11,2.5463994e-11,3.181655e-11,3.066024e-11,2.7685224e-11,3.2239215e-11,3.1642255e-11,3.1585692e-11,2.969817e-11,3.3388896e-11,2.4730686e-11,3.4499733e-11,3.0961952e-11,5.879944e-10,1.0252741e-09,4.743467e-10,2.4013027e-09,6.1095695e-10,2.658901e-10,3.6892251e-09,2.8131733e-10,2.663196e-09,4.1541526e-10,1.0001244e-09,5.482247e-10,1.4798032e-09,7.248101e-10,5.5181676e-10,6.249672e-10,2.5253077e-10,7.2322065e-10,2.5234503e-09,9.459799e-10,2.0839652e-09,8.625773e-10,1.6792394e-10,3.409645e-10,4.098205e-10,3.29317e-10,1.0738557e-06,0.0001797674,6.9977966e-07,1.1247695e-05,8.742635e-05,2.5307845e-05,0.00028271,2.786918e-05,7.3100404e-05,1.4508381e-05,0.00011417691,0.0012466519,0.00032684373,0.012508592,3.3520795e-05,0.0013958152,0.008295135,0.0038953656,0.0108678965,0.0007372262,0.012244696,0.0019698234,0.0063218623,0.016531663,0.0014498688,0.010579249,0.00013518006,0.0006828477,0.0026718026,9.301588e-05,0.00027107412,1.7037582e-05,8.7427594e-05,3.786772e-05,3.989929e-05,4.4867056e-06,1.9096979e-06,1.8862856e-09,3.4633457e-10,4.646444e-10,7.260166e-10,9.692169e-10,4.717212e-10,1.2938894e-09,3.0727057e-10,6.5583505e-10,2.0399151e-09,7.258726e-10,9.066877e-10,1.23691e-09,6.365683e-10,6.121257e-10,2.7588878e-10,3.7664813e-10,5.6620364e-10,1.5162283e-09,4.824428e-10,3.2491154e-10,1.9149628e-10,2.8980032e-10,1.06787e-10,8.8466075e-11,2.3780866e-11,2.8385148e-11,2.681727e-11,2.8331816e-11,2.8038138e-11,3.0287266e-11,3.309622e-11,3.1912455e-11,2.889921e-11,2.9001914e-11,3.1828932e-11,3.0224132e-11,3.1971613e-11,2.8408763e-11,2.6531598e-11,2.7681529e-11,3.1098967e-11,2.9752485e-11,2.8556095e-11
5.750699e-11,5.1346982e-11,5.749032e-11,5.3936747e-11,6.011137e-11,5.2539383e-11,5.834e-11,5.496825e-11,5.4716887e-11,5.2953072e-11,5.918326e-11,5.958945e-11,5.2102885e-11,6.26647e-11,5.5223402e-11,6.43823e-11,5.227629e-11,6.302646e-11,4.8441997e-11,6.517639e-11,5.6654965e-11,5.392628e-10,3.1165642e-10,3.219115e-10,9.989186e-10,4.9223836e-10,1.0897413e-10,8.787895e-10,1.3426948e-10,8.037138e-10,2.3169307e-10,3.6915643e-10,3.0812775e-10,4.37331e-10,2.4029168e-10,2.1202752e-10,2.1409928e-10,1.1486781e-10,2.3385258e-10,5.2860666e-10,3.2113207e-10,4.4918344e-10,3.227907e-10,9.556209e-11,1.8723002e-10,1.0668818e-10,1.2511045e-10,4.5927482e-07,6.997684e-05,1.163505e-06,7.2318217e-06,3.917084e-05,1.47095325e-05,6.1018298e-05,7.420715e-06,1.8892457e-05,4.7437893e-06,1.3572837e-05,0.00015499596,3.7231322e-05,0.000675117,1.1161155e-05,0.00026017262,0.0009610687,0.00039584434,0.0012883869,8.28277e-05,0.0034273108,0.00062835834,0.0023959754,0.013082822,0.0022394052,0.014720389,0.00046585582,0.0019252002,0.00256873,0.00020302109,0.0003695327,4.561855e-05,0.00017367763,2.4598103e-05,3.0445073e-05,2.902817e-06,6.0959087e-07,4.828595e-10,1.11198516e-10,1.1318579e-10,2.2917773e-10,1.661055e-10,1.1873584e-10,3.719567e-10,1.0145212e-10,2.6965338e-10,3.9632586e-10,3.3999786e-10,9.965361e-10,3.4683603e-10,5.4157795e-10,2.2163152e-10,1.0829802e-10,2.7041153e-10,7.067978e-11,4.8003845e-10,3.7461312e-10,1.3450273e-10,7.451644e-11,2.103077e-10,1.2150778e-10,1.1525494e-10,4.8185456e-11,5.4977373e-11,4.980405e-11,5.8543094e-11,5.2340642e-11,6.2169686e-11,5.908424e-11,6.517291e-11,5.419083e-11,5.4339252e-11,5.580694e-11,5.890746e-11,6.266924e-11,5.928755e-11,5.1695048e-11,5.4042815e-11,6.526894e-11,5.7368298e-11,5.3981822e-11
4.6197667e-11,3.878535e-11,4.1127945e-11,4.1759284e-11,4.300884e-11,4.0079166e-11,4.3936316e-11,4.2765402e-11,4.1079494e-11,4.0003095e-11,4.5189e-11,4.2316213e-11,3.7508968e-11,4.4625827e-11,4.2441176e-11,4.6833343e-11,4.2395705e-11,4.6855683e-11,3.4729712e-11,4.6847456e-11,4.2849006e-11,8.434775e-10,7.551573e-10,3.543593e-10,1.9457858e-09,7.703453e-10,4.636727e-10,2.310541e-09,2.8655758e-10,2.228813e-09,1.3007421e-09,6.9184874e-10,1.234587e-09,9.1354524e-10,5.5135324e-10,3.7448797e-10,6.4166183e-10,3.1967567e-10,8.9012037e-10,2.1690667e-09,1.5356363e-09,3.0047438e-09,1.5267521e-09,2.9959749e-10,6.600068e-10,4.275482e-10,3.8465928e-10,6.923455e-07,8.444519e-05,7.1366105e-07,1.0270786e-05,4.2815314e-05,4.7079513e-05,8.226865e-05,2.5383182e-05,5.579778e-05,1.1400536e-05,0.00010424298,0.00030988615,8.332475e-05,0.003405966,1.19524e-05,0.00061995466,0.0025513584,0.0013885055,0.0016314692,0.00015242174,0.0063090296,0.0011874835,0.006392128,0.009071276,0.0008148816,0.011954185,0.00011361322,0.00067401095,0.0012519762,0.00011331036,0.0002227739,2.2951486e-05,0.00010255029,3.703269e-05,8.7462766e-05,1.4998868e-06,4.842892e-07,1.1560922e-09,3.727705e-10,2.46571e-10,8.0980095e-10,7.145596e-10,3.00921e-10,1.4231926e-09,1.4816505e-10,1.066284e-09,2.7562617e-09,7.418915e-10,8.379454e-10,6.384681e-10,9.792072e-10,4.1167914e-10,2.859952e-10,7.833769e-10,2.1552915e-10,1.0563609e-09,7.339968e-10,4.671489e-10,2.4824764e-10,4.2392576e-10,1.7921375e-10,1.1868463e-10,3.4957603e-11,4.1734602e-11,3.8850353e-11,4.294744e-11,4.053807e-11,4.5626454e-11,4.6781204e-11,4.6233104e-11,4.168798e-11,4.0099656e-11,4.772163e-11,4.2060487e-11,4.3659222e-11,4.3077965e-11,3.984015e-11,4.2477216e-11,4.731983e-11,4.0618488e-11,4.249415e-11
2.0084644e-11,1.808119e-11,2.0998724e-11,1.9891965e-11,2.1246574e-11,2.2203114e-11,2.1250869e-11,1.9872283e-11,2.1271634e-11,1.935966e-11,2.1053347e-11,2.138505e-11,2.098335e-11,2.3170478e-11,2.0626851e-11,2.0515341e-11,2.0934738e-11,2.2593191e-11,1.7755427e-11,2.4067947e-11,2.1922601e-11,8.6932817e-10,1.2165293e-09,6.129252e-10,2.3152433e-09,1.2738423e-09,3.079296e-10,1.7014905e-09,4.7581583e-10,5.3571165e-09,5.235622e-10,6.843363e-10,5.5086957e-10,1.525276e-09,3.0550645e-10,4.1796352e-10,4.2484843e-10,2.938414e-10,3.4466227e-10,1.8816693e-09,1.0362864e-09,1.69165e-09,9.50667e-10,2.1076137e-10,3.8744252e-10,3.7863854e-10,3.8683332e-10,1.7288583e-06,0.0001766894,1.3990416e-06,9.912316e-06,2.2250451e-05,1.3338506e-05,0.00014344772,6.3986886e-06,3.2299336e-05,2.3064667e-06,2.658189e-05,0.00017739818,9.2086695e-05,0.0029249648,1.2160679e-05,0.0002970573,0.0006588487,0.0007300901,0.0021360372,5.8630852e-05,0.004409158,0.00047085568,0.0016695458,0.00230831,0.00066993217,0.003374972,6.0446207e-05,0.00029218115,0.0002448918,5.835128e-05,0.00022517887,1.5193964e-05,4.2740405e-05,8.515567e-06,2.121311e-05,2.8662264e-06,6.2600916e-06,1.6557916e-09,4.9364e-10,4.5177462e-10,6.0159083e-10,1.0474185e-09,3.0781216e-10,7.50532e-10,2.730203e-10,4.8478604e-10,2.033751e-09,3.8137032e-10,9.145318e-10,6.150261e-10,5.013821e-10,7.154104e-10,1.7080383e-10,5.466056e-10,5.0249843e-10,1.1981166e-09,7.7296053e-10,7.516662e-11,2.4499394e-10,4.1886133e-10,1.0248049e-10,6.022438e-11,1.680582e-11,1.9331283e-11,1.8193065e-11,2.0340864e-11,1.8246443e-11,2.2437345e-11,2.3170169e-11,2.3378634e-11,1.9647171e-11,2.0810369e-11,2.1432746e-11,2.091247e-11,2.3019869e-11,1.9903806e-11,1.93917e-11,1.9662764e-11,2.4540444e-11,2.026705e-11,2.0473007e-11
3.5109967e-11,2.9801876e-11,3.476439e-11,3.210878e-11,3.513073e-11,3.5996223e-11,3.4290498e-11,3.5446e-11,3.4097575e-11,2.9914293e-11,3.6780964e-11,3.542998e-11,3.1801357e-11,3.6396372e-11,3.595725e-11,3.6674417e-11,3.3771624e-11,3.7904464e-11,2.8671447e-11,3.8592685e-11,3.5976458e-11,1.8305034e-09,2.3334032e-09,1.5182384e-09,6.2277157e-09,2.2342277e-09,6.8098643e-10,6.612321e-09,8.1712603e-10,5.699992e-09,1.4980881e-09,2.6548763e-09,1.8402633e-09,3.941866e-09,1.654798e-09,1.2090698e-09,1.3837567e-09,8.8055285e-10,1.8011791e-09,5.424911e-09,3.0535066e-09,5.7868723e-09,3.0205811e-09,6.748498e-10,1.146737e-09,1.1888251e-09,9.1197344e-10,2.0337202e-06,0.00026749732,1.574126e-06,1.3176804e-05,7.677914e-05,1.764772e-05,0.00021917548,2.6510486e-05,6.664373e-05,1.7903523e-05,6.1024235e-05,0.00062628835,0.00030710865,0.009045253,3.2752727e-05,0.00065416,0.0028031154,0.002215064,0.008770033,0.00046969054,0.0088738045,0.0017595593,0.003409238,0.0072965664,0.0012360886,0.008438547,0.000118216696,0.00030226467,0.0011522799,0.00010081413,0.00029489037,3.3574677e-05,0.00014678894,5.7901463e-05,6.5250475e-05,6.206967e-06,7.6268907e-06,5.3421196e-09,1.0631771e-09,1.3898086e-09,2.0230313e-09,2.448167e-09,1.2357089e-09,2.7589135e-09,9.07142e-10,2.7792473e-09,5.7294876e-09,2.0181792e-09,2.5806999e-09,2.611763e-09,2.5133133e-09,1.7017511e-09,8.82372e-10,1.3427135e-09,1.8813078e-09,4.571842e-09,2.2482363e-09,8.64657e-10,5.0547094e-10,7.259122e-10,2.0925857e-10,1.1509129e-10,2.7343355e-11,3.3181017e-11,2.9807615e-11,3.3021284e-11,3.170917e-11,3.5239384e-11,3.89564e-11,3.6392972e-11,3.32469e-11,3.4160067e-11,3.6005084e-11,3.483793e-11,3.8488594e-11,3.3169373e-11,3.0816405e-11,3.2126423e-11,3.9173675e-11,3.4202575e-11,3.3403648e-11
3.5413204e-11,3.459959e-11,3.673061e-11,3.4641585e-11,3.9730566e-11,3.5622335e-11,3.685173e-11,3.4719113e-11,3.621375e-11,3.518859e-11,3.723027e-11,3.718712e-11,3.281833e-11,3.880044e-11,3.5107674e-11,3.8504953e-11,3.496273e-11,3.8371667e-11,3.0489045e-11,3.892571e-11,3.5234933e-11,8.792166e-10,4.0748713e-10,3.3050776e-10,1.0985042e-09,4.703963e-10,1.752012e-10,1.0049016e-09,9.482273e-11,6.660528e-10,3.0280542e-10,4.1884698e-10,3.1562847e-10,7.687277e-10,3.568335e-10,2.1928427e-10,2.2297553e-10,1.4494193e-10,2.5493568e-10,8.1673457e-10,3.4562142e-10,4.799943e-10,4.707301e-10,7.86291e-11,1.2747703e-10,1.1725135e-10,1.3521674e-10,3.536117e-07,5.0504073e-05,3.4973206e-07,7.283716e-06,4.8166927e-05,1.1927791e-05,6.465517e-05,1.881632e-05,7.129875e-05,4.528566e-06,6.908298e-05,0.0007212286,0.00018365844,0.007763765,2.063443e-05,0.001897782,0.0064034206,0.001240549,0.0059786197,0.0002210004,0.008934305,0.0006849865,0.0022620491,0.0064353715,0.001159037,0.0059001567,8.854835e-05,0.000623764,0.0012514837,3.986413e-05,0.00010385934,2.7516522e-05,9.643317e-05,1.0513096e-05,1.1011622e-05,1.8712589e-06,5.8427287e-07,7.81404e-10,1.14144846e-10,1.3083128e-10,3.40452e-10,2.6093652e-10,1.7344563e-10,7.324933e-10,1.5840129e-10,6.158654e-10,9.1718716e-10,7.4473827e-10,9.0566504e-10,6.8045247e-10,8.828413e-10,6.729228e-10,3.6429362e-10,6.735237e-10,1.6533198e-10,9.123123e-10,9.439403e-10,2.3848254e-10,1.4579091e-10,4.5278484e-10,1.6263996e-10,9.0291184e-11,3.008577e-11,3.482543e-11,3.109608e-11,3.7589033e-11,3.158312e-11,3.8393556e-11,3.8017253e-11,3.9951164e-11,3.5552894e-11,3.3980437e-11,3.7050054e-11,3.3131296e-11,3.980308e-11,3.5682853e-11,3.4708784e-11,3.579308e-11,4.137571e-11,3.9036937e-11,3.547608e-11
1.630855e-11,1.3735115e-11,1.6152156e-11,1.4866162e-11,1.5704674e-11,1.5753995e-11,1.5782507e-11,1.5745884e-11,1.5862815e-11,1.4182714e-11,1.6508345e-11,1.6916534e-11,1.3692922e-11,1.5421699e-11,1.64789e-11,1.6959956e-11,1.5306239e-11,1.6882239e-11,1.3946781e-11,1.7579847e-11,1.7072904e-11,4.024783e-10,4.830946e-10,3.8642373e-10,7.8971296e-10,4.3021287e-10,1.7404797e-10,1.727384e-09,1.3629689e-10,1.3234364e-09,4.2688203e-10,7.7379925e-10,3.6029785e-10,1.0208326e-09,3.577109e-10,3.1552405e-10,3.2048852e-10,1.7624441e-10,4.1606774e-10,1.2959267e-09,7.252026e-10,1.4763182e-09,9.180929e-10,1.5809178e-10,4.0995174e-10,3.6098297e-10,2.0714884e-10,9.275409e-07,0.00012666888,6.657986e-07,1.3070429e-05,5.9047896e-05,1.8739656e-05,0.0001631592,1.7987375e-05,6.623775e-05,6.542464e-06,6.18992e-05,0.0004652381,0.00029839593,0.015670428,2.3755818e-05,0.0023556363,0.005315287,0.0045795823,0.028414618,0.0010747075,0.037055697,0.003132271,0.016920317,0.022202048,0.004640357,0.035993103,0.00018525404,0.0013265375,0.0030817105,0.00017229858,0.00062299566,2.1237585e-05,0.00022921288,5.007331e-05,4.5711648e-05,3.6488757e-06,3.834945e-06,1.167581e-09,2.2576253e-10,3.2463704e-10,5.2706156e-10,5.500051e-10,2.769923e-10,5.612125e-10,1.6877869e-10,3.9283257e-10,1.0924542e-09,4.552429e-10,6.283233e-10,5.2036697e-10,5.0255455e-10,2.8563893e-10,2.0171749e-10,1.8072634e-10,3.8642078e-10,9.57169e-10,5.169107e-10,1.8350059e-10,1.1726065e-10,1.6521394e-10,7.667819e-11,3.734275e-11,1.3411925e-11,1.5381835e-11,1.38864215e-11,1.5718097e-11,1.5523098e-11,1.7085543e-11,1.7419666e-11,1.7162263e-11,1.562013e-11,1.6068575e-11,1.6688928e-11,1.5919282e-11,1.7068473e-11,1.4487041e-11,1.4762858e-11,1.4921616e-11,1.6696762e-11,1.6013137e-11,1.5139869e-11
3.138866e-11,2.7422932e-11,3.1307817e-11,2.986547e-11,3.170437e-11,3.2560444e-11,3.3925123e-11,2.9917124e-11,3.0793174e-11,2.9349724e-11,3.1249354e-11,3.2733677e-11,2.9092508e-11,3.3643914e-11,3.1867637e-11,3.2397272e-11,3.1629532e-11,3.3069537e-11,2.7555585e-11,3.491494e-11,3.502446e-11,1.604909e-09,1.4017582e-09,7.521899e-10,2.591866e-09,2.0555269e-09,5.6028127e-10,2.2344901e-09,5.104563e-10,5.532178e-09,8.516279e-10,1.336983e-09,1.2218263e-09,2.410288e-09,3.9894596e-10,4.955029e-10,4.4911286e-10,4.6405027e-10,5.6685107e-10,2.362141e-09,1.096074e-09,1.5959041e-09,1.517308e-09,2.969423e-10,5.030804e-10,5.5643035e-10,5.9054256e-10,1.6507105e-06,0.000101727295,1.8664944e-06,1.4137877e-05,2.1089054e-05,1.49804e-05,0.0001307023,7.1218365e-06,2.2187047e-05,1.4084738e-06,1.5622421e-05,6.167896e-05,7.876005e-05,0.0011765385,6.808379e-06,0.00012899283,0.00015673526,0.0001820965,0.0006171609,2.1401554e-05,0.00081866333,0.00010051626,0.0005000996,0.00076369295,0.0003526668,0.0016345199,2.8519451e-05,0.000108523556,8.846081e-05,2.7310633e-05,9.222852e-05,9.685947e-06,2.9999095e-05,3.851797e-06,1.8050348e-05,2.6308587e-06,6.7861324e-06,1.5570689e-09,6.214193e-10,5.567541e-10,5.6802646e-10,7.729677e-10,4.880768e-10,9.741434e-10,2.1827147e-10,4.7456317e-10,1.940189e-09,6.250926e-10,1.0828685e-09,5.590014e-10,6.490618e-10,5.037256e-10,2.6125963e-10,4.2683992e-10,3.7662098e-10,1.1450009e-09,9.612053e-10,6.9486195e-11,3.358142e-10,4.4767265e-10,1.4605277e-10,7.722865e-11,2.7080194e-11,2.823327e-11,2.8462954e-11,3.140267e-11,2.8570214e-11,3.55024e-11,3.4646005e-11,3.7526197e-11,3.1072356e-11,3.140896e-11,3.3112835e-11,3.176435e-11,3.3630824e-11,3.0850784e-11,3.2455906e-11,3.002671e-11,3.8081684e-11,3.2005055e-11,3.0792938e-11
5.494435e-11,4.4470174e-11,4.929296e-11,4.8631408e-11,5.159457e-11,4.916038e-11,5.173144e-11,5.04366e-11,4.8004e-11,4.803395e-11,5.2902592e-11,5.0596832e-11,4.42323e-11,5.3738965e-11,4.9038634e-11,5.7213994e-11,5.07388e-11,5.5917212e-11,4.201038e-11,5.5231195e-11,5.0558634e-11,7.9068757e-10,7.3777956e-10,3.7279263e-10,2.184333e-09,1.0036701e-09,7.555421e-10,3.1625482e-09,2.5500727e-10,1.9496942e-09,1.5534832e-09,7.537343e-10,9.942122e-10,1.0702594e-09,5.254782e-10,4.855821e-10,4.624451e-10,2.536316e-10,6.9964645e-10,1.7079194e-09,1.0190285e-09,2.6056175e-09,1.5682915e-09,3.1374386e-10,5.23202e-10,3.9236428e-10,3.2098751e-10,6.787602e-07,7.685334e-05,7.6148365e-07,9.2960045e-06,3.2849977e-05,2.5220554e-05,5.7745892e-05,1.8280436e-05,3.3461165e-05,6.9099237e-06,5.578449e-05,0.00023420266,8.440825e-05,0.0036283482,2.0447438e-05,0.0006518656,0.0023086884,0.0013536816,0.0014465594,0.0001668444,0.007733053,0.0014816646,0.0062355846,0.00645984,0.0010194686,0.012771718,0.00016211059,0.0010168125,0.0009941009,0.00014620143,0.000279813,5.3187712e-05,0.00015900497,4.0637602e-05,8.8341396e-05,1.8398166e-06,7.2021254e-07,1.0163577e-09,2.9222177e-10,2.3281424e-10,6.5538047e-10,6.498463e-10,3.025163e-10,1.3703324e-09,1.403112e-10,1.1658311e-09,2.658773e-09,8.94416e-10,8.4609764e-10,7.023405e-10,1.066693e-09,5.7988125e-10,3.5176406e-10,6.566756e-10,1.6921597e-10,1.1686876e-09,1.0038923e-09,3.4070283e-10,2.2103752e-10,5.383656e-10,2.469264e-10,1.2537822e-10,4.2449842e-11,5.1605987e-11,4.613366e-11,5.218692e-11,4.8229032e-11,5.6750674e-11,5.610395e-11,5.842997e-11,5.008239e-11,4.895901e-11,5.56614e-11,4.9896462e-11,5.020989e-11,5.1901036e-11,4.677229e-11,5.016585e-11,5.867399e-11,4.9319288e-11,5.174733e-11
3.8417332e-11,3.4307855e-11,3.9351633e-11,3.7259792e-11,3.934638e-11,4.0725968e-11,4.060156e-11,3.7563633e-11,3.9123822e-11,3.6836666e-11,3.957775e-11,3.9644163e-11,3.8367243e-11,4.400152e-11,3.9372654e-11,3.9423378e-11,4.0096253e-11,4.3705508e-11,3.356448e-11,4.6174366e-11,4.1911332e-11,1.3997485e-09,1.5255194e-09,8.845868e-10,3.161037e-09,1.9596316e-09,5.556399e-10,2.8608236e-09,5.8426597e-10,6.2600054e-09,6.806986e-10,8.7406765e-10,8.761741e-10,1.8560745e-09,4.4687903e-10,6.83471e-10,5.079948e-10,4.1054568e-10,4.85639e-10,2.5508058e-09,1.2096473e-09,2.1110733e-09,1.5122597e-09,3.491414e-10,5.4774385e-10,5.547303e-10,5.0999477e-10,1.8898877e-06,0.00013403178,1.953857e-06,9.406254e-06,2.6025155e-05,1.0737538e-05,0.000104344836,5.560625e-06,1.8498615e-05,1.6993222e-06,1.071018e-05,0.000104433835,5.5670378e-05,0.0014259006,1.2969161e-05,0.00014871577,0.00043221528,0.00038443803,0.001200436,4.1917458e-05,0.0023160658,0.00031548305,0.0011707937,0.0021187288,0.00051461894,0.0032999325,9.1167545e-05,0.00026926058,0.00020870849,5.3344826e-05,0.00019044706,2.150548e-05,5.275573e-05,9.369503e-06,2.7886455e-05,3.371474e-06,6.485536e-06,1.7228927e-09,7.006392e-10,4.829141e-10,6.464324e-10,1.0502844e-09,4.6496704e-10,1.1521178e-09,2.910833e-10,6.029643e-10,2.4777025e-09,6.4122074e-10,1.3553325e-09,8.2672397e-10,9.665898e-10,7.5574597e-10,2.768196e-10,5.888911e-10,4.420267e-10,1.5724922e-09,1.085254e-09,1.1925727e-10,3.0864264e-10,5.602992e-10,1.7022384e-10,1.0809029e-10,3.338042e-11,3.722527e-11,3.510088e-11,3.8712145e-11,3.5205613e-11,4.229519e-11,4.4454863e-11,4.520818e-11,3.7116088e-11,3.8497726e-11,3.984862e-11,4.0409034e-11,4.1749288e-11,3.821504e-11,3.6258715e-11,3.6474924e-11,4.7862787e-11,3.8143603e-11,3.83143e-11
5.6390437e-11,4.93871e-11,5.8212095e-11,5.3937493e-11,5.873886e-11,6.004517e-11,5.8098512e-11,5.8294654e-11,5.590818e-11,5.1105776e-11,6.136226e-11,5.801081e-11,5.4257984e-11,5.999697e-11,5.891581e-11,5.771085e-11,5.816914e-11,6.092819e-11,4.8467355e-11,6.4396086e-11,5.941834e-11,1.6451278e-09,2.458083e-09,1.5519414e-09,3.271871e-09,2.2405147e-09,5.2740246e-10,7.162785e-09,7.52765e-10,4.194488e-09,1.2517932e-09,1.986698e-09,1.5883447e-09,3.8073567e-09,1.5148346e-09,1.1322455e-09,1.1446157e-09,9.927121e-10,1.6205001e-09,3.508572e-09,2.1763373e-09,5.1670783e-09,2.6940488e-09,7.3825024e-10,1.1733027e-09,1.2208355e-09,7.8270845e-10,1.9733773e-06,0.00015695624,1.690885e-06,1.4983919e-05,8.984155e-05,1.4839649e-05,0.0003569927,2.261816e-05,6.3273066e-05,3.7471284e-05,7.4284486e-05,0.0011128394,0.00024257092,0.014068841,0.00011040024,0.0008960445,0.0060780435,0.001731411,0.012807665,0.0004530648,0.009346633,0.002727708,0.002435295,0.0071861167,0.0006164523,0.007828329,0.00014218151,0.00026758242,0.0012492401,6.5732616e-05,0.0002504118,2.4021818e-05,0.00012054061,5.3378302e-05,4.124386e-05,5.944819e-06,6.2498852e-06,4.2665835e-09,1.3337957e-09,1.109004e-09,1.6162187e-09,1.8976705e-09,1.2558443e-09,2.5241091e-09,7.1545614e-10,2.530511e-09,4.6841024e-09,2.0799895e-09,1.8484574e-09,2.4791205e-09,2.4149847e-09,1.4238564e-09,1.07672e-09,9.645141e-10,1.8989306e-09,3.9224353e-09,1.904037e-09,9.64481e-10,4.3398415e-10,7.9452644e-10,2.341133e-10,1.593615e-10,4.7737873e-11,5.5840298e-11,5.1225423e-11,5.4991144e-11,5.2357448e-11,5.98581e-11,6.691346e-11,6.215063e-11,5.613728e-11,5.529352e-11,5.85515e-11,6.053273e-11,6.068047e-11,5.455581e-11,5.1634672e-11,5.4779677e-11,6.458539e-11,5.747281e-11,5.612786e-11
9.106778e-11,8.028736e-11,9.066811e-11,8.7345145e-11,9.697073e-11,8.6779715e-11,9.485042e-11,8.506003e-11,8.867563e-11,8.692368e-11,9.2666645e-11,8.686467e-11,8.62339e-11,9.59361e-11,8.9110185e-11,9.2808504e-11,8.724574e-11,8.921495e-11,8.040843e-11,9.6831924e-11,8.80821e-11,7.66827e-10,4.0673706e-10,3.8686812e-10,6.3918465e-10,5.808553e-10,1.9017915e-10,1.1544727e-09,1.480919e-10,7.7363327e-10,2.3045763e-10,4.752355e-10,3.1414443e-10,6.643769e-10,2.5304353e-10,3.1635417e-10,2.0289731e-10,1.6119404e-10,2.7082753e-10,8.3009344e-10,4.7180526e-10,5.85803e-10,4.3253603e-10,1.6265612e-10,1.7844189e-10,1.3688244e-10,1.388917e-10,5.7022254e-07,4.119449e-05,5.837283e-07,7.2044027e-06,5.536763e-05,1.3152695e-05,0.00014446196,1.9448215e-05,6.864338e-05,1.0540103e-05,7.059389e-05,0.0010150563,0.00018444307,0.015128032,9.81607e-05,0.0020453113,0.01656682,0.0015861981,0.014353213,0.00036462172,0.024898024,0.0010852098,0.0029880165,0.014830231,0.00071374216,0.0122663975,0.00012210496,0.00061387755,0.0024273712,5.035562e-05,0.00016867068,2.3859784e-05,0.00014673494,1.2483709e-05,1.2657705e-05,2.1163924e-06,1.2833924e-06,7.725288e-10,1.880865e-10,1.5894336e-10,2.7601954e-10,2.9879516e-10,1.5897732e-10,6.4779687e-10,1.3201647e-10,5.2690935e-10,8.644886e-10,7.049092e-10,5.6573884e-10,4.8591836e-10,7.2399137e-10,5.0766796e-10,3.18853e-10,3.7598738e-10,1.89621e-10,6.338694e-10,9.418974e-10,1.5947357e-10,1.2992935e-10,3.8461598e-10,1.6273308e-10,1.6781043e-10,7.18997e-11,8.611802e-11,7.7691416e-11,9.158932e-11,7.938348e-11,9.436934e-11,1.0115376e-10,1.0482756e-10,8.62617e-11,8.383766e-11,8.939635e-11,8.967917e-11,9.447325e-11,8.6121145e-11,8.235295e-11,8.631519e-11,1.0181808e-10,9.5441675e-11,8.810881e-11
3.5348256e-11,3.236094e-11,3.6602457e-11,3.4042942e-11,3.8140907e-11,3.3205855e-11,3.6342353e-11,3.439716e-11,3.4972705e-11,3.4777407e-11,3.6321356e-11,3.706628e-11,3.2286403e-11,3.7129962e-11,3.475486e-11,3.658438e-11,3.4490577e-11,3.6728755e-11,3.15056e-11,3.720092e-11,3.3754704e-11,4.631039e-10,2.7080707e-10,2.9974923e-10,4.6654647e-10,2.759924e-10,9.932533e-11,6.8602685e-10,5.064157e-11,3.5242848e-10,1.16230775e-10,1.9227103e-10,1.05334935e-10,4.0789422e-10,1.4414037e-10,1.3562007e-10,9.553427e-11,6.1664736e-11,1.0423372e-10,3.7593248e-10,1.2627636e-10,2.5438757e-10,1.8092809e-10,3.548011e-11,5.4998592e-11,6.009582e-11,4.661273e-11,4.97125e-07,9.072174e-05,3.8426933e-07,1.5983007e-05,0.00014457825,2.8461562e-05,0.00014819836,4.7505313e-05,0.0001714066,1.9383422e-05,0.00037332735,0.0028766342,0.00059637567,0.05897904,0.00016656789,0.013213442,0.07302558,0.007936091,0.04344079,0.0016001761,0.07288238,0.0044426196,0.020657765,0.0355534,0.0036135365,0.03488747,0.00033300015,0.0029751195,0.009360915,0.00014074506,0.0003492242,5.5679982e-05,0.00037822255,3.9664024e-05,3.4515953e-05,3.3761103e-06,8.111586e-07,4.0542147e-10,7.831591e-11,1.01731984e-10,1.7541874e-10,1.4653598e-10,8.926438e-11,3.614087e-10,7.2992605e-11,2.550133e-10,6.5015676e-10,3.6428635e-10,3.6288203e-10,3.4609476e-10,4.3174841e-10,3.2078515e-10,1.9230477e-10,2.4600236e-10,8.232742e-11,4.040543e-10,5.238914e-10,1.1386815e-10,7.2701935e-11,2.1461986e-10,1.1318261e-10,7.026234e-11,2.9488304e-11,3.351727e-11,2.963281e-11,3.5746656e-11,3.1607442e-11,3.8414837e-11,3.746674e-11,3.8943425e-11,3.43763e-11,3.2483197e-11,3.645155e-11,3.419242e-11,3.8791304e-11,3.447716e-11,3.2263442e-11,3.57057e-11,4.019572e-11,3.791273e-11,3.4062364e-11
